cval	avg_intersection
10	0.6727472752740484
10	0.37613739064615437
10	0.5251649378048575
10	0.5002954861506049
10	0.21330082694215033
10	0.6495379704120512
10	0.40317723816551554
10	0.30461222665320437
10	0.34782377848305573
10	0
10	0.39342718695052054
10	0.5643088657798306
10	0.6408659436982634
10	0.523485197606106
10	0.7855426615212727
10	0.5572822380503804
10	0.43443725553868706
10	0.3257653718597289
10	0.5687797700467193
10	0.8077744731393324
10	0.3569509115084321
10	0.1511501425462407
10	0.3963997401908975
10	0.40164809284218467
10	0.40571467936977307
10	0.46570387648248
10	0
10	0.6177139892433604
10	0.7331418753387122
10	0.442589036952494
10	0.6367413784496776
10	0.4358936199890892
10	0.5477958754627414
10	0.3983712005533379
10	0.6158294061225156
10	0.5809403651381124
10	0.5125462787492272
10	0.39663021674736415
10	0.4219124236772642
10	0
10	0.6139468067187248
10	0
10	0.3807783964870858
10	0
10	0.38442656229535643
10	0.404976599971707
10	0.5289899954000481
10	0.6363781925007566
10	0.32817959692070436
10	0.5738513408253917
10	0.39052152723649625
10	0.5197984847240467
10	0.6405304416907549
10	0.5068908380243958
10	0.48837170979863515
10	0.31778794087585177
10	0.6294039423634468
10	0.5552588413743411
10	0
10	0.5797932101496858
10	0.447655316252771
10	0.4321127659102953
10	0.48756593726085756
10	0.26857009623002653
10	0.7141120177307632
10	0
10	0.5280534549194076
10	0.6426206281086677
10	0.5795692735948113
10	0.447127757795293
10	0.3878251823657649
10	0
10	0.6074837999714989
10	0.6581264065033268
10	0.37417137702962544
10	0
10	0.8344478995487966
10	0.5381723259839934
10	0.6161523476291336
10	0.11476975836914668
10	0.6975374262563143
10	0.3280604938967875
10	0.7575583696657008
10	0.5909567939798789
10	0
10	0.48260957207311045
10	0.3779090218258469
10	0
10	0.6114881484866551
10	0.5620385393400094
10	0.42114422585785577
10	0.33706584937468886
10	0.5291354427256328
10	0
10	0.5712120598769013
10	0.40249270787595104
10	0.43331460181338666
10	0.24065457355813255
10	0.48411656203628567
10	0.4189572020019556
10	0.4944350035808486
10	0.30409810096438333
10	0.5496288609187949
10	0.7122481736616373
10	0.1856841680206622
10	0.50816022228892
10	0.5852585265222586
10	0.422556178927099
10	0.41822390567198214
10	0.5877646162896226
10	0.5627366124527262
10	0
10	0.5140268879763636
10	0.3886209023234205
10	0.5872792744502664
10	0.4507411692747744
10	0.6062820530546837
10	0.6082502493080116
10	0.538549455554771
10	0.5494728617044907
10	0.4775637771624636
10	0.31143744121796146
10	0
10	0.3688134093374419
10	0.6471924109544461
10	0.553418690586542
10	0.6906604399652427
10	0.5925584737593301
10	0.5657591775752991
10	0.3851195850148703
10	0.538943415422267
10	0.22903705367878546
10	0.5889811795128718
10	0.4212366780222578
10	0.5542410700982612
10	0.740664799737913
10	0.48548708296435006
10	0.614607685189827
10	0.4881952073474902
10	0.3588548501754131
10	0.33508396102096744
10	0.3958857200681873
10	0.6150294273111191
10	0.48394614569923833
10	0.47141295537508743
10	0.5551843742317031
10	0.557705137008816
10	0.4932445065175502
10	0.601951015006491
10	0.7599997636272035
10	0.4316991860398775
10	0.5858631682298728
10	0.704561872240481
10	0.393279276302335
10	0.2912016318442519
10	0.33284637882051915
10	0.5495330498388012
10	0.6685410400361362
10	0.36458017715337954
10	0.4244796395814662
10	0.7850417036415758
10	0.39052195914535465
10	0.43961283033034454
10	0.6399858503698803
10	0.669292354814813
10	0.39241984710442546
10	0.546046452431808
10	0.597236571014159
10	0.7208553754331494
10	0.1508894059259377
10	0.330517268820642
10	0
10	0.546332721945513
10	0.3517062149608347
10	0.552936809719331
10	0.5244149296709986
10	0.4201114034841737
10	0.7254469344751805
10	0.5816398982009261
10	0
10	0.49820032097449307
10	0.374342674167479
10	0.32118110269019284
10	0.5482095817318401
10	0.5729330776791052
10	0.5067204156705827
10	0.5418160949983434
10	0.4215027402427498
10	0.31202215840790215
10	0.4295900110854556
10	0.38662757491484046
10	0.328792458943633
10	0.40712558056409515
10	0.15425715802815618
10	0.5098785789062923
10	0.3050779081138014
10	0.5749047653962446
10	0.31347951980211575
10	0.4010052916805884
10	0.798203047197324
10	0.29674180612775647
10	0.33015154719420814
10	0.30873531783832325
10	0.44242727917614527
10	0.5304859374431374
10	0.5047981908539579
10	0.32507133112703346
10	0.36041626351473904
10	0.31307637597921734
10	0.5972716458898631
10	0.4103448121836055
10	0.6054749534012298
10	0.3439875638149
10	0.3870870943650113
10	0.3804673059277945
10	0.6216017941628205
10	0.34290151038874883
10	0.34614597163255195
10	0.3600591420268775
10	0.35931134229822204
10	0.37734445222871915
10	0.5506759899063218
10	0.12582087721901042
10	0
10	0.6380361265746471
10	0.5762298030466417
10	0
10	0.7837357895179133
10	0.35773377577506793
10	0.5424817551494515
10	0.4381548538945041
10	0.6293881571779132
10	0.4051274845305383
10	0.5957752936940612
10	0
10	0.7037836746165951
10	0.31396437945595185
10	0.2827718038877012
10	0.6865728592786553
10	0.16049963521401997
10	0.4954674295120865
10	0.28176301847241286
10	0.5620297593519018
10	0.45060770606138345
10	0.5642032756824047
10	0.29475177235161987
10	0.4750174221825242
10	0.11253207451671406
10	0.37487539900364386
10	0.502086216363069
10	0.6291185446157848
10	0.37224516472887614
10	0.37766304407077655
10	0.3980666557463297
10	0.5224648451128944
10	0
10	0.1611068390157875
10	0.35402629708631866
10	0.4355543892173024
10	0.5644747696201166
10	0.3682152590267782
10	0.46582249807216913
10	0.506867355119073
10	0.4467179798043332
10	0.44256133557442634
10	0.5089819006398597
10	0.3235818225090217
10	0.368394152240278
10	0.39960290852573693
10	0.6285111968254222
10	0.6312282632560787
10	0.36723897151535284
10	0.5283244373936608
10	0.5016010357113362
10	0.12944685485043553
10	0.1296796056867086
10	0.6108333095321651
10	0.42241464434496556
10	0.5701128215390889
10	0.5567057526315256
10	0.2923560319369715
10	0.3242270390149673
10	0.5512838439084041
10	0.5210852712001425
10	0.4360172134661655
10	0.33175856700812806
10	0
10	0.49930914697946727
10	0.38700991822307207
10	0.5998831585758303
10	0.5251131644832443
10	0.6702799071109434
10	0.655230000105748
10	0.3632228416352299
10	0
10	0.5794046662188739
10	0.5569030588728964
10	0.3003671793191277
10	0.3640995554583576
10	0.48770510851727783
10	0.7570918867489216
10	0.3400464031528984
10	0.31652583433899883
10	0.33091662321101095
10	0.4947562585845303
10	0.5039170124958722
10	0.5743668994077344
10	0.30154691076673507
10	0.5108418509909183
10	0.7461718296085748
10	0.3986884092292045
10	0
10	0.309938081260252
10	0.1522898454029346
10	0.5166370646021107
10	0.6057783043189101
10	0.6393305232896047
10	0.4490224092918363
10	0.3499817038257414
10	0.7714716233309383
10	0.47255975479971085
10	0.501680365236511
10	0.3212465379651344
10	0.6012988046277458
10	0.5543328567287884
10	0.5213506690264709
10	0.4966939363800318
10	0.3085224955973424
10	0.5477475274540519
10	0.4596317380189006
10	0.3628275422017069
10	0.5910389139594326
10	0.5696614089174712
10	0.3941619175016759
10	0.5597470673432441
10	0.6060674749221632
10	0.31258722037907927
10	0
10	0.688514129123726
10	0.3923195623370874
10	0.7585406335237852
10	0.3393068080888611
10	0.633702088137152
10	0.48084144433892845
10	0.13885193854319158
10	0.27362697645059886
10	0.5871479245643622
10	0.531275015733435
10	0.17101911420014088
10	0.1422120026521192
10	0.4527446853395823
10	0.47790764732227986
10	0.7192287695939188
10	0.5775025625079632
10	0.39596789284596917
10	0.4740597227940261
10	0.5298904589475874
10	0.3311768285020692
10	0.5376387554668883
10	0.4624852918914648
10	0.5235832420462915
10	0.5191802491403601
10	0.5127721302243597
10	0.457009505869714
10	0.5128996024068633
10	0
10	0.4999666566942639
10	0.5844398882157904
10	0.5436073380798458
10	0.671183017031318
10	0.3017888119105482
10	0.5653513827598076
10	0.3265018960990789
10	0.5342487232710499
10	0.6776354196847518
10	0.600568886981365
10	0.4680065215611559
10	0.6008325024359294
10	0.3969880293034765
10	0.3791095870343737
10	0.7023658995142066
10	0.3551614971756709
10	0.6245068304297948
10	0.7664726164418155
10	0.7460831603451049
10	0.47811755597791417
10	0.4426210314360728
10	0.6724195725325023
10	0.4548011583951494
10	0.40662293027623286
10	0
10	0.41906058068901025
10	0.565482439808185
10	0.4233851692367893
10	0.6753329828219885
10	0.6317118463987187
10	0.48989847920675794
10	0
10	0.3774544829598412
10	0.2887054002831816
10	0.5779487544184269
10	0.5831993136760103
10	0.5930015221352216
10	0.36577993480956567
10	0
10	0.6537167118185276
10	0.5209233723022008
10	0.4296569138367643
10	0.7547765814274566
10	0.37451041062752233
10	0.5197297248711419
10	0
10	0.750085764893566
10	0.388780071585878
10	0.7047085510605968
10	0.4405837138681672
10	0.32968158044526624
10	0.3895177090753166
10	0.5086799899944642
10	0.4328684519458792
10	0.5089100459945334
10	0.5030737416418483
10	0.37611686184712895
10	0.21671547032872976
10	0.33142810681909357
10	0.624553396740278
10	0.5640727189518875
10	0.5503728307822311
10	0.5394733941041976
10	0.3650136576647362
10	0.7458602997304616
10	0.3733857453587156
10	0
10	0.4824970617033036
10	0.6252374188791082
10	0.3242432226285342
10	0.6701721325256008
10	0.6052936571393605
10	0.3897234430391456
10	0.5960266051752141
10	0
10	0.304627340508722
10	0.4382040803046745
10	0.475820032471611
10	0.5246765655377137
10	0.5356007586730768
10	0.5212982842195916
10	0.5302571333821507
10	0.6323628002415607
10	0.4251989940959463
10	0.3285183627191467
10	0.679141782020988
10	0.4176362430909407
10	0.28680845625164036
10	0.6139041353169005
10	0.4538915084696114
10	0.4112845176497117
10	0.33295969929788355
10	0.7406183942658228
10	0.1384305412348527
10	0.4930839760684988
10	0.5697348271477585
10	0.38479507519496703
10	0.21606158917960241
10	0.3521970402158622
10	0.6383872778728518
10	0.4905086670176644
10	0.5030985921658848
10	0.4106857655740889
10	0.4453254602690185
10	0.48734154787976475
10	0.1375100802884127
10	0.4927418328932313
10	0.5124702483221819
10	0.5522139000412484
10	0.41030564287070764
10	0.5133667337701561
10	0.5244716999604373
10	0.528011712108176
10	0.5838466876177988
10	0.529331958069441
10	0.6455402227150326
10	0.5667200978485177
10	0.7971595382083966
10	0.472013471321988
10	0.7367798331134802
10	0.7211070637894148
10	0.14021774738386966
10	0.49479316289728886
10	0.1474537446247306
10	0.443444578418378
10	0.45157933865963207
10	0.2836354657663973
10	0.45283091363550365
10	0.3865017838692518
10	0.6226254497165196
10	0.3239533591349675
10	0.3685740753714839
10	0.39764686946780986
10	0.5147757742904425
10	0
10	0.46998637352545863
10	0.7317430930018081
10	0
10	0.41475764544595944
10	0.5477083396373283
10	0
10	0.5990470104857196
10	0.6498215133125317
10	0.2933156746828912
10	0.5735589874667884
10	0.5477210566890206
10	0.44075766863648813
10	0
10	0.4837269162906388
10	0.46479125124241577
10	0.13379959918027307
10	0.33804152778873964
10	0.604461215381171
10	0.7314836239336135
10	0
10	0.549926224793646
10	0.595489500328045
10	0.5580704542811983
10	0.48694349320161523
10	0.3290587840967333
10	0.4169270183044394
10	0.5170160500051645
10	0.522640174696084
10	0.5220297106724984
10	0.4763289253523898
10	0.5758407677468416
10	0
10	0.30961184457773105
10	0.40199443686475056
10	0.3750852511009052
10	0.27414832154991603
10	0.5039490686955501
10	0
10	0.6135875064002276
10	0.5486608521115002
10	0.39275719208321497
10	0
10	0.5700298010380619
10	0.10613555722706176
10	0.6712479045766987
10	0.6165410872876799
10	0.5510835602099571
10	0.7041988295425622
10	0.46684889493061754
10	0.5016582755580606
10	0.41577449233137354
10	0.5205465326408244
10	0.4397342161384694
10	0.5688263486702628
10	0.5486909294139833
10	0.5160858566301281
10	0.5081559065055865
10	0.7279456076493156
10	0.3606093951760632
10	0.6897353391467479
10	0.5825834621915773
10	0.5129328018734778
10	0.361571675143832
10	0.36445190670163613
10	0
10	0.6793614782099477
10	0.2158114505195712
10	0.5801707453800617
10	0.46181481761778953
10	0.3509759576138788
10	0.6424155575448298
10	0.2821263628035465
10	0.7458152559201047
10	0.2957324347210986
10	0.5426620653921634
10	0.6883088894681336
10	0.7198413777589994
10	0.4364933473980646
10	0.3759841033140049
10	0.5520994422925939
10	0.5276931081111204
10	0.4307720596486203
10	0.3740527194653199
10	0.41445550741521475
10	0.420742659002687
10	0.6297774764844346
10	0.6118662946115785
10	0.6158331406268193
10	0.5145459436082844
10	0.7005128585789723
10	0.571380409232269
10	0.4292667850193554
10	0.5135236434402974
10	0.524164662416928
10	0.3550975718787645
10	0.525179444096013
10	0.7749831917743947
10	0.33470402323525905
10	0.33184212956805575
10	0.4033213240165635
10	0.789462663306435
10	0.4351186958264231
10	0.2591068114557621
10	0.38334942913901227
10	0.7211001359365441
10	0.35965658193961886
10	0.31748790970549223
10	0.35371325242399154
10	0.5607963918393287
10	0.4592243255067689
10	0.5507775885016053
10	0.5447732029112685
10	0.6843824434433002
10	0.6924453168626451
10	0.366764287959092
10	0.3959523992837375
10	0.47554706232393945
10	0.3874633736107223
10	0.5229411182829352
10	0
10	0.4196676146451384
10	0.46377998291200695
10	0.41580902502337314
10	0.48096309794536984
10	0.513696034955202
10	0.5263669704860257
10	0.3792589925276292
10	0.5350974513525716
10	0.6280943540607341
10	0.49969669518946475
10	0.7210727413884005
10	0.6464200043820827
10	0.5897388478968862
10	0.1624120351400574
10	0.470762570844307
10	0.5399330436225491
10	0.5919929275881013
10	0.3666192865938115
10	0.5688929898735754
10	0.582452204567438
10	0.29707117223386903
10	0.5948185025976617
10	0.5825599055192309
10	0
10	0.5560383019717924
10	0.3585870250020382
10	0.5925456901300283
10	0.6746187420594615
10	0.3152518989523086
10	0.5611538441049159
10	0.7286828470793888
10	0.3405448839165162
10	0
10	0.5741603283646783
10	0.2788631307952648
10	0.5808580536203941
10	0.5486725860962761
10	0.317773250813751
10	0.5055429192893911
10	0.3793704709904049
10	0.5234486681502739
10	0.3246541686597221
10	0.3754702592749904
10	0.13291607934036137
10	0
10	0.5639757783466036
10	0
10	0.5573843806193836
10	0.7054826419293625
10	0.5097115642384364
10	0.33211112940511767
10	0.15913447336072245
10	0.5850319255791071
10	0.6160445868094092
10	0.501701100939242
10	0
10	0.39442109337510056
10	0.34849385245747866
10	0.6739409581481843
10	0.4531413439229227
10	0.5575323290950902
10	0.7669151251367121
10	0
10	0.720228051374215
10	0.5243159369522876
10	0.4914002379186624
10	0
10	0.5406231742570041
10	0.51668107027256
10	0.4075842235703122
10	0.6417647666449402
10	0.3179206544719331
10	0.6437081267905471
10	0.45690211132241737
10	0.43612257661157133
10	0.6019366095155869
10	0.6697200916527316
10	0.5978907173103232
10	0.5175045018472717
10	0.38316893890020615
10	0.13258684810793378
10	0.2779653334653481
10	0.49840375021427774
10	0.5762246924048611
10	0
10	0.3510487655483288
10	0.41411090353239
10	0.7398293970156102
10	0.4647144082570599
10	0.7445306322250963
10	0.35480042192348304
10	0.5758565353160915
10	0.30707281148879373
10	0.6771704524509212
10	0.49488027518320155
10	0.5559109013635173
10	0.6297068404496384
10	0.1426319913893295
10	0.5331005873231996
10	0.3414446782017835
10	0.40168303750415535
10	0
10	0.47456433406920673
10	0.3803437422224352
10	0.5153657052346493
10	0.5793605521390426
10	0.4793721115101848
10	0.4747689748603456
10	0.5404270284382486
10	0.5936778231555193
10	0.4860150726379283
10	0.44642077104558137
10	0.41395940366769973
10	0.5810962705119317
10	0.5105298287955712
10	0.8142974508613944
10	0.5978611653812194
10	0.37000702844487643
10	0.5376252182970626
10	0.3453116582873009
10	0.6073620433297306
10	0.4116356483384183
10	0.5025115865575523
10	0.5963561624969863
10	0.5227592066650003
10	0.7608381767000063
10	0.5267531632444075
10	0.3873662720754146
10	0.676074156093904
10	0.6057215373953831
10	0.3793003056205858
10	0.3107638526493699
10	0.5879686759774335
10	0.7004237402221493
10	0.2324127364248005
10	0.5377577355578227
10	0.5158566748592818
10	0.5263624527570201
10	0.40227777926272507
10	0.42306287479088467
10	0.5330211779603752
10	0
10	0.46119102750636604
10	0.51922742250885
10	0.3095651900469292
10	0.34124797274564594
10	0.4014611979552437
10	0.5152160336067999
10	0.3921045648869457
10	0
10	0.4311788915769436
10	0.43844976673246133
10	0.4308947713126971
10	0.5328400846812088
10	0
10	0.5171654347422067
10	0.5770973448444288
10	0.46635146158500945
10	0.3729313373815696
10	0.4424010700619696
10	0.37793318875288207
10	0.5904003313294246
10	0.6220922031072208
10	0
10	0.4211932064788176
10	0.4000745575213926
10	0.14878159668944127
10	0.6396940103534196
10	0.21828700562696074
10	0.4797045904580981
10	0.5875377900177433
10	0.5832728140237793
10	0.3691708999880848
10	0.35135210097680974
10	0.3857559417459194
10	0.4171020550240968
10	0.4888382275427913
10	0.4923820315352335
10	0.5452434698749469
10	0.6385542594848375
10	0.44061416221021193
10	0.5796282902015304
10	0.5511753834025851
10	0
10	0.3935096335767895
10	0.44724117111897366
10	0.38484163664370236
10	0.5614236546413786
10	0.4206320210147879
10	0.26548431314355386
10	0.6316710917049987
10	0.5971951221858833
10	0.3974607937965376
10	0.5857644501476605
10	0.553662189623507
10	0.5919213603232515
10	0.31909795265192414
10	0.6249611641343543
10	0.6231966774734417
10	0.4139829096106
10	0.5066031375486421
10	0.43731095669070685
10	0.3688257245667862
10	0.3898207763098397
10	0.6452429733583536
10	0.407269588074712
10	0.509028343347006
10	0.5467074689997069
10	0.6643324585079866
10	0.3395752274531684
10	0.2671368762723462
10	0.35677655606980124
10	0.32705236496115636
10	0.39194210800457685
10	0.49245190360137386
10	0.6712622644306132
10	0.508969580246634
10	0.43966209898119835
10	0.30072213054163277
10	0.28109308918239395
10	0
10	0.5170713572801579
10	0
10	0.6456488786088
10	0.5941714989832964
10	0.40342061757240055
10	0.5038315323339648
10	0.6366360704255224
10	0.4516560296356935
10	0.3662419197216895
10	0.6584367102353998
10	0.33029323635982627
10	0.282172442325811
10	0.6139408683751464
10	0.7100115257262714
10	0.6744181423648742
10	0.4074310699616716
10	0.4305553350975119
10	0.3891752620062397
10	0.3126769963873663
10	0.444077604927184
10	0.5777519668526744
10	0.5215465060081302
10	0.5180284377873309
10	0.3228185824974337
10	0.649496023429379
10	0.41143822830279475
10	0.27664665492258955
10	0.47722690174694626
10	0.3677581783511133
10	0.29103090621577415
10	0.4842088950353813
10	0.7279118607586927
10	0.41714985769585744
10	0.5814936337809827
10	0.6819602385869358
10	0.27937437837769163
10	0.5521265282989756
10	0.625458038780248
10	0.4420002228252039
10	0.64401362791360794
10	0.7444051754446073
10	0.4294538790686813
10	0.3349153261265256
10	0.6011225741002864
10	0.569000801087458
10	0.7347795138180861
10	0.5777981782039766
10	0.3721234602238018
10	0.5235137989657211
10	0.4872065224738802
10	0.7479806029188306
10	0.6196822502150856
10	0.7985439595660895
10	0.20050934536297088
10	0
10	0.37951864570918065
10	0.7490015239719217
10	0.38528739940182355
10	0.3638322023398021
10	0.44905065516450077
10	0.3127503969442077
10	0.27766043469575097
10	0.5944022000331702
10	0.5480999377491056
10	0.5162932896517024
10	0.5498484400530779
10	0.7494270063677182
10	0.4424989999018421
10	0.2608748496587948
10	0.29686368649934747
10	0.41678652007831907
10	0.5277257826163178
10	0
10	0.2512125091790272
10	0.556685770811208
10	0.40978806367771176
10	0.2667128104490351
10	0.5393557772476208
10	0.46188356227899247
10	0.41687561602055734
10	0.7068925004621279
10	0
10	0.4213866022833458
10	0.4172218586935723
10	0.23625501442810165
10	0.12352296561446355
10	0.344804335827096
10	0.4527077772985351
10	0.727976914888764
10	0.648705746832625
10	0.49805014192715996
10	0
10	0.5575915556031013
10	0.335772395501897
10	0.4361685577215494
10	0.47267427112456795
10	0.54473527637435
10	0.3784801321144659
10	0.7047190193374795
10	0.6052961461797004
10	0.16029074678220628
10	0.43037323563811014
10	0.4167465922853745
10	0.5989177216305456
10	0.5755948689167321
10	0.5439320585038888
10	0.5014483102671868
10	0.788438672663985
10	0
10	0.14947693864568343
10	0.6421621155464413
10	0.5319105339051033
10	0.6242086483339345
10	0.41469732339131193
10	0.33751141257946127
10	0.3938036600775976
10	0.657272076986428
10	0.25021415386635393
10	0.3557167922683336
10	0.4778204996585694
10	0.3868910103020143
10	0.7676416352874383
10	0.3932192204804488
10	0.3725944286262809
10	0.4485444742576872
10	0.7555314614627813
10	0.36089595962532506
10	0.48395832234350344
10	0.5226989967626144
10	0.5668924541028043
10	0.7037111958397629
10	0.35134657103391126
10	0.7567037853678921
10	0.6142699550783556
10	0.34803532302094164
10	0.45377098742997257
10	0.41272651120558795
10	0.30673424390585097
10	0.4824469961748849
10	0.5207476495428568
10	0.7174397024364959
10	0.4988639010660561
10	0.49944991147709433
10	0.49072609786705856
10	0.6235802044952026
10	0.44510023498469736
10	0.2578011808186324
10	0.3583273666658639
10	0
10	0.5676771117919289
10	0.3811910570669729
10	0
10	0.7731596050901485
10	0.5591854313953226
10	0.16362714832326322
10	0.3917909776672226
10	0
10	0.8034036529411162
10	0.41650778754296025
10	0.5326369787649476
10	0.5151542535554786
10	0.501446775507042
10	0.514232616423589
10	0.4711719752197996
10	0.30508254152888403
10	0.3882645909028144
10	0.31826595304565314
10	0.6469922061032299
10	0.6219196401019655
10	0.30700498124859343
10	0.5279413939810246
10	0.5308622040571565
10	0.5938571980456554
10	0.37686690204574935
10	0.4950935804065437
10	0.14952203737285308
10	0
10	0.5295833239110581
10	0.6405691247614961
10	0
10	0.38309746769644826
10	0.4474112464871866
10	0.48982591548379784
10	0.38673957166672823
10	0.5883100385762371
10	0.6024780475623897
10	0.3575739396283205
10	0.3858272877673332
10	0.3260837588582063
10	0.3586535324351906
10	0.5285402689076423
10	0.5282525124448424
10	0
10	0.7301775906899522
10	0.5562028359604945
10	0.6521533727060282
10	0.5434580567803664
10	0.6455780341309487
10	0.5239680769552407
10	0.40416806717562975
10	0
10	0.29208691427181915
10	0.6134585108990228
10	0.5322289512227107
10	0.374073967175385
10	0.4165975023385565
10	0.3064765489345717
10	0.443440905763906
10	0
10	0.255441982420001
10	0.5288844622966473
10	0.6080312183332028
10	0.2934781829569999
10	0.31986059731189137
10	0
10	0.7325179862517343
10	0.47324101908699306
10	0.6580436202095366
10	0.11684407003480636
10	0.4976328733903843
10	0.7179347104955783
10	0.38117103210740577
10	0.35875403356568997
10	0.3553771706690118
10	0.4694037969328094
10	0.3904239404049493
10	0.4023004217022326
10	0.3037395306919508
10	0.48778680779424216
10	0.44370809539650125
10	0.2946210887639014
10	0.4866427072825158
10	0.5914140795501636
10	0.4139245787965615
10	0.37825223656309026
10	0.5114756954804683
10	0.43632139874036485
10	0.3422524332940394
10	0.4972442948515137
10	0.47441602997826454
10	0.45123916217420607
10	0.37077121051531886
10	0.5050873835754173
10	0.40792430045704625
10	0.3923280574265017
10	0.38696071331618404
10	0.5689901203265726
10	0.5042305214351116
10	0.3445041590316396
10	0.37771584594695523
10	0.2843906533801796
10	0.49191639936475623
10	0.4308015041949513
10	0.6773282153971139
10	0.31543590710993785
10	0.4435996298483145
10	0.5652053167413139
10	0.38171019299092707
10	0
10	0.4734925718383639
10	0.38194941733244914
10	0.5036729588854375
10	0.3633007278166866
10	0.42291883213437204
10	0.4416992655056889
10	0.52811549849879
10	0
10	0.5231636947793252
10	0.5967598554561739
10	0.6303305298505099
10	0.15099873468414993
10	0.24448587591590065
10	0.5492690348064374
10	0.34943687377829336
10	0.24395461103637056
10	0.3771427924834668
10	0.6290432273457757
10	0.39307566409322825
10	0.6102889219824825
10	0.461867698994406
10	0.4951400368593771
10	0.4384206835002417
10	0.556793354235604
10	0.5061107366535671
10	0.36328284363605406
10	0.45651988466601845
10	0.6906999878404163
10	0.3070116605107512
10	0.5182161800782498
10	0.46307560189664887
10	0.12819348286426202
10	0.5624690255962551
10	0.7558525014819274
10	0.40627637555341334
10	0.5394309622527939
10	0.2884065457131504
10	0.3846272471876567
10	0.382920520034203
10	0.3929702827269523
10	0.40056370747640163
10	0.4442635351633129
10	0.4508709142515037
10	0.10908201065155972
10	0.3796897856382736
10	0.4948338069801305
10	0.7060038675809593
10	0.2496378269906524
10	0.43032061474778044
10	0.6213230855884049
10	0.3063460027405626
10	0.3424850785354478
10	0.4565183129658853
10	0.5281603592433365
10	0.4040892057158796
10	0.43667572913719954
10	0.3571489421284581
10	0.5555961708647439
10	0.5339181279074947
10	0.6133200254762593
10	0.5282626647658574
10	0
10	0.6924214144095707
10	0.6333605898538586
10	0.5910605666726269
10	0.4890892889585159
10	0.35846094553551117
10	0.36629196944321457
10	0.5590149307892887
10	0
10	0.5552784935621715
10	0.5365662048212755
10	0.5156727317335635
10	0.44500700302296303
10	0.29137853861635366
10	0.4992754158553236
10	0.3913067202521288
10	0.5002018632754585
10	0.5525732517928411
10	0.5622190577113929
10	0.5258787785535308
10	0.5000735376776351
10	0
10	0.7703508939626854
10	0.4802283989978351
10	0.16091551582950478
10	0.33590253606937376
10	0.5856022824923567
10	0.38415249729274253
10	0.7623196695157727
10	0.6197703931879617
10	0.4760030933173735
10	0.44813197027565577
10	0.479784118483344
10	0.41719586751130144
10	0.6379800432267205
10	0.44303306573961054
10	0.5196547782652036
10	0.4917708231008915
10	0.43164812340190867
10	0.6121686075092945
10	0.5443050205912845
10	0.7043396926958461
10	0.7652716891309347
10	0.5750944589605955
10	0.37723375650245894
10	0.616246034989263
10	0.5202074760880797
10	0.36699971028717304
10	0.5521891804980509
10	0.30265347528201525
10	0.355277510328994
10	0.5878950401289401
10	0.7597971252490437
10	0.370029387032437
10	0.5962247321260961
10	0.5255619224120596
10	0.3473338200243413
10	0.30876636741488755
10	0.12985653743844808
10	0.7122467236609291
10	0.4260500297885913
10	0.3948878192959275
10	0.6167933961976937
10	0.5080997444232568
10	0.35135691959833026
10	0
10	0.3361816994300874
10	0.6161501531442295
10	0.5652377948931684
10	0.43377189532893823
10	0.11329502512236969
10	0.4970684535347817
10	0.6567639789530919
10	0.5162441550108376
10	0.2720422912579408
10	0.5522262703608909
10	0.6894848507284413
10	0.5296985651960647
10	0.5318017915207283
10	0.2886159027771898
10	0.5608906193757224
10	0.7357759728765101
10	0.2934762593287572
10	0.5342625381515611
10	0.3907510300767862
10	0.29988086531564867
10	0.5755609907238951
10	0.46516928229395227
10	0.7553179403890534
10	0.36960421896457024
10	0.81703625585426
10	0.1446468288586568
10	0.478406893187893
10	0.44690640625412953
10	0.4861310598920682
10	0.4588576784752979
10	0.5409600462261764
10	0.38175876925174373
10	0.5703175882885031
10	0.40685086040136353
10	0.442844210658531
10	0.38614641644112113
10	0.6208997681894728
10	0.6011948564047591
10	0.5095099927822699
10	0.43619854665865915
10	0.33527486071094925
10	0.6979836025298896
10	0.5213598833022115
10	0.6359239288031032
10	0.586992781049008
10	0.40148341100822094
10	0.5094810889003272
10	0.541109502289972
10	0.685479294072544
10	0.545951651909073
10	0.6731702612166192
10	0.4294894724081814
10	0.5738764967467792
10	0.4386842954820275
10	0.6411768244840165
10	0.4487081451134183
10	0.5877918270751527
10	0.5711509016293094
10	0.5318595061549094
10	0.2787286751712988
10	0.5367667792725922
10	0.5918465522735445
10	0.7786663858083068
10	0.6029987251123036
10	0.5327825978766003
10	0.46783493768143003
10	0.3411754072984573
10	0.6548575435834117
10	0.7341502556203853
10	0.49042205651550685
10	0.43321921078012754
10	0.5068847660908454
10	0.562501452952289
10	0.5629777013727969
10	0
10	0.6906791401435827
10	0.3468388502293759
10	0.2973787224237876
10	0.6594496973268434
10	0.3775362836991043
10	0.5604322727157784
10	0.449204402628924
10	0.7703100742247792
10	0.5734377908595464
10	0.5248156747963837
10	0.5923418888439363
10	0.4200958514646104
10	0.513464818546489
10	0.40573917859854985
10	0.29139127157410727
10	0.6107697997722459
10	0.5417039801110559
10	0.13534811375731517
10	0.41254261400339176
10	0.3172792841745005
10	0.3586982665095319
10	0.3724145795879865
10	0.5009505796174077
10	0.5001870961301181
10	0.32733091666142733
10	0.3566462150595459
10	0.3362160151325329
10	0.1219047715958378
10	0.3258408873545857
10	0.5647644199358794
10	0.13334675409516553
10	0.5074804722182796
10	0.37982631659473626
10	0.4305991646024085
10	0.4289780594656753
10	0.5831924460502705
10	0.6438566809454508
10	0.5358003886439997
10	0.6045192057576204
10	0.15104848828130318
10	0.5914040870271042
10	0.4283593451464202
10	0.36883062373260556
10	0.5889610602487758
10	0.5038824803583798
10	0.6879321514765557
10	0.5988226447060118
10	0.5356510642062214
10	0
10	0.41677610397354964
10	0.6612569531554501
10	0.43252885796330737
10	0.44802866248665724
10	0.2539367459290901
10	0.4007541207813452
10	0.6676465046307509
10	0.5453872848126409
10	0.5310527522192555
10	0.31303432058842817
10	0.3867268714162833
10	0.6580568825916084
10	0.36752221349462727
10	0.5400075088695884
10	0.643012255035501
10	0
10	0.33274037321279215
10	0.44039905412065866
10	0.6509190404637087
10	0
10	0.6236605874189409
10	0.1512164425115479
10	0.14142294844348047
10	0.10697206983167751
10	0.5207235647628385
10	0.30208789410131764
10	0.49053318814511776
10	0.34465998912628454
10	0.33364878147760707
10	0.3620017490253103
10	0.3935449468137078
10	0.4605519266747794
10	0.5836009445193364
10	0.710131395324271
10	0.3086320603484144
10	0
10	0.7052839226753421
10	0.5171721185172099
10	0.33102573182790895
10	0.15489628138171707
10	0.41915582886116126
10	0.45044581933911343
10	0.6336242702409949
10	0.7242685491818683
10	0.39824585138125945
10	0.4830793108898357
10	0.6472551170187261
10	0.47680568797348183
10	0.4979034986856302
10	0.7242030533856311
10	0.6186825359450039
10	0.5705835820493691
10	0.4783350382121808
10	0.39536722234523575
10	0.27282421301283366
10	0.4827521451498421
10	0.33303886424700146
10	0.4237299574690254
10	0.5334827027041003
10	0.6185924723352515
10	0.6821455735970966
10	0.3581821933027143
10	0.43731868104229593
10	0.6555693245476196
10	0.2666457330604322
10	0.4796658224900189
10	0.47517861196028705
10	0.6212634121263259
10	0.3441880843172179
10	0.500169317787195
10	0.30229663347378694
10	0.7643330804112621
10	0.34476944432834944
10	0.3748096475918932
10	0.5102997042140974
10	0.46124743473735863
10	0.556248850479059
10	0.6112034863111487
10	0.3068254879003776
10	0.6388963651656228
10	0
10	0.6440030924543512
10	0
10	0.3349470691926125
10	0.6978987929909451
10	0.2919403613945168
10	0.25067558025873404
10	0.7444057322109194
10	0.5368878330884004
10	0.6445458870506128
10	0.6412837545129051
10	0
10	0.5162729366789047
10	0.6701164312419996
10	0.40740293786808124
10	0
10	0.43247569545923914
10	0.4788806494767878
10	0.4489416980939674
10	0.13404795766526062
10	0.6285046383121388
10	0.49560979281250706
10	0.44973319536265643
10	0.5853884608116413
10	0.36613657721697407
10	0.4032882193522605
10	0.3747759233129497
10	0
10	0
10	0.7124200923536521
10	0.3783316782774935
10	0.742787817142718
10	0.5154253182472988
10	0.3150138693193251
10	0
10	0.3296648823510155
10	0
10	0.14347202269373674
10	0.7731711970094386
10	0.5714619037234026
10	0.4073692844753514
10	0.6656855375119834
10	0.26058885095123946
10	0
10	0.5266197697319941
10	0.13975629440511222
10	0.5681208727388782
10	0.13547014490448678
10	0.5725022546991565
10	0.4073001397043638
10	0.41070398492539956
10	0.5702272917084678
10	0.43946198178001417
10	0.5987111869417012
10	0.4008989891848816
10	0.5853744377030757
10	0.506719966165877
10	0.49124980416057484
10	0.3736389280280124
10	0.4037262812699215
10	0.4201860873836016
10	0.44014777596440324
10	0.5907973432668059
10	0.5176659474627107
10	0.7969546199475278
10	0.13805022268967182
10	0.45216176302738037
10	0
10	0.6510020507111486
10	0.3833361005461351
10	0.44682041547171697
10	0.43425133001910116
10	0.6014006123049308
10	0.7750105573855867
10	0.35890744827132537
10	0.5135070267110616
10	0.619152358555097
10	0.40970617870169085
10	0.22752866513932515
10	0.3791959845754874
10	0.4517196807213152
10	0.3773015118620567
10	0.13235487071175875
10	0.6142630175605347
10	0.2892318232994175
10	0.4974194686429054
10	0
10	0.7454356656586341
10	0.5306240796499917
10	0.43827319019933253
10	0.4358330097313659
10	0.36914331985390403
10	0.28614156609172436
10	0.5672662113994124
10	0.640040221576336
10	0.3084387116784028
10	0.5062140286477226
10	0.45131092815499113
10	0.5413542651357288
10	0.5376676174030108
10	0.6437597350336598
10	0.3440113419661127
10	0.5384766912227961
10	0.5496263502564902
10	0.5971695112098786
10	0.7174748875389102
10	0.5533264467346938
10	0.3030627361629422
10	0.6328147209893836
10	0.353111480306796
10	0.4104665878195763
10	0.34835318064733073
10	0.6524699166779265
10	0.3674297835883346
10	0.6576808273830739
10	0.7079400002165678
10	0.6227242465647277
10	0
10	0.640673507906678
10	0.4575824680658723
10	0.4475453101616364
10	0.4339200172315333
10	0.28589828686597973
10	0.37733112516080036
10	0.48460095824156957
10	0.7743079440314142
10	0.36248413056496903
10	0.4456809721009539
10	0.4333448714702335
10	0.517535679694953
10	0.2839683999341669
10	0.3764762264576685
10	0.35639748067193877
10	0.4301669538329905
10	0.5117521887331952
10	0.6224653886790629
10	0.4074416409445493
10	0.4623977646932396
10	0.3981615012720648
10	0.6234297007186099
10	0.40755418120355097
10	0.6277584377866845
10	0.2808751672433868
10	0.32262347223306104
10	0.39028702579717495
10	0.38095746412723386
10	0
10	0.5631021720460415
10	0.4780080088873526
10	0.6092243497321989
10	0.5124009002610945
10	0.6218667611687357
10	0.7784972665675518
10	0.37580979356220656
10	0.4027416017022743
10	0.6895644407912821
10	0.599197514440363
10	0.6239230740360762
10	0.5498249995596105
10	0.5157837004227394
10	0.5541297894086653
10	0.4071672914262244
10	0.41578266981249445
10	0.2530813440358693
10	0.3828073609193934
10	0.47628289962743436
10	0.3913091630386345
10	0.5498567989765464
10	0.6138239833866999
10	0
10	0.5773204402165717
10	0.6877128318717287
10	0.7390081832518227
10	0.5768752157529418
10	0.4587780361041029
10	0
10	0.38516989349722947
10	0.6123807910795074
10	0.5850792106805609
10	0.5534652313694085
10	0.39577472124191
10	0.2943493223579231
10	0
10	0.5091634458251795
10	0.7110863544993712
10	0.5475012659041628
10	0.34027826975990183
10	0.5404644281000333
10	0.47991943162764894
10	0
10	0.4850660371424172
10	0.6197399277700706
10	0.5773836525261543
10	0.6393055644631925
10	0.5602138922660385
10	0
10	0.3185158476575437
10	0.5767430977810799
10	0.3630200064910269
10	0.5443587580551591
10	0.3075873200836396
10	0.4227027591217424
10	0.41948362416296153
10	0.3753056900441589
10	0.6162469308368703
10	0.7633175244564545
10	0.2980076828645245
10	0.7384343444440807
10	0.6183578418830533
10	0.3761440343995268
10	0.3628721171525514
10	0.4657962481199674
10	0.5180891158054901
10	0.3871303994643694
10	0.5808367744533705
10	0.5327471127821102
10	0.47638471147225625
10	0.4598090097784389
10	0.6598494896933987
10	0.14264265354262584
10	0.25834384081284434
10	0.379030440423806
10	0
10	0.5371235381068274
10	0.4222427657960255
10	0.3877294625012433
10	0.30433355836330833
10	0.4244495198262319
10	0.1495769435903377
10	0.5486634963628705
10	0.5049241413963476
10	0.47916009721358754
10	0.5761980297687793
10	0.46717914154135404
10	0.506095495307576
10	0.31156282703375504
10	0.6157193249286427
10	0.43909441986551645
10	0.47596189325565064
10	0.576272018419505
10	0.5037728630156532
10	0.41429434010615945
10	0.5317924827168503
10	0.5290470445822888
10	0.2507754703443373
10	0.3521065796223414
10	0.4088945926701106
10	0.5242644230927539
10	0.55159606398361
10	0
10	0.5777960378637108
10	0.36674060963250116
10	0.561813106823988
10	0.5145948455702313
10	0.5574580238922843
10	0.5529029592677237
10	0.4992568664300879
10	0.612677208859706
10	0.6072854515334938
10	0.483681984128607
10	0.4101311218823524
10	0.42670944488419926
10	0
10	0.5018088472237133
10	0.1551815789984429
10	0.45026349384688824
10	0.4600934804799306
10	0.5457427806795071
10	0.33643397805299585
10	0.5530200830944811
10	0.4392899859736025
10	0.2949419590529246
10	0.36428423903149926
10	0.37495003318107245
10	0.37377531104723916
10	0.3920924969570184
10	0.2702973064867219
10	0.43860486017587486
10	0.6960112947483273
10	0.7126459773401205
10	0.5388286227869594
10	0.41615234312130045
10	0.3854009261276698
10	0.3828311065673939
10	0.4001491313825604
10	0.2390473275453806
10	0.3987584506832904
10	0.39128565861238734
10	0.41085227028444193
10	0.5223039641135576
10	0.40671088610972045
10	0.3979927722827014
10	0.6029922480079515
10	0.35683470970943326
10	0.38442521058352336
10	0.4470518099192669
10	0.42866471040275045
10	0.4118184546803513
10	0.37195220400527207
10	0.7202412144124795
10	0.5332235095732047
10	0.6599005750366036
10	0.47215557518790435
10	0.4441476859468818
10	0.636983856155643
10	0
10	0.2759281681495337
10	0.742298003705799
10	0.6589750729367243
10	0.14785234779942044
10	0.5417642327204265
10	0.3919709756573235
10	0.5693901252443448
10	0.379384085084054
10	0.7173099149636409
10	0.7673559775755439
10	0.46689084148611154
10	0.4545703111871859
10	0.6987574590832024
10	0.3201364432917502
10	0.6334242740653308
10	0.5406786683369268
10	0.1588149537944639
10	0.10738167988757553
10	0.596083257603004
10	0.3531617803298083
10	0.4232629423943518
10	0.32184670683487626
10	0.48184804108446383
10	0
10	0.4772280827946501
10	0
10	0.3265878678457332
10	0.6703880486343581
10	0.46518238533724976
10	0.5880854524891777
10	0.37952037629373014
10	0.5513210008924899
10	0.38834634681797825
10	0.38882751021775
10	0.5862105773834138
10	0.7230632345862517
10	0.42223362758636235
10	0.27685131681519487
10	0.5012847788999104
10	0.41575947750868303
10	0.2709293106235953
10	0.33391658175692596
10	0.7652147285495389
10	0.5003161873326488
10	0.5254516250339772
10	0.6146978017495817
10	0.5611188030606491
10	0.3408858608339538
10	0.4776468947961201
10	0.35355828965940367
10	0.7403639238759704
10	0
10	0.35241552539628124
10	0.2792438736804615
10	0.7405122647005055
10	0.7106677312728861
10	0.380250832783633
10	0.5804126949978482
10	0.35799070963674995
10	0.28740283121166055
10	0.5338978146744702
10	0.4332142956417589
10	0.580066661655801
10	0.4769763727280301
10	0.585987268095084
10	0.4024315604324642
10	0.2996075501919036
10	0.32123186903037915
10	0.5042833365023224
10	0.5447077351272311
10	0.2926637498568029
10	0.48713617079852534
10	0.3802305101515259
10	0.530378258721049
10	0.654660518264873
10	0.3775527527556983
10	0.31866128851646003
10	0.4983735953054032
10	0.5384406970130137
10	0.5359844449057523
10	0.4308226729579233
10	0.36492208650254987
10	0.4964088764042851
10	0.35038668700829106
10	0.6447263060983619
10	0
10	0.6957975321110923
10	0.5155129368551066
10	0.33986165955392145
10	0
10	0.5355116570815033
10	0.38122831666848966
10	0.6603324503169311
10	0.39468620486117273
10	0.50208584306766
10	0.13825086464826583
10	0
10	0.5419329744562422
10	0.4130359468269224
10	0.5797314653442066
10	0.5753927894337101
10	0.3070041253212821
10	0.5258295978131171
10	0.33303681340846775
10	0.39041142383082844
10	0.4169275249580701
10	0.46264252248765414
10	0.39683501563974355
10	0.5864414809106794
10	0.16354149634057602
10	0.5316585987798788
10	0.3755993088089926
10	0.592453073586695
10	0
10	0.41655277760267573
10	0
10	0.3906503935250611
10	0.1419895102453086
10	0.1350254089145937
10	0.2256594359473356
10	0.46064714860672334
10	0.25306888410946876
10	0.34822915327820114
10	0.6243804220229475
10	0.5270589114879141
10	0.5557658281564543
10	0
10	0.5170532006615013
10	0.3562003810739551
10	0.5190909925375224
10	0.5523017764826594
10	0.3674239653010574
10	0.5077690802722287
10	0.13995245174346674
10	0.5577959819036694
10	0.5904744090594523
10	0.5184229005058001
10	0.5211234421719115
10	0.4683365935181598
10	0.6395116247991314
10	0.39740102747798783
10	0.5259441566726435
10	0.5473627815684973
10	0
10	0.45946025592813067
10	0.5033498099169565
10	0.40819754835492655
10	0
10	0.39676351651184955
10	0.3128097287489658
10	0.5463059637171149
10	0.44401422996148904
10	0.32700210517202927
10	0.7367443167615579
10	0.4599232270986024
10	0.5812293315828324
10	0.4180572818828635
10	0
10	0.4076397218683024
10	0.49004686291707933
10	0.3817196087752803
10	0.32764474653500597
10	0.4780472627029961
10	0.48394763419401715
10	0.47035250406419926
10	0
10	0.6004497409745775
10	0.5137122621885754
10	0.5996535381926503
10	0.562956056485893
10	0.5507914497812109
10	0.450252464557993
10	0.544030401309088
10	0
10	0.38847545960286767
10	0.5644084407376522
10	0.2749208626953397
10	0.5324530806896876
10	0.6553193473304241
10	0.5142234972160412
10	0.6190540889565608
10	0.6246767273996687
10	0.38934448791321846
10	0.5999135196560297
10	0.1490721408977683
10	0.568296107396231
10	0.7007340244773533
10	0.5254969649513922
10	0.47871278596927624
10	0.38917229011841853
10	0.4666223884068416
10	0.43875336479782273
10	0.6501874186132957
10	0.3993971323744487
10	0.36880171182937566
10	0.4146592101231307
10	0
10	0.39682922256607756
10	0.7096492036002212
10	0.5460058327955448
10	0.6444306979823179
10	0.3191024531703852
10	0.41393798342649024
10	0.2521078470427916
10	0.3293371176835113
10	0.15382639298480724
10	0.5568286353231167
10	0.2927845036541068
10	0.4872175437245578
10	0.5018249352407057
10	0.4896878811957485
10	0.4552607452300334
10	0.49936386285672235
10	0.5351615056964497
10	0.2819021119179446
10	0.39049051710929267
10	0.3884059949537418
10	0.3738606861510253
10	0.3509270010504801
10	0.7155756421313197
10	0.14899460713993676
10	0.5809047578698074
10	0.47522890912542115
10	0.6486002693332161
10	0.6304679017059167
10	0.4793156634391613
10	0.27973931022153486
10	0.5342651508344958
10	0.49174287694966257
10	0.4332621396803591
10	0.6033759927433427
10	0
10	0.4436755108964667
10	0.4521517565866038
10	0.5070133965970078
10	0
10	0.4883218160102662
10	0.3353592787970184
10	0.5696390556830444
10	0.5429150224304796
10	0.4694001884275532
10	0
10	0.6226560267242099
10	0.5530891195040963
10	0.5605315496777457
10	0.6844925664595143
10	0.33599342437382423
10	0.5679168379034939
10	0
10	0.40379120353129977
10	0.5366819362824333
10	0.26562645299935433
10	0.5469848583962872
10	0.38226470293232917
10	0.7335544266814917
10	0
10	0.6386936383766091
10	0.5375197998005213
10	0.4441817533681275
10	0.545371933970546
10	0.583849140481466
10	0.42974216100123214
10	0.39332023136084376
10	0.6252889687660881
10	0
10	0.32707335000259463
10	0.4537974778339024
10	0.42804252343724164
10	0.5287280057550017
10	0.7331568851541204
10	0.5909621603210744
10	0.5911484147155697
10	0.7656811845135769
10	0.5967709359157192
10	0.6430497249589131
10	0.4531082481069643
10	0.4118281749328745
10	0.6573530262941046
10	0.34458070060437473
10	0.43393394079906183
10	0.751380335799614
10	0.6718975399941709
10	0.6322595296985521
10	0.40201103287466816
10	0.6896119607634009
10	0.47302634985531816
10	0.3652277491248917
10	0.5588557154635202
10	0.6894237996425234
10	0.4571447220334809
10	0.7034306975841119
10	0.542530281457542
10	0.4074038286779177
10	0.4342049208979903
10	0.5952344402007042
10	0.6250961103464693
10	0.5248614320428455
10	0.31448932206317537
10	0
10	0.58143635046864806
10	0.47953969569386556
10	0.39406903642428753
10	0.4289872351092453
10	0.23073207892889408
10	0.5544603938215052
10	0.38177189834809766
10	0.5322572536173275
10	0.5108948493223888
10	0.467332201215735
10	0.48342374961980866
10	0.15105132243640992
10	0.42050947755706003
10	0.5140671622400553
10	0.6438105925170696
10	0.46654945527920255
10	0.44066574986872215
10	0.48930753199736193
10	0.47900968728128523
10	0.4947886505751743
10	0.4603359443254351
10	0.6670299464700503
10	0.5936032749738193
10	0.435761114316507
10	0.10950385553781947
10	0.522592843641477
10	0.37358355744380306
10	0.555741094954758
10	0.6013462576592684
10	0.6405224740598724
10	0.47543944051978204
10	0.4166548614713632
10	0.3571892092145512
10	0.5610492677654362
10	0.31682954383724193
10	0.4244681081779582
10	0.5439864145659665
10	0.5008860495249973
10	0.5264564206983021
10	0.5355773589436721
10	0.22065867576300044
10	0.42106831183990645
10	0.6973568387035304
10	0.4405252956303321
10	0.4565636554056784
10	0.531462278885916
10	0.5039346411430761
10	0.4616617496795236
10	0.5537419572508208
10	0.3974406871067452
10	0.5256252015131742
10	0.6035940116879905
10	0.4729058798837257
10	0.4832922162415581
10	0.42957270206521014
10	0.5455625277513262
10	0.39835882764927955
10	0.4447846168818701
10	0.418780756695108
10	0.6043615799585558
10	0.7944624451140252
10	0.47572447505849574
10	0.48358985536097987
10	0
10	0.3969746335254964
10	0.6294448120670099
10	0.3908004029748006
10	0.39500679740289646
10	0.16051885760408155
10	0.5187548542417905
10	0.270084070852887
10	0.5604703333450406
10	0.5155576423521461
10	0
10	0.5781668498749717
10	0.4135781284686895
10	0
10	0.2776117494733401
10	0.36455484645044867
10	0.5006992773391261
10	0.7445816687040278
10	0.2293544514784987
10	0.4061625871028414
10	0.35784324326284744
10	0.6755836625048924
10	0.5169243622241918
10	0.7419869443227212
10	0.41917677214640836
10	0.6132420178218861
10	0.4082614472904877
10	0.3107687670963091
10	0.1230398360231745
10	0.45428640632734507
10	0.46958941175954466
10	0.4448239688591884
10	0.26852077065830593
10	0.3258751530124346
10	0.44765339464830306
10	0.4531621006095238
10	0.3747956514283831
10	0.521279381558843
10	0.6941916413501871
10	0.569171827491507
10	0.5972990514260362
10	0.5524477709107974
10	0.38660260700006005
10	0.5829760719124404
10	0.597859731023785
10	0.11286847153230302
10	0.6196546393474381
10	0.5254179613983596
10	0.4147336414162758
10	0.5188644419214938
10	0.5412926365104338
10	0.38781113344207274
10	0.5217254806537674
10	0.6771785707802889
10	0.34190853116413533
10	0.6051847708767456
10	0.6090467499673679
10	0.44545822300523497
10	0.4012614810925219
10	0.43437434556267307
10	0.3534821810887608
10	0.5760838589661494
10	0
10	0.5482926442021923
10	0
10	0.5782801928018775
10	0.5255369102547834
10	0.3933369142614766
10	0
10	0.5249712535749655
10	0.5402907425948512
10	0.49841789960456073
10	0.7137868513499798
10	0.6561400284212896
10	0.3913290412127196
10	0.5038185137080334
10	0.5622831566035752
10	0.5035650728982066
10	0.6617408743083862
10	0.433336912513525
10	0.6256394114643429
10	0
10	0.43577064694050316
10	0.5583111198743242
10	0.6648851310413906
10	0.37596579028573707
10	0.5308202006502526
10	0.4010427532191348
10	0.14884497631294658
10	0.5302801379539865
10	0.3229759502755595
10	0.310538131945177
10	0.3939726408568076
10	0.4802369059323077
10	0.35086594752742933
10	0.4057186205494361
10	0.604057837152103
10	0.7167832026911628
10	0.447540300438882
10	0.36711500419621346
10	0.4775732717852097
10	0.38703079289668574
10	0.4477917388786676
10	0.3986910273430504
10	0.27145277045230004
10	0.663045198422507
10	0.54814662081029
10	0.5206912080368313
10	0.5370408947150543
10	0.5225535488069325
10	0.6683501921453833
10	0
10	0.46418183184658995
10	0
10	0.6171205715534952
10	0.7284117929529376
10	0
10	0.39729149864752555
10	0.3814541704369125
10	0.5206358412436666
10	0.28804488951787116
10	0.597496699169622
10	0.28642023176376796
10	0.49950204878739224
10	0.3465119729812876
10	0.6618091330282279
10	0.5456068405797304
10	0.42642008101687906
10	0.4895146124523594
10	0.6071074732840411
10	0.7540249480058309
10	0.4309095778229389
10	0.3882111339530871
10	0.3864891981201028
10	0.5425260166985593
10	0.4062943371557701
10	0.5875593051528148
10	0.39605653485444636
10	0
10	0.32724980103628426
10	0.3096827410021143
10	0
10	0.46443183030793556
10	0.40330010663829324
10	0.7119408970581185
10	0.5502357804472736
10	0.5296858348096486
10	0.6807833356443851
10	0.5918212605051743
10	0.36309472438907037
10	0.3646038168154975
10	0.59057798388972
10	0.5906770359857009
10	0.5670760450829435
10	0.4218196346852496
10	0.7216901475007546
10	0.42854190670787373
10	0.5207341533714018
10	0.4141390350826997
10	0.4860396946882132
10	0.3912703259871684
10	0.5396256303543083
10	0.6170235950721706
10	0.8194146626624453
10	0.5937328792565496
10	0.3003540520750559
10	0.5679711207668808
10	0.7156130617497665
10	0.5029434084639239
10	0.4755274384145674
10	0.47012758655181086
10	0.5763587389534695
10	0.4901203314627542
10	0.3567928347102397
10	0.7014493788228188
10	0.4083742931681156
10	0.41717126619800976
10	0.5050483877381778
10	0.6289758679326956
10	0.45617894510546747
10	0.812283779017687
10	0.4082228147177137
10	0.6699672585415887
10	0.44625379204583976
10	0.6825819238090542
10	0.49008461860161373
10	0.28273776836090275
10	0.6190920546419852
10	0
10	0
10	0.623178324221068
10	0.40892548894589215
10	0.3726925455156808
10	0.4263720389252015
10	0.28578451313532693
10	0.5786721264821351
10	0.33868551244127143
10	0.5101389392641579
10	0.37467570696906516
10	0.425335552544659
10	0.5809311222216809
10	0.5340839421130066
10	0.27253167031744535
10	0.40559186806245306
10	0.6479380038843249
10	0.634509712993633
10	0.5179571304319545
10	0.6360947290273056
10	0.4021697270745998
10	0.5574502590513067
10	0.11875207294016245
10	0.5468583053816027
10	0.2933954577199392
10	0.44460565810571556
10	0.4290933758703458
10	0.7442106031208664
10	0.6090839645882546
10	0.341528185579509
10	0.5608982511599054
10	0.45347184591549966
10	0.6520744104521597
10	0.41964487774012477
10	0.7454607497829605
10	0.37538182922362273
10	0.539611829331181
10	0.4464149710160319
10	0.45860115419539454
10	0.333903354529041
10	0.7759304871451416
10	0.7611032456185386
10	0.6286689595359068
10	0
10	0.40051219695213114
10	0.3076513161002975
10	0
10	0.4122971778295389
10	0.35152016609923786
10	0.6053733934539492
10	0.4527848721800142
10	0.47495286381622565
10	0.6679159138680373
10	0.3669922060503896
10	0.5425243357370446
10	0.4261913935461723
10	0.4933844860240811
10	0
10	0.5204294121105643
10	0.4745303926222474
10	0
10	0.428105279437173
10	0.3672560478728012
10	0.5656461633068887
10	0.34950374143603347
10	0.6584955651721058
10	0.5662893613220829
10	0.2884541552182172
10	0
10	0.4739935704006562
10	0.42436232445547806
10	0.29601813065486055
10	0.2050770933333653
10	0.41067134681483447
10	0.4281887068584483
10	0.6578833479210167
10	0.4039434703885011
10	0.4736119800690241
10	0.5068034739852939
10	0.3940240777752133
10	0.3122844956650047
10	0.3731313179210808
10	0.46923832778821833
10	0.2459494490063426
10	0.48105268029679726
10	0.25274499720903504
10	0.486178162021832
10	0.5057381465736103
10	0.49677670873292334
10	0.3481530077981099
10	0.5888508545841272
10	0.4638878915155885
10	0.5691134294919588
10	0.435053771519044
10	0.46834366280466677
10	0.4491900888397426
10	0.5265449317822505
10	0.650023438026855
10	0.3591056821285106
10	0.5913434231078072
10	0.6180864144538633
10	0.546454781961621
10	0.38350957713184747
10	0
10	0.5374205563640206
10	0.6439261513621137
10	0.3766437775565134
10	0.36398972367520366
10	0
10	0.1614662420276371
10	0.5663311022734225
10	0.3594666779445742
10	0.5890725474281664
10	0.19808062982906494
10	0.40953847151339506
10	0.39835742540028374
10	0.3897150029530241
10	0.3920883415550236
10	0.3526933518065576
10	0
10	0.5224716794735701
10	0
10	0
10	0.612499860273771
10	0.36098831635082584
10	0.6416760656087956
10	0.14189927480254746
10	0.643517495933497
10	0.40097265261850035
10	0.4143568937830391
10	0.46574402465580694
10	0.29707611948755364
10	0.3764297862309544
10	0.49780490413808137
10	0.41060038757241607
10	0.4328981423519789
10	0.5216611191171447
10	0.22708981394132638
10	0.5148169240597046
10	0.7132347655727364
10	0.3642463044782252
10	0.695575212494082
10	0.6969181052351948
10	0.33941069046073896
10	0.5182060481738991
10	0
10	0
10	0.6639770205590323
10	0.5525080521980944
10	0.5454592083042304
10	0.5455488949446826
10	0.5318377364948094
10	0.5195717435334373
10	0.7158562351236696
10	0.45501079660068766
10	0.7638270438931285
10	0.417669462833937
10	0.6110847658210851
10	0.48366221714033314
10	0.3821837905945169
10	0.3995458578848708
10	0.6406260030951683
10	0.4364612792361153
10	0.4731648310596962
10	0.3611313685784869
10	0.6762470158320855
10	0.45271675230185743
10	0.4460625360705748
10	0
10	0.3841547470580618
10	0.3786925092852387
10	0.3113255990053148
10	0.6241258225948794
10	0.6483211584107395
10	0.4385253675426426
10	0.521342403875357
10	0.16260713332779284
10	0.5832678634713255
10	0.13413717749095658
10	0
10	0.5305194803881081
10	0.4866309480871343
10	0.6606672237632463
10	0.39731338331071625
10	0.5650918025775462
10	0.5207775413142782
10	0.35897160267323686
10	0.6739041644456474
10	0.5327582515143303
10	0.49532957025940333
10	0.465954556511993
10	0.4611466134725415
10	0.47709386434190076
10	0.2741930492071022
10	0.5385743120175159
10	0.38040577442795453
10	0.6433948595317615
10	0.40113026314102007
10	0.1265432685060393
10	0
10	0.49584956532035124
10	0.4808254589968785
10	0.41186996720091956
10	0.6971345904472965
10	0.4991098648453306
10	0.5559638068724949
10	0.5346632352000554
10	0.5881255829058524
10	0.4287011073014017
10	0.4795436629865429
10	0.6479814261944844
10	0.2962092080464581
10	0.5271774216178493
10	0.4466847064469286
10	0
10	0
10	0.2904295887661878
10	0.30672557538453
10	0.5370855666994099
10	0.5474922254518504
10	0.5990783098929824
10	0.4643857212967365
10	0.42505854990853276
10	0.1525061542110047
10	0.6901347385641574
10	0.3244741330258868
10	0.5462859026808944
10	0.662022926902689
10	0.2603221897238794
10	0.5829031654691452
10	0.5055316953471928
10	0.38617349791488953
10	0
10	0.3734542229304744
10	0.3573910805660236
10	0.6631293109731302
10	0.29615164934472493
10	0.5505999665116996
10	0.5226475297819924
10	0.5483478176160945
10	0.6283930532459278
10	0.2887935260734059
10	0.7649397774813268
10	0.6164921875595755
10	0.5227588910573083
10	0.5656161092487706
10	0.29946624923528353
10	0.3659471739053834
10	0.43460742110448597
10	0.44891674158193995
10	0.5230833169434028
10	0.5576893724090625
10	0.576111240584201
10	0.6164873024572106
10	0.5007420837368184
10	0.7379714255961972
10	0.4513979908995533
10	0.2885344193199471
10	0.6320339141531408
10	0.792149724956073
10	0.3027057836083827
10	0.7076348441367315
10	0.5996633534402415
10	0.3309637138630049
10	0.283703412799166
10	0.15184263447375435
10	0.4094410797520107
10	0.5374938122359582
10	0.518110828216257
10	0.4300093881619039
10	0.3195544397970191
10	0.44439842102781524
10	0.3560884339555883
10	0.3301068565322973
10	0.6644688150434115
10	0.4800878990416921
10	0.7398498217376391
10	0.595235841463695
10	0.4742714081042162
10	0.6940824428223084
10	0.6519678489217995
10	0.6420038049565494
10	0.3910470142329004
10	0.4730023135479332
10	0.5043155127637879
10	0.357309734517712
10	0.6961953044805101
10	0.30014015952569817
10	0.6488708400446611
10	0.6266257707630116
10	0.7207276343518851
10	0.4848820757999706
10	0.1182901935777727
10	0.578780151576976
10	0.49378866706816765
10	0.4124685264925285
10	0.7320738029115914
10	0.6468630588153658
10	0.32325373141167735
10	0.6590524307511105
10	0.3035564435069926
10	0.38449972622099443
10	0.6529855632342019
10	0.5097031949774419
10	0.5547298980482599
10	0.6431880406175038
10	0
10	0.41901302358624487
10	0.36645277840147006
10	0.42049319623976344
10	0.23179753019169497
10	0.36838367629178526
10	0
10	0.6898141677353706
10	0.3997067612452927
10	0.6543130183171302
10	0.3595519158232424
10	0.41034446783532996
10	0.4390660220127893
10	0.4924945184091044
10	0.40341015881106446
10	0.583208678042343
10	0.6976197610860614
10	0.4983352017396126
10	0.5292606385719125
10	0.41045579374496943
10	0.46487053464177225
10	0.3708068996824687
10	0.5315251797922557
10	0.5778466720706807
10	0.5563184687870926
10	0
10	0.2935419074963982
10	0.33817901509358494
10	0.570945862036367
10	0.569159507849075
10	0.5170320287902446
10	0.3622370677892568
10	0.5255875496769652
10	0.35990254045273967
10	0.34692145100073546
10	0.42486570686666114
10	0.5382928070805764
10	0
10	0.5751375778274841
10	0.6335928000646177
10	0.3276127630792059
10	0.660952687073634
10	0.6793452951770685
10	0.5257579492810064
10	0
10	0.3753967258004582
10	0.6208456335406604
10	0.544897373299854
10	0
10	0.287670708149061
10	0.39802174984486643
10	0.33116766742287274
10	0.14922612001399205
10	0.30425335985915053
10	0.5192871909458834
10	0.6991331203314698
10	0
10	0.10825902088781747
10	0.40335215965221943
10	0.42679416767754624
10	0.5141430074068634
10	0.3826375798318205
10	0.3383955762927265
10	0.5269672781331154
10	0.38490955864144666
10	0.41889645079925764
10	0
10	0.5467080525968261
10	0.4279013880697474
10	0.6284820706425862
10	0.6175494830422599
10	0.5391986525229213
10	0.6647094996709293
10	0.5477522402363288
10	0.5437857252680699
10	0.3791711063312266
10	0.5824271726323333
10	0
10	0.5571190708005005
10	0.3154747878860796
10	0.6974952690707591
10	0
10	0.5873463032075499
10	0
10	0.6524824076784297
10	0.3040152187829546
10	0.493262387358475
10	0.4669280239612126
10	0.6351111108443851
10	0.4179297875820225
10	0.4682693314473526
10	0.39797573113662793
10	0.3995863840512341
10	0.7032518748577865
10	0.39498494048659105
10	0.3580012475694721
10	0.5735810345022453
10	0.5939154040375014
10	0.7045703289721551
10	0.6014562265827017
10	0.6030603412493842
10	0.4840715426455656
10	0.5730352584390678
10	0.12178628817443801
10	0.5727685545535564
10	0.5069642585413826
10	0.6446386632538386
10	0.5472177671591539
10	0.5163609653620765
10	0.4238717633949469
10	0.2846539309504663
10	0.4808003871989491
10	0.639043969948461
10	0.5418552981719393
10	0.4524677822203929
10	0.45005560450110693
10	0.8071644685558076
10	0.37420421295468764
10	0.6917848236689583
10	0.5437315250833652
10	0.36699573434590027
10	0.3648970745139298
10	0
10	0.44527829092575005
10	0.297794669339063
10	0.37632070576777804
10	0.5549853253257021
10	0.39389774852856424
10	0.45722505490902726
10	0.5805754022560279
10	0.16109908715493054
10	0.4366466894753643
10	0.40339892213509004
10	0
10	0.36127993165629574
10	0.6556149745774782
10	0.2555242921993347
10	0.6843681151999329
10	0.35920457864361155
10	0.5397962252600097
10	0.5145235121356804
10	0.12775552910179735
10	0.43930835615981023
10	0.3024072507360454
10	0
10	0.5364937214628661
10	0
10	0.3351962447247035
10	0.5012479238064746
10	0.45359280462563933
10	0.2709684337617518
10	0.24639013690282624
10	0
10	0
10	0.49536165711920643
10	0.47423497704447476
10	0
10	0.5730364433350232
10	0.6630342963388551
10	0
10	0.5485132822303687
10	0.4505245996552722
10	0.4147043834283945
10	0.4434590870428348
10	0.11403463695552708
10	0
10	0.5184877660946337
10	0.5035119337560572
10	0.667296718738705
10	0.5790907224492804
10	0.6701708382567632
10	0.6518185590797283
10	0.6510409201602639
10	0.39252512559696834
10	0.12199816792761596
10	0.4033489748656232
10	0.5720830958724705
10	0.6840415875225202
10	0.35344366500930663
10	0.42023361942217785
10	0.6841907210129645
10	0.6415266231708305
10	0.6495677151981178
10	0.6662410681990175
10	0.6744042823493603
10	0.2876800432297219
10	0.6708131243604439
10	0.424291918761974
10	0.29640974762288175
10	0.3277024517777322
10	0.4849564659562018
10	0.5280166445892546
10	0.31441249949510036
10	0.41672342241989546
10	0
10	0.37963979432198014
10	0.45705784326022897
10	0.14109801219677626
10	0.7562819900203791
10	0.36159928159673205
10	0.2981220670426173
10	0.5787189537807538
10	0.5661114117049317
10	0.8310860497206066
10	0.7638392678760335
10	0.7006393763232805
10	0.7078786877347948
10	0.4936660297757332
10	0.6908977092422482
10	0.4964920672198924
10	0.3365475061870779
10	0.4542816724685506
10	0.29986029908364886
10	0.7166759326538596
10	0.8325274535588333
10	0.5508941112227754
10	0.48624769811391383
10	0.46534136481797894
10	0.6663419428188813
10	0.5289039324284075
10	0.5358831529101508
10	0.3493956406558651
10	0.692686113250571
10	0.36073007116407424
10	0.6444887965999173
10	0.6060697155363767
10	0.3354441656337855
10	0.6407535649183256
10	0.3172641707571446
10	0.775590453572281
10	0.7623440476858852
10	0.4953621584450366
10	0.5941339097652496
10	0.5694095251648624
10	0.49192504371200657
10	0.5157482707258488
10	0.610427358267516
10	0.38607004160557457
10	0.6666481971704161
10	0.42020440652236024
10	0.37646289722232673
10	0.7751637888191766
10	0.41674236893776684
10	0.46491582234780143
10	0.5242850478766216
10	0.6038920479483886
10	0.48305435786489354
10	0.33355144996899183
10	0.3079920851922455
10	0.49987258160450293
10	0.30330008663148433
10	0.4142898771397015
10	0
10	0.3842109695942332
10	0.347973130256467
10	0.3360515765631584
10	0.3500155406585264
10	0.3903144624471539
10	0.7332129401258248
10	0.5683381583672152
10	0.6674885358255637
10	0.33550738803752067
10	0.7256502069621323
10	0.378198509477305
10	0.4986369246656305
10	0
10	0.42786336905309713
10	0.465822153143786
10	0
10	0
10	0.739394622310663
10	0.39874702552358254
10	0.531176319402975
10	0.5473028067875179
10	0.41125025520269626
10	0.727566409894159
10	0.32757364337716577
10	0.3933285603512933
10	0.3684523351271126
10	0.36261502105230925
10	0
10	0.776199473587187
10	0.5584060392404431
10	0.445473329455933
10	0.3547009781953716
10	0.4613683273797973
10	0.4465331283674605
10	0.5134237412620432
10	0.48772879268791036
10	0.5655815194078544
10	0.37874098889626784
10	0.6933406617095436
10	0.6208081139745659
10	0.669582188746522
10	0.5233375231090341
10	0
10	0.583937634205658
10	0.4116836134296118
10	0.6540181092722075
10	0.29294846804834224
10	0.6136926705471418
10	0.6340455891045766
10	0.3159760711312397
10	0.3641834883023612
10	0.6205509447368855
10	0.20037938318122062
10	0.3657218447353024
10	0.5535566184254542
10	0.5929480926697859
10	0.2691172264241838
10	0.361761601508076
10	0.7128819723574484
10	0.3699846425164753
10	0.5071769648353825
10	0.4924802712280071
10	0.36197577046502477
10	0.51296116898353
10	0.32581927270407796
10	0.3891606272644266
10	0.5551172452109402
10	0.5124992241299279
10	0
10	0.2233528319725617
10	0.5569150620763823
10	0
10	0.2440391552692364
10	0.6321786194045118
10	0.5369774166359801
10	0.6311513343735886
10	0.660612986880927
10	0.72523368973398
10	0.6471648568590105
10	0.5916536683586552
10	0.3930880170105171
10	0
10	0.5217428603859492
10	0.5095086215743676
10	0.5045901516278821
10	0.3743973151887495
10	0.5077326263977273
10	0.6822371339869104
10	0.5732241162451642
10	0.8441989970634806
10	0.46171719764235053
10	0.5192884595696367
10	0.6098540405376237
10	0.5840841080668575
10	0.6072714178511146
10	0.24880406535296185
10	0.42213257040399127
10	0.7525392545885272
10	0.37697442492434136
10	0.4713045531227594
10	0.6043909035607155
10	0.47827429635614566
10	0.5868981749683125
10	0.5030359574137747
10	0.4952341375733194
10	0.6682383813311478
10	0.31189205290398087
10	0.5241089767225258
10	0.40245909099985905
10	0.4203006466476683
10	0.6299145394644304
10	0.5193455778763888
10	0.5954787670478153
10	0
10	0.5237082922755953
10	0
10	0.5882941364957257
10	0.4373524892318731
10	0.43629683766062755
10	0.56323233784575
10	0
10	0.4683127221176019
10	0.29116320670042317
10	0.5295991152325819
10	0.38301722901078367
10	0.518796462769068
10	0.4500205642583436
10	0.608421895395858
10	0.5381894783441322
10	0.4110687308343814
10	0
10	0.6084228790557933
10	0.5517803520131163
10	0.6211862513866898
10	0.3435552993007661
10	0.2668346084382759
10	0.31764540163004995
10	0.7564858490389531
10	0.5401040044021483
10	0.36729963823241424
10	0.46833684020314204
10	0.4819701763380641
10	0.49037946814884237
10	0.6093107636411469
10	0.40537611350200176
10	0.4199739981318183
10	0.41246767994394967
10	0.37021560071267523
10	0
10	0.4146954527684241
10	0.31643111682234687
10	0.45185799125559944
10	0.6956176686926322
10	0.43776704586733706
10	0.6149171764875309
10	0.5300135593474987
10	0.4250782660525156
10	0.47902243835114794
10	0.5173566325274519
10	0.3611780048834718
10	0.15140552775338315
10	0.46816184808612576
10	0.5257023954198476
10	0.5446866934662358
10	0.3426151971911607
10	0.4247292719609491
10	0.3324833805673322
10	0.6813225233147272
10	0.5922439912157609
10	0.3442218829631807
10	0.3316822711379027
10	0.6559012821999777
10	0.7250182888569725
10	0.4733787748644004
10	0.4623974523146495
10	0.7184609483950946
10	0.5431007366085562
10	0.5627534092045847
10	0.45083811258998846
10	0.6590468415960636
10	0.33081863939844264
10	0.5470885473517926
10	0.4233702526184187
10	0.5138726774414599
10	0.535123746940525
10	0.5059420019514967
10	0.3866661041194091
10	0.4327964382169782
10	0.5362524609012396
10	0.5977575285920977
10	0
10	0.38976211563634705
10	0
10	0.38447773841873945
10	0.40065647799770493
10	0.505696525254106
10	0.15636502062192975
10	0.6433947445091945
10	0.7762000146117178
10	0.14373220226959746
10	0.12547803302126703
10	0.5479668957827962
10	0.5308062080309434
10	0.6835064651151033
10	0.482232484959462
10	0.3805877267685761
10	0.48317894850619664
10	0.5157283577303536
10	0.5634638394951766
10	0.3806905619060187
10	0.3709337835836378
10	0.3711488128067436
10	0.3868471833614166
10	0.8002624028205539
10	0.5599426967229502
10	0.32848243463775195
10	0.3476022868509016
10	0.3489178620164639
10	0.474516957191691
10	0
10	0.3733571367939296
10	0.4242676692558912
10	0.6102404476880476
10	0.7277424341460388
10	0.4682302845289082
10	0.5280027486837581
10	0.5679553347745584
10	0.5857653175141331
10	0.35613907987384513
10	0.5131544166476026
10	0.5893006170804
10	0.5960903782484999
10	0.3964675580555409
10	0.5042259435374375
10	0.37194239204947643
10	0.5043343786397781
10	0.6494982021110238
10	0.44179044539476103
10	0.3998479421420101
10	0.39317905371783085
10	0.6631530606217829
10	0.1367601625637425
10	0.4569505215511577
10	0.6556527993122059
10	0.5434308657709553
10	0
10	0.4074403432333685
10	0.5866568523344301
10	0.715593100691368
10	0
10	0.4332552775324963
10	0.3926864424253127
10	0.36820654268046255
10	0.34170270810302106
10	0.43378889303956986
10	0.6427917304515378
10	0.6472390473170551
10	0
10	0.6190107784400958
10	0.5819583228665103
10	0.2946783138207813
10	0.6332061170757195
10	0.36820658895665026
10	0.45808739386214925
10	0.2735992239828237
10	0.4899906925872762
10	0.5350729498741291
10	0.5111131728947644
10	0.3927310326139558
10	0.5362859087833847
10	0
10	0
10	0.5909443104679646
10	0.5161038090739536
10	0.43551130476247085
10	0.780015358674409
10	0.3178725740980991
10	0.41359333458183695
10	0.5915624034963846
10	0.6978107344225137
10	0.37787377868122507
10	0
10	0.4180523025221706
10	0.39366779796063567
10	0
10	0.38692910959892424
10	0.39822477956755453
10	0.40893686587056155
10	0.6386817071078036
10	0.28558388252973355
10	0.6020551883668166
10	0.3970672598407971
10	0.5540188663121883
10	0.30182342045230176
10	0.43263767111264545
10	0.5026561824596407
10	0.4885383472921012
10	0.41986838132865156
10	0.26399044571495045
10	0.4829501895467437
10	0.5513771077086009
10	0.16725433052848196
10	0.546484453194418
10	0.3637585124009238
10	0.41861794818576137
10	0.1369039342359207
10	0.3828197502457416
10	0.576402793167189
10	0.5499981312991408
10	0.5927031302536862
10	0.43829117511341237
10	0
10	0.6818536862969029
10	0.2852223741527842
10	0.4448766025411916
10	0.34083396632058205
10	0.1569994811132361
10	0.5273129920629651
10	0.34182771076168383
10	0.4107592582837753
10	0.3708505016670986
10	0.4193322831064462
10	0.31358367310628293
10	0.597561323728069
10	0
10	0.5904326628537169
10	0.5769684370252867
10	0.5095505246485763
10	0
10	0.6273600675190264
10	0.4773346352456838
10	0.6273766844013736
10	0.591825541182238
10	0.39357041339018056
10	0.4188710004484555
10	0.5327299064581217
10	0.39836024497209355
10	0.6263106477032588
10	0.5296345474440456
10	0.3620484219354702
10	0.6403528033152277
10	0.4063608124991354
10	0.6325242628162969
10	0.5178494458141045
10	0.6223635747738057
10	0.46199935463273584
10	0.4266715632113838
10	0.5328608508275627
10	0.16945916166362698
10	0.5693904373796704
10	0.4351025812583498
10	0.5197351716237714
10	0.32316975979438456
10	0.308427910578051
10	0
10	0.42449536992725606
10	0.5313193286042824
10	0
10	0.5198128376806267
10	0.16774601382233295
10	0.6163965522580268
10	0.474727499329796
10	0.4119327867043087
10	0
10	0.31216111977868766
10	0.5577653141313236
10	0.34658650992366796
10	0
10	0.567062551900423
10	0.3710725537685815
10	0.6080515151402748
10	0.6809747837622692
10	0.41169596727798996
10	0.3955410140519141
10	0.7192407256515831
10	0.5525218263213153
10	0.6926081260862545
10	0.46394967466471104
10	0.16063411030813649
10	0.5118745791104246
10	0.25893990111226806
10	0.47264689944281113
10	0.18983322391586444
10	0.48929876031069114
10	0.5255381425620113
10	0.7883282486927689
10	0.4821080349704881
10	0.41088705571956324
10	0.42639760004383864
10	0.7097515892316536
10	0.573077924717371
10	0.6857407563147778
10	0.3760534896906696
10	0.43533837909131357
10	0.7259116474463861
10	0.4695093080630211
10	0.47685854263661576
10	0.42865927488925915
10	0.43807300251593617
10	0.5223256667203743
10	0.4669159430870121
10	0.525316390171235
10	0.5443333916799397
10	0.3481766578182014
10	0.6593067769472182
10	0
10	0
10	0.37301981539703855
10	0.463418805036047
10	0.6900900116953317
10	0.5919585147711297
10	0.6295707465891828
10	0.5994513738569395
10	0.10724849760264375
10	0.7259608188316055
10	0.4231965979915744
10	0.35285432726305543
10	0
10	0.3695238585966216
10	0.47626831588430796
10	0.35648141224032315
10	0.5674031016111226
10	0.42187596228410906
10	0.4856997996337533
10	0.5159514567430259
10	0.34121316970715587
10	0.4180156671734943
10	0.3498923359357011
10	0.3311391537945512
10	0.634914042055424
10	0.5777685898501509
10	0.5076687221812921
10	0.6381272224593444
10	0.301401151929645
10	0.4805018892268579
10	0.5209575652153916
10	0.4243347445925171
10	0.39111938995430146
10	0.5091017113001387
10	0.2913588313749314
10	0.49469092521711877
10	0.5467623903073091
10	0.6268325939257722
10	0.47097833300356323
10	0
10	0
10	0.5071288296397773
10	0.4312728732240393
10	0.5950790265724248
10	0.7878701799817689
10	0.4413271366711718
10	0
10	0.5960415661497176
10	0.2747978171580953
10	0.5255770733768254
10	0.6515547049628343
10	0.3429681660058332
10	0.6161762344193481
10	0.461434374609811
10	0.4892576691016753
10	0.32835549167745876
10	0.643660856719894
10	0
10	0.3905435678196258
10	0.25544014209666377
10	0.3849483406527032
10	0.44987182620733135
10	0.4835709468318114
10	0.5085744870494571
10	0.5522715484884938
10	0.1438845857571228
10	0.6177761463917599
10	0.4797023600797974
10	0.6352442450333294
10	0.5766849563633726
10	0.6823661989210075
10	0.41678534335562817
10	0.48470829549685285
10	0.44107144698478085
10	0.46109321528728175
10	0.3664630196469933
10	0.5156757816129224
10	0.16078880579066135
10	0.4393674780104217
10	0.39840377121662024
10	0.6621825847579071
10	0.5605111312662162
10	0.5042525535813345
10	0.6942096581613253
10	0.4565054133240908
10	0.4240045623400487
10	0.4452134060532242
10	0.5066432072552637
10	0.4381255951671541
10	0.35113233693421025
10	0
10	0.3516601018252698
10	0.4162846119761279
10	0
10	0
10	0.4982158207477432
10	0.3638805782467244
10	0
10	0.4672165022006226
10	0.28488760217910214
10	0.6243741040913882
10	0.31079362795646615
10	0.7885018910044693
10	0.5483862269093016
10	0.5848256290577698
10	0.4914898019925687
10	0.35765157458121155
10	0.304577478115682
10	0
10	0.6196116966808193
10	0.6054525732473618
10	0.35311543334188195
10	0.5788472609608837
10	0.41749602904160527
10	0.6310035007270456
10	0.4010220857391627
10	0.5864400284323162
10	0
10	0.5341378863226346
10	0.582784991300627
10	0.42694214928222035
10	0.6970649076783548
10	0.36642833688379367
10	0.5453435503455495
10	0.40560943101924096
10	0
10	0.5598215846565063
10	0.6875175556875948
10	0.3194491547270448
10	0.5297720606332824
10	0.7399698583260468
10	0.36145326154921076
10	0.353007505376924
10	0.46035183968861243
10	0.37277574304846844
10	0.30185210743418045
10	0.44905831090381537
10	0.5511101976029483
10	0.5005938944345292
10	0.5869848405914864
10	0.3749956617458007
10	0.5303361884199062
10	0
10	0
10	0.5835761405992834
10	0.1355246885051604
10	0.15753102065362387
10	0.5632093395231115
10	0.3567706606220896
10	0.4983050176483485
10	0.7307029760388866
10	0.3974220331665788
10	0.6125878246574238
10	0.19567806457849937
10	0.2534577841504319
10	0.12833364848655335
10	0.5046549097023842
10	0.41506582898978045
10	0.6392134275594499
10	0.5279589401211595
10	0.6054150832501725
10	0.5326925337382171
10	0.5694534081035962
10	0
10	0.36822595703495803
10	0.358683397928849
10	0.3759561867650703
10	0.3255635647108954
10	0.4368246078494142
10	0.35316858631801096
10	0.7837178074295761
10	0.578236961702277
10	0
10	0.49095342556555033
10	0
10	0.26586993159489236
10	0
10	0.4616389022549805
10	0.5207682116127436
10	0.3281657386779877
10	0.4357568027322646
10	0.47674693316179917
10	0.43198559100462774
10	0.3119113652398994
10	0
10	0.42511326959754697
10	0.4432314926467876
10	0.461695058358844
10	0.5185184935992495
10	0.6855914344989624
10	0.5816056807531056
10	0.456167919911232
10	0
10	0.6988965142049304
10	0.1654010851123073
10	0.534369929638807
10	0.7794329820968021
10	0.6733620358921548
10	0.700656457560929
10	0.5902147856879685
10	0.584265913866458
10	0
10	0
10	0.4205836134506163
10	0.41603058223614187
10	0.3182667670765202
10	0.5715238986995359
10	0.6027356429043611
10	0.6112597548129115
10	0.5087111855058127
10	0.35135529972702867
10	0.38786819297259983
10	0.5140647255913102
10	0.6667293194377029
10	0.519037888994152
10	0.41940223972887725
10	0.7163068572657781
10	0.13847264597261646
10	0.4760361733102991
10	0.7726539098273326
10	0.374484362524285
10	0.36392818463706317
10	0.1287217266970871
10	0.5891921257878453
10	0.4301276089235757
10	0.15509406187484248
10	0.14541038177734067
10	0.42642776334467175
10	0.39655402738203643
10	0.5169870292452032
10	0.4253834057729468
10	0.5140511757457155
10	0.1275064527264415
10	0.38980290202515966
10	0.5446270499714101
10	0.42437430391880115
10	0.7216555492643214
10	0
10	0.37951246263898747
10	0.404877337694315
10	0.42169884917555184
10	0.7352913379883745
10	0.3499165293333182
10	0.3467591920952154
10	0.46805890087539137
10	0.4896719622450367
10	0.4829547798699681
10	0.38567097009930923
10	0.4632069609971972
10	0.4435869501980612
10	0.44506440770902117
10	0
10	0.7029712890094617
10	0.722791731689221
10	0.38112094520510775
10	0
10	0
10	0.29775156926852264
10	0.5393501545600033
10	0.3583247469090007
10	0.7474159260905142
10	0.5613719978125009
10	0.44537645224722383
10	0.365397944068014
10	0.5170709325741958
10	0.35206675347435507
10	0.4742135959181258
10	0.4960416485071231
10	0.1535027029838026
10	0.7497361764247381
10	0.13812356174041912
10	0.565859828932769
10	0.4540791563175332
10	0.3992424600707636
10	0.7350701141089998
10	0.6692620380537936
10	0
10	0.38168812655135204
10	0.34597445451811415
10	0.5507082664387117
10	0.6010866170687046
10	0.1464915863627807
10	0
10	0.44672428794126723
10	0.5487002376141797
10	0.1512596640276636
10	0
10	0.5637638918749708
10	0.14647035038751202
10	0.30426162036874754
10	0.4543336190230459
10	0.34131757590807865
10	0.48264327301524934
10	0.5656370397518182
10	0.445960467189221
10	0.613783704758917
10	0.6960235815593828
10	0.4395120699536066
10	0.6201415193127633
10	0.8600447767477628
10	0.36740542267378057
10	0.599039301209841
10	0.38565607809932767
10	0.28016230098665035
10	0.41026220664253854
10	0.5113893556368316
10	0.3926400289625847
10	0.4800091869652664
10	0.4974947441323414
10	0.4469626171528898
10	0.5521629349843206
10	0.5200256980976541
10	0.27235065723788315
10	0.2881442606563929
10	0.40456127967739186
10	0.3900521953406067
10	0.4947788225651296
10	0.6983395607598374
10	0.4411361491788829
10	0.4794496276915574
10	0
10	0.45836050643091564
10	0.4866114148126989
10	0.14462643408621598
10	0.5740296380075892
10	0.25527688875014015
10	0.5316609311094169
10	0.42832626040988847
10	0.3122653822937529
10	0.3320360189926008
10	0.7937262700807604
10	0.2720926147985594
10	0.6943732980021323
10	0.5045253547717053
10	0.5435966213739724
10	0.4881419766419281
10	0.596592976399093
10	0.583971175423468
10	0.6494476071285623
10	0.6725674455089469
10	0.13213817251472174
10	0.3728459193267678
10	0.555974887892779
10	0
10	0
10	0.43468818015280863
10	0.30511855109474223
10	0.34706145147417156
10	0.3986518235338479
10	0.5796232465286606
10	0.4709610845028682
10	0.6120041074714373
10	0.6061045930186554
10	0.5849162626470007
10	0.5098199585461697
10	0.6503897311501534
10	0
10	0.5811231359205228
10	0.6017231478377407
10	0.5335263306900737
10	0.31332852659124927
10	0
10	0.33689198213713767
10	0.6764811909669171
10	0.683201600012469
10	0.4112896078392057
10	0.31595448148051397
10	0
10	0.3572490082755959
10	0.46849582903957226
10	0.4023470502981728
10	0.6521558047456829
10	0.6631431247854745
10	0.4398911493602638
10	0.39284716878955994
10	0.41389183039275473
10	0.6663040399984538
10	0.5201192347047954
10	0.5078890186739151
10	0.4872229854251936
10	0.5022160507596707
10	0.1529439824237026
10	0
10	0.47264633985080484
10	0.4962578270798296
10	0
10	0.42241691667592546
10	0.4711499564282214
10	0.5314707098197455
10	0.3784989617955468
10	0.44174785747312917
10	0.3418495413392723
10	0.36415749882628834
10	0.5463293061655209
10	0
10	0.43390423295642555
10	0.4009839983080312
10	0.39432565199511627
10	0.49629273167871557
10	0.3802250914632431
10	0.5935538953210544
10	0.539312691284338
10	0.5774949338723543
10	0.33011804867808686
10	0.31648179765241785
10	0.5506921582866262
10	0.4358590711330813
10	0.65510980422384
10	0.32723056056991745
10	0.6174542385921078
10	0.3140192523653987
10	0.5629889957591688
10	0.2876049403812602
10	0.6323337429107782
10	0.7586676748067285
10	0
10	0.3456647249768945
10	0.5842064762175685
10	0.3666558086471923
10	0.14117868967648775
10	0.8539336549690217
10	0.5284584064879622
10	0.25102263265446334
10	0.3924397979584095
10	0.46880390121496723
10	0.5402012990475633
10	0.3471012769486997
10	0.37582888228891437
10	0.5009830144774253
10	0.5836075145356321
10	0.8708348777707069
10	0.7128774238081975
10	0.5892467182768202
10	0.5017914916412506
10	0.46584294486248196
10	0
10	0.5292700507860141
10	0.553227031405588
10	0.314999648950271
10	0.3031384996633568
10	0
10	0.4835631071642022
10	0.6940204052860989
10	0.543106167877517
10	0.5231082273810663
10	0.5984084634745426
10	0.49807636389994353
10	0
10	0.7595501106294905
10	0.30779444553484886
10	0.3976775635835095
10	0
10	0.6633568163965954
10	0.7113746826291978
10	0.4910731652920149
10	0
10	0.6772984096031135
10	0.537399144707593
10	0.6114912682948423
10	0.47476565177594787
10	0.40989706207970905
10	0.36550982562084594
10	0.5325831425742571
10	0.4765328768212976
10	0.6596244595131608
10	0.45142433715393854
10	0.590310586352266
10	0
10	0.49861461823245734
10	0.672234631073133
10	0.3313641877513844
10	0.5797372245350556
10	0.5679164286000025
10	0.6392133206734791
10	0.43608358492834326
10	0.3983204644103198
10	0.30676403163505367
10	0.43827295529819726
10	0.41375657174128966
10	0.5104004442113157
10	0.37386812151288185
10	0.2325945643596833
10	0.5653224360030342
10	0.7450092106964027
10	0.6990582646464943
10	0.4095144170880233
10	0.48737550254347206
10	0.49233674340417116
10	0.406605664256521
10	0.5334258212301068
10	0.7438525451969012
10	0.4026066433000569
10	0.32167158270445784
10	0
10	0.48285622775710857
10	0.3497021544410725
10	0.5871969235023426
10	0.26109577006339924
10	0.5170587581707139
10	0.381319445883192
10	0.36396998199979036
10	0.6031489767047876
10	0.5076970328646938
10	0.32854117656538157
10	0.6264498248056745
10	0.4757502278590059
10	0.5025250893046942
10	0.37405111655672263
10	0.14965486045394047
10	0.442490293423271
10	0.7351175776556635
10	0.39207672845452174
10	0.5834753061612469
10	0
10	0.2857533591672558
10	0.5371396402985672
10	0.7131385843810492
10	0.40215175819128096
10	0.40373396869422057
10	0
10	0.5792515999646142
10	0.44250363431001805
10	0.4566010331476825
10	0.6726656643657991
10	0.42466018893211094
10	0.43631172696840653
10	0.3018195127411629
10	0.402889128755755
10	0.7231132738360608
10	0.3337137860334049
10	0.6698706488329889
10	0.5686500908487188
10	0.6822103187172003
10	0.5314715162633852
10	0.5398157021416751
10	0.43898648335994256
10	0.38593367824399766
10	0.26377770225338754
10	0.5044550243370641
10	0.7153358681747799
10	0.5330143125407228
10	0.5227666137751932
10	0.5330422627505549
10	0.6231372822363261
10	0.668987361167919
10	0.25785479772181724
10	0.42385919696740365
10	0.41394061389548925
10	0.39064079648192784
10	0.41816910095794585
10	0.35017097082590903
10	0.4277380450260698
10	0.4153598962996203
10	0.5704013357704425
10	0
10	0.5029369852754058
10	0.5429298272526705
10	0.4275438488475345
10	0.503412274694732
10	0.25021318650368335
10	0.7050708862844054
10	0.4201379337663091
10	0.49535043215060953
10	0.40263638910651367
10	0.3171938479405547
10	0.5726914675130625
10	0
10	0.3810352026074047
10	0.4030895861449096
10	0.5460828097057656
10	0.5299903637434901
10	0.2988550744340492
10	0.41135327079128603
10	0.2834095010195448
10	0.5404748027976737
10	0.6839660383775535
10	0.44049038778214716
10	0.3381697032743235
10	0.5718901078655113
10	0.6327033367253356
10	0.37218488909518793
10	0.7358797050366216
10	0.5501545441503787
10	0
10	0.4796260613358541
10	0.36028426548667125
10	0.7499357527405848
10	0.3583377740427485
10	0.44505829389221785
10	0.3752929813393409
10	0.3545273921631432
10	0.6710848827226649
10	0.33407215075126184
10	0.24960932180336787
10	0.3350377381294336
10	0.6981791745632467
10	0
10	0.4336754493485176
10	0
10	0.3352994617807062
10	0.1423142589927448
10	0.34971090062312493
10	0.37814153455785715
10	0.13960034518095454
10	0.5845550403646095
10	0.740617356631866
10	0.5157961672952698
10	0.5966530539624394
10	0.5856291380979235
10	0.35633802685969324
10	0.3267468866121861
10	0.41713377779058447
10	0.5027009664473169
10	0.5053598593749257
10	0.6825638874437948
10	0.4860029255580993
10	0.6747412207535208
10	0.35373484040476433
10	0.7155032373553221
10	0.4527452349512457
10	0.4202379973439446
10	0.3376655599343197
10	0.7597613513591004
10	0.538054734549417
10	0.6594372406044268
10	0.5566767486812946
10	0.6991601098280666
10	0
10	0.6290853604982221
10	0.544998127497119
10	0.3808191792422535
10	0.6552310524595168
10	0.5694720754862316
10	0.48717328525070863
10	0.4948966077511523
10	0.7454388039589279
10	0.5521161396470836
10	0
10	0.43830930433353926
10	0.39157044657067946
10	0.3931890321572666
10	0.2962811233516781
10	0
10	0.13205841068995974
10	0.6631098603677948
10	0.6077142655508033
10	0.5491961892709267
10	0.61267262008531
10	0.58874968109451
10	0.3897310334968062
10	0.5165317745306811
10	0.6194405290489549
10	0.4696286648068582
10	0.6058327117415342
10	0.5235028216474359
10	0.27931709772497826
10	0.3802213595472863
10	0.49587919380316614
10	0.4309937737948981
10	0.20049917173657059
10	0.38239062245516375
10	0.6043259670663008
10	0.3046957102234754
10	0.6532446209605978
10	0.7320637877170018
10	0.34184163802202644
10	0.33346626547922587
10	0.4365098463917304
10	0.38165153655956185
10	0.3635091576992443
10	0
10	0.3568929847858145
10	0.5396660717172383
10	0.3432368962656058
10	0.4744479921671793
10	0.37913001645454336
10	0.3329714114748717
10	0.5150367366280582
10	0.6511407770363855
10	0.6999420343083202
10	0.44700953388941916
10	0.7238889349668721
10	0.5102143178326225
10	0.34814190308563475
10	0.24698196391448532
10	0.295499426437717
10	0.49933062348777024
10	0.6185597842506163
10	0.45297070462557076
10	0.6885350711177188
10	0.5659237199437328
10	0.3529121544828549
10	0.4013078786962959
10	0.49847212104824806
10	0.3394596730145218
10	0.505022099625429
10	0.7562355032054741
10	0.6008658394191999
10	0.4410137236115623
10	0.31028424515272235
10	0
10	0.44069123783985115
10	0.13020597503962736
10	0.6135420139576948
10	0.7356828125883647
10	0.49739391876341654
10	0.7630218758871222
10	0
10	0.31525529980707595
10	0.36160025538459756
10	0.7616867606917056
10	0.3202350413579847
10	0.5683812956475447
10	0.6320021261744481
10	0.44404305869184957
10	0.4085901643656002
10	0.41166526234108103
10	0
10	0.6175405518086486
10	0
10	0.653354890901708
10	0.3591833577207965
10	0
10	0.37631154920761484
10	0.5301775479625798
10	0.34291575266476415
10	0.48900918966827667
10	0.4922421070086368
10	0.39788481464292663
10	0.43743208936029404
10	0.546337039833143
10	0
10	0.42042307224071707
10	0.7115228303434634
10	0
10	0.41181812406113116
10	0.3005966592182607
10	0.4079812498248406
10	0.48578751248491975
10	0.6577525442725566
10	0.13667152070616514
10	0.5935217750827777
10	0.5537909288611957
10	0.46292969463066963
10	0.5124694417619626
10	0.6138203904768383
10	0.698404300042402
10	0.6010064446058915
10	0.4463522887698776
10	0.3459800159656366
10	0.1340512479424815
10	0.5773373935925004
10	0.340473991831986
10	0.126988497728278
10	0.4373034766005112
10	0.39223604462695827
10	0.5325267515993812
10	0.4967795379410075
10	0.49712248142229254
10	0.4392811882211711
10	0
10	0.4821169003612742
10	0.643365265443372
10	0.3120863998322853
10	0.5593658872223075
10	0.5617494625164562
10	0.4222303750811828
10	0.4594172793828088
10	0.5351089427131159
10	0.36962360507476627
10	0
10	0.532397610303506
10	0.6056883176172545
10	0.46654264844772564
10	0.3858979958267771
10	0.27700986225475954
10	0.6657017675800139
10	0.36444751625916544
10	0.5818947582992025
10	0.5441558958443593
10	0.56474176237009
10	0.4084461473383239
10	0.544172843083092
10	0.5780025988960621
10	0.41499720777322235
10	0.2967511324542392
10	0.5939005241292263
10	0.5604187071379099
10	0.4178301716794859
10	0
10	0.42088757448227837
10	0.7645024907655543
10	0.6296777369537407
10	0.3680894059247998
10	0.3888830539396435
10	0.30316823477511645
10	0.6352619126900655
10	0.5393700899966138
10	0.3147846184566762
10	0.30003506864648677
10	0.48871985123702955
10	0.5582037462866455
10	0.3514006943137316
10	0.6975436563869155
10	0.49365255613387793
10	0.6055341209481268
10	0.4780468848614214
10	0.3678252483728428
10	0.5922958614716584
10	0.5584748823865138
10	0.6226484730724147
10	0
10	0.6228931930609335
10	0.5153153276847705
10	0.49399564602512963
10	0.613052032390552
10	0.4707141367097826
10	0.33384100419704926
10	0.7044675579470155
10	0.37179257752231343
10	0.5425002465804707
10	0.4813669533031787
10	0.3736530594179323
10	0.6574590256601105
10	0.47140253747113847
10	0.6199013928240382
10	0.48614165546004046
10	0.5283699775258015
10	0.5787637099250091
10	0.5126317450289251
10	0
10	0.6815209203303197
10	0.3685867756587105
10	0.33193504277298025
10	0.38373255859626326
10	0.34792367688655285
10	0.5403337004246149
10	0.6213981057493124
10	0
10	0.6450329061622266
10	0.6433800482318791
10	0.5090849151014892
10	0.4308896696813037
10	0.5380030085696138
10	0.4229490476818949
10	0.4108395376607782
10	0.508946372983113
10	0.3957187962916668
10	0.6417997196343028
10	0.3005299972747274
10	0.46274759101027346
10	0.40864120354002237
10	0.33367292323572967
10	0.5335130874698405
10	0
10	0.5786251086072579
10	0.30907884735091595
10	0.1263260530629645
10	0.41169286469241206
10	0
10	0.5310789374376129
10	0.591605349536257
10	0.6378641877116414
10	0.49386867161023323
10	0.5352922756608871
10	0.6625758608897343
10	0.4200378011004464
10	0.4383429149391165
10	0.6086894744189397
10	0.550161304521182
10	0.4809292065562728
10	0.3811562973396371
10	0.4804300269629554
10	0.6386739094069764
10	0.4309787480261995
10	0.6799967486940405
10	0.7370593479712202
10	0
10	0.3653389940373267
10	0.6176998247258968
10	0.478418629539837
10	0.38772012597430755
10	0.09728841670163625
10	0.29159500797109034
10	0.6940589882440381
10	0.5029756586817277
10	0.6792991581987544
10	0.4230871081816853
10	0.39532417367705835
10	0.42410937575128815
10	0.3766292242583578
10	0.34367288387350914
10	0.63171364727061885
10	0.13368779803763536
10	0.14153053292196802
10	0.6798956978237658
10	0.5745891957160434
10	0.3915038986215107
10	0.3141946833006049
10	0.42001646288971795
10	0.3769644552952208
10	0.5792140605263221
10	0.5725278494132073
10	0.6136230456199184
10	0.3897627753553257
10	0.49934001837510494
10	0.6390349698673826
10	0.4850559862588609
10	0.5331653050586684
10	0.5810517526328092
10	0.5582746430454066
10	0.5315819203953475
10	0.5286547888707506
10	0.45280171923658524
10	0
10	0.527705791727809
10	0.6685760573520506
10	0.4335143452403836
10	0.6397407739202439
10	0.5027619682357167
10	0.653860186058304
10	0.4620442398801764
10	0.5172848311876928
10	0.44260392898421846
10	0.41676076219799235
10	0
10	0.44931894117154964
10	0.4582455991315246
10	0.39190871904625724
10	0.45040540334343
10	0.44628980615395386
10	0
10	0.4302572594820741
10	0.32692198596292343
10	0.3041635231341083
10	0.5495708336801662
10	0.3965217099511054
10	0.39311504730369107
10	0.41104376005558835
10	0
10	0.4807695071848052
10	0.3770198590763522
10	0.3880060373038474
10	0.594526973699575
10	0.4868094138741326
10	0.304909845072484
10	0.42424298392100274
10	0
10	0.4225889711776177
10	0.4874370095896493
10	0.6798119998895485
10	0.626987516888792
10	0.6909386324161136
10	0
10	0.4140243954386913
10	0.2922631214764309
10	0.5020689054602775
10	0.32196583691222946
10	0.3590138239396603
10	0.4579717865808411
10	0.5440417406417577
10	0.5156090295608943
10	0.5418923677757099
10	0.7970915654198967
10	0
10	0.3878603003226272
10	0.5164763273972653
10	0
10	0.42699311874871115
10	0.15945870795689537
10	0.7421618517449873
10	0.13462209760964455
10	0.5603736921203818
10	0.37858963756388997
10	0.6336269434535569
10	0.49542483099389295
10	0.6725182589497751
10	0.3631682916477935
10	0.5777093582356232
10	0.3050060419376903
10	0
10	0.5563940659382816
10	0
10	0.39578349368840643
10	0.6413853778657534
10	0
10	0.573366508764916
10	0.5876440649492982
10	0.5808394256375191
10	0.6257566091239808
10	0.15188469205390429
10	0
10	0.16104228467890028
10	0.3852249894805835
10	0.4732555958165594
10	0.7807084314162369
10	0.35853434576661874
10	0.7623871595240824
10	0.29059558229202553
10	0.553441972529631
10	0.5613826179077895
10	0.6020144738895895
10	0.546606054754103
10	0.44647791455326724
10	0.6131998840980872
10	0.3546715795632909
10	0.7058795052179384
10	0.5474394394564974
10	0.5781015044141542
10	0.5061905524939663
10	0.6305620075562912
10	0.71710245232244
10	0.5845621376509393
10	0.5590757539738955
10	0.37864614417126424
10	0.5415045670958721
10	0.3714146738850647
10	0.4624977685073159
10	0.6492012512338424
10	0.373917206934666
10	0.41241292802040136
10	0.6392141852611816
10	0.4995866442930229
10	0.467881291492694
10	0.6506496115727746
10	0.5802600125733678
10	0.6076205142278267
10	0.42580448725224634
10	0.48773215590792973
10	0.5349493691596435
10	0.31893963245520746
10	0.49947770495729615
10	0.22018708729018963
10	0.541891134212683
10	0.29049465608976666
10	0.48617238653191985
10	0.3944682276502271
10	0.6274629187979366
10	0.722745225162186
10	0.5366822727426986
10	0.6425030244822826
10	0.48707273463029965
10	0.46503655301067426
10	0.5526924020862789
10	0.6054365052384085
10	0
10	0.3180336922971676
10	0.7896688063982601
10	0.6518296581719295
10	0.38652630109709624
10	0.5187432141794116
10	0.6479765712760236
10	0.40021899720693105
10	0.6081421142228387
10	0.45193840985399136
10	0.5045685446476994
10	0.4480403610296947
10	0.35743921057158656
10	0
10	0.7107005825493901
10	0.43595825166925856
10	0.42240361759263984
10	0.5201194429759703
10	0.6919094962321279
10	0.2710136756706728
10	0.5886876791933668
10	0.3749483382411359
10	0.3261239847205408
10	0.3199226767212509
10	0.5446000138480469
10	0.5709320204028878
10	0.46317108035016236
10	0.402337750307546
10	0.7015906394210125
10	0.38324182997172623
10	0.3919803088218419
10	0.7415337493886797
10	0.5328422368277735
10	0.2314357481155121
10	0.4766155645995594
10	0.365629230419577
10	0.5106770447871511
10	0.44301489164204877
10	0.4185371084244874
10	0.4919235316073841
10	0.5043272656620802
10	0.20514088776200487
10	0.4888799464825397
10	0.5436302649226711
10	0.4247407041387742
10	0.3970245712315128
10	0.4999592004393097
10	0.5287367067174645
10	0.7307039828495328
10	0.3432655049837846
10	0
10	0.5816367100267552
10	0.5953428738363241
10	0
10	0.5542001621531517
10	0.3967850922750447
10	0.5625594873081202
10	0.6647621660083699
10	0.32083070775988554
10	0.4624828290976388
10	0.6408279203859678
10	0.5210131163745482
10	0.5053616551213205
10	0.5363891201928854
10	0.5050853850520297
10	0.6489191407757258
10	0.6436906781000603
10	0.4582056505662077
10	0.49810874969637964
10	0.50221474514725994
10	0.35598141964377533
10	0.6054356638934485
10	0.371048315195731
10	0.41408872649439915
10	0.13434006163238355
10	0.7549690872475687
10	0.4229983330888
10	0.43945392100804487
10	0.3555023377361563
10	0
10	0.5901025238747911
10	0.3786798809371372
10	0.5381040895869122
10	0.4232898640825208
10	0
10	0.5614748968287264
10	0.36358401871999774
10	0.3644529882860362
10	0.11395424261639928
10	0.60151128770451
10	0.5935902945766881
10	0.5387625188353988
10	0.4817644279349454
10	0.594139140081762
10	0.6846499686426344
10	0.5717641167557186
10	0.6026742096725756
10	0.2929240976142732
10	0.48926767682360695
10	0.4224545283366771
10	0.34550648649228466
10	0.37056650720395823
10	0.6152342929253656
10	0.5638253200874285
10	0.5242279809259992
10	0.7236839102253059
10	0.3796968295274926
10	0.707765675885423
10	0.25120403128387986
10	0.31883924089155374
10	0.48652149928422433
10	0
10	0.5438858364238427
10	0
10	0.6447867887726844
10	0.555922154433425
10	0.53156847205514135
10	0.15378731628358938
10	0.4678655016230643
10	0.6755008827939954
10	0.5538467604720071
10	0.36718455211066353
10	0.4318136375405992
10	0.5912049583130483
10	0.8009509707064819
10	0.5039815294543912
10	0.14473730423778658
10	0.38947427384400163
10	0
10	0.5070090469989884
10	0.6737879263141989
10	0.41055213566286936
10	0.6423897799970113
10	0.5370213708552782
10	0.6497480889316631
10	0
10	0.3599660976810643
10	0.415155212157008
10	0.1584723570279036
10	0.3798682078761816
10	0
10	0.4076135260886807
10	0.357583639907633
10	0.4191021170846245
10	0.4101427230925934
10	0.6168688620729373
10	0.40003295868800964
10	0.5370843642680863
10	0.3212991762613613
10	0.5253812546255388
10	0.6072038418314443
10	0.5601925622516684
10	0.5879508171759629
10	0.5557196653746497
10	0.39767132246460485
10	0.3971717448357965
10	0.7173019211268002
10	0
10	0.5238653857149391
10	0.14115129204218627
10	0.1484400843100706
10	0.39754820005580666
10	0.6852271698303296
10	0.3532180941503022
10	0.6064630994156588
10	0.2641300729974174
10	0.758769601101961
10	0.4123432763700833
10	0.2731147990108866
10	0.47593270414837824
10	0.31164167373326834
10	0.35363450426228377
10	0
10	0.5865365842795084
10	0.15437712310173846
10	0.646749752049385
10	0.46735108944838477
10	0.5158831440341887
10	0.5780152623471302
10	0.5877963892516004
10	0.4085605128668973
10	0.4515476960660707
10	0.5903335346447312
10	0.649180105228617
10	0.5059023591600956
10	0.3830917741239922
10	0.6264959472669125
10	0.3270366054774368
10	0.5749623302243229
10	0.7196633761755291
10	0.12662716782677935
10	0.4205810156630242
10	0.2669351865351175
10	0
10	0
10	0.4233192329650559
10	0.5215205315249426
10	0.5732193108901268
10	0.4817418784267276
10	0.4555411928868023
10	0.4880733727234389
10	0.3892418939717532
10	0.1244288182508036
10	0.6182283829517197
10	0.402757384670735
10	0.5609794473358932
10	0.47347133478228587
10	0.4359183187619757
10	0.594812884018362
10	0.28183504288573036
10	0.39898451967675386
10	0.5436361644114694
10	0.4058113207535842
10	0.657598980645953
10	0.5902783894205129
10	0.5809257811254549
10	0.34486360777139774
10	0.34002448197089497
10	0
10	0.38844243496688097
10	0
10	0.654831847086223
10	0.5381048873783721
10	0.3559988333260698
10	0.685838275171379
10	0.3530377938431968
10	0.6172231121556395
10	0.3656109649988503
10	0.4908253451790999
10	0.3020959960985126
10	0.6595214604574698
10	0.35166349790001833
10	0.13322235354836637
10	0
10	0.39346982544727427
10	0.49011951841669926
10	0.3218695221410088
10	0.3938580158243116
10	0.4692091822051733
10	0.32339352074759403
10	0.6483963419134942
10	0.3905913918298667
10	0.47380918739201344
10	0.49689997062464636
10	0.5586600721760197
10	0.47001871941473083
10	0.5122844130178055
10	0.5636470611282538
10	0.5189657568396145
10	0.438521528772609
10	0.46794216352410584
10	0.8437326417803397
10	0
10	0.5355222866194752
10	0
10	0.3384489122477827
10	0.5708937748471848
10	0.4746809173977756
10	0.4463502789285498
10	0.35117801765437995
10	0.3921264441842477
10	0.3673742387354268
10	0.13790236954546467
10	0
10	0.5204174844375766
10	0.820767351715072
10	0.47161092408706085
10	0.44225727952678345
10	0.29956272897968905
10	0.5193176876503166
10	0.5338541100089268
10	0.7607902284887073
10	0.6178119580924842
10	0.4278491473258863
10	0.5302104694838726
10	0.6880640203556478
10	0.3218644221768885
10	0.568243867894844
10	0.5582105066902326
10	0
10	0.5015147732460665
10	0.5788847589142183
10	0.12831568525775403
10	0.4126629121445578
10	0.47383930786687684
10	0.7322992214154682
10	0.5098554042849393
10	0.516151006566515
10	0.47206303742767974
10	0.6054121453564036
10	0.49109946371370977
10	0.37103379789579405
10	0.4938212600341733
10	0.572815987271782
10	0.6740456965866487
10	0.5778373610205076
10	0
10	0.6601288023421036
10	0.6647962800306443
10	0.508131552902367
10	0.5392347667659583
10	0.4046109148293983
10	0.26693833531061756
10	0.5430749922632228
10	0.46429952447004696
10	0.5229109947309851
10	0.30023253550575696
10	0.37450115132328804
10	0.44348055644263207
10	0.47041966056756496
10	0.6012183666093002
10	0.3799464871248201
10	0.39057110660292743
10	0.4799418371041092
10	0.5248362766593426
10	0.439896479404905
10	0.4467974525936237
10	0.677747162016588
10	0.6240627715241448
10	0.6911448290721387
10	0.36123150725190334
10	0.3383098654301477
10	0.4688134372266954
10	0.5895102624344991
10	0.7659183612623829
10	0
10	0.6274069231254648
10	0.5945165483008499
10	0.46267864639418305
10	0.40167831238466906
10	0.37923208864404745
10	0.6613261084053906
10	0.14266849070083554
10	0.520919155084843
10	0.5492512542715702
10	0.13650467904361405
10	0.6184318664328989
10	0
10	0.7407730400317941
10	0.24161141485496984
10	0.28128905424902323
10	0.7513654010440338
10	0
10	0.484344685657196
10	0.6679551120968462
10	0.7692686392665369
10	0.4687894214394611
10	0.4038216223853005
10	0.39808778172768744
10	0.6219831161113007
10	0.5354179670464542
10	0
10	0.36532785383511157
10	0.5388950502435269
10	0.39342764083743
10	0.3578110486761265
10	0.4109214244655603
10	0.48305288045689704
10	0.5045734812531482
10	0.4995778467786078
10	0.5412838177542936
10	0.4447136464011358
10	0.5563734484045586
10	0.37042637305009246
10	0.5538194952225121
10	0.41642562667519006
10	0.48435455157935503
10	0.4023550153707448
10	0.5359774776554885
10	0.762533952885226
10	0.5532859177716579
10	0.40853273105634724
10	0.6665974462664731
10	0.2966293468231937
10	0.6257622869401356
10	0.5987701683313242
10	0.6150620016877782
10	0.5751580058876781
10	0.3361269483206476
10	0.6246661856877694
10	0.5298730817389516
10	0.2576291119295415
10	0.270432156586803
10	0.5408663032273697
10	0.6613918983118714
10	0.38817448087129025
10	0.47606732968632187
10	0.47958371289513696
10	0.4058385461091624
10	0.4606948304190016
10	0.5557991387173921
10	0.6772360661680609
10	0.4200766803035926
10	0.40180918099581053
10	0.31382707404674337
10	0.41123518825227245
10	0.11943343640003429
10	0.5323787898985145
10	0.15676964927817877
10	0.3901506254813456
10	0.14806920773044924
10	0.5659426393116913
10	0.1175020788617271
10	0.7104365461467977
10	0.5001290653788041
10	0.4260298230156255
10	0.38687101202096835
10	0.530549626627549
10	0.4176024455175577
10	0.1558358306579185
10	0.5664740734175406
10	0.3143780787466181
10	0.7067817840958135
10	0.13625351899823487
10	0.4105278686629569
10	0.5787651540767531
10	0.2921932886638281
10	0.7571789288423569
10	0.6593806899367811
10	0.28098751471268535
10	0.5664516544301781
10	0
10	0.3719761006153905
10	0.3007607222098328
10	0.6559780471646661
10	0.3670519057886257
10	0.5932251508433265
10	0
10	0.4454974021948833
10	0.28813165183561695
10	0.49098075259959817
10	0.4428060831227391
10	0.6247916880269294
10	0
10	0.48391187542975755
10	0.7458855555495085
10	0.4684260043514959
10	0.3641138426433077
10	0.7254474078818434
10	0.4057600361737513
10	0
10	0.5372030661597166
10	0.614697638190609
10	0.6584979227216106
10	0.49837046238810156
10	0.3644849472727324
10	0.626889446812683
10	0.4835104738528022
10	0.6811453139471929
10	0.42042929527580475
10	0.4328634462673521
10	0.6506212632955233
10	0.5784190936853864
10	0.3725510618113401
10	0.6092557142928083
10	0.42498999017031514
10	0.4369755188118144
10	0.5286480549403237
10	0
10	0.3098539361014115
10	0.37406531638892643
10	0.6033369008517446
10	0.6833301983554935
10	0.6858044727852987
10	0.4837051506923762
10	0.43841607031686164
10	0.41961354157638475
10	0.4304929919537595
10	0.3165828952886094
10	0.24249561662534977
10	0.5459831926013164
10	0.6377839851106596
10	0.3337505456200854
10	0.5243553201577414
10	0.4002531423859898
10	0.17777387124180247
10	0.7065848709639683
10	0.3287885845208096
10	0.5482555235545422
10	0
10	0
10	0.5770245743402601
10	0.3042615362432081
10	0.1368489123437522
10	0
10	0.7049441570018102
10	0
10	0.4698492088808426
10	0.4624407349030408
10	0.4725062904983057
10	0.37184934012344306
10	0.4748928601941828
10	0.5079852121273357
10	0.6599073377977517
10	0.3896496061204146
10	0
10	0.14668638009858848
10	0.25654252945620926
10	0.3702791076298342
10	0.6590284610920466
10	0.4431521370588549
10	0.58259090129702
10	0.5175177329651269
10	0.5397224053726205
10	0.6474079859907925
10	0.13118082783847762
10	0.5497907078627983
10	0.23637818844502492
10	0.3841664074571311
10	0.3811355204962651
10	0.5866034002075933
10	0.5594395154629875
10	0.12494875887393549
10	0.48381784581500475
10	0.48402376717976825
10	0.5809449564570665
10	0.6179821757437837
10	0.1443993160085768
10	0.4928862105048051
10	0.10805580235915864
10	0.1489666027572604
10	0.25953181172699086
10	0.29364126255058043
10	0.41661471189514715
10	0.3111758533175358
10	0.3572968952568912
10	0.5947961601688745
10	0.5852837265815349
10	0.5034213836950209
10	0.40691966581003314
10	0.5198639639816782
10	0.6020377864223316
10	0
10	0.6066422895480902
10	0.491265387897048
10	0.4143466580508994
10	0
10	0.44159239439620723
10	0.11381910667474751
10	0.6310353128202706
10	0.583472880609533
10	0.5351771929080513
10	0.5014492123066827
10	0.6242919682104593
10	0.3395157282289788
10	0.5511577089149727
10	0.4641042562383828
10	0.57840760192049
10	0.6264620440303474
10	0.13556901238491237
10	0.690695113690332
10	0.4658176473042425
10	0.3040444567781884
10	0.3737013161749952
10	0.46704838241335506
10	0.47323868784983
10	0.6525342556402745
10	0.34417572963181886
10	0.3727952200888592
10	0.6975883002756055
10	0.3626996960142532
10	0.47056236218769204
10	0
10	0
10	0.49254171649940953
10	0.3805501617679771
10	0.55587599874159
10	0.35851923126889595
10	0.3681204996585691
10	0.6289779216919176
10	0.6236836673579369
10	0.6557747885307604
10	0.6390389361640219
10	0.42055377750833783
10	0.3295693912323722
10	0.5277795475597284
10	0.3656629844572625
10	0.6027851148682802
10	0.4210571856918451
10	0
10	0.2765538835621776
10	0.7406268743587284
10	0.5540084377314665
10	0.5497819827433758
10	0.5624772177623061
10	0.5734208686553077
10	0.3253213918541187
10	0.6982315356723461
10	0.7766675702725123
10	0.5825420165834235
10	0.34411141176191024
10	0.56422241075586
10	0.21625305786089608
10	0.46622672659670905
10	0.3830516503657245
10	0.5849949112387467
10	0.43424376862350567
10	0.3448188853699977
10	0.292082544240353
10	0.3899298393423626
10	0
10	0.3796240314100937
10	0.633552542206206
10	0.40124680117920575
10	0.15167798934694068
10	0.6659050373696451
10	0.5629700028547145
10	0.7009623545541092
10	0.3577652530104881
10	0.3961908144479593
10	0.8175532632161128
10	0.6902331179597126
10	0
10	0.495541360386056
10	0.4498167303035561
10	0.4702425677628073
10	0.4972852948114336
10	0
10	0.5613173406941997
10	0.494357140900616
10	0.619234048540026
10	0.5706904517184767
10	0.6175006978132327
10	0.4602204486414827
10	0.6366325848678126
10	0.5468727385762885
10	0.49717770077827944
10	0.6984123836815359
10	0.6919212899240761
10	0.4552288014236372
10	0.7274926449615775
10	0.35557521097791245
10	0.4422094015506835
10	0
10	0.47845748673343447
10	0.456924820045001
10	0.37603651762079404
10	0.6762274841699456
10	0.43648359080247645
10	0.42436150154819324
10	0.7095085189049253
10	0.3127645531244065
10	0.5421153234787213
10	0.5845356290365684
10	0.43674768077568543
10	0.4068342173368193
10	0.295644829838651
10	0.5977656087056422
10	0.599604448716923
10	0.4934575529953766
10	0.5307835099472138
10	0.6362407616998303
10	0.4129590600624407
10	0.5824055244899194
10	0.5359000039023162
10	0
10	0.5825727253636668
10	0.493079406293885
10	0.6446525379225267
10	0.5200894008846946
10	0.5156258232604729
10	0.335322718662439
10	0
10	0.6429225662824456
10	0.36591378271871994
10	0.4517080709965807
10	0.7669254755718333
10	0.5994739840403646
10	0.4044528331676477
10	0.5289448192696267
10	0.5094805334434371
10	0.39425376772085674
10	0.13160788222686087
10	0.6040998860406221
10	0.6860350646693717
10	0.48232706719751556
10	0.3863492391075882
10	0.6541386668174006
10	0.4460215402110661
10	0.5954669791747972
10	0.5756245375760581
10	0.3928779838518852
10	0.7233202960798356
10	0.3168128174751923
10	0.5253798117518865
10	0.6925352139669284
10	0.39175835264674913
10	0.4916198112421961
10	0.3835827138271194
10	0.44986395468266477
10	0.33162577608843014
10	0.5007207663694999
10	0.447074078813912
10	0.4227189444154222
10	0.3962674388617627
10	0.6092632132848053
10	0.3398241693062988
10	0.44280579587459723
10	0.3297772052927384
10	0.31667538586132793
10	0
10	0
10	0.8194032489072298
10	0.31737352084096904
10	0.49664616231665815
10	0.6068464194170341
10	0.5375685814584654
10	0.4171337950433187
10	0.6106771321960572
10	0.6323232085088293
10	0.7242191062486855
10	0.395768776717086
10	0
10	0.54511198572214
10	0.4618824209035264
10	0.5186232831481719
10	0.4770515278019402
10	0.6527168017466698
10	0.6694426004578211
10	0.38351584354739
10	0.3261318372624385
10	0.40227462476997466
10	0.5723216986438103
10	0.5103060924046935
10	0.2831963494767899
10	0.46920804906404273
10	0.2562718501821488
10	0.6680339100393006
10	0.42486646580910853
10	0.3463746259515501
10	0.3061984643477389
10	0.29821669510432247
10	0.5363343047162539
10	0.5514612247696614
10	0.13905901199686652
10	0.40603532732736075
10	0.3923766344206771
10	0.37526559709433394
10	0.35057232291347434
10	0.5777315077160833
10	0
10	0
10	0.37908783979309635
10	0.4934002148178299
10	0.7208939877038852
10	0
10	0.7295115892876585
10	0.5616756186337456
10	0.44853433157408873
10	0.4207273071828827
10	0.43252796840907215
10	0.32771039581475725
10	0.5148606488159339
10	0.39604308409688765
10	0
10	0.5394909074487827
10	0.4165202680561343
10	0.32688787632461574
10	0.5298490967831958
10	0.7410360678960117
10	0.42974842807333974
10	0.41748774271660005
10	0.6728554739070304
10	0.413586725023369
10	0
10	0
10	0
10	0.26169388116002995
10	0.10658681070294448
10	0.406994770760338
10	0.12194692552943032
10	0.3091803556215928
10	0.4261343924130877
10	0.6023664129312644
10	0
10	0.6043244797818068
10	0.5149608152587025
10	0.6038794445051505
10	0.2913339997674805
10	0.3728104853986978
10	0.6020059879596434
10	0.3174988501422272
10	0.4846885731903709
10	0
10	0.6288671675416975
10	0.4511818206434848
10	0.5217065556860176
10	0.4217213626275171
10	0.5369009737741247
10	0.6776322870324619
10	0.21501066297639218
10	0.6415063661826075
10	0.3204783375356188
10	0
10	0.6346173089948903
10	0.514519542251513
10	0.6315107224584139
10	0.3650537493986676
10	0.37674468189703364
10	0.8063733470372478
10	0.5650251041857826
10	0.6624220061674518
10	0.5501918055877728
10	0
10	0.3478096826827419
10	0.5089643765194002
10	0.47295480644670673
10	0.5456178457206351
10	0.5355587703666715
10	0.5432563697092733
10	0.47869438206799136
10	0.5958402957250356
10	0.5873424094116994
10	0.5200642681880444
10	0.49964691938902467
10	0.3678251456444306
10	0.4833833384902464
10	0.6561626336893506
10	0.3523144674629209
10	0.33543900152391676
10	0.6472857217380732
10	0.47114109209057636
10	0.24173896068654296
10	0
10	0.5598368972389348
10	0.39965944384935337
10	0.557195725408076
10	0.4683229914836224
10	0.3843151698368605
10	0.31282029359093133
10	0.44341096436735544
10	0.36272463060169435
10	0.32862669134838635
10	0.4334201886150848
10	0.6842664231195658
10	0.6320750895250176
10	0.41421933501217045
10	0.44398085381506586
10	0.5182335555663722
10	0.34611866974754
10	0.6353087125154847
10	0.5940317130155055
10	0.41402887854039444
10	0.23607519827119655
10	0.4585619973267931
10	0.490657716567913
10	0.5950171530187958
10	0.5608726147759606
10	0.5540915009589251
10	0.5787563745484093
10	0.6507086989567915
10	0.57623517778592
10	0
10	0.65889078792352
10	0.5313823981060277
10	0.5131450154469491
10	0.4420837491329522
10	0.5553384745098294
10	0.38752327445197204
10	0.31110329578661683
10	0.39929462406795385
10	0.6933366630786643
10	0.13534121066306012
10	0.5044485168191566
10	0.7929337947336909
10	0.571833981445377
10	0.6682850299268875
10	0.3829504360236691
10	0.5117144989067147
10	0.27598182665726584
10	0.5146853311437798
10	0
10	0.5842662691434024
10	0.3962846683580884
10	0.3737634000450506
10	0.39731335918936544
10	0
10	0.7832590717937249
10	0.6075695865069295
10	0.4295097103025576
10	0.4947138094242168
10	0.37567301260735575
10	0
10	0.34561658672497225
10	0.6286200225623553
10	0.53043213673828
10	0.44291763201252216
10	0.4455190793468422
10	0.6261296362822839
10	0
10	0.37494574822242877
10	0.3785986702405884
10	0.4285102446798591
10	0.4359366897783136
10	0.3229695702798822
10	0.6067087713605706
10	0.39163687942034675
10	0.48876870553043955
10	0.4207035889933086
10	0.7805411235007774
10	0.5894753762116653
10	0
10	0.6116310398268777
10	0.581902869937013
10	0.4254268000766438
10	0.4061373751355507
10	0.507470330663933
10	0.41689836589861695
10	0.7016711734022062
10	0.2588782675103901
10	0.4406218878937122
10	0
10	0.36011579507516167
10	0.48405820970643243
10	0.45881151511067386
10	0.4573070495994222
10	0.2783938416313319
10	0.5011544262335823
10	0.3539242382615371
10	0.3797452980153004
10	0
10	0.5934017017676921
10	0.5525055468305933
10	0.4948712787411435
10	0.7482842926604687
10	0.7311918672477615
10	0.7465460125890349
10	0.14788603621852495
10	0.5864034591557727
10	0.32459686585695524
10	0.6699044646996061
10	0.33169534535217393
10	0.6026835702111988
10	0.44791846292310916
10	0.5303158061453926
10	0.2074310851049722
10	0.6279284952316869
10	0.31018631030688865
10	0.26537065016654193
10	0.5675329591185722
10	0.5865451783909963
10	0.3551987342530139
10	0.5003731263000157
10	0.35955634155993554
10	0.7026898240998928
10	0.6208679461167022
10	0
10	0.354272209760516
10	0
10	0.41285972142829974
10	0.5619614470021765
10	0.5402739063330343
10	0.6402454769415994
10	0.4479250566518305
10	0.5504681267841294
10	0.3868531541905826
10	0.47019472281431063
10	0.28985420773350257
10	0.41188247813162043
10	0.47431938919253364
10	0.3659053617378552
10	0.622840471737907
10	0.4404032233180562
10	0.5022298092284527
10	0.3963227117166401
10	0.5979798810305174
10	0.27011766106524143
10	0.4601936096243909
10	0.5484955923914661
10	0.34121133581056873
10	0.5120833869911281
10	0.44872877467766886
10	0.3747478336888364
10	0.3462141997305474
10	0.38705285296035874
10	0.5160901205358039
10	0.6047453585954186
10	0.3376839327349262
10	0.4209707227398731
10	0.47662573668903
10	0.2925194679528274
10	0
10	0.36689321647247675
10	0.49722298422684624
10	0.462321289225513
10	0.5561040548165189
10	0
10	0.48986584128280414
10	0.44771619600466367
10	0.3808754675952935
10	0.31525033028736166
10	0.5344159182321965
10	0
10	0.44546708304759997
10	0
10	0.1689480087809962
10	0.6704271625357492
10	0.5733336884235873
10	0.23796795994175102
10	0.5865312376106091
10	0.41755431607378646
10	0.7438458067425021
10	0.3031441914476835
10	0
10	0.4290584337557903
10	0
10	0
10	0.38455283388525546
10	0.577225965082481
10	0.28435641764086833
10	0
10	0.4680211841258298
10	0
10	0.4722193914931936
10	0.6010034008773903
10	0.34289842619165317
10	0.3404762437286894
10	0.6355512685055356
10	0.5593066130489366
10	0.3271616165430224
10	0.4105330688907574
10	0.3577894375058631
10	0.6370716271682233
10	0.4110117554827474
10	0
10	0.38513991297639144
10	0.6469503555758753
10	0.3887212444943885
10	0.4705458876296201
10	0.2877929516140506
10	0.47998686807048296
10	0.4084131444933198
10	0.6865148631634294
10	0.4921370907969092
10	0.3188043276467427
10	0.12482361951045393
10	0.5822817418069198
10	0.6274969310542768
10	0.28876280016568545
10	0
10	0.34889969726959347
10	0.743214487703674
10	0.6631169327695209
10	0.34721594753182883
10	0
10	0.45301616223245833
10	0.5601959760972596
10	0.2960431266858329
10	0.5822772117973991
10	0.4531649076686179
10	0.5163653602205384
10	0.45616500842440943
10	0.46291826140417514
10	0.5419877040604048
10	0.3974799457310535
10	0.5714940617983527
10	0.4935579268426878
10	0.695324312095903
10	0.4776496190263301
10	0.6671237056744632
10	0.6012257375650624
10	0.505225749835267
10	0
10	0
10	0.5899171612043692
10	0.13458504779898364
10	0.33642326143204654
10	0.470113047164291
10	0
10	0.49327569212182737
10	0.46987279678974214
10	0
10	0.8211688931565235
10	0.47719403710267017
10	0.43856542565946877
10	0.6152301736709195
10	0.643466811772312
10	0.745405190009097
10	0.5540098105357611
10	0.2998362897935463
10	0.6496996082880885
10	0.4294990099957388
10	0.46305738649876876
10	0.7086509673974373
10	0.13061538857072008
10	0.3191091530646777
10	0.6436658181102298
10	0.387719692097913
10	0.5786133641560318
10	0.38465290393085977
10	0.299067220514602
10	0.7883973119142751
10	0.5410890647990254
10	0.28103806979575363
10	0.5661528280169623
10	0
10	0.34362246939566593
10	0.35911077225081955
10	0.3476668608777219
10	0.3444441761787292
10	0.5376950782567765
10	0.46466091749664074
10	0.2584431558525611
10	0.29757007899991494
10	0.41461954123915723
10	0.5092513546262981
10	0.6007901782139985
10	0.5768999729127952
10	0.6008466721541184
10	0.7307568064728628
10	0.47307431817570234
10	0.3452719374645211
10	0.4946506954505449
10	0.7764378704724044
10	0.49177438714038557
10	0.39206324154649247
10	0.4572859551686777
10	0.47065293071899295
10	0
10	0.5768488142056343
10	0.43072923522824796
10	0.4873793696727122
10	0.44236941881864816
10	0.36757043558235625
10	0.38655502874324543
10	0.22828556217243393
10	0.5561539352382328
10	0.31293298774840644
10	0.47872146355853334
10	0.4717340406656774
10	0.4634942726385037
10	0.6259711517120076
10	0.725975837728815
10	0.579314134698262
10	0.5531441606300106
10	0.6209408519204938
10	0.33414313841920457
10	0.3037258100325616
10	0.6631117193717726
10	0
10	0.3366697586236505
10	0.5485390881961227
10	0
10	0.3200068647607078
10	0.3361086686070145
10	0
10	0.3162853563581049
10	0.6659115633402435
10	0.36379104400983436
10	0.6482797750069352
10	0.6665992447927657
10	0.2134073066225803
10	0.540662002783549
10	0
10	0.5221827396422342
10	0.34700796370093173
10	0.5373578285116305
10	0.46902164035830224
10	0.5786235876580083
10	0.44273433979627386
10	0.49245737914491083
10	0.34633987423913365
10	0.13862095122821763
10	0.5433330803891935
10	0
10	0.4003676508740847
10	0.4377770223726535
10	0.6379559720868921
10	0.7648402786784531
10	0.24052393039384792
10	0.4390826521231238
10	0.6832352590077003
10	0.474851678261477
10	0.45882124720673056
10	0.5226474737809305
10	0.426886502808722
10	0.37308780379613243
10	0.5721596870200151
10	0.4963203337997189
10	0.4353673218969529
10	0.12597875825769952
10	0.3822770877340312
10	0.7799402611187846
10	0.5223619423946533
10	0.36477073487334716
10	0.7565121234720809
10	0.4843271646890686
10	0
10	0.3513256380797331
10	0.5537424153859124
10	0.5191347483890046
10	0.6030677612945022
10	0.6856263369873975
10	0.45062228586652847
10	0.503000893297383
10	0.3838774832407065
10	0.7030628645499465
10	0.33589726165816514
10	0.7398408268667673
10	0.4819107267986824
10	0.7160581069812934
10	0.5551347710004856
10	0.7811509249047326
10	0.603909812859479
10	0.7390228284190056
10	0.5880855073736232
10	0.43627137914035685
10	0.6498728989980995
10	0
10	0.5546057470028308
10	0.42398395842923553
10	0.41240028313110033
10	0.6261851689185509
10	0.3349386511753401
10	0.6463107293330038
10	0.7923644692159991
10	0.3845874814621211
10	0.30489849904924193
10	0.12288304535909787
10	0.4229006396572696
10	0.46176954165400125
10	0.5458594404836914
10	0.4985894506463271
10	0.16258099487944633
10	0.5483688299477951
10	0.5590684721702324
10	0.3763137178274299
10	0.3032546777642161
10	0.6886629453001333
10	0.7823810175673881
10	0
10	0.5166992268806305
10	0.11396286948516803
10	0.674127465877056
10	0.29248852994547264
10	0.6627058956887738
10	0.13974253740655349
10	0.47225580473190076
10	0.5146710052544724
10	0.37096860389441605
10	0.5183206012046172
10	0
10	0
10	0.47994959472023707
10	0.4165947359101724
10	0.4343055967661195
10	0
10	0.3893616942286017
10	0.3882274322853531
10	0.5929425644779216
10	0.5402707887208464
10	0.764548103419704
10	0.4183777035860148
10	0
10	0
10	0.6866108839443763
10	0.39664638845023764
10	0.3818182052882852
10	0.3974738301508677
10	0.4551743471444131
10	0.4840201590246477
10	0.43350245152196787
10	0.35996187837316707
10	0.7442739431724518
10	0.40058082492647695
10	0.41941135796925855
10	0.6788704301571347
10	0.40888860338649236
10	0.7598788258083744
10	0.4777332534334759
10	0.3688150975816935
10	0.46451142846549354
10	0.5064243127673644
10	0.5118107079416176
10	0.5398037073727533
10	0.3964814676305248
10	0
10	0.8359435147780694
10	0.5971010327698892
10	0.7921496033169231
10	0.650305163038152
10	0.4467267733879686
10	0
10	0
10	0.5287527471916998
10	0.7229596392834338
10	0.5775315410211432
10	0.4660993417492027
10	0.4425328944723593
10	0.15351332889106378
10	0.5880698654507251
10	0.3389914654618774
10	0.5199698775847272
10	0.4200638803896316
10	0.2687979684252182
10	0.5285447076505599
10	0.5753737711208873
10	0.48214451962661903
10	0.7471723304178768
10	0.7185688538324475
10	0.5545977647684002
10	0.3775092303961796
10	0.14248856258181608
10	0.462466848533506
10	0.2896811275184162
10	0.4038038542449315
10	0.7556599822288939
10	0.16289993568205768
10	0.531857490467652
10	0.3534017055333975
10	0.5199594841339298
10	0.2760323353946597
10	0.35492811934232055
10	0.3962476990505981
10	0.43372155367713083
10	0.42235996510938334
10	0.526068929288031
10	0.43229110164554296
10	0.5442769964678658
10	0.6423322980563637
10	0.6151270333074708
10	0.6156058948785815
10	0.4586484500753328
10	0.2939384463705495
10	0.37168585858584585
10	0.40115480096272305
10	0.37724491961382345
10	0.5169339679930445
10	0.38549022125370735
10	0.5484368160899179
10	0.3856002656588893
10	0
10	0.13774033349739187
10	0.3902851559275545
10	0.35363354385081797
10	0.6226593946393314
10	0.3963047074476809
10	0.6041911366795139
10	0.47737654812258856
10	0.34335084687784895
10	0.3680118350198791
10	0.4157513404457859
10	0.545949312198448
10	0.5046590650086001
10	0.6317953436218489
10	0.5702651884555558
10	0.4382119670883089
10	0.4991644148059683
10	0.6686742563793416
10	0.5318564435999698
10	0.3851660817810945
10	0.7099624340390092
10	0.6780514571487221
10	0.2944764411486455
10	0.3876403729718622
10	0.5936929504442185
10	0.3712234014674227
10	0.4692270287465818
10	0.3369273996811322
10	0.3109692853037386
10	0.3919571648099008
10	0.5434977490380977
10	0.5775012203145546
10	0.511124361822691
10	0.4712023627290147
10	0.6952862811528077
10	0.43165618946314943
10	0.7629294000945622
10	0.5345586980172458
10	0
10	0.6537329403994042
10	0.7806231450433146
10	0.6036874212451899
10	0.41289984498867677
10	0.6831219050289548
10	0.3517945093557779
10	0.5389710586142271
10	0.356811131570847
10	0.37883631848904187
10	0.3814795058465398
10	0.3400415344746821
10	0.4528627416275052
10	0.6702553573933356
10	0.598187509146006
10	0.3475960134564461
10	0.3963982387353272
10	0.5333764641924725
10	0.31270100133153084
10	0.457260954209076
10	0.5068832728484772
10	0.542280204759607
10	0.4813592356048499
10	0.5399565374950315
10	0.6445197638877577
10	0.770445588574889
10	0.3054561248693485
10	0.7480461388180056
10	0.6818183015580864
10	0.4845835563166104
10	0.43886455463373675
10	0.5427928933755848
10	0.30222635544781185
10	0.34051510748757946
10	0.1665299436012751
10	0.3171853812725209
10	0.43427114507992387
10	0
10	0.41910946838276575
10	0.5451322585289422
10	0.502279002323339
10	0
10	0.643342234935027
10	0.3665843768248102
10	0.3237964851572598
10	0.4414985129545506
10	0
10	0.49484060686107606
10	0.5390562208255766
10	0.34079010045212244
10	0.23537045892644676
10	0.7483055006263575
10	0.449014619435134
10	0.4317203999937759
10	0.5714373926135123
10	0.1419691782663819
10	0.6219832175990258
10	0.4875670570010257
10	0.7700252273455682
10	0.36504855432988315
10	0.5499936107489886
10	0.6730093237309988
10	0.5203611221660766
10	0.4783477519490033
10	0.4062797088228382
10	0.29400722001571244
10	0.5893408033821318
10	0.45878416213718565
10	0.6270393044854444
10	0.5726635218495731
10	0.4864377583073535
10	0.4420222094150031
10	0.41531527623843667
10	0.34314773544482774
10	0.498208357969743
10	0.49719569474432107
10	0.6328829587510129
10	0
10	0.5644740665172846
10	0
10	0.45687209182159033
10	0
10	0.15688911888835402
10	0.5440049084874441
10	0.3293165791048691
10	0.6011338744490136
10	0.7335815426929061
10	0.4748783116532407
10	0.6490123014185176
10	0.4894189360204077
10	0.4859468173231506
10	0.3251084889882857
10	0.5167575500783118
10	0.45866996776803454
10	0.5777769668545436
10	0.4852803520653682
10	0.4993487952301129
10	0.5412835090960426
10	0.7236591322539887
10	0.3143146466453073
10	0.32893346452384375
10	0
10	0
10	0.7287683746447872
10	0.40687147035565424
10	0.4142498869012454
10	0.34992523524188934
10	0.4769649180938755
10	0.6425186471342925
10	0
10	0.5379736756150462
10	0.4135739015240233
10	0.3867598490217226
10	0.2055971849227593
10	0.6068744441931933
10	0.5428634927199069
10	0.41099861121097053
10	0.4897085402779907
10	0.14237516272941192
10	0.6653614974077492
10	0.6008290313619168
10	0.6861931744934107
10	0.4141605592434068
10	0.4519116587602447
10	0.5640106449345424
10	0.47428214800773044
10	0.7070813038055571
10	0.4979395325294284
10	0.7064553692421202
10	0.45694671081894384
10	0.7804339061519324
10	0.3142010391440112
10	0.44540997155507295
10	0.37208681424279955
10	0.4536841042724947
10	0.40966522195118643
10	0.3659860478433975
10	0.2892877555594306
10	0.3836640871719727
10	0
10	0.5106346016295709
10	0.4693843789657786
10	0.49391178399845237
10	0.4911109205640305
10	0.5810753583671547
10	0.5300353028033755
10	0.28291755754474857
10	0.5671436939386281
10	0.3382071371680674
10	0.5590425621307905
10	0.4765675156038203
10	0.49974200120999124
10	0.4494118945858511
10	0.5550710400629719
10	0.30619905290061067
10	0.6473714715085598
10	0.3835230193508629
10	0.36033607404916834
10	0.505141809080083
10	0.6907982406423476
10	0.4601316689319318
10	0.32705244061654887
10	0.43840161877890527
10	0.4174622217317408
10	0.656096555059004
10	0.5986951769327743
10	0.3696989268094299
10	0.49619976910115204
10	0.6124674780710035
10	0.3757146277339048
10	0.36997619062213805
10	0.22358429367815308
10	0.3170139545991713
10	0.6139777435627495
10	0.4482284474602535
10	0.5830590026987613
10	0.2643809239866345
10	0
10	0.6241538442948551
10	0.5708553412336167
10	0.6028116226445982
10	0
10	0
10	0.24875761165252636
10	0.4648386483136126
10	0
10	0.5531811961375298
10	0.5741927131912754
10	0.28539303061592586
10	0
10	0.33455079560926765
10	0.4608410763885463
10	0.44830818743503786
10	0.7197770177002795
10	0.6763641539932284
10	0.3689830910664583
10	0.46028049849824126
10	0.4420397161646345
10	0.5091759322714917
10	0.7814983865948332
10	0.6431254552650825
10	0.34206923361073066
10	0.37381581289847915
10	0
10	0.5192276877370572
10	0.5750905929433038
10	0.638214003831165
10	0.3850927841878275
10	0.601046944088854
10	0.6436812904711406
10	0.8130378254616185
10	0.4196824143195403
10	0.4723272525324445
10	0.5316933485204131
10	0.32312605793008264
10	0.4543160513541387
10	0.7707146547070709
10	0.38300439205344566
10	0.5602685274090259
10	0.48464813109661803
10	0.5872107921266292
10	0.6127431416055927
10	0.3268474810245733
10	0.5845733617749657
10	0.5293758006976966
10	0.388807249833523
10	0.49715321749877317
10	0.7153726423361154
10	0.7044587821682006
10	0
10	0.5103452804865641
10	0.3496178583952775
10	0
10	0.412612719244508
10	0.5142434775014733
10	0.5077803282036986
10	0.38853998306245335
10	0.5978788360274652
10	0.5711084280339075
10	0.6670891709212383
10	0.5324568800228463
10	0.5662353394106917
10	0
10	0.13098475472712487
10	0.45761164274314015
10	0.5958780779020084
10	0.5864125756528275
10	0.50176306233776
10	0.5914914480410285
10	0.5635941641609223
10	0.42069737997041867
10	0.1311219539545962
10	0.5732802557611941
10	0.4156290060561546
10	0.346711013282633
10	0.4764664005545522
10	0.34851104883599804
10	0.31530972046073097
10	0.603546870392909
10	0.31309191257302077
10	0
10	0.38449617351467574
10	0.4813818980795468
10	0.2892463474246944
10	0
10	0.4150663544923539
10	0.3798487798441349
10	0.610586908754026
10	0.4101243848874082
10	0.4199730489145928
10	0.3968765641408725
10	0.44714447363266924
10	0.6363385256787343
10	0.643652991853009
10	0.5429194390918648
10	0.15621788239577952
10	0.420635428325135
10	0.44256521516500413
10	0.4341674733277291
10	0.36735141026278034
10	0.28515807040577384
10	0.48681130958908253
10	0.5202971450712999
10	0.45738007940283093
10	0.42020392628848546
10	0.6752584230552977
10	0.673411998571799
10	0.520123105735756
10	0
10	0.5509308032858538
10	0.3106626200329624
10	0.3847550508857174
10	0.5142694293331138
10	0.4508917575530713
10	0.3791515985198618
10	0.5442688519453542
10	0
10	0.45687195311245343
10	0
10	0.5023219101117194
10	0.6883754478056392
10	0.35492009853655354
10	0.5617627241183071
10	0.6209006492052929
10	0.5581754951464138
10	0.33624713391276856
10	0.5328759632153842
10	0.7423036455328231
10	0.5227183094918414
10	0.5504726229359235
10	0.45693080458999474
10	0.4382303208838949
10	0.5650566451456356
10	0.37554243845376023
10	0.5344268295596103
10	0.5314821632116751
10	0.620175583893768
10	0.14366411029639978
10	0.29982941877676644
10	0.42404491870106575
10	0.5397887161541154
10	0.4028866835742818
10	0.4158515474617911
10	0.6095452314547362
10	0.3088785192991052
10	0.7949729528584225
10	0.6375529681230808
10	0.48038821467552983
10	0.64221481282865
10	0.5135502129758158
10	0.5960799436106627
10	0.5185045915381403
10	0.39314130226371347
10	0.4584890270209754
10	0.58294615180943
10	0
10	0.4369151507529276
10	0.34266625107143633
10	0.42158896934734313
10	0.6078685511327915
10	0.4946410823287358
10	0.4446388473690587
10	0.5539696347666241
10	0.29880864746789587
10	0.28976247102047
10	0.6453511603991205
10	0.40007861014562734
10	0.746790748578982
10	0.2692224958720453
10	0.5873377755595243
10	0.39468896433752015
10	0.4145772894976745
10	0.3079848121279758
10	0.7834381800854422
10	0.6155645800050179
10	0.5744445361348156
10	0.38561573100142477
10	0.46830153019443704
10	0.52443504295914245
10	0.5741879588440214
10	0.362473171925359
10	0.4119399060914972
10	0.8113373172091861
10	0.49006182636880546
10	0.3321091593513768
10	0.48006444572073037
10	0.4353494724507714
10	0.5253333699590272
10	0.6518886644663987
10	0.7286825566778518
10	0.37181422319734214
10	0.48162898927613385
10	0.40634513327644217
10	0.38253661179771403
10	0
10	0.3700979502222405
10	0.6181938895768858
10	0.4480575302446869
10	0.5154214501945393
10	0.3811696494235879
10	0.3911547874265327
10	0.49637297392666785
10	0.3103412101135006
10	0.2951548863674471
10	0.13357306692392282
10	0.1611817240477235
10	0.4779158298710409
10	0.6054053030311761
10	0.3024322265366776
10	0.3077451031645296
10	0.24451843888532268
10	0.48054322092767515
10	0.4550774276180833
10	0.5933266429066624
10	0
10	0.7327819004868857
10	0.49639589713867394
10	0.35975960317856626
10	0.14889439912717553
10	0.6524420424156574
10	0.5297322615200927
10	0.4235389739088316
10	0.5936202306267622
10	0.3784964859253
10	0.5687765134687252
10	0.5484439041006091
10	0.7374993594711022
10	0.38469463564439993
10	0.5868061749249337
10	0.6545853580916265
10	0.3355467595577974
10	0.5714394330172136
10	0.3615947459803709
10	0
10	0.6219677918678984
10	0.5848778438803857
10	0.5289424782671
10	0.45990718985857615
10	0
10	0.4526195368999045
10	0.29851836419001604
10	0.6959670194820355
10	0.47341437450776563
10	0.4880309289406632
10	0.16556301933267145
10	0.4840469229678309
10	0
10	0.3503505302547733
10	0.2687013921617812
10	0.4323543546911179
10	0.6752248727981176
10	0.35768126747610063
10	0.3075573530556608
10	0.13243510145792217
10	0.5473220677773354
10	0.7637890840471275
10	0.46736661092105436
10	0.4354766447305757
10	0.28480036790365204
10	0.09068938636333486
10	0.5256939038370756
10	0.43628787559385024
10	0.42998975155951497
10	0.5802413181391721
10	0.3922690243356456
10	0.6074136245331547
10	0.3277619799148594
10	0.4089705837077917
10	0.32027823459425087
10	0.12726869049282322
10	0.5384477987242955
10	0.5058778863629486
10	0.4981406686268834
10	0.4147345699801249
10	0
10	0.5025160127958087
10	0.6298382229516585
10	0.5219779385719623
10	0
10	0.3633812471582422
10	0.5456432022554981
10	0.5608875021650397
10	0.4385798687500259
10	0.48187176894603817
10	0.5259593583406947
10	0.4474507854638812
10	0.5087273228233744
10	0.2571306403908696
10	0.15281532680196908
10	0.5774880331440501
10	0.4052671175081461
10	0.7429424784345635
10	0
10	0.3303803320531771
10	0.49369959020124526
10	0.4430414113534893
10	0.7315747765674055
10	0.6558200255072201
10	0.30888534080738506
10	0.5009944222826286
10	0.343072361548922
10	0.6012871632538427
10	0.41575736773647676
10	0.35202285385033705
10	0.6446523068941701
10	0.456286681777747
10	0.584967281120215
10	0.3675662641483084
10	0.6228256560000596
10	0.15521579344289393
10	0.5787351768813476
10	0.4979191740349228
10	0.30930940929251194
10	0.49768085524980044
10	0.3671220867809763
10	0.6002223469607205
10	0.7753296735565994
10	0.5346813560905804
10	0.22036814664217375
10	0.40542805116950986
10	0.441316501456095
10	0.5431449801217699
10	0.48309004990913224
10	0.7984366848418919
10	0.3268613457247559
10	0
10	0.42436491289353906
10	0.24089604221769317
10	0.3086777102002215
10	0.3702524602943926
10	0.6053552111265987
10	0.6485006450538078
10	0.5381497603801155
10	0.4321986169698334
10	0.4806029318391928
10	0.7741996577697917
10	0.7109599371287084
10	0.4058901966734567
10	0.5422108865793791
10	0.4830813711680606
10	0.40739266773646876
10	0.31303847994209905
10	0.6062554779775393
10	0.45583235906659764
10	0.6310307697138557
10	0.48632240771380525
10	0.6507288204650417
10	0.6478276168412079
10	0.6032159060130051
10	0.5007909747262483
10	0.26048516688588436
10	0.7963524340676201
10	0.4048893938582233
10	0
10	0.5023560889744977
10	0.6928576294985967
10	0.7271123582435881
10	0.3463480898430208
10	0.349888382487083
10	0.48896594089004114
10	0.3987259400311192
10	0.4330565255420421
10	0.47259867684109275
10	0.41289985438463356
10	0.6121176957487892
10	0.6420384005725327
10	0.5597104294073549
10	0.7148042678353539
10	0.5042187425834146
10	0.4553202859681497
10	0.4937606735711832
10	0.41823106577010677
10	0.6961528481587684
10	0
10	0.7026754707067092
10	0.5743974558463275
10	0.40150453577608736
10	0.3594183929991422
10	0.3655166734684846
10	0.2473292957532122
10	0.4156882058780446
10	0
10	0.36230173733536347
10	0.2902319292231477
10	0
10	0.6358152131123473
10	0.5542074250843796
10	0.575485155289066
10	0.3899313398156726
10	0
10	0.5036620661501164
10	0.42063298664588533
10	0.6722058091715475
10	0.7284512395196869
10	0.39034476818043634
10	0.5392770491257469
10	0.4823565441738803
10	0.5594310629163395
10	0.6854506207841291
10	0.48366292058242094
10	0.5318847727154932
10	0.41891014196833093
10	0.5019246742461471
10	0.4977648701481215
10	0.698514829238226
10	0
10	0
10	0.2781358957751453
10	0
10	0.5822248428605558
10	0.2881302130972536
10	0.3139992502961105
10	0.5098343711678939
10	0.703418487210808
10	0.3702115880452203
10	0.5950901112114092
10	0.4532260711422184
10	0.4204548770152954
10	0.36185410073328206
10	0.45317327497145943
10	0.5600696789450109
10	0.42010140209193236
10	0.6402220969074648
10	0.49085167351197856
10	0.211636722251192
10	0.6469951518111816
10	0.6562099554409249
10	0.46644739873653135
10	0.6777968728362574
10	0.5296721395998513
10	0.4847667092557205
10	0.5840099547689347
10	0.41435076785838637
10	0.44081115823478456
10	0.3567876602906788
10	0.5120044277406219
10	0.5198754842534702
10	0.6928721015632122
10	0.5343226145400342
10	0.4766989440760352
10	0.37809090814520535
10	0.4335035834593443
10	0.44385634934223134
10	0.4240785722766402
10	0.2802940194536472
10	0.4103296632508438
10	0.42405328129354847
10	0.33710731741076455
10	0.341079461996897
10	0.6741878022545413
10	0.49118014593833265
10	0.44796274477528253
10	0.4026199620264803
10	0.374719754965692
10	0.5747416630230618
10	0.31486584458134625
10	0.39892177512214255
10	0.541254041043072
10	0.3155510489385477
10	0.7201198313138949
10	0.5293761377410694
10	0.6336093848457671
10	0
10	0.28474239522590133
10	0.639052880248038
10	0.4244380538128235
10	0.41744846672831915
10	0.32683718647310506
10	0.3920611767766596
10	0.6573075521049379
10	0.42490770037184133
10	0.563261468975583
10	0.529970367390716
10	0.32560680332842035
10	0.6058185721367544
10	0
10	0.4980346120221743
10	0.35872738705079765
10	0.30333557507948694
10	0.41005779939917963
10	0
10	0.578931649563344
10	0.38970264668269716
10	0.41739674687744255
10	0.4127823518444041
10	0.43663205584511156
10	0.38662095449515355
10	0.5201975905633507
10	0.4186532113852135
10	0.41785992046933107
10	0.5498071257933691
10	0
10	0.42666856896800154
10	0.6229269827517424
10	0.5440214396714877
10	0.531790878622756
10	0
10	0.47070551254225507
10	0.48017142057463935
10	0.5140487637355552
10	0.3419529667359004
10	0.5733802798918158
10	0.7432194280263206
10	0.5462376867871942
10	0.367073840661527
10	0.6053285584182357
10	0.5678283696223775
10	0.31269372239494364
10	0.3044503207178877
10	0.4272300240376639
10	0.3322416454823874
10	0.6988154209060135
10	0.3144506795751969
10	0.5194475008144493
10	0.524835539187671
10	0.3340369244120415
10	0.4430607834413181
10	0
10	0.3935609561238781
10	0.4364060983430719
10	0.5326771331109327
10	0.40356273416583427
10	0.40795831076695566
10	0.4017633379915509
10	0.5730481918142254
10	0.3823870341250889
10	0.5675059810195983
10	0.3611908046770644
10	0.549986514823276
10	0.15605020992240104
10	0.2875593270955585
10	0.2677843546886913
10	0.4328422150040678
10	0.4382792788270445
10	0.46903973591581793
10	0.36370381218247727
10	0.49972764380092694
10	0.5908141067009226
10	0.6347062030266026
10	0.5922726239373252
10	0.7437629692111812
10	0.3716958260575896
10	0.3849150798225863
10	0.47738668987648425
10	0.5445741505781652
10	0
10	0.26659218728729106
10	0.572310937312564
10	0.5570386432827846
10	0.11065491635477583
10	0.3533040851715347
10	0.5029230500929752
10	0.3566246979684684
10	0
10	0.6705139998738159
10	0.2948293229443115
10	0
10	0.6714076901192458
10	0.49477922479868863
10	0.348588360938575
10	0.5436917666996545
10	0.5569974040243547
10	0.5765802340290904
10	0.5371203358765817
10	0.3678972273856129
10	0.4420342560371855
10	0.36381145259950204
10	0.5732592151397744
10	0.7029641655321555
10	0.7419446097311373
10	0.4821427449795916
10	0.6286092692849322
10	0.7392944387185603
10	0.4367217524377517
10	0.38369778007232697
10	0.34427789866644914
10	0.3031177782951138
10	0.482627977871363
10	0.37290783174749803
10	0.5531892735494351
10	0.5023234316473045
10	0.37498085415297977
10	0.6140215116650957
10	0.3767031168025718
10	0.3526729522035123
10	0.4091523982919072
10	0.45793133787110585
10	0
10	0.6072804445502108
10	0.5600996441130958
10	0.5970915419564308
10	0.4712503632881121
10	0.5037572653937512
10	0.5402102413826588
10	0.6453037059358072
10	0.22935024666137097
10	0.3871319816263441
10	0.5387869909197118
10	0.41041639450955514
10	0.6377414755003061
10	0.5167846806549269
10	0.595012722380341
10	0.32631302132849616
10	0.12723814447355852
10	0.6520284816781807
10	0.14518283180153693
10	0.564185686958928
10	0.32125076665837404
10	0.49909523809816
10	0.6024332387676156
10	0
10	0.12561290513426362
10	0.6457581825475464
10	0.7542322863103653
10	0.5980065513266171
10	0.7947801082511947
10	0.47684358026561535
10	0.4687768686331956
10	0.4413492494832086
10	0.27618407876979484
10	0.6499756446855326
10	0.5658549145468051
10	0.5984906723520503
10	0.262191840866405
10	0.3956292297229064
10	0.6417004038090928
10	0.46167669458548377
10	0.6682797772178504
10	0
10	0.4501116253665539
10	0.6572084214520487
10	0.5593824436278546
10	0.5681752125521445
10	0
10	0
10	0
10	0
10	0.5135553123055507
10	0.4209568117788012
10	0.564177511209435
10	0.5230441175277586
10	0.5128330992909016
10	0.3346184544987999
10	0
10	0.6097398090573987
10	0.4285021893165038
10	0.5292799724899683
10	0
10	0.7048774074345269
10	0.646813867433947
10	0.6697816714588131
10	0.39357427523468114
10	0.5888788739487025
10	0.4673437549308758
10	0.1525161798788693
10	0
10	0.6993077246178109
10	0.5095117992731201
10	0.5503127282540359
10	0.4138634950584877
10	0
10	0.5956731176984564
10	0.33342112978611516
10	0.4900906309146495
10	0.5186866458940259
10	0.36402426741998134
10	0.36275380618889647
10	0.5016054790099413
10	0.5918223408075413
10	0.5904279249246436
10	0.3572303450544582
10	0.4907986897540152
10	0.45671719905468344
10	0.6728281108186369
10	0
10	0.44754956197300366
10	0.4589147014917173
10	0.48070549818685765
10	0.6297062244059629
10	0.2758030017544197
10	0.5948001961113385
10	0.6261620979617739
10	0.25305289777682943
10	0.6682603172830793
10	0.4844650856212152
10	0.5012358265084113
10	0.48193755658869675
10	0.6888079313303535
10	0.5951590301344007
10	0.4713853153396205
10	0.5768689788414828
10	0.15318159631400613
10	0.4929206659013962
10	0.33229691070769674
10	0.5231962147968869
10	0.3781458784547351
10	0.585484601314605
10	0.514210325386946
10	0.6436078650784037
10	0.5502352727728365
10	0.6880937654410214
10	0.25707786645234776
10	0.264453656261075
10	0
10	0.4359417616562221
10	0.6817434945308766
10	0.4713370907940934
10	0.6437922796752906
10	0.49205809461957195
10	0.31630059285569473
10	0.5590161306655701
10	0
10	0.731991269195705
10	0
10	0.6678161528918156
10	0.305075896336253
10	0.40336526699951986
10	0
10	0.46606906072625814
10	0.4470961572031489
10	0.426300569475334
10	0.48968921828248035
10	0.7410703950025659
10	0
10	0.7063972893238865
10	0.5285378496189371
10	0.43293736098300606
10	0.4456529626424498
10	0.41606748035230207
10	0.4894040767535575
10	0.6070513238732654
10	0.40654334962796096
10	0.6671591621636394
10	0.2571154725555068
10	0.4813276294419551
10	0.5482368820679567
10	0.3873638027353921
10	0.2632722579816462
10	0.6028048168352536
10	0.7932869172895421
10	0.5188538058329865
10	0.7479249232332019
10	0.4682873579285947
10	0.687300133462442
10	0.5270244840009811
10	0.4606551757329198
10	0.36538932112431843
10	0
10	0.5311796698103542
10	0.42956614984892394
10	0.761789009868675
10	0.4603757745816623
10	0.49962503528619884
10	0.5238118993164673
10	0.3703688815596851
10	0.37454616458426054
10	0.43377341822715243
10	0.6129755759849017
10	0.288570016568192
10	0.3482830146205738
10	0.5184225530790564
10	0.38229619525586117
10	0.4610201093450882
10	0.30892463459287467
10	0.755549505106364
10	0.4630821338487181
10	0.6830063651401588
10	0.34904660961939243
10	0.32594089280911154
10	0.5519066958092727
10	0.3539768826725078
10	0.5253759656027492
10	0.44668326956666404
10	0.5625664981008538
10	0.5771075066665553
10	0.6081282445484616
10	0.3865488014221485
10	0.51402579910833
10	0.40983150324514434
10	0.5799664393340778
10	0.6445054023666484
10	0.13755124343002523
10	0.5922904983441897
10	0.41461277211274666
10	0.46284846187926837
10	0.7089011877762028
10	0.5122555585985724
10	0.401046806684029
10	0
10	0.7255123519838128
10	0.4058109402938758
10	0.35459375960699324
10	0.5680464325615293
10	0.540685031489038
10	0.31617381909869785
10	0.538750688515429
10	0
10	0.2644439481823194
10	0.738084869596647
10	0.4999819191428243
10	0.45775224820564997
10	0.3985735690827436
10	0.45122043148599955
10	0.47876971596411255
10	0
10	0.6185944430112147
10	0.5915949378924412
10	0.5648638548718639
10	0.4331173587196793
10	0.27580716271504646
10	0.5829934403544416
10	0.5035762538581414
10	0.56405070542174
10	0.46738627518380965
10	0.4048711569016965
10	0.5541144202793096
10	0.7643249113552383
10	0.5279414849027892
10	0.5901656184719057
10	0.2952000322843742
10	0
10	0.3916159929550771
10	0.4914310137445915
10	0.30720552764101733
10	0.31289898803044974
10	0.38148503784557625
10	0
10	0.40529564991022254
10	0.6160392302417161
10	0.5735383190785212
10	0.7561104830726753
10	0.38635685815108517
10	0.3331998398632589
10	0.3542741232568712
10	0.5084083608928022
10	0.38547837118738537
10	0.6028331798335862
10	0.5620804340595585
10	0.2997206190930047
10	0.5333690391123185
10	0.7493435748699593
10	0
10	0.634399785837
10	0.1576324565338849
10	0.5426270340506417
10	0.3196588476202497
10	0.4722291195353883
10	0
10	0
10	0.1543130632293842
10	0.5124137934115653
10	0.5551227199817061
10	0.48651058736596375
10	0.40867750439664835
10	0.4788531636155594
10	0.5266867547429902
10	0.4678679700438974
10	0.3949500870995631
10	0.38820520927851343
10	0.5417010097243364
10	0.6325745651090717
10	0.3888985414834583
10	0.4650889287154771
10	0.4909751589643588
10	0.5199295418412789
10	0.7779430722742471
10	0.37310754180856864
10	0.6429181665451573
10	0.6640767229210366
10	0.5271732899558054
10	0.6886770339285737
10	0.7411812323926478
10	0.6019692836004307
10	0.5439978822125875
10	0.3561031237249824
10	0.4245734388421619
10	0.46851528332815995
10	0.7584315161765581
10	0.5393347543356708
10	0.30129876860588767
10	0.6694398664280602
10	0.6740360264835639
10	0.47866967381990616
10	0.5872536135643788
10	0.15247267092675904
10	0.49385575237878726
10	0.3477032792745106
10	0.39966002798228006
10	0
10	0.16505267878496127
10	0.5013092978197257
10	0.382473543897495
10	0.6147195517198639
10	0.5486137887846735
10	0.6144166743712608
10	0.44960827462465364
10	0
10	0.6363306218733641
10	0.5783836334918102
10	0.5270187559714024
10	0.7253367843233697
10	0.4091578689219995
10	0.660057015704035
10	0.4938486753032136
10	0
10	0.6509999393050774
10	0.15250018807585983
10	0.5078366098203668
10	0.5708840933965867
10	0.33944495059050994
10	0.46407735195176153
10	0.41902686848914117
10	0.5471312613631268
10	0.45009738313968684
10	0.7009293864473626
10	0.49994618242815525
10	0.6027726315143705
10	0.532573830997762
10	0.5089211755118132
10	0.573385627135117
10	0.6510338410965423
10	0.5637923725374252
10	0.5565426754971052
10	0.43436284136236475
10	0.6065150697134363
10	0.6106937505685094
10	0.4189594207107917
10	0.36660060065714306
10	0.2653489175996106
10	0.13541621306497
10	0
10	0.4394538082609401
10	0.5965485877885759
10	0.6116102422351342
10	0.46392271567879834
10	0.3750436461307984
10	0.4776615400634471
10	0.14492930171665952
10	0.42425856136625423
10	0.5730911065161951
10	0.35803303984793766
10	0.4604267399382854
10	0.7383059831934967
10	0.6453759471096486
10	0.5430301403421606
10	0.43254698678744397
10	0.3356308623881611
10	0.5191767627699505
10	0.300739605983664
10	0.4984181475133626
10	0.38625761886567606
10	0.40306155671211574
10	0.4735297535776337
10	0.334607723747216
10	0.5694673313014698
10	0.13075076471800143
10	0.37855958459748873
10	0.3936468539044164
10	0.5689365319734399
10	0.6131843005555226
10	0.5326741849554092
10	0.3166129718947603
10	0.44801748816572456
10	0.569427047960228
10	0.5108380711371678
10	0.5074969088137915
10	0.4351239096659729
10	0.6634288549617267
10	0.5085893973800718
10	0.7335298450163612
10	0.49391237240122055
10	0.3627729804111346
10	0.46173982940779584
10	0.40275238384268913
10	0.6033446337782565
10	0.5161670924065604
10	0.39018948594401315
10	0.46733716292480715
10	0.6295286029959388
10	0.589641227213472
10	0.6080539015201138
10	0.3945755994535527
10	0.5104803604160661
10	0.6404805247240329
10	0.5891764529617002
10	0.3181573168887913
10	0.289290021381523
10	0.5655536244898457
10	0.6491724885988235
10	0.37100076859697284
10	0.3714874011569993
10	0.6153436048899138
10	0.5409218290200155
10	0.5505042376413546
10	0.45313293544282046
10	0.2669543732159054
10	0.471421314617084
10	0.534950703642875
10	0.6318890790980476
10	0.39995728452590856
10	0.5832790558932965
10	0
10	0.33129325075320787
10	0.4058108189630544
10	0.3014489419139224
10	0.5035269207658032
10	0.5828701352108075
10	0.678660593508946
10	0.3275500341835416
10	0
10	0.39484434690724735
10	0.41501117041753116
10	0.3729953069945695
10	0.28048827870850856
10	0.4245865812751192
10	0.5088880643259224
10	0.3683047543876942
10	0.5642405044179996
10	0.47872369983963137
10	0.593383235332973
10	0.5140232899393501
10	0.4261070777298434
10	0.39688555375750595
10	0.5354036966919593
10	0.5071910768355806
10	0.5317644782517852
10	0.5098269877342514
10	0
10	0.33112408823341516
10	0.38874604086434256
10	0.3880016401981283
10	0.38107040927433317
10	0.7946773633882566
10	0.5006596030722507
10	0.5989913486383599
10	0.5326257134065465
10	0.4527257900871824
10	0.5920556482742612
10	0.4717053552698695
10	0.15366738109413572
10	0.4007818525993796
10	0.6027796342951147
10	0.6118015614943805
10	0.5892976133527076
10	0.31083141332452874
10	0.4759140412871823
10	0.12555637540740433
10	0.3855648599341671
10	0.5236942409272066
10	0.4689759635965439
10	0.7070244285795614
10	0.3507376101262035
10	0.597572665852025
10	0.41816989419653045
10	0.782105699388555
10	0.5262964891008388
10	0.49411503532285705
10	0.6774912146929294
10	0.6173615189658933
10	0.3513279337172492
10	0.4987134613911334
10	0.3534252602996528
10	0.27200373794684446
10	0.49186884518086527
10	0.5157150911660006
10	0.45261193153198964
10	0.560918268081403
10	0.6052824640233291
10	0.4640045681566397
10	0.5031135524501452
10	0.6375411208152297
10	0.600350674776682
10	0.4673525503138853
10	0.30914684259252273
10	0.3833560976579881
10	0.5391587033601546
10	0
10	0.3995365238588743
10	0.4571838499537302
10	0.4226231393733487
10	0.6334553257867258
10	0.526278625719814
10	0.3798051898075301
10	0.5396455581263842
10	0.29321213993928763
10	0.5084207893744009
10	0.5307170083686075
10	0.3150720670083567
10	0.4228116041777772
10	0.5090935132537415
10	0.5030107866444022
10	0.6409419656698948
10	0.5410759329404776
10	0.46261613855294503
10	0.6357850088515051
10	0.49852366561846234
10	0.2710237173142335
10	0.6191141476162134
10	0.32442157281028794
10	0.5428801465857858
10	0.4993044149210212
10	0.4398102993290132
10	0.4542900495892256
10	0.41326772319611765
10	0.16505476750974396
10	0.79528711578376865
10	0.363358497049746
10	0.1030079813702398
10	0.739873873887332
10	0.36768902327166975
10	0.5404514427556952
10	0.5325939713887786
10	0.29509954931445437
10	0.1587284186445817
10	0.5461423760863809
10	0.3069071243310558
10	0.3018667829696887
10	0.5559451290978323
10	0.6572484030584779
10	0.4051575128607558
10	0.44840986322996096
10	0.5438083036018484
10	0.46085722072535423
10	0.38651793152340325
10	0.6435615195900721
10	0.3519679253159614
10	0.5306777504735769
10	0
10	0.28533149931470897
10	0.4156043933304176
10	0.6641395091503126
10	0.6391585995005262
10	0.4537835980669462
10	0.34896791543277755
10	0.47388133392337084
10	0.47548725728498265
10	0.5261014663318612
10	0.4586014209158602
10	0.15467561638514843
10	0.4606323761119957
10	0.1292880010266435
10	0.47067754202110257
10	0.7519055889985039
10	0.5198207420766168
10	0.43604421273093585
10	0.33312285802581687
10	0.3766540229017776
10	0.39043756644171196
10	0.6356245233831332
10	0.7328393115052935
10	0.3409813278397982
10	0.4147491977319048
10	0.6164720717304402
10	0
10	0.2994952597866775
10	0.49507247523427095
10	0.5862915164452875
10	0.7555629546887835
10	0.6411869612222688
10	0.38529579908912903
10	0
10	0.43288232290890327
10	0.49005046065954
10	0.3400483706428443
10	0.31774941422325403
10	0
10	0.5227394504297628
10	0.38450053449616006
10	0.3310598724796237
10	0.18414267964569828
10	0.7579318577884658
10	0.744709198878501
10	0.7718455999773041
10	0.45429958326641573
10	0.7914427765889039
10	0.6695309748568316
10	0.420712337388121
10	0
10	0.5469759978451532
10	0
10	0.4086571481166015
10	0.5696036131730404
10	0.34141013617154864
10	0.5464707847182465
10	0.30434621720250465
10	0.38547031578313196
10	0.41803940166411946
10	0.5032517205068263
10	0.5961031159777652
10	0.5660676341110839
10	0.4582332797927415
10	0.5545308245350774
10	0.5700760214974299
10	0.15045256901741422
10	0.5509722420536447
10	0.5830725588327657
10	0.3636152297346613
10	0.32246159172831645
10	0.5623544161374283
10	0.6238120283863854
10	0.6781343957733941
10	0.6505088021058624
10	0.354832138465272
10	0.5484571852595933
10	0.37539707001505146
10	0.6454474700703261
10	0.5576605212410046
10	0.5269103400848322
10	0.5042497009847808
10	0.2975283535841618
10	0.6140318199847532
10	0.6118630739274838
10	0
10	0.30330104853999107
10	0.5827747962540666
10	0.12071333727691029
10	0.5702912622683798
10	0.40125388906183135
10	0.3934064816659652
10	0.4667735998026873
10	0.37934734785049573
10	0.5884474184043927
10	0.4851581112876323
10	0.5108426335978983
10	0
10	0.3487963163514492
10	0.46942646070877914
10	0.5669712569692874
10	0.30785809915741635
10	0.5625248902691866
10	0.5462323442226054
10	0.6250339140653921
10	0.5281386469714435
10	0.45927467520453363
10	0.6548638478025083
10	0.35381292093828276
10	0.366467681742763
10	0.5088390209787312
10	0.35844000985943963
10	0.6268570174902707
10	0.38858003253916007
10	0.4647468947225607
10	0.5342777088987329
10	0.37464116393219765
10	0.6371863674894518
10	0.3754247777434723
10	0.5634756000447492
10	0.604558517525256
10	0.6266071586191756
10	0.6222925395367357
10	0.40305127178118816
10	0
10	0.7216865639491441
10	0.48905863329391086
10	0.36501635923705633
10	0.32932518323448723
10	0.13891861020666144
10	0.5088523666946456
10	0.5104172900655296
10	0.44682134491928305
10	0.8233716150499432
10	0.3920049243237178
10	0.42047804517749976
10	0.37165375104671927
10	0.5803996244483948
10	0.32356539753587404
10	0.6354357851518351
10	0.10924087195839592
10	0.5397531632199416
10	0.39216451424652476
10	0.6189304829600174
10	0.6367446409317677
10	0.5927334740239966
10	0.33517534487707384
10	0.1393309796777777
10	0.5891733017362575
10	0.41831795134943245
10	0.3702780357863571
10	0.5129036968086959
10	0.3519573682840984
10	0.4450701856505919
10	0.30268791939757805
10	0.6336108472625328
10	0.3649372437925843
10	0.5219178016574691
10	0.7045895887993179
10	0.5669766798087402
10	0.5427559632292169
10	0.3289937232029707
10	0
10	0.6201849915864719
10	0.4825290376360933
10	0.7199656401905036
10	0.49434178996745165
10	0.6205852127947173
10	0.39066556751118603
10	0
10	0.46693943120633147
10	0.5287901769089517
10	0.5328643897843488
10	0.33962937002719856
10	0.5140914567430356
10	0.4017997766829432
10	0.3051999004869248
10	0.3537214008494629
10	0.473173894290462
10	0.4116126568224015
10	0
10	0.2548604269060106
10	0.48033643462333164
10	0.3747950339508949
10	0
10	0.3550452088877746
10	0.4557562371786216
10	0.45900281162910067
10	0.597110555577681
10	0.3073531625649943
10	0.3736257499480212
10	0.4729748224273015
10	0.3578197949858017
10	0.4564525809453221
10	0
10	0.6012696701325314
10	0.3709915743267576
10	0.1311694896265404
10	0.5886110673318176
10	0.5926166099530308
10	0.6412576811384605
10	0.4726729387256569
10	0.38378401315692806
10	0.15824724088700742
10	0.6326281284151526
10	0
10	0.621487682517611
10	0.5031725766727979
10	0.4057641518026082
10	0.4746342972684103
10	0.1451421430592386
10	0.3313807392682295
10	0.40864345881534303
10	0.4666937544116271
10	0.32016388054480155
10	0
10	0.4876098447593539
10	0.565503009068008
10	0.4257118004153098
10	0.47796183098542244
10	0.6129127282607589
10	0.29777620916282
10	0.34498658979527297
10	0.46013872087972496
10	0.530642104440128
10	0.6490775506837916
10	0.4637819126555391
10	0.46474757764902846
10	0.4498362550082606
10	0.3847522926728161
10	0.3947471843878887
10	0.37009007288178725
10	0.4552214655105108
10	0.37740693937873554
10	0.15113965582760694
10	0.5812285354710602
10	0.4926271601901029
10	0.5122518640820486
10	0.5099299274621651
10	0.5825338998381016
10	0.5806555156123818
10	0.3668348636332971
10	0.38715855006834216
10	0.32788275397594147
10	0
10	0
10	0.5867600568900999
10	0
10	0.3463234740666151
10	0.49868902494791717
10	0.36319519429204344
10	0.5803056885478509
10	0.6799318083748204
10	0.4388104325760303
10	0.5195292327867227
10	0.5285058029432385
10	0.6287895562457261
10	0.47061448021931424
10	0.659473671717157
10	0.48901691024068533
10	0.5958040856738565
10	0.511225190741263
10	0.45069309786343037
10	0.4271984836341652
10	0.1455846417631823
10	0.588614604550107
10	0.616589513598804
10	0.5962583049301553
10	0.3669407192054535
10	0.5698691872752203
10	0.31964344738320344
10	0.34226779354358144
10	0.47927289833789316
10	0.4745938840554442
10	0
10	0.5287747212680337
10	0.48484218948424584
10	0.3958805226214523
10	0.4250140423871236
10	0.5843812754273738
10	0.5042761253989034
10	0
10	0.475401908502436
10	0.7410454602314741
10	0.48440907878130435
10	0.2470848466472893
10	0.7999988162622346
10	0.6218715868677207
10	0.5032172347739222
10	0.3611606693528717
10	0.5530961345339597
10	0.43547668829108865
10	0.633804932644561
10	0.34102625055607155
10	0.5362943827327697
10	0.3510306553812107
10	0.5045526739151645
10	0
10	0.4987944889682367
10	0.458988104879825
10	0.5239016085569939
10	0.7426427798091603
10	0.4468972089021981
10	0.3710609524809772
10	0.36583443606235333
10	0.2756135532927082
10	0.3777503659802771
10	0.7577175276487119
10	0.6196145798163508
10	0.3827083005580082
10	0.39002896129451076
10	0.27077703504520056
10	0.5251259855213969
10	0.4920634782354208
10	0.47972011820356814
10	0
10	0.391429853638377
10	0.35378585286881503
10	0.39839145413660526
10	0.15050978116327596
10	0.6467141593233612
10	0.5275076996716949
10	0.5504890329586621
10	0.5225053798537862
10	0.3550356326200254
10	0.4932791014016811
10	0.7141788987976642
10	0.2665191408670235
10	0.6963573296357611
10	0
10	0.6150802255907084
10	0.3304208746294546
10	0.7077750527742289
10	0.6448192004041544
10	0.42523799585572036
10	0.47083469098532366
10	0.6681787361991592
10	0.5079515532398186
10	0.3155251020224798
10	0.5713437390400729
10	0.5692121977905714
10	0.45008956563939345
10	0.4836494390373669
10	0.2652802924789122
10	0.3191135017489025
10	0.38255459234387457
10	0.7231677288614751
10	0.36106617489954024
10	0.5595142682242996
10	0.3969964223261147
10	0.6434195173468076
10	0.6851183964680237
10	0.664678529145347
10	0.5604479679902062
10	0.539282129038636
10	0.6018449027716863
10	0
10	0.38000782713238507
10	0.4031075441538651
10	0.15077250602572637
10	0.4111216125969725
10	0.48801012714069875
10	0.6382930909967152
10	0.45150219588509066
10	0.3137115317404873
10	0.44238832889321855
10	0.40058429372865983
10	0.6743486175365587
10	0.3706127548484804
10	0.27567890720627464
10	0.7242592072581562
10	0.4625448203884015
10	0.09825607761198046
10	0.5800235625201737
10	0.45572071390984775
10	0.630604614621442
10	0.4848479002683261
10	0.4213168056514362
10	0.47842994122839333
10	0.6645891580857809
10	0.5584438097656345
10	0.3850816417642914
10	0.5031437943235113
10	0.5469051984323463
10	0.4757969903630411
10	0.39220226238337497
10	0.5233673118626422
10	0.7363585635866284
10	0.5043055250559937
10	0.3421263628704892
10	0.5050862458285583
10	0.5119253066040683
10	0.50850345704966
10	0.643519113585006
10	0.14124306279313484
10	0.5242055456434749
10	0.483596344896389
10	0.676319304432126
10	0.5194784160994785
10	0.5341186078078359
10	0.7489414279754055
10	0
10	0.3673198402725816
10	0.5275136427345913
10	0.6035704095650576
10	0.48402740954140827
10	0.40315884219844744
10	0.35832828863165384
10	0.5195136110411367
10	0.661916895879418
10	0.5018697607703076
10	0.3968172132964096
10	0.38444373503265444
10	0.3625172318091898
10	0
10	0.355305171226406
10	0.37523558902037324
10	0.2709936088378007
10	0
10	0.6678387948157363
10	0.6648720509434544
10	0.4894912354309912
10	0.30029985878142906
10	0.5414873969804425
10	0.3570458949616352
10	0.7267116990183992
10	0.5072978028188132
10	0.4695077745367202
10	0.37660260985437205
10	0.5793894304840771
10	0.48204284618532123
10	0.3610484167006525
10	0.5485784046128123
10	0.3810118189308226
10	0.4540789388612208
10	0.6099167167947922
10	0.46903029168755345
10	0.3220647903907755
10	0.36361477096491757
10	0.5352908612608023
10	0.4967157023353333
10	0.32977080858065533
10	0.6925790403739535
10	0.3797394184547581
10	0.3153933079829376
10	0.4825674221452738
10	0.6439890303237645
10	0.5598054419374411
10	0.7012989705806641
10	0.4669819446259225
10	0.3666565065778314
10	0.38298575767475407
10	0.4784947274897975
10	0.41466589452047065
10	0.3720644147168244
10	0.5029040490094934
10	0.5132994257185173
10	0.2959044490642215
10	0.304958871272598
10	0.6008904214109902
10	0.21388053721021127
10	0.3865228382379802
10	0.5292117312254851
10	0.6515891764797244
10	0.30617868680114785
10	0.16091933299280156
10	0.7153590942234302
10	0.35667267848215906
10	0.4530749003793627
10	0.3952046766071538
10	0.3876949313217053
10	0.38344918389967475
10	0.7080784665819971
10	0.33285938592391606
10	0.48126734454712283
10	0.437697007684115
10	0.7264402365454196
10	0.5785329910156943
10	0.4474480182646959
10	0.3229446676427851
10	0.44446733585074133
10	0.5275997158708068
10	0.6002368318517922
10	0.6438391189331275
10	0.3082715536264486
10	0.5676135766508108
10	0.5919821377980982
10	0.6354668032571782
10	0.41539144365937136
10	0.5822444801160445
10	0
10	0.5899727345927961
10	0.3386360349583096
10	0.5746466130372322
10	0.5158749177778976
10	0.5413958669874227
10	0.49369083973113453
10	0.48058000355825137
10	0.36529881989471324
10	0.61431470808622
10	0.5131574085878735
10	0.6336058933911644
10	0.45572190117064465
10	0.3263977202920054
10	0.5088672187093544
10	0.5153156237708499
10	0.44134186899973266
10	0.544423169744568
10	0.30253818919019076
10	0.2775875561394458
10	0.5188705073855802
10	0.592764598362913
10	0.6346481598375249
10	0.4812162293910631
10	0.3518811418582454
10	0.27384073097301903
10	0.4467229842100141
10	0.5777289236555444
10	0.33599260554855026
10	0.3795815769341724
10	0.7258076521244805
10	0.8034120221216398
10	0.578139406548264
10	0.32126921337730197
10	0.297703108558802
10	0.23260759766852948
10	0.5229110399239842
10	0
10	0.5118585208667191
10	0.2959132359886479
10	0.3978990410999368
10	0.5529013979279233
10	0.5445535136144685
10	0.3259203240741369
10	0.7380078686528186
10	0.5779946412764774
10	0.5370676653926921
10	0.41995261327925504
10	0.5859440149787105
10	0.6625940773494892
10	0.518591607399134
10	0.36611965622487697
10	0.7538596732052846
10	0.37764631881600047
10	0.6392029418901822
10	0.5599372024668083
10	0.6013660606004836
10	0.3775916314507566
10	0.2887114921968103
10	0.3781803517643812
10	0.4009915965722687
10	0.5133727311981793
10	0.47826509913650206
10	0.49568199380552813
10	0.33608979791166843
10	0
10	0.6538223640339861
10	0.46918264736927096
10	0.4460441247403983
10	0
10	0
10	0.6434624327635331
10	0.503453411485998
10	0.5284897100378707
10	0.39108791820083133
10	0.2869829174543746
10	0.15947027291018556
10	0.6379767677880708
10	0.39801046655909317
10	0.6550895235415453
10	0.3764997428100038
10	0.32291781803674857
10	0.34746826263393793
10	0
10	0.44031104930639825
10	0
10	0.676001970558427
10	0
10	0.5584612079687803
10	0.6223880412111946
10	0.16772629348558057
10	0.726408609698863
10	0.3272003003530129
10	0.3532218838090941
10	0
10	0.6074646070253755
10	0.12894022640866235
10	0.4069603681641666
10	0.328252309972802
10	0.5471346251422444
10	0.6255715532914635
10	0
10	0.4989415325235163
10	0.32728866145672386
10	0.2534667162065413
10	0.31959879952634296
10	0.4835283484888119
10	0.533569995015624
10	0.6445764138422463
10	0.2734710187403082
10	0.5975106282029292
10	0.29134070683058383
10	0.38215888834257417
10	0.5491801826428203
10	0.43379038500026923
10	0.3254733315402386
10	0.37254579927658765
10	0.35867756765797465
10	0.4484970602772863
10	0.4899848646917122
10	0.671484408401745
10	0.6434279370722701
10	0.508118387009432
10	0.6118231028572048
10	0.6428931081936464
10	0.6406446585356547
10	0
10	0.427087462001359
10	0.5749477683662042
10	0.48799300129984025
10	0.40911997282253426
10	0.4661484652530264
10	0.2569609207861672
10	0.42890084820667834
10	0.601353365915556
10	0.11631158683746223
10	0.49627541764090566
10	0.7145566624243344
10	0.7612423863928807
10	0.483705645036883
10	0.5191649074589954
10	0.3951579820372937
10	0.5652038589304726
10	0.7887995174927152
10	0.7691353875534296
10	0.39205411962835846
10	0.40792674618014824
10	0.5717498927373561
10	0.6565258596831003
10	0.2706339236753854
10	0
10	0.5401629018379291
10	0.3506941104185119
10	0
10	0.40277668072332384
10	0.7708507739523118
10	0.3575470436004029
10	0.4445187496049732
10	0.5475052059862455
10	0.24480786369192997
10	0.6000245372941515
10	0
10	0.13674928877740705
10	0.6565670124214797
10	0.6483178131544611
10	0
10	0.39873029798433174
10	0.14225739884437114
10	0.3263134310135555
10	0.13437611514374578
10	0.7388158385816385
10	0.3619423606584644
10	0.6810595042573592
10	0.5831533502493698
10	0.5267379711519865
10	0.3801327008955457
10	0.4294353737452732
10	0.7304947031146812
10	0.3560981394874966
10	0.5558240911464234
10	0.4236738058720825
10	0.41148327666812806
10	0.39563523138081164
10	0.39088988571039784
10	0.4279941766857314
10	0.5862813834586925
10	0.42404280916450265
10	0.48336627183227027
10	0.5286067154952119
10	0.42434101382646117
10	0.5045639183546599
10	0.6833207298528384
10	0.13780499338106547
10	0.3597460370644854
10	0.5951119939647223
10	0.39670151998203823
10	0.39506950389706325
10	0.38561477674723815
10	0.5632719065427876
10	0.4099816819849542
10	0.16316161513784727
10	0.38698627852233997
10	0.33164797738036017
10	0.5446765404201506
10	0.48760880583311644
10	0.6671569339091649
10	0.5966838348283937
10	0.588244781718463
10	0.4658933513085846
10	0.4481904305344517
10	0.5758087208459122
10	0.3567427840345853
10	0.6360787337336102
10	0.5870645819917066
10	0.5646891800002146
10	0.5883324586792297
10	0.5301398454790633
10	0
10	0.6660495164693361
10	0.5561868275482171
10	0.44765752886450016
10	0.40895995334332386
10	0.4496493824188381
10	0.4088558784962489
10	0.3924858220172801
10	0.5374129152331892
10	0.5497824886350821
10	0.5971196907173513
10	0.3674250764648964
10	0.37992656087782484
10	0
10	0.7636545495362991
10	0.25920822562101503
10	0.5995812477264044
10	0
10	0.43613642193002655
10	0.4800583003516278
10	0.38571014937229847
10	0.5838630398851429
10	0.4199644987885396
10	0.5543867776883473
10	0.6196821012180789
10	0.4075725578799055
10	0.36318456442005054
10	0.40300512470586214
10	0.3090893749445159
10	0.4067321423125571
10	0.5853414122125035
10	0
10	0.44843261651027816
10	0.6204207781505698
10	0.31315696170015866
10	0.6929382065264872
10	0.4142004269529347
10	0.39450596438099134
10	0.5329563990578056
10	0.5112330389447437
10	0.4953622144995943
10	0.5470583508167894
10	0
10	0.3771512080343154
10	0.5143512096295043
10	0.3594571645873419
10	0.3813739794830946
10	0.37784818732551334
10	0.3936910694950587
10	0.4408814476865165
10	0.34360087592170846
10	0.3875328815597293
10	0.3877009262375799
10	0.5845180164313806
10	0.50786890722192
10	0.5199540820539147
10	0.31445797798774083
10	0.6230199346589981
10	0.5328489703672078
10	0.5565581121482327
10	0.5038104663497983
10	0.5024594225804733
10	0.509964646918505
10	0.5065415903211883
10	0.5238397828145256
10	0.6983821850554586
10	0.7554667522190595
10	0.7237338992763592
10	0.7608865123606467
10	0.5148935630080735
10	0.16030026145834983
10	0.3744886444118746
10	0.724431350208848
10	0.6331706934841409
10	0.5603459513051038
10	0.5553884107918002
10	0.3762940571526726
10	0.4910626054481534
10	0
10	0.5661339126578913
10	0.5355068947854876
10	0.7072951766887319
10	0.46285835335232417
10	0
10	0.43209952635592325
10	0.5918523938569565
10	0.4387589567850184
10	0.5054745784387532
10	0.5540665935244478
10	0.29764973078791174
10	0.6633569500559868
10	0.31043826112287287
10	0.5514582747729658
10	0.6681791901527898
10	0.5416125942743948
10	0.4673236561189108
10	0.12598553247613822
10	0.5789314962788983
10	0.5128252456591634
10	0.5229489975858207
10	0.5984765705126893
10	0.2933939171077971
10	0.48855180246291957
10	0
10	0.6071415279206709
10	0.41925872666983244
10	0
10	0.3835718411999176
10	0.4195394917553758
10	0.3101211716269351
10	0
10	0.409739872581968
10	0.41388185021114815
10	0.4203394027996956
10	0.1534078974463576
10	0.4388884564558012
10	0.72218465951497
10	0.42093842080256194
10	0.30901399185809403
10	0.48971403222812393
10	0.4316085703774479
10	0.521812090066565
10	0.6449342738607643
10	0.46509036496194406
10	0.6353774165575707
10	0.4954676205202723
10	0.473922633007356
10	0.3507054962181939
10	0.6642574780786803
10	0.4927369854054505
10	0.250218017456552
10	0.4134360413059794
10	0.6484714587145239
10	0.4661344382273774
10	0.6314139053506481
10	0.4563120973527529
10	0.5154935874469445
10	0.13810398253005418
10	0.1320327558667327
10	0.5150862060628395
10	0.4179418728903111
10	0.5527074150013961
10	0.15036987614529435
10	0.5201183914391927
10	0.5924464963220709
10	0.5244333512645794
10	0.41686839083397137
10	0.556988765378807
10	0.45569986570625626
10	0.684049268731732
10	0.5894153347699974
10	0.3800601055392655
10	0.4294989914012344
10	0.4005185547213553
10	0.6171078802228481
10	0.48053238641985174
10	0.4626930070484106
10	0.46563737311527637
10	0
10	0.13445522287750208
10	0.7415307838910887
10	0.6638280605082947
10	0.5325010275661577
10	0.6888752611182114
10	0.5207530248549543
10	0.40549465729461787
10	0.5471455080561923
10	0.39239453981620726
10	0.7567498991529787
10	0.49836845913125843
10	0.3353426222592175
10	0.5491458322457685
10	0.5213656410240077
10	0.3479079216583257
10	0.546282439683279
10	0.6425092202319811
10	0.1492747732307
10	0.4517115104048993
10	0.634211832445384
10	0.2051657054778729
10	0.1498720016620085
10	0.5507289438790571
10	0
10	0.34197009866147865
10	0.43222107790563186
10	0.5918043449181458
10	0.141410805570487
10	0
10	0.372067272447322
10	0
10	0.5918251732207114
10	0
10	0.7597301199155042
10	0.4295449033413552
10	0.32221182844675617
10	0.33521730849590126
10	0.3924279160660109
10	0.5553634738921813
10	0.5848364454976344
10	0.4339923987283563
10	0.3690922564019162
10	0
10	0.3704066870119078
10	0.6616595718176705
10	0.38886564731473305
10	0.43695851396442764
10	0.6305437210649013
10	0.5083721782667455
10	0.5088995389779649
10	0.5130343600192411
10	0.49500726710199555
10	0.36684542837839385
10	0.4152700664988492
10	0.5442377563937516
10	0.5740497502670197
10	0
10	0.548348038008841
10	0.342670808147017
10	0.6292200994875701
10	0.4220030096254249
10	0.5295844582559575
10	0.4595547417906834
10	0.4875277292579407
10	0.5570625296781453
10	0.340391181757009
10	0.3626360770295018
10	0.4426000612533541
10	0.677360661442436
10	0.4191515783626015
10	0.5374142706211049
10	0.39466538221596886
10	0.4687220063087929
10	0.3115314290469843
10	0.36940602195269445
10	0.4908157868834972
10	0.39125482588926613
10	0.38442214261237484
10	0.5680280160275586
10	0
10	0
10	0.2822341653895659
10	0.32290460145310945
10	0.523256660075413
10	0
10	0
10	0.5780793239702781
10	0.41430862676406843
10	0
10	0.5680413033396081
10	0.6377793013915937
10	0.5274035215638109
10	0.432112573807931
10	0.6468112543078676
10	0.5971948534188783
10	0.46882141296819235
10	0.5579414453804323
10	0.46093503136957314
10	0.3529362139243521
10	0.6194283693027154
10	0.3537626437167897
10	0.11614953424720297
10	0.49208383435355024
10	0.5913225480593114
10	0.5163890473992392
10	0.6840271409055488
10	0.49846446478861994
10	0.34383053903549643
10	0.38255019134427637
10	0.4739541714203013
10	0.43533541100214546
10	0.4278402775565376
10	0.39377364866129255
10	0.37122554803658925
10	0.46529336933195625
10	0.540222646616565
10	0.5487659027539998
10	0.6207999616832992
10	0.6394928129838445
10	0.40992104639823745
10	0.5699395214587558
10	0.637000438009166
10	0.6042511068684022
10	0.14453556098912865
10	0.46628140193626716
10	0.5616146911512103
10	0.28572209779195534
10	0.40120559690064
10	0.3472659287174681
10	0.3409532748861923
10	0.5863753222253102
10	0.4703539040922324
10	0.1267976710163284
10	0.47096854991252673
10	0.5458508616121047
10	0.4471186461159002
10	0.4932546869931299
10	0.5910825547396554
10	0.4500472668673474
10	0.4603854840002795
10	0.5660994024208904
10	0.3033327373070801
10	0.6183366296629176
10	0.3369821746668192
10	0.5158480141833269
10	0.6374343106429307
10	0.4362557722291191
10	0.23838117361602754
10	0.6110627431868159
10	0.4128830289832553
10	0.4926493702534612
10	0.3050408150032468
10	0.5337617348572182
10	0.49376059015110263
10	0.46698248495639794
10	0.41648680565872515
10	0.5888506418081595
10	0.611885319209943
10	0.2985333625111558
10	0.39324345151048073
10	0.5799208066417394
10	0.4322715443581897
10	0
10	0.6255008270713532
10	0.13428673721670517
10	0.6274875856417328
10	0.4987992665355481
10	0.5441305357831635
10	0.4947793012107431
10	0.37367674860273165
10	0.34113392321033026
10	0
10	0.38096812453048456
10	0.481510417055941
10	0.7170753113062416
10	0
10	0.37376805800682905
10	0.5388671419167544
10	0.3454339397423941
10	0.6282543770553038
10	0.45260364786937535
10	0.5308227847785784
10	0.4139465189600704
10	0.6037973984223974
10	0.5192945226955905
10	0.5362061980328094
10	0.32254868264446407
10	0.36586208722321156
10	0.4567924292635597
10	0
10	0.5260635683736332
10	0.35011353338649
10	0.715245892295119
10	0.4936483097183182
10	0.35732948749857263
10	0.580276923026957
10	0.5460775634829546
10	0.43157293969241417
10	0.5056015114186851
10	0.4212498184584207
10	0.39748838671807823
10	0.13650504383420994
10	0.14112782214135852
10	0
10	0
10	0.5849471324737175
10	0.6038882023073028
10	0.4806306039570131
10	0.34182020225183973
10	0.679879688451514
10	0.5037657162482572
10	0.33776338001068557
10	0.6048565860804092
10	0.47008582401109106
10	0.5311169228981406
10	0.43925508481947706
10	0.39376764956467997
10	0.5033995185622242
10	0.742796491366972
10	0.39709210286861335
10	0.5465359583004176
10	0.44312349469548046
10	0.3819155910997202
10	0.7377707250568615
10	0.5050526664406148
10	0
10	0.5982752285865677
10	0.6330963862488314
10	0
10	0
10	0.37603548168525525
10	0.30389660219852166
10	0.6656793148364112
10	0
10	0.13506888818832957
10	0
10	0.46257664796775333
10	0.4238972330878862
10	0.27275006620745573
10	0.5312108979233782
10	0.593677901627035
10	0.4280294750523398
10	0.5471345534602388
10	0.2885300251329987
10	0
10	0.6514414397587347
10	0.3889968604794161
10	0.1628215962634571
10	0.676666414746694
10	0.40744889977570636
10	0.620480170864024
10	0.3750240374031706
10	0.2519959276145342
10	0.40940990062750815
10	0.5967489524404777
10	0.3480563748490303
10	0.3977925735842622
10	0.6676344645313719
10	0.14075770673703525
10	0.38829553905627007
10	0.7377035184206704
10	0
10	0.6530357248463609
10	0.3691929277844824
10	0.5996883146050398
10	0.4420999517070985
10	0.4778622815614643
10	0.5145399982788439
10	0
10	0.5308491084534852
10	0.37394296280605505
10	0.2620204866668395
10	0.6898608254165293
10	0
10	0.37602936921977975
10	0
10	0.5420275095437893
10	0.6251641432602333
10	0.4430113698508199
10	0.6058246525720458
10	0
10	0.5391390072239841
10	0.5781957769942204
10	0.6719882155040721
10	0.5015609235706682
10	0.37395569964175673
10	0.6032003758280315
10	0.4525544591566547
10	0.41915035072447415
10	0.348631265835437
10	0
10	0.5445199884493026
10	0.7632624865490037
10	0.5088372414142199
10	0.5812448530591585
10	0.7772901855043621
10	0.38079565067262516
10	0.5974803438760644
10	0.5389831699350482
10	0.42026234407638663
10	0.40019021145019623
10	0
10	0.580032396225713
10	0.5035588676778348
10	0.444666652068648
10	0.5397536821662354
10	0.5649587369270928
10	0.42228440858222266
10	0
10	0.3470142477907885
10	0.2984457122877586
10	0.5880700554944458
10	0.550175982474156
10	0.12355793259605848
10	0.5165174628860629
10	0.504750890168755
10	0.5600756981147561
10	0.33942592498859886
10	0.47641331213647287
10	0.5745165833364715
10	0.5274275366134619
10	0.6118303619001839
10	0.6098590077487365
10	0.3451830798966949
10	0.4788589136479854
10	0.2872810055787633
10	0.5663578213680995
10	0.5794065658527352
10	0.44884905869389125
10	0.48772630046033366
10	0.4460517398038202
10	0.599643703595527
10	0.5321209814761694
10	0.343830184967386
10	0.41028686498083244
10	0.5445565073200407
10	0.29024603288448514
10	0.12518206598074602
10	0.49619088830246477
10	0.6436556805078189
10	0.6269709467052755
10	0.5166846574481285
10	0.3590957638827363
10	0.5042937742800772
10	0.40879856175132956
10	0
10	0.4388341779222784
10	0.12777703384235456
10	0.48291235715389896
10	0.500327646262198
10	0.5016701190807512
10	0.61773736515761
10	0.3323490286890195
10	0.6781725966773848
10	0.607810803173484
10	0.43753158825069094
10	0.597995357344072
10	0.4986050224680541
10	0.7519667360175717
10	0.3831048550906087
10	0.5285744748927974
10	0.3643823681202922
10	0.6018313893741304
10	0.5873996717584896
10	0.35666897287378624
10	0.3484407904352102
10	0
10	0.56156677133579
10	0.7952870015342216
10	0.8106827431585658
10	0.4377156304871632
10	0.4143564932076997
10	0.773302882551865
10	0.28037991808001517
10	0.3809226389815538
10	0.700385174011419
10	0.42822567955181084
10	0.7260338328094426
10	0.786363095880006
10	0.42047487567235026
10	0.3251413095196622
10	0.3835948637223602
10	0.6480535052719798
10	0
10	0.5034442837196322
10	0.7417891816553527
10	0.5137500863886704
10	0.41930958664713136
10	0.3481183169934584
10	0.2977879666440824
10	0.47825595342536603
10	0.4472684940177543
10	0.402097930118469
10	0.4399244497693605
10	0.3029130388723722
10	0.5859673157836867
10	0.4218267986184806
10	0.5729644430349428
10	0.4782715824660336
10	0.42923658173388907
10	0.3295318439311012
10	0.49468978921961043
10	0.7522564081984412
10	0.7528279803302704
10	0.29047973844561875
10	0.410500299506161
10	0.30234854892965
10	0.14255482180830373
10	0.34023491240835496
10	0.572958757499173
10	0.6465775736086605
10	0.4307106210100488
10	0.5625255905284273
10	0.4317371511946468
10	0.344513966847053
10	0.44354296035217283
10	0.4873573590898917
10	0.3989138167746958
10	0.528203111643321
10	0.6860454325412995
10	0.5349641482368719
10	0
10	0.4974435804438178
10	0.5305160328388457
10	0.33807833658056824
10	0.6373036774002863
10	0.6140189228767254
10	0.528738003869883
10	0.5995859097558
10	0
10	0.4389519577179086
10	0
10	0
10	0.3110351297628024
10	0.4285967480676349
10	0.368821930623346
10	0.4996735992415424
10	0.39552676937419906
10	0.5614924264304489
10	0.5807578313399427
10	0.4428240210041729
10	0.5524759169942165
10	0.3808648472344734
10	0.5267590286665802
10	0.5070291140741214
10	0.355202174019205
10	0
10	0.3764876234484574
10	0.5042905918199998
10	0.5752342312236208
10	0
10	0.35109186196746145
10	0.3743473535012727
10	0.4854079045540111
10	0.5779323977264753
10	0.6385903800578089
10	0.6056089744376196
10	0.4706638457362455
10	0.5481509385180275
10	0.37327835803566667
10	0.640068981003784
10	0.37139863084463887
10	0
10	0.14777084766479065
10	0.35389416156146236
10	0.5667983755071125
10	0.4633506575139211
10	0.4079273850025421
10	0.46943361325560135
10	0.35132695694122945
10	0.3774495876516261
10	0.45912720153418024
10	0.3214414849496577
10	0.37166539648818436
10	0.421527491295395
10	0.5095130704633876
10	0
10	0.4197178140892051
10	0.5479339228652287
10	0.3558439919295379
10	0.3156311786277831
10	0.7176823341647957
10	0.5748565720233926
10	0.3578808827151403
10	0.5375314002179628
10	0.5442352411582401
10	0.4600326873664983
10	0.5503609562997284
10	0.49087725178457
10	0
10	0.3876715033131952
10	0.5036631460215143
10	0.5859302563716813
10	0.7669246241454835
10	0.5194280122900912
10	0.5179943716050828
10	0.5887366553446967
10	0.6039685627553392
10	0.6722943666645685
10	0.5797827277462073
10	0.47766799919107195
10	0.5325360675872309
10	0.4915517800319638
10	0.38357199165768974
10	0
10	0.6768937121870328
10	0.652341102412818
10	0.7190335289978662
10	0.5723292717555567
10	0.37405821060135647
10	0.3979937282806831
10	0.7571501702368109
10	0.6239789872133696
10	0.4635894763884315
10	0.6925236597188726
10	0.6035664856695545
10	0.6603676931095681
10	0
10	0.38190259542958355
10	0.3453830576693336
10	0.4965659474887239
10	0.11446292967470532
10	0.1603661779873825
10	0.13631452497378763
10	0.4989673094053633
10	0.5268691684380971
10	0.5870839097833529
10	0.6606736526112279
10	0.3449533696380837
10	0.6267654956115284
10	0.6190479410158232
10	0.5492446443664064
10	0.746195670200984
10	0.582925556321652
10	0.38170424061014796
10	0.5331598990735399
10	0.2692856550789145
10	0.12421745249229527
10	0.39402541070142355
10	0.6589559455881782
10	0.1126343225115665
10	0
10	0.3645656454517537
10	0.13821762771153764
10	0.46986247774451867
10	0.4097275353231775
10	0.5240500621324874
10	0.5440278673730735
10	0.5930253340679885
10	0.6569995253023196
10	0.7717561288861192
10	0.4552382763671919
10	0.5202255191594819
10	0.34635385989174994
10	0.5924570516336921
10	0.5886564078688256
10	0.45583242032454124
10	0.7020494182784874
10	0.4037414563101858
10	0.43249607145401847
10	0.46231792938530186
10	0
10	0.5814949174619021
10	0.4220581491219103
10	0.3095896880596899
10	0.6016508280768841
10	0
10	0.4892856469019752
10	0.2938728079951391
10	0.5936064504004119
10	0.5666613521886668
10	0.442195169685994
10	0.3761950258217228
10	0
10	0.7820676936589837
10	0.382612326653449
10	0.43064114298341993
10	0.4449613632305813
10	0.49244880460931867
10	0.3703353868517508
10	0.26915180003856376
10	0.44856539702639286
10	0.6056867431346328
10	0.5009296791576644
10	0
10	0.3909391566535787
10	0.4623258019345898
10	0.5924401865663076
10	0
10	0.3068215289250157
10	0.16179049924332015
10	0.40226881355972927
10	0.5305144287710879
10	0.34075782249865644
10	0.5518811293427441
10	0.7136055714608465
10	0.5125832653635112
10	0.32363065880409975
10	0.3973636546666927
10	0.6223808515639616
10	0.39507611736667025
10	0.6709706973220914
10	0.7765655113567
10	0
10	0.14106908529562548
10	0.49615549016296073
10	0.3725912323256939
10	0.7528064252509867
10	0.677296479170504
10	0.41236941769267055
10	0.3136995937152865
10	0.34775651558867365
10	0.31929812494136245
10	0.5634335933992154
10	0.4193945820166425
10	0.7052140227987699
10	0.7413236654030881
10	0.6335821217108097
10	0.33807464349721933
10	0.5378210381540929
10	0.3186555519271871
10	0.7062710982726835
10	0.5623703900171678
10	0.36748662612841765
10	0.41210699800178774
10	0
10	0.2866166775123073
10	0.6855765608690902
10	0.21570173913200963
10	0.4869129108041237
10	0.3031754929640703
10	0.38792542651134077
10	0.6253600994117896
10	0.37321631102953945
10	0
10	0.5379429080155522
10	0.3448107610792589
10	0.4214211646505481
10	0.7690878852840158
10	0.35963059231658423
10	0.1650166017979016
10	0.4370803765518298
10	0.3965435166445138
10	0.30016188155513507
10	0
10	0.32547832885704747
10	0.261610861902914
10	0.5666235675985806
10	0.8110927733835697
10	0.5286963281819339
10	0.3994503772463943
10	0.5153264698439647
10	0
10	0.6347696137122353
10	0.6208181893910288
10	0.3060354364071525
10	0.5417860481784439
10	0.3379873087857097
10	0.5516754292642554
10	0.46067874946865633
10	0.4937965076363207
10	0.1539299885028774
10	0.6722775512326511
10	0
10	0.5018811492869923
10	0.4378887737242091
10	0.3782038644158992
10	0.37217415471400367
10	0.4950591027310317
10	0.31308536026750944
10	0.4973060291326764
10	0.40382174147907574
10	0.36908740972188264
10	0.37082030222044304
10	0.5612187062288522
10	0.5840008374122576
10	0.5796320943028435
10	0.4725508209154767
10	0.5107861041989122
10	0.36368120877722454
10	0.4346212981283072
10	0.34146207650821475
10	0.4611600298886177
10	0.3753103089151853
10	0.5293348133408201
10	0.5242603355778124
10	0.3798655430014521
10	0.5329100001915182
10	0.3404057492294518
10	0.467070928791704
10	0.5904698642434373
10	0.3677487632374243
10	0
10	0.4330355270987454
10	0.3771178935912963
10	0.7790934233915867
10	0.6324321704875862
10	0.5132605030986728
10	0.5034716439570303
10	0.5234065436233662
10	0.4040444802919373
10	0.6716967024633111
10	0.5061778433867271
10	0
10	0.3049169998501797
10	0.7426040183457759
10	0.43598342518410366
10	0.5247661997014031
10	0.359848712651136
10	0
10	0.5584363613021301
10	0.5753055778220056
10	0.4521926608720161
10	0.6089482536306151
10	0.3682769468096507
10	0.2485209590378942
10	0.4841956861951299
10	0.39384154049703723
10	0.3710843048232252
10	0
10	0.20202975582830474
10	0.6907086929479123
10	0
10	0.41155060800202925
10	0.6431214803178613
10	0.657235352188142
10	0.5765520088771651
10	0
10	0.41876804559015557
10	0.5286961240768712
10	0.5225176139977359
10	0.5707391992516412
10	0.46202350950340887
10	0.4277248919095396
10	0.45194678299155056
10	0.42216927995355613
10	0.7230892590196623
10	0.591470379629014
10	0.1049538265605464
10	0.475276855021033
10	0.36609980405917547
10	0.4861970661816365
10	0.5172480605950592
10	0.3713998635681927
10	0.46920126411912744
10	0.32814825105126033
10	0.5278946073674745
10	0.36392536238911327
10	0.38858432546755817
10	0.42231506209743497
10	0.4503845300001125
10	0.3495040580038422
10	0.5224977400541517
10	0.6259087341411523
10	0.4541133982202627
10	0.5859150379443473
10	0.5987027918786388
10	0.6772385317378534
10	0.6411344108930934
10	0.2778668886693023
10	0.6500278718454553
10	0.4086971887905219
10	0.5297118524472606
10	0
10	0.3898514974631798
10	0.7730816337711578
10	0.5130461356541381
10	0.39961876186241946
10	0.48403107801138073
10	0.33956473233579676
10	0.3038311137525423
10	0.5463920725980331
10	0.6053032636921792
10	0.747073024058513
10	0.5277016867873905
10	0.28975421720256817
10	0.39402680350564173
10	0.5381751391332321
10	0.42357091239703404
10	0.58261504883806
10	0.6827330031302582
10	0.6160656477808798
10	0.6005941851345097
10	0.6624824539529857
10	0.2548315292525062
10	0.599332542152446
10	0.5502279223178813
10	0.46075327162875046
10	0.14402290075291882
10	0.5008742186860455
10	0.6119691614730106
10	0.5311132256046018
10	0.7290866607942702
10	0.5860289064036106
10	0.4101639328166255
10	0.6871686351006372
10	0.5728573021872648
10	0.3799142145509185
10	0.6241253713899968
10	0.3728416324101503
10	0
10	0.7460893720952323
10	0.3463420549150053
10	0.6474330707346783
10	0.5541949222928082
10	0.6766536709346619
10	0.546477591289027
10	0.14411349314807276
10	0.32090840072130344
10	0.6002648642015808
10	0.40269281579254884
10	0.5333549107415554
10	0.5760465243456587
10	0.5979697193460269
10	0.6200686516485874
10	0.5118210764216682
10	0.6647552884930552
10	0.40762824470190756
10	0.5438798827498351
10	0.3351801178845575
10	0.1383876021148806
10	0.73646608573481
10	0.30565297352601667
10	0.5567620864620074
10	0.6961883250999309
10	0.41663671582166467
10	0.7172611702829322
10	0.38566301795794367
10	0.5626879180933685
10	0.5967497513250595
10	0
10	0.2982445476993522
10	0.4995101523829534
10	0.5528362647650227
10	0.5845047550610497
10	0.5808094634394806
10	0.3152438990432649
10	0.4511218574683947
10	0.5658400234525557
10	0.6239161650094412
10	0.5810335066834198
10	0.757550862626545
10	0.41868298814189664
10	0.45485169822305904
10	0.6146216463784164
10	0.574859346125841
10	0.6243792984632818
10	0.5754192930888749
10	0.5478308027908412
10	0.638698013638048
10	0.6601945399266038
10	0.26095233418377556
10	0
10	0
10	0.42369777922639124
10	0.36477358161826495
10	0.4088585893463616
10	0.3946799348458851
10	0
10	0
10	0.16032087766272946
10	0.31691771864978674
10	0.48043545201014987
10	0.5474987117755221
10	0.6482664644208551
10	0.3872874787074431
10	0.3665696247232414
10	0.2905472300569555
10	0.6506462858585819
10	0.3318766681847148
10	0.4765946947435174
10	0.1087377475430711
10	0.7321095107555241
10	0.42877339073669807
10	0.41285596769682753
10	0.666049703068442
10	0.3601283495658912
10	0.3336318778366406
10	0
10	0.6103688300784023
10	0.4509646997354755
10	0.44797103142502487
10	0.2607994256768177
10	0.5423941155628096
10	0.5122803037139078
10	0.45717492446801866
10	0.5811004393978184
10	0.3866511474394114
10	0.5271080774929369
10	0.27945009010021415
10	0.12571905593991903
10	0.33137760531273824
10	0.6472609169109518
10	0.32028711505975777
10	0.34579085306572616
10	0.6228300624715384
10	0.33399195633889966
10	0.4327926509246289
10	0
10	0.4096219018014373
10	0.4966586286265175
10	0.43866391569981933
10	0.540360422679281
10	0
10	0.5749841616250387
10	0.31155361561957734
10	0.45871379624473674
10	0.4888487466771996
10	0.578522451023951
10	0.6608689739228898
10	0.3653352315789178
10	0.13679387167471707
10	0.44320313010334167
10	0.4249503705599878
10	0.36935945996713243
10	0.3429077865446204
10	0.6389569725882226
10	0.37840806364653146
10	0.4731869314290335
10	0.43405858326199337
10	0.4180922400002068
10	0.3814822500548607
10	0.6821253406775674
10	0.3438517318990107
10	0.36299027933886063
10	0.5420827585470783
10	0.37037506596282593
10	0.6102374265422573
10	0.33725755106401234
10	0.5091532949776983
10	0.45841881962709635
10	0.29813306463237926
10	0.5227767659684576
10	0.5735729122061727
10	0.36582879140051605
10	0.3681059440761848
10	0.5365006302014046
10	0.4230046221220893
10	0.3981705629499178
10	0.40851367131308325
10	0.49312391596006216
10	0
10	0.5235962210584972
10	0.4879523880265902
10	0.46380367306420384
10	0.4978951401875215
10	0.39419036936651336
10	0.30016602737646586
10	0.6479047826576607
10	0.5498643490201196
10	0.7189282633392744
10	0.4717011420403782
10	0.6633428866815818
10	0.5829074591438547
10	0.5851607735170722
10	0.4295602007110127
10	0.3530708671146489
10	0.6071394811163633
10	0.5244343722768218
10	0.6162937297804844
10	0.7000997290415224
10	0.5279294564054703
10	0.419959872965508
10	0.2852259761204443
10	0.4685992355895377
10	0.6035941805381738
10	0.4804247390407489
10	0.4584779364213211
10	0.4330462549708158
10	0.40524652210702017
10	0.38467987446260954
10	0.5147350273621989
10	0.5511296803722694
10	0.26490509280660784
10	0.6743687644862757
10	0.7249762130743511
10	0.6255933487572712
10	0
10	0.5915023090726602
10	0.39308879009116154
10	0.3230711979632247
10	0.267026948105264
10	0.6285544409632515
10	0.37373011577590154
10	0.5251666278902885
10	0.3556966793885899
10	0.41789512622581115
10	0.653429884888513
10	0.38210560281988193
10	0.5289129680098353
10	0.7702158978569754
10	0.47327637839190323
10	0.4830384633928617
10	0.5777148147677033
10	0.41578658393535756
10	0.4851731028814815
10	0.431080128155011
10	0.6278982997341398
10	0.42588322457126293
10	0.7092480123762166
10	0
10	0.3795093878974511
10	0.5419311225456359
10	0
10	0.4031460827782448
10	0.4971099017526171
10	0.4422398378180167
10	0.40538526051525997
10	0.4777803673912038
10	0.5358282427990967
10	0.6490642988395255
10	0.1322574812312366
10	0
10	0.523229330889302
10	0.14754767006693756
10	0.42223912051566354
10	0.5423609790834738
10	0.4518475993394411
10	0.40152346723490673
10	0.4345825588502524
10	0.5783348681928349
10	0.5829905584690269
10	0.7243680675688524
10	0.5072758042573665
10	0.39142284113725456
10	0.4108021290628258
10	0.6277004876141665
10	0.4972091375601216
10	0.28172466942577334
10	0.570693304947456
10	0.4364374084962089
10	0.46857659055969175
10	0.3628854632237351
10	0.5135762728287333
10	0.7497481862208408
10	0.5717225064846887
10	0.5286966594689353
10	0.5967633756458489
10	0.6129687522510869
10	0.5785229888317023
10	0.5909807064614792
10	0.5891457057461256
10	0.38265820073051304
10	0.6572509165705611
10	0.5872418298375728
10	0.4133729510617553
10	0.5855571967804857
10	0.15147123564389128
10	0.4949476897080424
10	0.6597613493435565
10	0.7105354816296061
10	0.5561982253946158
10	0.4834056564969228
10	0.4786139202823328
10	0.49333247653775686
10	0.5939646404824828
10	0.3909788543274599
10	0.3218610286366802
10	0.3770915794246973
10	0.7863338681803507
10	0.37685789010419507
10	0.21030271342292373
10	0.3290824119165953
10	0.3292865031527268
10	0.6051919079066537
10	0.6020789438629912
10	0
10	0.496635670126341
10	0.295707082605102
10	0.3716995397769713
10	0.7618079255220924
10	0.3992236175243098
10	0
10	0.34686922397196995
10	0.5058909934070207
10	0.4207728831764126
10	0.4228904370901998
10	0.5359180389982712
10	0.14083038240656512
10	0.5983467749913134
10	0.27885799678173073
10	0.5177349376433579
10	0.6176228233773255
10	0.45274065750824766
10	0.48695450472614893
10	0.4480465304901904
10	0.15632058554521558
10	0.6155938830599068
10	0.37925625589453915
10	0.41702787131326624
10	0.5397251995907223
10	0.45401760675790537
10	0.28156632169831186
10	0.47250461473521
10	0.4862590148176339
10	0.438289989043437
10	0.36839139372629
10	0.5969710340926728
10	0.4106591290872166
10	0.4899614562098204
10	0.6271230838018959
10	0.5104831824071485
10	0.5000458976143421
10	0.498291465324552
10	0.406026809456753
10	0.6155282935510832
10	0.31998495404382843
10	0.7279310492247021
10	0
10	0.47117086415897175
10	0.5404398325200146
10	0.5561090591531714
10	0.5818898257766112
10	0.5448155898745284
10	0.1336809751512675
10	0.40804756619075866
10	0.40303481688565646
10	0.555912319175688
10	0.6479975334986746
10	0.40429729493283806
10	0.3567761959308941
10	0.5415296195000326
10	0.5595933313854184
10	0.4624802210800945
10	0.38539607919280483
10	0.566504653745217
10	0.5436944279043928
10	0.44830531185049766
10	0.45346287855706335
10	0.2860549247953783
10	0.469647588593828
10	0
10	0.6675930811985689
10	0.5039844136201704
10	0.386878536160149
10	0
10	0.6517455836685728
10	0.7455602140060091
10	0.6641493125673363
10	0.3718793040687885
10	0.16216513635059598
10	0.49123293134820245
10	0.5906173632963677
10	0.13481708435418893
10	0
10	0.3955841924949293
10	0.6589116189618198
10	0.5029951875456546
10	0.5632660656175108
10	0.7275337047626818
10	0.4107536991846352
10	0.4047794770236436
10	0.528822798025981
10	0.30347992771460597
10	0.5050588573103509
10	0.5749068141803205
10	0
10	0.34482687043887067
10	0.6054572411066443
10	0.6765517290377966
10	0.44976021072801325
10	0.39473542192032524
10	0.6624033507607304
10	0.6269473901112084
10	0.42185756677091346
10	0.27267669501624686
10	0.5092531771307941
10	0.29377034197550833
10	0.7407945238640155
10	0.134709480398923
10	0.7294505362658235
10	0.6131424626572118
10	0.26855441814309317
10	0.4611685156641412
10	0.43683377219504876
10	0.46714230741550705
10	0.6103943022205462
10	0.37846935580573204
10	0.5557826276230204
10	0.6719407974669966
10	0.35354245585696714
10	0.3854385066440132
10	0.2821384491190122
10	0.39543275581800263
10	0.6581572674063709
10	0.5638083986743709
10	0
10	0.6241404141649791
10	0.5691235707320981
10	0.561752624285047
10	0.5063393477751327
10	0.42079964932326674
10	0.3478833616952858
10	0.5737760364043152
10	0.48404555736860655
10	0.4074498012973632
10	0.6209972419454108
10	0.2882097771182501
10	0.415441961955688
10	0.1359914724101305
10	0.6510187415019779
10	0.43261548394770677
10	0.7450030745589885
10	0
10	0.5358468645620446
10	0.6219000997553537
10	0.5312790273483425
10	0.567534565839908
10	0.6058021431957166
10	0.560232784090678
10	0.39126545026824994
10	0.5124135648192278
10	0
10	0.5095774333044695
10	0.3128621116480352
10	0.31757511289970997
10	0.4717263865752406
10	0.36651115670246026
10	0.44485451958404804
10	0.6217216175447345
10	0.4437361132779827
10	0.443502286037744
10	0.49055371265194175
10	0.5502479935283928
10	0.23877150017161072
10	0.6934858124396117
10	0.4267223492062565
10	0
10	0.749749592921457
10	0.5882704105749792
10	0.4668799412414258
10	0.1466801916999583
10	0.587160426320267
10	0.6443548707845475
10	0.32694325428347326
10	0.6593010206867526
10	0.5545359708554519
10	0.7496182934377229
10	0.3149895346698913
10	0.5737713076664895
10	0
10	0.5539166791580896
10	0.5139835060109553
10	0.46602416641622557
10	0.5663462373530782
10	0.40578939603082437
10	0.4483447877836891
10	0.32281420958521756
10	0.5536184992950833
10	0.647984307376801
10	0.3881433679856785
10	0
10	0.4242015272614447
10	0.6472070202087916
10	0.5987950232331809
10	0.4836327215351347
10	0.39150383860914806
10	0.3879171138979876
10	0.4224630549999197
10	0.5146206023671692
10	0.6493334476447511
10	0.5084001419416962
10	0.6353635016214452
10	0.35363980095884207
10	0.5934625903215965
10	0.4966987356115075
10	0.36612383950312793
10	0.6055018050205596
10	0.7732309832997999
10	0.507021529258113
10	0.55239602327448
10	0
10	0.6882913762572144
10	0
10	0.5101816823262354
10	0.6214938780368402
10	0.6132562583804748
10	0
10	0.5061086409127215
10	0.7226442321787695
10	0.5310473816389693
10	0.49084773417020366
10	0
10	0.14657100545307514
10	0.5144700009726277
10	0.7381918098159203
10	0.3733212802548646
10	0.5197072620955366
10	0.5309151693638444
10	0.42909022564755245
10	0.6425443101321531
10	0.4090214917660084
10	0.5847387822044293
10	0.53555158882828
10	0.5396354654509922
10	0.5313619092784299
10	0.5945524114355073
10	0.3458758315443796
10	0.495893555897833
10	0.5256482062286596
10	0.4294839998111037
10	0.7079854647479681
10	0.551066101346035
10	0.3543302132899641
10	0.4883440286328382
10	0.418874835338763
10	0.6400266244879061
10	0.5006597187681504
10	0.39830104025069457
10	0.5931637932171253
10	0.42596899219415935
10	0.2746479345049975
10	0.5803050119045587
10	0.5266161666026181
10	0.6463024816223992
10	0.555493095856959
10	0.6237972963859182
10	0.5755594182032668
10	0.4739288413600151
10	0.6137755924846384
10	0.13069651984243869
10	0.7351855208549231
10	0.6704977561049397
10	0
10	0.4424714931825078
10	0.564770504070899
10	0.1530692262253261
10	0.7308827009826979
10	0.47334260350253277
10	0.35308891870698567
10	0.4683292814994454
10	0.259788449704098
10	0.4239439142038331
10	0.4355691296112345
10	0.4744803521247788
10	0.4385727459866274
10	0.6334807157291704
10	0.559768377249609
10	0.5095168144028859
10	0.37589891765523215
10	0.5500679326490725
10	0.4754325793132958
10	0
10	0.30425328567878024
10	0.364440861138828
10	0.3584661790342039
10	0.6009487968350778
10	0.41130530239340446
10	0.6925961038704783
10	0.6396270985744029
10	0.3970126606653137
10	0.1311662274537506
10	0.5131201008098528
10	0.4226075278220328
10	0.4790833598775622
10	0
10	0.5956958544832917
10	0.34446288044120066
10	0.4817242085940428
10	0.4976284028876175
10	0
10	0
10	0.5378318992899891
10	0.5137482151343709
10	0.39630577431480585
10	0.5484944349914755
10	0.432733804487414
10	0.3205330958409056
10	0.6211648201751557
10	0.33694487625503494
10	0.7160202950356336
10	0.15897377130375132
10	0.39743963844530883
10	0.39385015088807757
10	0.4594315930463745
10	0.5329961110457654
10	0.5095766280371012
10	0.4454091113189628
10	0
10	0.603710230371389
10	0.2727277167565652
10	0.48976613902480126
10	0.3365230597466659
10	0.46065934868731184
10	0.4173807133487683
10	0.4300064401813499
10	0.4700472168739878
10	0.7060384955125356
10	0.3048762108949234
10	0.5473565549325372
10	0.7228354353016455
10	0.46870469422498806
10	0.7152460461021292
10	0.566184908363966
10	0.5325066723266889
10	0.42116202010650894
10	0.5638185259915875
10	0.297027032384223
10	0.744793148587228
10	0.4157137624118487
10	0.3818405423568534
10	0.5761512880650971
10	0.3605644260950552
10	0.565848457258843
10	0
10	0.6132865771644025
10	0.6693262325144466
10	0.44963064793363555
10	0.30900123297250365
10	0.5928990004306043
10	0.46527803566637116
10	0.35744090677340024
10	0.5621573395496544
10	0.5437689363789914
10	0.4707388513152732
10	0.46080399992283366
10	0.5452603619730396
10	0
10	0.5003729733539729
10	0.3673293410417683
10	0.3838203339944054
10	0.5080067716254015
10	0.30276302208866235
10	0.5433313471012129
10	0.5650193087593371
10	0.5181451785236643
10	0.35294634421289706
10	0.44007352605921
10	0.6332676290103092
10	0.539215601065103
10	0.4633645581948971
10	0.6072582864469893
10	0.518997345708328
10	0.5231552664652102
10	0
10	0.27814658861521024
10	0.6442938923134273
10	0.3011157289690463
10	0.47795809716587945
10	0.45499396671315506
10	0.4493134707038976
10	0.5234628700063716
10	0.7196601536517914
10	0.41301167970478875
10	0
10	0.3706692222986823
10	0
10	0.4825842922185505
10	0.6143232486115121
10	0.3702916669957339
10	0.433827961879538
10	0
10	0
10	0.6167367812570581
10	0.5847474276349487
10	0.6106421105355098
10	0.677398350902228
10	0.6202034210200738
10	0.5110803837283773
10	0
10	0.7641127314842941
10	0.7452446495718422
10	0
10	0.4876054753079629
10	0.3177395031294352
10	0.5405514726247039
10	0
10	0.3748492629724985
10	0
10	0.6243302835424691
10	0.6070657859896309
10	0.38879264680185177
10	0.3538151249970671
10	0.4189301728835685
10	0.4288877429780273
10	0.3651224811179458
10	0.39619291073451696
10	0.42308729999565164
10	0.7736964501962481
10	0.4140512153583293
10	0.39677904890077675
10	0.4156092667474915
10	0.472924089964336
10	0.8123879720752027
10	0.2522770961141555
10	0.5613728004810328
10	0
10	0.6073957917210959
10	0.6747352445177971
10	0.4555210638266312
10	0.3475198030782876
10	0.28148313533808145
10	0.3985367376821274
10	0.6504800370567425
10	0.4746216082593492
10	0
10	0.28671838777766945
10	0.10965117601991695
10	0.4867559261045625
10	0.5550774279449264
10	0.7296653939957419
10	0.6293103930829087
10	0.4698733828789241
10	0.5082489405146414
10	0.3881451447986931
10	0
10	0.7083621353538095
10	0.5643596638553283
10	0.23504589977895604
10	0.6219665458978666
10	0.4004319280031345
10	0.6546753486898793
10	0
10	0.6367591101180569
10	0.3715315936857651
10	0.5202368577555727
10	0.4601234859570609
10	0.3459694305455938
10	0.6166567725260002
10	0.6884520745803274
10	0.5650401535281622
10	0.5742616801506858
10	0.436931444908976
10	0.3665308323574124
10	0.5957640498071074
10	0.6081776652389079
10	0.5906899063393124
10	0.44677191586489634
10	0.48277922269898843
10	0.5611664231480237
10	0
10	0.40831436143010924
10	0.3890964253601995
10	0.5367183781601658
10	0.5648764272856986
10	0.31328039268877345
10	0
10	0.519467254034381
10	0.38644316470388784
10	0.6506935835131084
10	0.49152090007482385
10	0.7430449181576615
10	0.34352264443781705
10	0.36993954501493964
10	0.4714943229229292
10	0.4927176453958653
10	0.6359800602285021
10	0.33620282838830307
10	0.6425624432210105
10	0.6465319565484478
10	0.5138620809460296
10	0.32408504521212633
10	0.5015237987537612
10	0.5854566815848552
10	0
10	0.45857887649839263
10	0.37004907708354356
10	0.42945133433507665
10	0.6383921533757899
10	0.559223493122671
10	0.5818475655709523
10	0
10	0.49626779777043195
10	0.6007676129227878
10	0.7605293570245837
10	0.43224833412183744
10	0.5906635036237203
10	0.39515735763670656
10	0.14682846285494078
10	0.505648563318289
10	0.25676495123975956
10	0.31224168925706947
10	0.5323306619159296
10	0.3271159628488672
10	0.4555579250214091
10	0.561141132457243
10	0.6123035167008678
10	0.4703840014837016
10	0.4369842608782684
10	0.3291792703361268
10	0
10	0.5875862392956885
10	0.3972383586261812
10	0.4743510992036442
10	0.34067648538218076
10	0.26889973715841897
10	0.6068424766549493
10	0.6576675693903213
10	0.152559877066329
10	0.4135302837355246
10	0.47627393011537267
10	0.6086876527122814
10	0.7170936592903566
10	0.5821597657641169
10	0.5705223232446641
10	0.3559285879434522
10	0.35662082997148686
10	0.5170681705456807
10	0.5335725232875773
10	0.428485986968681
10	0.5109342945676358
10	0.1189951964176508
10	0
10	0.37218468737787996
10	0.51427385677693
10	0.40875206638548606
10	0.15299914661182787
10	0.5443375278163551
10	0.7692803282573095
10	0.3467713563595353
10	0.545857558161357
10	0.7394231440470981
10	0.13425713542672207
10	0.39056732870831845
10	0.5728954524698027
10	0.766142729646
10	0.46852734583706745
10	0.5863591916964249
10	0.40723878654642176
10	0.4052695146544843
10	0.5604320166336786
10	0.520564563050788
10	0.14367529294163772
10	0.5233962430376469
10	0.45317982760983366
10	0.28157326424886236
10	0.5256473719650095
10	0.6046068974354407
10	0.5020066272492333
10	0.4582366956687337
10	0.4065897091147688
10	0.33158668365542887
10	0.6455104625663477
10	0.4887985018878337
10	0.6632378623100439
10	0.4024199313648976
10	0.5285848072881305
10	0
10	0.6046239988546073
10	0.5673622134904396
10	0.2856271443087329
10	0.6685012163992642
10	0.5156558045657952
10	0.4481215246836888
10	0.6757183610147409
10	0.6201629827931807
10	0
10	0.384729552805604
10	0.34821419328391023
10	0.60909935025559
10	0.412748752313402
10	0.6393940568261685
10	0.42209157232177064
10	0
10	0
10	0.5409312036618499
10	0.7171224591176021
10	0.4630492495496176
10	0
10	0.4371800225674904
10	0.3503132156157219
10	0.3004704843873921
10	0.5757420820687575
10	0
10	0.5250015374502485
10	0.7465236738993253
10	0.4749440068756226
10	0.2980280628490643
10	0.36782029062992966
10	0.7461992687321319
10	0.3985382302636675
10	0
10	0.5577140261052184
10	0.5167694500112062
10	0.4633362722821204
10	0.779993232816516
10	0.5845811333659641
10	0
10	0.4460567527907174
10	0
10	0.5032653672177752
10	0.491383842417325
10	0.41907315351739016
10	0.3787913705855183
10	0.5729576611376679
10	0.612329676650764
10	0.5321552656922605
10	0.5188450049576863
10	0.7370561674809344
10	0.4657781773006729
10	0.4796763318514293
10	0.413585008651556
10	0.3554574681695942
10	0.5653095685892369
10	0.49273351649056285
10	0.40943257193861554
10	0.5293294838851431
10	0.5687503736602838
10	0.5149878342253604
10	0.44781299909960437
10	0.5112580599328573
10	0.4034005100119813
10	0.5702317738189114
10	0.4068123677357166
10	0.5244800961858199
10	0.5658837532887566
10	0.437913500543608
10	0.3665318409663406
10	0.48216494491056194
10	0.4979913375049039
10	0.5200742896503379
10	0.610022824741909
10	0
10	0.726241269704225
10	0.15796149229815876
10	0.3655874612120089
10	0.46983598091554457
10	0.3655528112115241
10	0.4363207193060258
10	0.4949260368144689
10	0.3499624099796377
10	0.35035399027128317
10	0.652310578289641
10	0.496856090040979
10	0.602006063986043
10	0.46259837156113354
10	0.7430662090192016
10	0.5540958834171595
10	0
10	0.49531422568680894
10	0.31606034200766064
10	0.5670568945688826
10	0.3884970928164146
10	0.36631233279405423
10	0.4823457913882527
10	0.5174953617373214
10	0.5074718664051663
10	0.5074010649759706
10	0.3314783883729606
10	0
10	0.3906209555632783
10	0.6149750698790815
10	0.36111007746236284
10	0.30777550071993487
10	0.2987622426981078
10	0.4146148380848564
10	0.4316018984200839
10	0.5306441595433353
10	0.5763144640912965
10	0.3718747933552174
10	0.3143206493244469
10	0.5123353310495168
10	0.4186457295374656
10	0.36913519380381626
10	0.3783895980347164
10	0.2988855862093962
10	0.40602542028970545
10	0
10	0.4018188978362597
10	0.47155539065877666
10	0.3871422820671729
10	0.5015669068929695
10	0.15463951231467044
10	0.3113058488566762
10	0.37212552447398267
10	0.5791452626700968
10	0.5315179068966731
10	0.5344206441132322
10	0.5138455936902572
10	0.4468137878027485
10	0
10	0.4202563129733246
10	0.4359272077619509
10	0.4260472074784249
10	0.28281115834571385
10	0.5566265264210529
10	0.43152381064305245
10	0
10	0.5520120818759936
10	0.6864235927550011
10	0.6073946613242458
10	0.6205792397638
10	0.5965449201787146
10	0.44426553188257906
10	0
10	0.4273958517767512
10	0.3673429707638962
10	0.48630542351055006
10	0.6374025496713374
10	0.5893011117607313
10	0.3453124131549056
10	0.4075843208970043
10	0.3889572662983531
10	0.3769164883756795
10	0.5904261850858046
10	0.49389807725352286
10	0.5189677017205222
10	0.5383117816772327
10	0.3060518141248869
10	0
10	0.35823275749408406
10	0
10	0.4506471514747386
10	0.3643209164257199
10	0.4694524988571907
10	0
10	0.35113159642524105
10	0.6732427338792025
10	0.6284194615930822
10	0.6039241661086168
10	0.49293031664596715
10	0.4324066300959195
10	0.264298908341129
10	0.5081182173466844
10	0.5254885186157627
10	0.6059805078690638
10	0.46480578851964405
10	0.5993676611264226
10	0.5359252409355476
10	0.4025385241022047
10	0.5172281365629204
10	0.754633513013398
10	0.785996151385575
10	0.7427720139084042
10	0.7280053248893785
10	0.47407023319988434
10	0.4276523711907387
10	0.40834979307484476
10	0.3893383811246545
10	0.5988754037607856
10	0.5096676452345003
10	0.7074650168529416
10	0.4826065873838238
10	0.37850938433891984
10	0.593088978374406
10	0.5446822801286167
10	0.45258796130892387
10	0.3470766374803618
10	0.5651363263978976
10	0
10	0.40603153077614623
10	0.518175557008051
10	0.5521169873059606
10	0.44492171042914913
10	0.4713741691517923
10	0.36868952468974475
10	0.3669172201244229
10	0.5004731530560924
10	0.640655188306197
10	0.111115639430416
10	0.31856650786246155
10	0.6281992785231608
10	0.3882630458021523
10	0.12252663013223182
10	0.3531121761063631
10	0.35418502412766567
10	0.14616130985877168
10	0.450081339578926
10	0.3524676756419092
10	0.4707818806115079
10	0.4234888757833193
10	0.6220985962416427
10	0.6048727545565535
10	0.46237448649245544
10	0.5724122846817836
10	0.28223614050483314
10	0.2958332059037554
10	0.5687791874397671
10	0.383121884613854
10	0.5186667294456461
10	0.36547629910864543
10	0.38633028535599034
10	0.14692709107919363
10	0.6431363088527345
10	0.5005437711851211
10	0.48332800208558363
10	0.4299070833259133
10	0.34306523668895583
10	0.4727837749365094
10	0.4289003872053811
10	0.7075441973948677
10	0.3802106849681732
10	0.4116209467631557
10	0.5904372939697308
10	0.2723294600042077
10	0.3914373092839021
10	0.42630267544913886
10	0.5899937388667367
10	0.4414711778531958
10	0.6042199689485278
10	0
10	0.5045825850376331
10	0.7420165453509301
10	0.5511345375645486
10	0.5948226834674696
10	0.7749602667203955
10	0.30384838807684705
10	0.5559020783769649
10	0.5743925999511824
10	0.6872965837638306
10	0.5253936116083375
10	0.48180387637090266
10	0.29274125318424954
10	0.6280978012113947
10	0.5359312898748514
10	0.42384744837232297
10	0.5934353173816245
10	0.64744354263966
10	0.6948418480530084
10	0.6123934599053441
10	0.6674922173547101
10	0.44924663293174133
10	0.6337206938227884
10	0.7328649477609848
10	0.4184234003182956
10	0.5589994164562443
10	0.4743415932990025
10	0.3588301851242069
10	0.23262379323416388
10	0.4294881675068843
10	0.6106207932985954
10	0.5695442431169211
10	0.33309339418939343
10	0.46960253129766555
10	0.49596239577151424
10	0.33539015542077655
10	0.54972876548546
10	0.14583017432078807
10	0.528832362315603
10	0.4789570388943882
10	0.41550909212576
10	0.4886322945629859
10	0.5116111074668674
10	0.5342275611757199
10	0.5610274006598999
10	0.1571807002397872
10	0.7671209168113575
10	0.5920185367041251
10	0.4866222897689283
10	0.5796722390292375
10	0.4950762247155226
10	0.49412569443968135
10	0.4500111867763311
10	0.44016712432995414
10	0.35452410365116044
10	0.48074718750681367
10	0.5382565235331221
10	0.5948135722702815
10	0.4059768951737798
10	0.5344723344187723
10	0.6685776929204391
10	0.5240021474861524
10	0.43167574747252163
10	0
10	0.47041679356179006
10	0.5593362355123959
10	0.3024410682667059
10	0
10	0.48256312473414825
10	0.6598023267255414
10	0.7212091800972161
10	0.7360721754780318
10	0.7487263396596385
10	0.49650179872354655
10	0.38693939898881685
10	0.3457077981727592
10	0.6377730048748098
10	0.49526162671509505
10	0
10	0.45169462639692054
10	0.4648369912790679
10	0.44766749849393306
10	0.4331997287555818
10	0.6625711969306711
10	0.4828886714429433
10	0.27248363256624136
10	0
10	0.5017015366158325
10	0.6736854128015957
10	0.35040052717054354
10	0
10	0.42385567725453505
10	0.5476506699442373
10	0.15072460183316602
10	0.4249857847557097
10	0.4305630680077425
10	0.15979997690191447
10	0.5293736697038827
10	0.5982800454179725
10	0.4973562773358354
10	0.3922018456019764
10	0.7141815923408187
10	0.5194366509212655
10	0.5622232053295477
10	0.5797313851215332
10	0.4582302427867728
10	0.35808477167175046
10	0.6142057523713731
10	0.5076391917210821
10	0.6458734566889422
10	0.5217422730448109
10	0.5910696614758573
10	0.3923855440317078
10	0.5365305731541914
10	0.5265456681587063
10	0.5535940594537706
10	0.7964547721567052
10	0.6874627416925567
10	0.4712814729174631
10	0.38280490278026846
10	0.411613174845322
10	0.3213959919677272
10	0.519882575376763
10	0.5787558583220463
10	0.6090329954766727
10	0.5263727970310768
10	0.3855192493951878
10	0.1535091506506069
10	0.39336639187776146
10	0.44971962743812843
10	0.1697102234554298
10	0.6175037789257636
10	0.527274763307797
10	0.5226071095090461
10	0.6876407704599116
10	0.6353170406140162
10	0.6335278646082515
10	0.5670600027951471
10	0.5076412206094532
10	0.5109282901748363
10	0.11809925025145605
10	0.41086888908705893
10	0
10	0.4783547298661191
10	0.2763624690052431
10	0
10	0.7268582552945083
10	0
10	0.5899535715919255
10	0.4872337937939859
10	0.3418889778391731
10	0.2884058153454054
10	0.15918258189867265
10	0.38937723818142134
10	0.5754404895815661
10	0.5724082536053383
10	0.4696528599337692
10	0.3666778192257211
10	0.7878416392554154
10	0.7101266473993028
10	0.3693537085258898
10	0
10	0.3137028290444665
10	0.28055263522265944
10	0.4493339367518918
10	0.12686341082464528
10	0.4765141022873473
10	0.7330822329969054
10	0.532765096850187
10	0.578888386479022
10	0.5771822228580427
10	0.21984930698894034
10	0.6616366720223135
10	0.5126740154238872
10	0.6132910736410566
10	0.3583725300496154
10	0.3308375259985198
10	0.4089100115928093
10	0.35994269247345173
10	0.41606943004680214
10	0.4104493156089787
10	0.3663868527524495
10	0.525708664115352
10	0.5221254957240847
10	0.6742467132831952
10	0.3935450903041629
10	0.48960442564823825
10	0.5530390460966682
10	0.5089912623927216
10	0.44391689598840167
10	0.2596494909947928
10	0.4105980960374992
10	0.14760989894038146
10	0.35848620970278755
10	0.5830209002152855
10	0.4016753694524158
10	0.3917899979770326
10	0.14957924819070367
10	0
10	0.36144109124886004
10	0.3797818473831747
10	0.6029238120360065
10	0.5095246327907931
10	0.4742800124692534
10	0.5125935298543159
10	0.43820750456096885
10	0.38130497568651445
10	0.7135776540453357
10	0.4927614596065224
10	0.5856695307182016
10	0
10	0.5824615939893332
10	0.6341902414086514
10	0.5784254624377854
10	0.28804706571117916
10	0
10	0.4673510099241285
10	0.469127133088262
10	0.4155796996643281
10	0.6058569355584885
10	0.6652509486866472
10	0.13321696814343864
10	0.6056523301500637
10	0.6101361408767222
10	0.5798948255390919
10	0.5058842842416034
10	0.5066231210427478
10	0.406939093639878
10	0.6344277602217896
10	0
10	0.5673032510300199
10	0.4336919424561154
10	0.3563556536867605
10	0.5944479912333102
10	0.49307504336610297
10	0.636562395221679
10	0.37949517657516607
10	0.5270733188693394
10	0.27154038855050966
10	0.40573768026148677
10	0.3945499826303368
10	0.5762923756638119
10	0
10	0.6568013375148081
10	0.3968273250190554
10	0.3963076832379454
10	0.6556894934569146
10	0.5586172105995805
10	0.32951401073781866
10	0.5975152703602854
10	0.40298809539205155
10	0.7997916839010141
10	0
10	0
10	0.38638142645418705
10	0.3662122553711455
10	0.5349705928429607
10	0.5043138859139629
10	0.47189819830233976
10	0.5299006263336196
10	0.4997989825693931
10	0.4086706033782192
10	0.5744738886430215
10	0.561641932370213
10	0.10662672557397386
10	0.521255852962424
10	0.4399411832127827
10	0.32711439707157064
10	0.44585937090280214
10	0
10	0
10	0.10311694331159967
