cval	avg_intersection
10	0.0034535293932816233
10	0.00393759215221276
10	0.009465514044696706
10	0.00406334027690464
10	0.0038992109351750816
10	0.003721764980578709
10	0.004685291436811616
10	0.004779330930476895
10	0.002865002321417645
10	0.0031702950865954193
10	0.004346330848131833
10	0.004912545326839538
10	0.0029578461808439428
10	0.004056167121107056
10	0.0036062553758621314
10	0.004681311147862768
10	0.004205949443524717
10	0.0037786051292024022
10	0.004450756540556187
10	0.003633858070520476
10	0.004062969572160357
10	0.004119287253490718
10	0.0031368847538945557
10	0.0052195562684121425
10	0.0048260356363783894
10	0
10	0.004559622486810782
10	0.003508739009850458
10	0.002975784830816839
10	0.005940022330178966
10	0.004005410019410408
10	0.004968367512975467
10	0.004108425729562029
10	0.00393921473007828
10	0
10	0.005411603843044151
10	0.0043654771764433855
10	0.0035487067119532472
10	0.008471318826315938
10	0.004601236552403282
10	0
10	0.004377807771720917
10	0.008118289320485018
10	0.0035710170547341843
10	0.003689163800261708
10	0.003468319520557296
10	0.0042671284445867826
10	0.004807227047002256
10	0.003909373367167934
10	0.005485009324784371
10	0.004026353436991932
10	0.0038720492449022294
10	0.0037894862766300794
10	0.0038365386246560313
10	0.0037463951682832402
10	0.003892599814369645
10	0.003952938284465344
10	0.004609242694798326
10	0.005513316050502964
10	0.0035737366685267436
10	0.004434927422145145
10	0.003501287172431888
10	0.008311422805257025
10	0.004779327065057105
10	0.0033841564750199406
10	0.0054789618067703355
10	0.007697663858989591
10	0.004038134879969863
10	0.002901613883592391
10	0.0041473474641859805
10	0.004797739317751626
10	0.003974301849566922
10	0.004032064847869139
10	0.0041590446697149785
10	0.0044497213153075225
10	0.004210143648389804
10	0.00532238585461512
10	0.003103554800943117
10	0.003790476744742892
10	0.005329909158193988
10	0.00612852433315778
10	0.006035748458258165
10	0.003534211201071276
10	0
10	0.003931859309461934
10	0
10	0.004396005294157761
10	0.005319993789856199
10	0.0028762156244672493
10	0.004479825492368238
10	0
10	0.003291500503399122
10	0.004037812800971707
10	0.004684411154872175
10	0.004828926965303413
10	0.004251343080517095
10	0.005079306241013503
10	0.005929105846871435
10	0.004613350734966433
10	0.003880486580947491
10	0.0032050874622606327
10	0.003879778340169109
10	0.0037230002654110414
10	0.0035404032217836515
10	0.003204080111963442
10	0.003947813059760617
10	0.004812855375302419
10	0.006012292301732342
10	0.006566789023124513
10	0
10	0.003907140927088569
10	0.004253883676443404
10	0.003272501399897751
10	0.004113165755557748
10	0.005393887117702435
10	0.004152110848586209
10	0.0029043802629712817
10	0.009671295517374088
10	0.005938376025664666
10	0.0034961523284898683
10	0.003027917184465628
10	0.004130349008513023
10	0.0037355573879828898
10	0.004060634907498249
10	0.0029628882919503154
10	0.004511093181578902
10	0.0040143249657923485
10	0
10	0.004212955940947047
10	0
10	0
10	0.004334648988983384
10	0.0037319495419948067
10	0.0036059891833430057
10	0.0031039933743015153
10	0.003299123655681197
10	0.003917583267864109
10	0.004100184937230183
10	0.004548525331113387
10	0.004453241148712879
10	0.004379795908028213
10	0.003917266024409395
10	0.0035533203532114913
10	0.003951555309916563
10	0
10	0.0035046765546719325
10	0.003827317877399596
10	0.003209756616938406
10	0.00578075068069187
10	0.004067757262739198
10	0.0045858105820967675
10	0.005289380632564304
10	0.0034356918609822424
10	0.004599228764555526
10	0.003590619245262247
10	0.005596312254392679
10	0.0041929828229574995
10	0.003940206184654677
10	0.006560303371076029
10	0.004406922686118969
10	0.0036202432406542175
10	0.002989115715660574
10	0.004934353077327694
10	0.0035194330506731837
10	0.0038092798816369814
10	0.004946247180538703
10	0.0036269585595072188
10	0
10	0.006288260356140597
10	0.004137540797014845
10	0.0039007495489885155
10	0.0036339662702298777
10	0.004686193258925938
10	0.003422746473519654
10	0.0035779970764715278
10	0.004904635546584208
10	0.004974394173745561
10	0.003738189318781763
10	0.003353093313480221
10	0.0048925632397503055
10	0.0036454762708995805
10	0.0037493854948281837
10	0.0045931577161736625
10	0.004768582298592432
10	0.003333296989406519
10	0.003273762622835716
10	0.003724952756021286
10	0.0037855607497578087
10	0.0037811001576654704
10	0
10	0.004322967711133989
10	0.0037730623481997973
10	0.0037432868994440663
10	0.003474860693241152
10	0.004829305788542317
10	0.005719962706713859
10	0.004521076879135508
10	0.005111174876348521
10	0.0035072660542989995
10	0
10	0.0035581158927436808
10	0.003289635223296829
10	0.0046038369312474715
10	0
10	0.0035801845581688477
10	0.007319645048004683
10	0.004775723447388753
10	0.003617971266134041
10	0.003643796656344236
10	0.004314575547052709
10	0.004173327757536007
10	0.005657954511546791
10	0.004157709910308661
10	0.004116070562308695
10	0.0048276801213023865
10	0.004401847309805705
10	0.004096989356261287
10	0.003913220541332411
10	0.003434331286966712
10	0.005097010787655372
10	0.005667517084424856
10	0.003706720309228137
10	0
10	0.004395911250089392
10	0.0042648436849584285
10	0.0038791622492170773
10	0.0033536474798861945
10	0.004468939227261665
10	0.007891860086729117
10	0
10	0.003933634203961316
10	0.00389139895869039
10	0.003299279685303849
10	0.005236623237049044
10	0
10	0.008018399561856878
10	0.005049796499551434
10	0
10	0.0029125981237465774
10	0.0037281922529911137
10	0.005127533690253726
10	0.0034142665456146446
10	0.003990208640094584
10	0.007858124828125649
10	0.008444962251013663
10	0.008114227603565281
10	0.004673956962956664
10	0.0036484757196248076
10	0.007172482324479064
10	0.00458807551100307
10	0.004491861088009296
10	0.004806024896962877
10	0.004470805356780212
10	0.00447343248654603
10	0.0044297497536047135
10	0
10	0.0047259458163937595
10	0.00459557223031792
10	0.004980523879068642
10	0.0048371178204512765
10	0
10	0.0051504677712001104
10	0.0036614651776978925
10	0.005527479828005677
10	0.003973150125184391
10	0.0028941537898781915
10	0.003705252725279934
10	0.0035201373447052986
10	0.003713923032282459
10	0.004223719986639464
10	0.007649705349166403
10	0.003933304515607854
10	0.004560556632096747
10	0.0041111992667559796
10	0.004490929602026002
10	0.004437010397213636
10	0
10	0.0031138946375917974
10	0.004212027430779356
10	0.003800190160587414
10	0.006372317982233479
10	0.0038724751072599993
10	0.005087358063050407
10	0.004113688157830139
10	0.003283571551646924
10	0.004485705392175458
10	0.004579632709406773
10	0.0027065479833546014
10	0.004749811827805102
10	0.0047946239019789425
10	0.005139155402772875
10	0.003936825500645598
10	0.003490740446113524
10	0.0031101919554365823
10	0.004029967982499977
10	0.0045205377032877195
10	0.006471757831682947
10	0.004195572844899521
10	0.00338772620910957
10	0.0031917878678282925
10	0.004189136780385779
10	0.007495984462381666
10	0.004043251399710551
10	0.003933690229396413
10	0.003896987030606889
10	0.005789104470738889
10	0.003979533808567967
10	0.0038659113350782955
10	0.007172159043742815
10	0.005242588852307328
10	0.003850493078149632
10	0.004490831856687287
10	0.004520460575121763
10	0.003933524871180925
10	0.0040377824228210145
10	0.006001931069985417
10	0.005196792732710507
10	0.005970829633567841
10	0.004070300114231755
10	0.0036643072465276983
10	0.0034975623267377303
10	0.0037089009491025108
10	0.003225706263543915
10	0.003567950910408386
10	0.00792034723447994
10	0.004080765417177376
10	0.005966233995082235
10	0.005526358635744737
10	0.004114704176829258
10	0.004682168282667569
10	0.00400612937508796
10	0.004584145436050784
10	0.003289418388687498
10	0.004042846519309849
10	0.003378743626613714
10	0.003891251779381695
10	0.0038991929405074333
10	0.003140731899772631
10	0.004223591527549877
10	0.004025345302161866
10	0.004292120073706876
10	0.0036818695396844702
10	0.004130365378033976
10	0.0033133585881060246
10	0.0038199453328272947
10	0.007237116155464328
10	0.0034576384984141093
10	0.004500370925446816
10	0.004058849079109667
10	0.003949106249599426
10	0
10	0.005304510197776011
10	0.004608458814242491
10	0.0031106005856825357
10	0.004833388136484049
10	0.0031752177050241516
10	0.005850596694769348
10	0.00515904879808079
10	0.005155076503649478
10	0.005853815714456882
10	0.0033073867454638827
10	0.0034775712941295324
10	0
10	0.004199571356110199
10	0.007140114681834095
10	0.00533678258609574
10	0.0034901580812245207
10	0.00326373987771896
10	0.003896291285739621
10	0.004088342783081558
10	0.0039600291716684385
10	0.006135781587418449
10	0.0038713569221072368
10	0.004226750346159768
10	0.0036737324540763337
10	0.003789778149422611
10	0.005420296468964629
10	0.004310765688641095
10	0.004945600470967176
10	0.005015023022960831
10	0.0055896162098025325
10	0.003940736800102921
10	0.00456284328918698
10	0.004366954991850016
10	0.0034268442257833214
10	0.0028408680651921536
10	0
10	0.003359285364184741
10	0.0038654388825109702
10	0.005221538535475441
10	0.005524862831801587
10	0.003304166697237604
10	0.004192471892650739
10	0.005868320062213683
10	0
10	0.004491685347069738
10	0.005427663556654754
10	0.005547145925786254
10	0.004793112738071468
10	0.004268169354484342
10	0.0036688286653214735
10	0.0036301556320371586
10	0.008059408627398632
10	0.0036905508690525547
10	0.00883134686290718
10	0.0033520039266649
10	0.003996261272665789
10	0.0054332203473642865
10	0.003497570560233751
10	0.003356096076345463
10	0.004275956764392531
10	0.004014309691231624
10	0.006888707554265738
10	0.005018572151813188
10	0.004299746653122491
10	0.003933038179676565
10	0.0037202209697595897
10	0.004151084711076008
10	0.004772239665313243
10	0.004434705768349648
10	0.005335593077309932
10	0.003143778727266987
10	0.004064383862671747
10	0.005412243099645434
10	0.003472664336352632
10	0.0037215465716383465
10	0.0038845673889752333
10	0.00565776469663894
10	0.00464449779304992
10	0.00484689150707043
10	0.003281149274309465
10	0.003980818772583594
10	0.004694976009745593
10	0.0043385839653823565
10	0.004510836069766452
10	0.0043705682586166715
10	0
10	0.004167354133259488
10	0.003728540284303714
10	0.0030059949361348794
10	0.004932404209814564
10	0.004880277446907154
10	0.0034437523449747675
10	0.0041052116129812926
10	0.0032079748581776493
10	0.003851381067905457
10	0.0043014367533622
10	0.004775684454105337
10	0.002906821724220394
10	0.005196745100469251
10	0.004870124969438644
10	0.004697739401583434
10	0.005227607140857383
10	0.0037055391996773583
10	0.004693391822047213
10	0.004378483846291802
10	0.004429567067384433
10	0.0037325956159752357
10	0.004962228558817845
10	0.003428957746968946
10	0.004267498376570007
10	0.0037821680871154622
10	0.0029652922627259634
10	0.0031993237099394254
10	0.006695051244415269
10	0.003891947643827989
10	0
10	0.004309149764538607
10	0.004862509965740154
10	0.004103849101509429
10	0.005012052928822869
10	0.006195600279810697
10	0.0048337342928077565
10	0.0035261669799962637
10	0.0046024278910273475
10	0.003655117262569759
10	0.004743069914659365
10	0.0038471927383427543
10	0.00476327829171065
10	0.004442407226998367
10	0.0030550931857013927
10	0.003956892814257442
10	0.002880221812251541
10	0.004828782026611668
10	0.003067185204754889
10	0.004972125039499566
10	0.004205367646666377
10	0.0038755978254810886
10	0.0035024198872107173
10	0
10	0.0035698635621345615
10	0.004087125097470304
10	0.0048574008276041185
10	0.003796187488297084
10	0.0039626048153399325
10	0.0037999459847357095
10	0.0034534719937344667
10	0.004663770781639465
10	0.0034988734345238726
10	0.0040846216136151
10	0.0035344123945918954
10	0.003529742603887453
10	0.003592272536454836
10	0.0041374261125966955
10	0.004584654580051223
10	0.0035446417474730672
10	0.005280866373767449
10	0.005133758079340373
10	0
10	0.00476171946034211
10	0.005111590422461393
10	0.004575413869265738
10	0.0037459482872377603
10	0.004313442377628035
10	0.003718396329750548
10	0.003934323605006369
10	0.004857135180794926
10	0.0037233777278886525
10	0.004179713082060284
10	0.003759857153027152
10	0.005569677374130227
10	0.005070031280025924
10	0.007912268675338759
10	0.004850887285300557
10	0.0038000873157104697
10	0.005065408839380134
10	0.003524254128723531
10	0.0037990599779671266
10	0.003628578705405533
10	0.003884382926551533
10	0.0053444655450186375
10	0.0034084979463785475
10	0
10	0.0032178224590080733
10	0.003857245628060403
10	0.004002867897390594
10	0.0037656818378017233
10	0.004250452143590657
10	0.004171732886023525
10	0.003362188822880435
10	0
10	0.004076641901574304
10	0.008008954994810016
10	0.004498791775475242
10	0.00476898623821666
10	0.003140372961713645
10	0.0032756788112553673
10	0.003596765106538912
10	0.004073944112935126
10	0.006760216357323083
10	0.0050409752996928405
10	0.003233165792385919
10	0.003243839991770716
10	0.004814376589592787
10	0.002871775393177445
10	0.0031206839057198446
10	0.00468958681698458
10	0.004380141841621866
10	0.004803731124449865
10	0.005029609775894757
10	0.003982974064911135
10	0.0032306183150226583
10	0.00427999214047094
10	0.005567004670987707
10	0.004176033235967113
10	0
10	0.0044616349662200995
10	0.0037917455759532517
10	0.004073087785640971
10	0.004827607250353101
10	0.004843889089431708
10	0.004740322819396243
10	0.003913876155437714
10	0.003950582475754834
10	0.003459607362742168
10	0.003615949032508149
10	0.005742661716365714
10	0.003919766690055838
10	0.0031006749075426863
10	0.003399667715055955
10	0.0034901262576494513
10	0.00393021374313282
10	0.004219468478422036
10	0.0033443289650931175
10	0.004849014768376795
10	0.0059128088933296024
10	0.008078428346353268
10	0.004409467978134014
10	0.004360692157187356
10	0.00384644076856911
10	0.0044040828754527
10	0.004388905605787271
10	0.004026719835694739
10	0
10	0.004024209736668393
10	0
10	0.0045713424738323665
10	0
10	0
10	0.005914728732877349
10	0.003474237661074517
10	0.004970220758686788
10	0.003886608127087095
10	0.004459892207320874
10	0.004828258093914272
10	0.004321017883156438
10	0.0038456702464638886
10	0.00394695555919534
10	0.004181741033988993
10	0.007502471026524888
10	0.005316062612779187
10	0.0035225695315227925
10	0
10	0.00448043878508292
10	0.003630969212847581
10	0.004064999721431032
10	0.0053664978523071845
10	0.004916802608499288
10	0.00332159957880622
10	0.003987152125992508
10	0.0035971279457501
10	0.004049105376040163
10	0.0036948389662503386
10	0.005803119339857609
10	0.0046146894151290405
10	0.005786708094851786
10	0.006695181481024804
10	0.0034195992347914018
10	0.0037588013183294956
10	0.0033106798698953246
10	0.0038505382319758896
10	0.004209362372025849
10	0.003969999552709533
10	0.010004634377225347
10	0.003640063716786885
10	0.004419261645274921
10	0
10	0.00417073207770108
10	0.005869602168685132
10	0.004055773279068269
10	0.004617832308775462
10	0.005352333215988949
10	0.005587524116225695
10	0.0041212688510010006
10	0.0054051384856213525
10	0.0043234355232266
10	0.004099540817876276
10	0
10	0.004296750423890899
10	0.003466736107941505
10	0.003867196005910941
10	0.004373792737806672
10	0.0030767009112945953
10	0.003647419814228674
10	0
10	0.003976451645678661
10	0.0046265405667932444
10	0.00642562183734112
10	0.003932164666066695
10	0.0037545352682102594
10	0
10	0.004938703561079212
10	0.0037222012214881196
10	0.003995709229277419
10	0.0047019523272088595
10	0.004050450617360981
10	0
10	0.004841156242837408
10	0.004406301478803583
10	0.004338862206614852
10	0.005113073522379176
10	0.0038031160127078227
10	0.0040424032958119895
10	0.00420887316386395
10	0.0036103788906573816
10	0.003656206851558009
10	0.0031507476500471326
10	0.0035732303662369554
10	0.0038823866312880932
10	0.004422728402814984
10	0.004230548881749682
10	0.0039841318411077305
10	0.0035735943466494308
10	0.0028295420233411615
10	0.004421392853213444
10	0.003865225999094787
10	0.0034195516840847973
10	0.003081583631643927
10	0.004070052769333363
10	0.005099363249456196
10	0.004501063960539421
10	0.004391149576089262
10	0.0038149964649405767
10	0.00382749596548539
10	0
10	0.0041663365619755525
10	0.003985891424579046
10	0.004380158549448823
10	0.003915594147880022
10	0
10	0.004315793551590341
10	0.007207747782252717
10	0.0037299780318589054
10	0.004479854386571154
10	0.004854375312371191
10	0.0044758238914368005
10	0.004041452499162664
10	0.003878022593705185
10	0.0041237097078305925
10	0
10	0.005564057509504043
10	0.004297312562682357
10	0.00368252954589402
10	0.003322072023332746
10	0.004012529867746418
10	0
10	0.005534921447468586
10	0.005328486589296197
10	0.003750256949273972
10	0.004148012143826641
10	0.004564866252948729
10	0.004010484124756138
10	0.005332679487276109
10	0.0032191196015908014
10	0.0041555422466160695
10	0.0030656853622115137
10	0.005346137213341534
10	0
10	0.0042688192331972125
10	0.004864005281149445
10	0.008917043679338488
10	0.0036483322832506437
10	0.0055249130784677134
10	0.0036208464923370713
10	0.004614684027366835
10	0.0029910145489586582
10	0.0036847175102049604
10	0.004741805575219052
10	0.0038007355223944124
10	0.004106476608572072
10	0.004062355894063774
10	0.003281435616202543
10	0.003978113045500818
10	0.003714798586511254
10	0.004148966112575001
10	0.0037918585121203847
10	0.005859440882728977
10	0.005533834849819921
10	0.0033220820474044515
10	0.006070527769050905
10	0.005774048892710956
10	0.0041584829950796365
10	0.0045925697172370834
10	0.0035900768660117833
10	0.00458995272994814
10	0.003335825631492388
10	0.004254800272952627
10	0.004416609179430183
10	0.0037161832469417206
10	0.004022594918578523
10	0.005249956940824045
10	0.0037878721436286414
10	0.003417359939699134
10	0.0056905735348439955
10	0.004541057569078834
10	0.002386121789664141
10	0.0039512820882150294
10	0
10	0.006130381815777224
10	0.004260723878906763
10	0.004643368560017874
10	0.005200984414361635
10	0.005818384828654895
10	0.0033208493666481574
10	0.004343256531889782
10	0.003144884410669248
10	0.0032483781361207515
10	0.004786479530928457
10	0.004431228073535456
10	0.005921101625865359
10	0.0033601720762153533
10	0.006413519075602132
10	0.0049497892535283255
10	0.00425062457943815
10	0.004540178488110052
10	0.003827732813048492
10	0.004466771955465685
10	0.003959784115727957
10	0.003700431135933026
10	0.0031917533904466406
10	0.004598539433853108
10	0.004273438463130595
10	0.0033439417036055423
10	0.004159854941381272
10	0
10	0.006591504555175298
10	0.0035673245698209207
10	0.0032318563700516312
10	0.003935167749972334
10	0.004045812734130481
10	0.004305207794589981
10	0.007506559337702994
10	0
10	0.0032668242626657813
10	0.003478100705828266
10	0.0038636195386256584
10	0
10	0.004490921681525011
10	0.004140543217577313
10	0.004614826831477353
10	0.004489094371603913
10	0.00385856165230223
10	0.004261785811974032
10	0.0050674802199912284
10	0.003894325566564496
10	0.004132647567179393
10	0.004801927226853564
10	0.00418839314111154
10	0
10	0.008509327775178517
10	0.0043347037112998026
10	0.004309633479969499
10	0.005104668828043058
10	0.007384629086741113
10	0.0037524421206741806
10	0.007654510528756546
10	0.003960160184931587
10	0.0054191034556710874
10	0.005879656682688165
10	0
10	0.003618712526405549
10	0.0036201928088672253
10	0.00572459199069148
10	0.0035343509844468434
10	0.003622145279741752
10	0
10	0.004208978251300721
10	0.004135628848967239
10	0.004404523566771503
10	0.0038484726221593817
10	0.004913002810708859
10	0.003907313764841082
10	0.004024967323975027
10	0.005663570065348926
10	0.0046494003256806775
10	0.004469736555372721
10	0.003848264164359515
10	0.00367652264810807
10	0.004028158801105423
10	0.00481029536911558
10	0.0038589755248362384
10	0.0042469334868243565
10	0.004248993353571764
10	0.004640335192802355
10	0.004312355708204531
10	0.003916004174911121
10	0.004605416206027968
10	0.0030939339345765963
10	0.004313396957654525
10	0.003021139557663136
10	0.00265864948064788
10	0.004681765334869302
10	0.0045364601624898115
10	0.005065936965581462
10	0
10	0.004161560418387102
10	0.007541953458048511
10	0.0044808496762403826
10	0.0034881641209387046
10	0.004438476034614972
10	0.004389852503452896
10	0.004943192996757943
10	0.004076352859206694
10	0
10	0.003310547325787985
10	0.0053224386634923215
10	0.0050065685642178065
10	0.003995148308535892
10	0.004257067558570157
10	0
10	0.003035593236565574
10	0.005188332853470174
10	0.002781515853239536
10	0.0038980971559817858
10	0
10	0
10	0.0039198614379937656
10	0.0038565763610417273
10	0.00430291695465418
10	0.003884779539228978
10	0.004222973035813244
10	0.005092537546423552
10	0.0044948463780966515
10	0.004468724306189789
10	0.004338690342728033
10	0.004050607870879669
10	0.0049000822039825444
10	0
10	0.0038500628167353517
10	0.0036709861828025186
10	0.004086282054544701
10	0.0041479551346791255
10	0.0035148296580488603
10	0.004274119733249417
10	0.0034496394953321347
10	0.0040556089496378775
10	0.00494552523950576
10	0.004430794737354029
10	0.004102567787422015
10	0
10	0.004590601192868705
10	0.003911410673860439
10	0.003514465981439355
10	0.003589053038895031
10	0.0040397278872935155
10	0.007416655930565209
10	0.0030924422161980685
10	0
10	0.0035378645213662526
10	0.0034290540564013003
10	0.004189458064714572
10	0.0038022440876985778
10	0.006622150781345314
10	0.004226418670850317
10	0.0038817957809361135
10	0.004077945890699375
10	0.00475426346144088
10	0.003434714851567489
10	0.003846800454363504
10	0.003913579418392894
10	0.003970918880586738
10	0.003912888040808444
10	0.004153760874946666
10	0.004652068251641144
10	0.004063552158385588
10	0.004269389813101657
10	0.0033849877838579277
10	0.00416992427046126
10	0.006342747471712898
10	0.003096644837807876
10	0.0050759443275374275
10	0
10	0.005708890055819124
10	0.003847904164062336
10	0.005014762300649219
10	0.003725291596284506
10	0.0032408740912004894
10	0.004118919062580557
10	0.0038067080124744635
10	0.0038812401493413156
10	0.005068656422479915
10	0.004681803140208821
10	0.003544675386991121
10	0.005672750535396646
10	0.005014796821843761
10	0.0029450009369763187
10	0.004259389995285508
10	0
10	0.00352273359085088
10	0.004710454097142063
10	0.00366999098376819
10	0.004087310060371222
10	0.003720312497722028
10	0.003529496349657674
10	0.0033554945236745006
10	0.00419005009686453
10	0.004486236223463768
10	0.005022795399496392
10	0.00500627052058519
10	0.004020713410126237
10	0.007926289056771198
10	0.003998635478209193
10	0.0032599978148925217
10	0
10	0.003898009541189527
10	0.004331248823735907
10	0.004564004395821824
10	0.0057019159928605795
10	0.003828870603845073
10	0.004122599832096629
10	0.0052389270074473014
10	0.0040266186714525525
10	0.0035551441612037098
10	0.004691260902889351
10	0.004002873640036369
10	0.003589656215051543
10	0.0044945113206830995
10	0.004335787969736141
10	0.004686000450775294
10	0.003911165154278264
10	0.004300297709556298
10	0.004505890745169655
10	0.004860250690218525
10	0.0043061859803305725
10	0.004107272097321489
10	0
10	0.00429861331553468
10	0.004578805545455377
10	0.003483332500821486
10	0.0039707050769401415
10	0.003994132590953027
10	0.0058900565465549535
10	0.005073431031916991
10	0.0044884379310617135
10	0.00324095352732955
10	0.0036889268889734417
10	0.005152992988328945
10	0.0035945877254826507
10	0.0035883729017542844
10	0.0059468561344069555
10	0.0047354880066953955
10	0.0040973088118570295
10	0.005184202152127893
10	0.004557079450982972
10	0.0050322892996265585
10	0.003460788328199936
10	0.008132654062672972
10	0.0036082456489337604
10	0.0036767462088649404
10	0.004668927057279391
10	0.0035625262640700075
10	0.0049531680965293
10	0.0038214150419242834
10	0.003992166188959932
10	0.006058238134754369
10	0.0044168828941212575
10	0.006437214968959902
10	0.004639110281933418
10	0.004426863425130711
10	0.007756850037405972
10	0.004819441329605436
10	0.00414963238089134
10	0.003251600562106295
10	0.00420478762185205
10	0.0033053500013889843
10	0.003147136551347604
10	0.003454984223093438
10	0
10	0.007510419104321555
10	0.003582330777312354
10	0.003680259802375374
10	0.004713829384149555
10	0.0038619270806117692
10	0.003896538969447902
10	0.003056767188563544
10	0.004011142501748629
10	0.004157340042443013
10	0.003469874461886257
10	0.0037217195127127226
10	0.004262008233658191
10	0.004417668888953498
10	0
10	0.005094553167969058
10	0.004066473256038304
10	0.00422623302973987
10	0.00409464149730126
10	0.003882673475491053
10	0.003498375322268485
10	0.00399547586460958
10	0.0035666499069267423
10	0.003705728520645675
10	0.005371208116998526
10	0.004144605024220985
10	0.003985365328081955
10	0.0037480493327709773
10	0.0031886551537795133
10	0
10	0.003616734570155767
10	0.0047199510514393484
10	0.004221191548540906
10	0.0051193746437869095
10	0.005382844153495058
10	0.004605045674200724
10	0.007516679107254857
10	0
10	0.006789241154370049
10	0.0037976850071388206
10	0.004266721454736694
10	0.004390940391415116
10	0.005094359101755246
10	0
10	0.0033809526681819403
10	0
10	0.004367516766695448
10	0.004157655693026857
10	0.00404110039765803
10	0.003753710472418207
10	0.006666652707490632
10	0.00432356012845209
10	0.004737030847379618
10	0.0044739644479595666
10	0.004281089405871298
10	0.004607255371974851
10	0.004451303612500963
10	0
10	0.004499753347016865
10	0.007146022485519132
10	0.00360117169678556
10	0.004741905146999109
10	0.0036642278822889636
10	0.004914649725061312
10	0.003063163970923071
10	0.004076227724488432
10	0.006214338063422191
10	0.003838078296498471
10	0.0045270797573540985
10	0.004066849343118582
10	0.00505709496434035
10	0.004106865715246291
10	0.00449328134056049
10	0.004687166304123665
10	0.0049199110230800985
10	0.004333377945346535
10	0.004045965502299442
10	0.0048998497850113775
10	0.004015868137457903
10	0.004325125548603937
10	0.006673919425470681
10	0.0043529296990480705
10	0
10	0.005284265024432279
10	0.003678168185815424
10	0.004533682636789207
10	0.007149869828628129
10	0.0031706485681302645
10	0.00447344767885564
10	0.004400795682865433
10	0.004054613434871661
10	0.00644672669279661
10	0.003494929169146123
10	0.004217356824754852
10	0.004216240315472904
10	0.009593338071136577
10	0.005185396838416863
10	0.003819338733732976
10	0.0029999963738775596
10	0
10	0.004227616496243348
10	0.004424984177065083
10	0.0038222157305402384
10	0.0051685332008146725
10	0.004262339823668853
10	0.003612854743602226
10	0.004209820384632066
10	0.0040203396913477225
10	0.004230245201490416
10	0.004270940800242773
10	0.004758814370436395
10	0.003912854031099016
10	0.003232018299746051
10	0.003661747574066203
10	0.0029344916602610095
10	0.003769057485634626
10	0.005848502252516315
10	0.005081087360564075
10	0.004000103206716235
10	0.003104630544060134
10	0.004911498413766793
10	0.007807624468188329
10	0.004662847332307792
10	0.004957458604500376
10	0.004316739926089062
10	0.0037986154752161776
10	0
10	0.0031640704120186585
10	0.004866198670017007
10	0.005021506211535817
10	0.004902959949488945
10	0.004807805994437279
10	0.004460470214382404
10	0
10	0.005996516295871021
10	0.0038519668793238807
10	0.0039045168521181254
10	0.0033161864412176484
10	0.005120114747320886
10	0.003759196928597384
10	0.0036989169741202606
10	0.007072493817414743
10	0.0032091066735275217
10	0.004232935212075425
10	0
10	0.0049688485143880206
10	0.00546590526726717
10	0.004251198060500399
10	0
10	0.004644907380109554
10	0.007525589539873757
10	0.003818246343144599
10	0.004969809830971742
10	0.004669807941056651
10	0.004435000280707354
10	0.00451989942046271
10	0.005063326568792164
10	0.003804750255606975
10	0.004802022236048855
10	0.004221990623743679
10	0.004815097172352234
10	0.005606429292026856
10	0.004206031537035556
10	0.004214174951920261
10	0.0029753308289238727
10	0.004751234524773592
10	0.0051340108111053925
10	0.004421687163806624
10	0.0034468346441185902
10	0.003441331994925745
10	0.0034931819605845153
10	0.008038427330207907
10	0.004223884238967827
10	0.003907645545277782
10	0.0030668223598065494
10	0.004294239667429238
10	0.004166686256649008
10	0.004448575235687067
10	0.0042460921517224245
10	0.004144522884937486
10	0.003806598705101769
10	0.004615741075880884
10	0.005780355947793792
10	0.00428568293787619
10	0.005031654907872419
10	0.0036951649284984477
10	0.004151770700146101
10	0.004137433150493865
10	0.005326859931097271
10	0.007676312464337308
10	0.003318753247216
10	0.0037147759913285314
10	0.0045239235339139166
10	0
10	0.005428661260997865
10	0
10	0.004078222372590273
10	0.0032447027414474073
10	0.0033992854028614718
10	0.003927754784641334
10	0.003889687945991519
10	0.0062145272471055835
10	0.003779027827237043
10	0.0040613023454665826
10	0.0036323292297383374
10	0.0034604063262244386
10	0.004202949804165217
10	0.00373645609632547
10	0.0038230391732603846
10	0.004472295535315917
10	0.0038321220589496085
10	0.00479214389987317
10	0.004518426536937426
10	0.005322624440452806
10	0.003766510916287373
10	0.0032814946189910345
10	0.00432967803777676
10	0.004877860129127041
10	0.005464629132187734
10	0
10	0.005459665606542943
10	0.005117039887875093
10	0.0033866822113661813
10	0.0037350029522730307
10	0.003744491190007032
10	0.004296793488853211
10	0.0040900876792898345
10	0.0034457606876767068
10	0.0032306313074102863
10	0.003819599808485437
10	0.003995516103605722
10	0.0039984089145104346
10	0.0046307592990148805
10	0.004749368151174517
10	0.004630042237227771
10	0
10	0.004927986746110272
10	0.004732650553397039
10	0.004071432392799428
10	0.0039164157064009
10	0.0050935073924538166
10	0.005246875806319489
10	0.003520848067336556
10	0.0035801450325442176
10	0.004235358393582583
10	0.004696243280647039
10	0.00496141764660105
10	0.0035749321830984616
10	0
10	0.0038407729776287762
10	0
10	0.00317122978590237
10	0.0035146054611381967
10	0.0036379971315279574
10	0.004786384005159279
10	0.004121712793190538
10	0.010655770599270592
10	0
10	0.003847585820270184
10	0.003544882342616703
10	0.0041742735693008366
10	0.005004779345574147
10	0.007153986981439314
10	0.004672623094095587
10	0.004645738027297971
10	0.004307611548044575
10	0.004882129080087195
10	0.0038473901980246267
10	0.00415283147132731
10	0.00409357084119202
10	0.003264317094655452
10	0.0037876882475851833
10	0.0037221368863231104
10	0.003448421190218596
10	0.003995317790307937
10	0.0023683517961965404
10	0
10	0.004255372773313105
10	0.003316910830320597
10	0.003492367946079526
10	0.004066766007175326
10	0.004271775665568424
10	0.0038318834591815816
10	0.005017471388635373
10	0.0029268271291659617
10	0.003918476444334297
10	0.004464656073639701
10	0.004659618043754064
10	0.0046366193597881114
10	0.003953572170345664
10	0.0033514475481213855
10	0.003518457570401694
10	0.0038096311805850417
10	0.0068787591983270795
10	0.005470635841597599
10	0.004607548760846061
10	0.005777172458493295
10	0.0036393786002808246
10	0.005659543498633745
10	0.004229690884751081
10	0.0036808793989670796
10	0.004844648519778862
10	0.004019975341263403
10	0.003933499026510802
10	0.004272247553450467
10	0.004490236148625446
10	0.0042729704966801875
10	0.007008073577224324
10	0.004148291564447315
10	0.00754326710442734
10	0.0038090553555211646
10	0.0036451540847724537
10	0.005418110740850388
10	0
10	0.004360636102696729
10	0.0038736303091826494
10	0.008274045368559076
10	0.004257303055925716
10	0.003907998217284987
10	0.003476773052422144
10	0.00422940098399249
10	0.005296946056868537
10	0
10	0.004012861110543847
10	0.0033749937813937936
10	0.004993960963494433
10	0.005011685026823593
10	0
10	0.004881496217409208
10	0
10	0.0038315091914735053
10	0.0036464663171596814
10	0.005974442686891517
10	0.004755020057700932
10	0.004640281979165851
10	0.004561427958778116
10	0.004102328386695257
10	0.0029463601243719722
10	0.004582308955812473
10	0.004583029255329547
10	0.004710716951547802
10	0.0030783373747576928
10	0.0029968817328649934
10	0.006081115629338299
10	0.003630908587174038
10	0.005616169819677648
10	0.003391597812396735
10	0.003368963233067737
10	0.004795317649246214
10	0.004710060161916776
10	0
10	0.004489727291179882
10	0.005966057009164291
10	0
10	0.0024149980726036525
10	0.00449850186721624
10	0.004152341352890568
10	0.0028723113870700438
10	0.0035884531507862296
10	0.003985735160165404
10	0.004423181034885307
10	0.004046119650135658
10	0.0029934178522404258
10	0.0045533582446288965
10	0.005748723167432711
10	0.006377246248780329
10	0.005316218238901324
10	0.004140987404975862
10	0.004183055528182419
10	0.004157207754799499
10	0.003861250818619757
10	0.003524023670720792
10	0.004158479546815974
10	0.00553925114703442
10	0
10	0.008078352821004161
10	0.003933390153590869
10	0.004058830798024774
10	0.0045790244923450425
10	0.0049981501155134025
10	0.004942149123853356
10	0.004873871880511056
10	0
10	0.003792476546900431
10	0
10	0.0046678019533345164
10	0.004418156770062915
10	0.004794591141325809
10	0.0032385791332912367
10	0.003674540664437488
10	0.004176800936606039
10	0
10	0.0033928002596310073
10	0.005036114788515614
10	0.004657693122351782
10	0
10	0.004234902981982784
10	0.0039113412229849825
10	0.0034748650712028055
10	0.003960329848038705
10	0.0032719585246209952
10	0.00439047998080912
10	0.004615084218659249
10	0
10	0.0032075265169378853
10	0.0031045917427438524
10	0.0036653626750145674
10	0.003599825577654065
10	0.005343322384164631
10	0.0035878051926974885
10	0.0039006972408833825
10	0.0036881781229435033
10	0.0035103571567331703
10	0.00416099615591364
10	0.004773824630735694
10	0.004179887011908287
10	0.0034437560814309575
10	0.004908891537271365
10	0.004290783747285531
10	0.004107458347557734
10	0.0041907569783327684
10	0.005208176990497672
10	0.0035379876948559226
10	0.004236211167661509
10	0.0037203912637549467
10	0.003293994962953118
10	0
10	0.004722572008754259
10	0.004743982140624938
10	0.003728443506048981
10	0.002998340402727918
10	0.003473462433709996
10	0.003912536641770439
10	0.004548331616866327
10	0.005007867441585337
10	0.0031166011766970243
10	0.00600291371162198
10	0.0062814105466544425
10	0.0037776987699902963
10	0.003955584454863506
10	0.00539948850511735
10	0.0040560213918916935
10	0.0037100972017071617
10	0.008426954494045558
10	0.004675191303768569
10	0.004132620537009005
10	0.003989334041520136
10	0.003980558557675605
10	0.0031167424527625224
10	0
10	0.0036625282634223807
10	0.005508901668822629
10	0.00472921403301685
10	0.0035748311035027204
10	0.004580123028350033
10	0.004571221589630314
10	0.0053396471274459465
10	0.004828448336633909
10	0.004572084699716955
10	0.004648085260107313
10	0.005065257673713473
10	0.0040623447247007775
10	0.004302375962986147
10	0.004324695108825169
10	0.0033691356075314103
10	0.004550625444051493
10	0.005469178483306754
10	0.0064579526922318295
10	0.0037974034981788237
10	0.005944608584630405
10	0.005279329977386146
10	0.0038860069228713735
10	0.0032917095319415788
10	0.00461325072572516
10	0.0031936601481942473
10	0.003631906012548298
10	0.00361059606720695
10	0.003945305332386535
10	0.003884223161106713
10	0.003959534076812506
10	0.004171786684957653
10	0.0047435896401264
10	0.0038084185957637105
10	0.004700541667026684
10	0.00403709248534948
10	0.0040034302591251125
10	0.004178880168139124
10	0.004963270209802716
10	0
10	0
10	0.003759063921999942
10	0.0036317285216016203
10	0.0037101353117212237
10	0.0047417073768990636
10	0.003927957230370965
10	0.004122950976833906
10	0.0031379202443102016
10	0.004113884936454497
10	0.0032065776661945452
10	0
10	0.003975545720292755
10	0.004214358909566653
10	0.004455454122748425
10	0.003884504648236858
10	0.0046064027206667605
10	0.003415733202330629
10	0.0037986268895924794
10	0
10	0.003514613826945277
10	0.004048421500949152
10	0.003618357319128868
10	0
10	0.0051592979916258355
10	0.008460157257343667
10	0.005745687639756785
10	0.004961151165889629
10	0.004406014381429244
10	0.004317547160967344
10	0.00548119487492404
10	0.004491863505365878
10	0.004316901889714459
10	0.006568342600772494
10	0.002801375677791428
10	0.004179807472501865
10	0.004230670583372511
10	0.0057522929636048565
10	0.004025007269476049
10	0.0038621068970307753
10	0.005214193478130317
10	0.002958043704598678
10	0.007974012567597746
10	0.0030295688234553363
10	0.0034063968535948835
10	0.005508499410574339
10	0
10	0.003519029463097546
10	0.0027927923134092505
10	0.009150913394501404
10	0.005312736010052531
10	0.005156753552765015
10	0.003546003220791762
10	0
10	0.0032441452054301962
10	0.004171454420178156
10	0.004048315157127316
10	0.003766274928962642
10	0.005040718190941183
10	0.0069709621709702786
10	0.004918590151041667
10	0.0040013491436465855
10	0.005442009959449777
10	0.00693837051477393
10	0.002822570820025943
10	0.007207332125394291
10	0.002728663508716349
10	0.0041021186338073366
10	0.005184170609263201
10	0
10	0
10	0.004383025403892098
10	0.0036901888232496126
10	0.004651709563961084
10	0.004696127542348351
10	0.004139429155336803
10	0.007138629349092891
10	0.004536477317773748
10	0.003974700432711204
10	0.0037490786183822745
10	0.004671159335456858
10	0.0036583193667396284
10	0.0030802519185959294
10	0.006401202003570254
10	0.003366082387933756
10	0.003504431006976638
10	0.00472899102481709
10	0.004457350442773171
10	0.005515303001570683
10	0
10	0.0037740940894049678
10	0
10	0.005069236454694155
10	0.003787280922696458
10	0.004755261516113829
10	0.005042706908020532
10	0.005566288700083786
10	0.005804460396462363
10	0.0035650744615063463
10	0.005349732642215228
10	0.0035378374967193916
10	0.003813219257156249
10	0.004245846210510174
10	0
10	0.0035111045025900617
10	0.004556285552092008
10	0.003834199181656899
10	0.004733689829662834
10	0.0033872701389190485
10	0
10	0.0032194514808804643
10	0.004328407666726655
10	0.004441831876361521
10	0.003951710863875124
10	0.00380535271177607
10	0.0037645700441910593
10	0.0043686210876578285
10	0.005855592090527979
10	0.003714081588397498
10	0
10	0.006415952853057212
10	0.003079530478813629
10	0.004738326825684983
10	0.004936008150516279
10	0.0056732954783103515
10	0.003729795093683994
10	0.005105969457505625
10	0
10	0
10	0.004097979226267028
10	0.004405571287530322
10	0.0036291567876880902
10	0.0037944262734856096
10	0.0054525591493047795
10	0.0037565280629659826
10	0.0038011128048424927
10	0.00444335892814666
10	0.004561364434060544
10	0.004221771087236852
10	0.004783997671414568
10	0.004528101178265439
10	0.00463854961858552
10	0.00633327589633491
10	0.004652820329020845
10	0.004317491245642667
10	0.003479853911914388
10	0.003808359872884874
10	0.004218135540355522
10	0.0033639200768855993
10	0.003966650081256256
10	0.004074915927856938
10	0.004112936585886838
10	0.0039916743162711895
10	0.003166925038575289
10	0.003990164444435321
10	0.0043973918263661566
10	0.00478697706111465
10	0.004872181876738803
10	0.0036732083105614492
10	0
10	0.003989512363522909
10	0.0034848954800622708
10	0.003782999323966002
10	0.004154538311935741
10	0.0032115462625380196
10	0.0040196204550829754
10	0.0035414677736207295
10	0.0036755387003875586
10	0.0034870115398893033
10	0.005187682388424719
10	0.004835928227735443
10	0.0052778451308770095
10	0.00361542344882994
10	0
10	0.0034975408900154367
10	0.00422569597282513
10	0
10	0.00499121299865162
10	0.004406886999102016
10	0.004437323775633503
10	0.005814780886337731
10	0.004484906975651455
10	0.0029004544211520913
10	0.003956540432576739
10	0.004526912341003898
10	0.005736616907442113
10	0.0036183930077441206
10	0.003719955627121913
10	0.004459971245597225
10	0.004314172757838062
10	0.003863168662443116
10	0.004254035327002456
10	0.00427668456241296
10	0
10	0.00576171956461062
10	0.005768471221048132
10	0
10	0.004623704732791756
10	0.004271488034663992
10	0.003376968433060583
10	0.004142804708582113
10	0
10	0.0056308299527045155
10	0.0033415280153103384
10	0.004448370453206833
10	0.003980890355765661
10	0.00785238548362705
10	0.005775438427603608
10	0.00534411556592249
10	0.004539484402571837
10	0.009351181009807983
10	0.004458618050620628
10	0.0044987228646284775
10	0.004877322944693314
10	0.005890056622646035
10	0.004350741449678395
10	0.004209283458256349
10	0
10	0.0035361550737636415
10	0.0038071724177262413
10	0.004476151782652353
10	0.0038720245840563115
10	0.003793933426713844
10	0.004755381198581149
10	0.003480192764872592
10	0.0029153088737610233
10	0
10	0.00524878049457607
10	0.00815085757034691
10	0.00533174428421036
10	0.008707197391542085
10	0.004650134296656588
10	0.007747848641613346
10	0.0032571491536875015
10	0.007525333257232728
10	0.0039216259500251816
10	0.004350170421086102
10	0.005691675046703022
10	0.004220061188471424
10	0.002667311301729169
10	0.0037936634509663637
10	0.0046854987641281294
10	0.004054225897399104
10	0.0035436262068354683
10	0.003369803122820345
10	0.005268268419032499
10	0.006305422809003877
10	0
10	0.0029042268093422553
10	0.003874166768125646
10	0.0036844395128641364
10	0.004101998831596533
10	0.003727413377542857
10	0.004353570898204594
10	0.004001999332978691
10	0.00450565504556264
10	0.002359366282381926
10	0.003933703411620881
10	0
10	0.003963749633083841
10	0.006006888388495349
10	0.0040402918186178876
10	0.0035422417769130172
10	0.0038544329424303396
10	0.005188049627682035
10	0.0037844763584537647
10	0.00363814513671613
10	0.004085229396758778
10	0.0036838564362663482
10	0.004280109551691325
10	0.004090849157867098
10	0.004196949237633771
10	0.0036922489640048442
10	0.003326162838503117
10	0.003551468284150004
10	0.004039525296658789
10	0.0043710639868807175
10	0.004567132368075602
10	0.0040405952874307954
10	0.004473732912453604
10	0.0056315381983683774
10	0
10	0.005079063172246229
10	0.004649383699981809
10	0.004604232891908909
10	0.004727377936802835
10	0.003597386027276377
10	0.003753533102719072
10	0.0038100039708328674
10	0.0044393520728549084
10	0.0041337933068079985
10	0
10	0.004729432722018588
10	0.003598656543369035
10	0
10	0.0034839500074712536
10	0.0036997022451813366
10	0.004460040925366607
10	0.0037603744670825314
10	0.004298369868866663
10	0.004343760214518973
10	0.00430295078156196
10	0.004792658084419016
10	0.004393198322425345
10	0.006017909161062784
10	0.004455463376919806
10	0.003776266894694534
10	0.004049330804685966
10	0.004354288948497893
10	0.003730212903741682
10	0
10	0.0038334672921271824
10	0.0037501787026902457
10	0.004981234444065399
10	0.004089032698326176
10	0.0035516207568864074
10	0.005094300411073842
10	0.004202241130464401
10	0.008264366946870105
10	0.0057662856980824385
10	0.0027977405527070797
10	0.0049834431719042805
10	0.0037886404516887717
10	0.0032585351008280615
10	0.003696509022956656
10	0.0040782793773675415
10	0.007944174012189897
10	0.004185507693968023
10	0.003777054651837695
10	0.004487682243138765
10	0.004802308652429048
10	0.004167058601826594
10	0.002943647507110151
10	0.004504548473596164
10	0.004729103659850197
10	0.004077617679860009
10	0.0041752118824106045
10	0.004198683783723052
10	0.0051628057145258624
10	0
10	0.0040549961794097925
10	0
10	0.004229848902047954
10	0
10	0.0035600764599747407
10	0.0041063551760694515
10	0.0036567849675309422
10	0.003118576185985324
10	0.0027582427143796905
10	0.004474122158545448
10	0.004947398589299468
10	0.005361560046207969
10	0.003949148335792835
10	0.00368604733692566
10	0.004861789869072466
10	0.00682283526992923
10	0
10	0
10	0.004490791819348218
10	0.003940193139444001
10	0.00422303715273385
10	0.005878732329090138
10	0.004385184968215945
10	0
10	0.0030820686670978165
10	0.0027103216986723703
10	0.0037318598559495683
10	0.0036052143067491207
10	0.004235645034786118
10	0
10	0.005256527538923941
10	0.005209513688560134
10	0.0037276385218589438
10	0.003582128365377532
10	0.004005680664410378
10	0.005085388824642067
10	0.005240832015855055
10	0.004439480000021053
10	0.004081709951383016
10	0.003634181802950955
10	0.0039293037206157245
10	0.004606043863394767
10	0.003604112538283062
10	0.0042198391907495615
10	0.0055810758195657326
10	0.004753269324366371
10	0.004109763763280855
10	0.003844311885389255
10	0.0034227677423126325
10	0.007343064018275079
10	0.004186438714678658
10	0.004618301727966268
10	0.004159034986018993
10	0.006196005702769396
10	0.004192718619804887
10	0.004935946780831624
10	0.0036294889014357222
10	0.003789254793098161
10	0.005213020874331567
10	0.005515032541502772
10	0.004759469193642538
10	0.0035420914801611338
10	0.003710684908323514
10	0
10	0.003602855348478326
10	0.006192375963601613
10	0.004174753107554754
10	0.004371473497128052
10	0.002987262152481296
10	0.005020959905864979
10	0.004914842341868243
10	0.0037399632723067685
10	0.004851463830021876
10	0.003584748999709593
10	0.00390820909781044
10	0.00422628336737748
10	0.0036730369728338007
10	0.004049679912500356
10	0.005331593803249359
10	0.004789800443516233
10	0.005355120137353243
10	0.004005916339471619
10	0
10	0.0037292405831102697
10	0.003991106280388262
10	0.0053412393879816306
10	0.004392769905908229
10	0.004418518146871121
10	0.0037651287492495534
10	0.004030265676901031
10	0.0036473155618868655
10	0.00842621567113175
10	0.0033666620980880983
10	0.0036920180176134377
10	0.0038090187441749174
10	0.004313768233054271
10	0.004573014317800738
10	0
10	0.010289851250555218
10	0.00408787453021674
10	0
10	0.004367747412477633
10	0.004110527827166255
10	0.005291915370620475
10	0.004809834724011325
10	0.004423541696751723
10	0
10	0.004109577178813024
10	0.004704137223746463
10	0.003817897166473801
10	0.004617895368320985
10	0.004402579827350249
10	0.005269586309383171
10	0.0044104083273465685
10	0.004151957308511487
10	0.006841789979352809
10	0.00349991787687713
10	0.003672883997900869
10	0.004405845309095835
10	0.004943122366900593
10	0.0060128508410943445
10	0.004281364769741581
10	0.004580424297520729
10	0
10	0.004300452312184987
10	0.004918135106543013
10	0.004135751409969481
10	0.004880162763758935
10	0
10	0.004123333641202434
10	0.004162552859960955
10	0.0030085031725145435
10	0.0038710804323966153
10	0.004671984618901777
10	0.004328184916681013
10	0
10	0.0042398709897270145
10	0.003597615587913908
10	0.005532442939586797
10	0.004775757940453091
10	0.004920562127996877
10	0.004502467729148579
10	0.004259506213927276
10	0.005611339861239905
10	0.0032731420653327853
10	0.005049075785584603
10	0
10	0.004983313652622908
10	0.003148347784311527
10	0
10	0.0040392304792759405
10	0.00416582620089597
10	0.004339040816250377
10	0.0040190537174450225
10	0.004576741516343378
10	0.0051553894470435895
10	0.0047854057928580634
10	0.0035322680817939183
10	0.0043261852584862625
10	0.004182498428432614
10	0.004347745943114875
10	0.003843200671383047
10	0.0032650477718732117
10	0.006189601002058781
10	0.0032785564959868733
10	0.0032105304219348374
10	0.003455417906202072
10	0.004039967135246305
10	0.004431864045315558
10	0.004103414377344044
10	0.003816280111714698
10	0
10	0.004711646587624059
10	0
10	0.004108117973026822
10	0
10	0.003983477152921842
10	0.004325296641950516
10	0
10	0.0037219934460247803
10	0.004850474168410333
10	0
10	0.004175733003243435
10	0.004142140448908328
10	0
10	0.00478714111224831
10	0.0038470882512764543
10	0.005429187630546161
10	0.003927383961279168
10	0.005339828604498835
10	0.004196115679227283
10	0.0055491661810127355
10	0.005124832094960296
10	0
10	0.0036377767826305998
10	0.003242602510796733
10	0.0036622873430403376
10	0.0037785836764764
10	0.004585520763842743
10	0.003407808893256336
10	0.0033160181830002677
10	0.005048431168480706
10	0
10	0.003820635342932293
10	0.004403318018201497
10	0.005087871579444585
10	0.003962390314798266
10	0.003925229180604617
10	0.007952774553239353
10	0.004030900003899235
10	0.003922261391566661
10	0.003017989513834039
10	0.004710035441182739
10	0.004970912776553167
10	0.0042568734680332645
10	0.004438224982648322
10	0.003769389490420991
10	0.0036852374026483995
10	0.0040020160683861975
10	0.004058150027259459
10	0.00346404569300229
10	0.004068110520363846
10	0.004992278195689617
10	0.003468593638682054
10	0.006085760660173731
10	0.004526245932687984
10	0.004261591380148075
10	0.0039113388953652736
10	0.004886008040295134
10	0.009812383816691346
10	0
10	0.0030624905400589274
10	0.004104671350350256
10	0.004472674166546436
10	0
10	0.0030773703680284366
10	0.003322908378609793
10	0.004208148174221409
10	0.004616936004808857
10	0.004172765732352792
10	0.004250085688265355
10	0.004368488041622379
10	0.005897986638473328
10	0.0050728717190247855
10	0.004658367858498065
10	0.003985853236553772
10	0.009315701818193755
10	0.005249290566080725
10	0.006149063535428998
10	0.004817128209251185
10	0.0037002116235730215
10	0.0036395087157304272
10	0.0027310822684669576
10	0.005732646236570868
10	0.0036253776343621188
10	0.005033846817037598
10	0.0048329285071313
10	0.004707079806052425
10	0.007121629812741433
10	0.0038968224771904953
10	0.00358401463114322
10	0.005532297880481722
10	0.005478115359958387
10	0.003365461206901403
10	0.005033649947663
10	0.0037465216886259454
10	0.004530459824544043
10	0.005046331039141854
10	0.004093294066130324
10	0.004399895493907678
10	0.003040428157384851
10	0
10	0.003247743637459279
10	0
10	0.004189001493619857
10	0.005398224921661524
10	0.004095960492581928
10	0
10	0.0038043790539958864
10	0.00808354386446471
10	0.004552776646179671
10	0.00398610019036034
10	0.004043824439798137
10	0.004575273827987231
10	0.0030029440602821205
10	0.0036110159613164283
10	0.005764726885110016
10	0.004264764832595817
10	0.004890245716099304
10	0
10	0.003242271252111359
10	0
10	0.004683122506557839
10	0.005765864342853156
10	0.006583450546155156
10	0.0042476471254159895
10	0.0034968154906781694
10	0.00455030615504262
10	0.004643239125899439
10	0.004563632475981729
10	0.0036367477948269136
10	0.003735857179445489
10	0.006038253495440645
10	0.003133441797975514
10	0.0048945018754802325
10	0.004824450327406242
10	0.005347558906819822
10	0.0043996872640705955
10	0.0034960488575566115
10	0.003494184146554631
10	0.004308243154405353
10	0.0042620052233707595
10	0.0045263851163179466
10	0.004073099280593159
10	0.0038063520526880725
10	0.0035652277410766365
10	0.0035840447405395904
10	0.0035599083502519608
10	0.003696035729727974
10	0.006936663308405451
10	0
10	0
10	0.005912682134081454
10	0.00298833952664729
10	0.004251525010057074
10	0.003644543798737687
10	0.0035759732059182504
10	0.003125143107949057
10	0.004761461317875378
10	0.0041999204569912055
10	0.00439172105359458
10	0.0041749850391825495
10	0
10	0.003379774064276202
10	0.0027508283557563184
10	0.005141147195297093
10	0.004922482089577239
10	0.0045490814470273335
10	0.004295674676646287
10	0.003942221800520338
10	0.007447546271391256
10	0.004719715618458692
10	0.0041017710889307245
10	0.0033289253547695015
10	0.005666448664592123
10	0.006267648647791873
10	0.0033123721919014054
10	0.005333437249865073
10	0.004951104067993053
10	0.00289981529940792
10	0.004045159137501116
10	0.003158880749512997
10	0.005864261592227747
10	0.004174926721075006
10	0.004305797735025971
10	0
10	0.003932457903760676
10	0.004415496678966678
10	0.0048721759482705535
10	0.003176962815744327
10	0.003827184116053197
10	0.005016623050379681
10	0.00450376066378936
10	0.0034771705740440635
10	0.003925760543147892
10	0.003245446942960751
10	0.004271230805646925
10	0.0035992168795235375
10	0.003915309288397344
10	0.004072714576370045
10	0.00498596826583658
10	0.0036270497921706063
10	0.004703378879357469
10	0.0035748695464202693
10	0.004169720106145821
10	0.003857091369902558
10	0.004647722914001201
10	0.004103467698240093
10	0.0030087708382981505
10	0.003336282047228933
10	0.003772111001878229
10	0.0037426360736665014
10	0.0028099737855038095
10	0.0032508722587141826
10	0.004196204038315788
10	0.0030065038274138633
10	0.0033302369074714277
10	0.003312632252973275
10	0.0058286370472248866
10	0.004725123651179941
10	0.006141005640010066
10	0.0054227293924603796
10	0.00433192634659806
10	0.004627849145458628
10	0
10	0.008171790741500491
10	0.003802165953503567
10	0
10	0.0038687025174492513
10	0.004059465031842757
10	0.004916390533571228
10	0.0032911382788835
10	0.004350034404990687
10	0.004240702881712547
10	0.004316600576607289
10	0.003593157227499804
10	0.003922320340611777
10	0.005136763530785021
10	0.00394857409783288
10	0.003139028948078395
10	0.008093904913686292
10	0.0040244881849879925
10	0.004486497794183955
10	0.0043722775615655475
10	0.0031762100090445902
10	0.004334261977785146
10	0.0032479877526145214
10	0.004177261738614291
10	0.0045642598300484555
10	0.003495004843771507
10	0.0037690721123895795
10	0.004016415403927657
10	0.0036834990634605335
10	0.004721578368788438
10	0.00492273913346326
10	0.0044274573545799705
10	0.005581507321398094
10	0.0038090625373605946
10	0.0032976201033464137
10	0.003760370546465232
10	0.004188284751581608
10	0.006291501825966938
10	0.005121323051636609
10	0.0037940473159270567
10	0.0034865807116263936
10	0.0036900204123149366
10	0.0032426886020640562
10	0.00546269812746719
10	0.0030440363435007543
10	0.004910433727302116
10	0.004683734068080235
10	0.004022771635050553
10	0.010427262076859366
10	0.00446765265421495
10	0
10	0
10	0.0035534182678401372
10	0.004242498449044512
10	0.004241844169284975
10	0.0037049636591429034
10	0.004430049183699555
10	0.006724701795083428
10	0.006831542822475427
10	0.004386083890352888
10	0.004665620532472884
10	0.0035446718902545486
10	0.003799232471540883
10	0.004378455615498168
10	0.006094381205641815
10	0.003990640392291536
10	0.004774207224101899
10	0.0032816873419867845
10	0.0032546318808533855
10	0.0037581537033087773
10	0.0040938134895134575
10	0.0031273171793898165
10	0
10	0.004771234581623173
10	0.004792641210989562
10	0.003968224758893997
10	0.004708159395298107
10	0
10	0.004175357897953361
10	0.0037651044843153235
10	0.005522276169745123
10	0.004709936593659549
10	0.004216757319227754
10	0.009141899999955804
10	0.003628137776256227
10	0.00444913583860614
10	0
10	0.003980738846627974
10	0.004167409975309392
10	0.00448447556207321
10	0.0037360560193517144
10	0
10	0.00420668444965077
10	0.004252575846910501
10	0.005014138079041864
10	0.004518354224468717
10	0.00466792942578918
10	0.004269336556704062
10	0.004053463878011181
10	0.004266784950717967
10	0.0034482433818258888
10	0
10	0.0035647716788079434
10	0.003815026414746022
10	0.004646451544206311
10	0.00459493458180251
10	0.00453262822840224
10	0.0037095583651692737
10	0.004935465491701393
10	0.00478823612771973
10	0.005369315148765408
10	0.007869182830207225
10	0.004178778876803308
10	0.00471342067459244
10	0.004397455146301872
10	0.0036293421248763504
10	0.003659872711969381
10	0.004437373177246165
10	0.0048789054133334285
10	0.0042233677688139504
10	0.0038188891162584068
10	0.004027952798983471
10	0.005116302683119235
10	0.0044998355090745375
10	0.0030270259996783453
10	0.005041275315117886
10	0.004246155131174721
10	0.005361752422619633
10	0
10	0.004289339254862135
10	0.004508747504876212
10	0.0030110416719694093
10	0.003943017887874788
10	0.004423726476143153
10	0.0031245660406950654
10	0.004125726798292297
10	0.004785205603216019
10	0.0035850680446058393
10	0.0051611440032717035
10	0.004517977764011312
10	0.004122341155746589
10	0.004072692679159495
10	0.004395790546475874
10	0.003881808780057008
10	0.0050993911835254535
10	0.004394715578262118
10	0.004100723492668225
10	0.003632241496716375
10	0
10	0.007107381768366362
10	0.0037421039655010347
10	0.0027106769659878053
10	0.003849159911187686
10	0.0034611612248597197
10	0.005359661477229468
10	0.0032401940053193635
10	0.0037160569243763096
10	0.004631099463831833
10	0
10	0.0027644840625441515
10	0.004263432308835906
10	0.004483947419945473
10	0.004095241524148569
10	0.003605683164599989
10	0.00449141523614008
10	0.004335005342895376
10	0.002946405728516542
10	0.0037197684246461377
10	0.004039551165965679
10	0.0033607047612839195
10	0.005471979952505139
10	0.004295663231847917
10	0.0034188951517745286
10	0.0036321984742720657
10	0.005549541862833276
10	0.004481041943235755
10	0.00502021973345212
10	0.0039374172903163755
10	0.005327076877423041
10	0.004170598455596676
10	0.0036893894487545352
10	0.007791332677590102
10	0.005263149690938985
10	0.004403795083717846
10	0.003925713349651251
10	0.0034574297004056035
10	0.0036176584235528084
10	0.003761378532712633
10	0.0032139088575088588
10	0.004942518523270258
10	0.004736181857799354
10	0.006809876121745865
10	0.005009992528153708
10	0.0038929418058669296
10	0.0037991480381155615
10	0.0046914273880265395
10	0
10	0.0036609395876438283
10	0.004492980409904049
10	0.004829283645944827
10	0.005200463502291634
10	0.00556413120969944
10	0.00356336249387855
10	0.0046457317666626155
10	0.0032536942754440587
10	0.005171444329082015
10	0.0039126951878340555
10	0.003540272193721025
10	0.003748012422610708
10	0.0034205252146713968
10	0.003722199784061685
10	0.0037135858667915263
10	0.00407007492897349
10	0
10	0.0029907621334978735
10	0.003702715370396939
10	0.004912828030341267
10	0.004996794378778967
10	0.00390703403496778
10	0.004311470942467118
10	0.0043907059573321085
10	0.0037945058725083114
10	0.006043941697231507
10	0.004072051030000282
10	0.0062749147657549815
10	0.004641979569020182
10	0.00430339272161398
10	0.003757847264685089
10	0.005605437238049584
10	0.00358382418690485
10	0.003775732155761319
10	0.004273538621493121
10	0
10	0.00925995009111607
10	0.0033048752011616365
10	0.003987002265488287
10	0.007449111693893458
10	0.005608241195864615
10	0.004551029184438352
10	0.004561336414479098
10	0
10	0.007836928350341218
10	0.003226697703010471
10	0.003411477964007458
10	0.0037400623570612106
10	0.0046375437586161855
10	0.004811018948905027
10	0.004128328360332591
10	0.0038698657295372775
10	0.003631614153863985
10	0.008141697917362176
10	0.00348430059661421
10	0.006199664749444641
10	0.003989852793036889
10	0.00404491078869635
10	0.005732810714112632
10	0.0030029394831681726
10	0.004250041849835392
10	0.004667207069192856
10	0.002751984008133769
10	0.004825246479192711
10	0.0034206369584444526
10	0.004824115018007175
10	0.003802825244956845
10	0.004733790399759535
10	0.00360342900935574
10	0.005912707123760854
10	0.005780094536415322
10	0.004925985743734118
10	0.005074316217697638
10	0.004204089792348887
10	0.004143264828177383
10	0.003796049452706922
10	0.0037777450592988066
10	0.004196462530845929
10	0
10	0.0037298972969000586
10	0.004473089321581596
10	0.005383074760418885
10	0.0034684270406985405
10	0.0041665718497221095
10	0.004981038881389686
10	0.0034381145933818453
10	0.004135476484744672
10	0.0050078047720317435
10	0
10	0.004879728326034168
10	0.0032311245913668645
10	0.0037391202028994133
10	0
10	0.006280845938705203
10	0.0041142669106535
10	0.0051455715335988715
10	0.003899494596870052
10	0.004433061231439446
10	0.003963906103154384
10	0.005223668385204736
10	0.006487400561238401
10	0.005593230147717574
10	0.004075327795968049
10	0.007942819584460825
10	0
10	0.003959034373679476
10	0.005957584796313592
10	0.004384323474284532
10	0.0038815977906338736
10	0.006002939648693653
10	0.004823454152927531
10	0.0034037160610683637
10	0.004639331526456405
10	0.003280599829761335
10	0.004517939331712087
10	0.002921997809534007
10	0.004435506108057382
10	0.0037175358248199863
10	0.0035885072944380823
10	0.0035501916847891788
10	0.004102977979177525
10	0.003725433817884212
10	0.008753222960034588
10	0.0038502008525355016
10	0.005002372681729578
10	0.0032047776595932964
10	0.004306734004457444
10	0.0030209827012773987
10	0.004188365414093296
10	0.004834965438122921
10	0
10	0.004664234660465801
10	0.0038074263520091302
10	0.003036071227292288
10	0.004602977708467237
10	0.0054920553069173605
10	0.00567844082043766
10	0.004046722871209061
10	0.00430486999499442
10	0.003911943950974404
10	0.0036668573655528566
10	0.004078998785475322
10	0.0032252410306629004
10	0.008076576653803912
10	0.00295996940022202
10	0.0032137918835589054
10	0.005147894481080379
10	0.0034222231337463116
10	0.004176443188087054
10	0.005850067661516673
10	0.004182561347602507
10	0.0046391864013785875
10	0
10	0.00724587545469666
10	0.004428306661971025
10	0.004826958841284247
10	0.004005786471279954
10	0.004852625876421763
10	0.003957818077258421
10	0.004778925000587738
10	0
10	0.003432804145716572
10	0.003276951891054152
10	0
10	0.0037434919014399264
10	0.006261793465105951
10	0.007133956845582656
10	0.004182823662775155
10	0.003495378749213952
10	0
10	0.003594571767086829
10	0.005735986649380849
10	0.003769413710083671
10	0.00395577996756985
10	0
10	0.002890796175559947
10	0.00271121119259171
10	0.004791350569826638
10	0.004227106098361911
10	0
10	0.00407213435423804
10	0.003856001624941324
10	0.0038409271139915966
10	0.006233613007478253
10	0.004489335774735719
10	0
10	0.003619016369493281
10	0.0033028491428346695
10	0.004779734477318396
10	0.004131570993024939
10	0.00454203367055491
10	0.004663581201495661
10	0.004132422814615665
10	0.0032930615655481377
10	0.004085117011394964
10	0.0045292551971682325
10	0.003187100205491778
10	0.004825264249834219
10	0.0029939947463429027
10	0.0029914284894918264
10	0.004412780635902105
10	0.004831438891038923
10	0.003940275943541873
10	0.003405567065099925
10	0.004093961583169884
10	0.0035353631262581213
10	0.0031754705106543106
10	0.00440464553531868
10	0.0034980504728846077
10	0.004456157626931493
10	0.0037489465252294463
10	0.003970341215896853
10	0.0034665555772499996
10	0.0035759524954199406
10	0.003437897415112495
10	0.004105229078008891
10	0.004014213799948621
10	0
10	0.0057243019754713255
10	0.0031660241351947715
10	0.0032222510166910324
10	0.003428433793435058
10	0.0032115178526324847
10	0.004207969864487506
10	0.00336321298735158
10	0.00598326134477467
10	0
10	0.0038139936118485574
10	0.003705107991668122
10	0.005084543586867746
10	0.0038801464117392197
10	0.004641305825556379
10	0.004183251433749734
10	0.0036051389935287934
10	0.004478968662501196
10	0.00620839808381749
10	0.0033532287353596553
10	0.0036801589966813184
10	0.004549479392818697
10	0.007927581315976965
10	0.0041880954433445505
10	0.003807744866246375
10	0.004798545485937535
10	0.0038051317664217596
10	0.003911308463475421
10	0.003693726755007615
10	0
10	0.0059766537317886715
10	0.0041186129145388
10	0.004172816404866306
10	0.004338845499654572
10	0.003688015033316138
10	0.005239346839190122
10	0.0058997983480038076
10	0.0033360359462599083
10	0.003564686765467509
10	0.003913950242628434
10	0.003034486106375133
10	0.005884840699015156
10	0.0030670148770085056
10	0.003807636948355313
10	0.004792464737736148
10	0
10	0.0045970729771985614
10	0.0039559432528682645
10	0
10	0
10	0.0035599952738888116
10	0.004455086781774576
10	0.004265873410889866
10	0.004126898515129495
10	0.003624752372736892
10	0.004386210277837287
10	0.0035906060831959667
10	0.0034731340640033583
10	0.004030505740208069
10	0.004166125657804062
10	0.005991206444466519
10	0.003757618436075415
10	0.0036414675446441286
10	0.004691498244930909
10	0.004280454615712153
10	0.00431406690564077
10	0.004705724451113084
10	0.003228734302960211
10	0.00351280244817826
10	0.0048979887630829924
10	0.005599064871455698
10	0.0033658434710430634
10	0.004717754370293355
10	0
10	0.004225166730849219
10	0.003937696328268122
10	0.0033478187184062835
10	0.004781122383130948
10	0.004265527678764373
10	0.003732040119696794
10	0.004517942680005617
10	0
10	0.003584544133269328
10	0.0038134199927652435
10	0.006127233429761299
10	0.003378510028188774
10	0.00426452317651452
10	0.0036669512430275173
10	0.0039436080569588946
10	0.0045840932873269105
10	0.003787702672157162
10	0.0036546248038748135
10	0
10	0
10	0.0034973777287575407
10	0.003412524915629108
10	0.003923799155086547
10	0.00401873016569046
10	0.009246858600172235
10	0
10	0.00515145655717247
10	0.004073376902592657
10	0.0038293488484560565
10	0.005024955954533384
10	0.0041988351816192055
10	0
10	0.00776148070886832
10	0.0047968015168807455
10	0.004780692441293298
10	0.0036878059556642038
10	0
10	0.0050869069437484826
10	0.004783876706331443
10	0.004937234109375557
10	0.0037020449596871165
10	0
10	0.0053235875706146435
10	0.004196756205610217
10	0.006767599482391883
10	0.00439695043640685
10	0.004376140454539422
10	0.003334399891081716
10	0.004048537360955536
10	0.0035729862671712077
10	0.005070453906371951
10	0.0038674911692101175
10	0.004188754179897167
10	0.0041983598804759634
10	0.006529392791135931
10	0.004813534289853593
10	0.0036771567092520985
10	0.00419194162159158
10	0.004357399223200778
10	0.004357588327003109
10	0.003747055353494525
10	0.0040755925003490906
10	0.0035872465388645455
10	0.004572008778096956
10	0.004792487575273136
10	0.004843226023466211
10	0
10	0.0035278608102218296
10	0.004006499034108874
10	0.003528973470856305
10	0.0035838711876930067
10	0.0030085221796943957
10	0.003853510317604312
10	0.00473130009740922
10	0
10	0.005819353476064586
10	0.0059061891211410564
10	0.004494831397331683
10	0.0049641983613567245
10	0.004829147283575187
10	0.004543987962158799
10	0.004271179563350661
10	0.0040988990219996205
10	0.004800597589810313
10	0.003878459458520964
10	0.0054052755670134615
10	0.0038119743509017
10	0.003411548591301642
10	0.0028261231275848574
10	0.0032081875776313086
10	0.0041467622489775365
10	0.003770215577974157
10	0.003750321487951618
10	0.005500717912951136
10	0.006420679917755428
10	0.004327992336723256
10	0.0030731475404493754
10	0.004262658328087134
10	0.004554034300305318
10	0.0035958226738030652
10	0.0040742091795071
10	0
10	0.00433380306986667
10	0.003849546805369518
10	0.004007952238319485
10	0.004159417098699673
10	0.004102405292288669
10	0.004214260619903574
10	0.004208615167558624
10	0.004479681929831304
10	0.00528264736904463
10	0.004469883624186011
10	0.0039524206229469994
10	0.007590597417706808
10	0.003489562375223129
10	0.003876980688358815
10	0.003437937590843471
10	0.003722892641919009
10	0.004979617210835163
10	0
10	0.0035004061968107367
10	0.003687673365518352
10	0.004936485886834618
10	0.004030219720931449
10	0.004128788291434753
10	0.005468588569145369
10	0.004936958870069947
10	0.004589452221397117
10	0.0056146245352747415
10	0.004022503499980748
10	0.003947951898639796
10	0.004292339974123794
10	0.004507358241282885
10	0.004450716119460685
10	0.00820082354934235
10	0.004287977562022654
10	0.007678895301855818
10	0.006809267295213276
10	0.003540778748231634
10	0
10	0.0028293809638911573
10	0.003872023372688172
10	0.003972455673896829
10	0.003765739415755551
10	0.00575326856149867
10	0.0036897278981987643
10	0.004529170909544916
10	0.004762283637472565
10	0.004080990832010345
10	0.00430217988701357
10	0.003981180064469524
10	0.004065929105556143
10	0.004919861987998036
10	0.004034298221910661
10	0.0030061969349605942
10	0.0036783330996438338
10	0.004474843454475125
10	0.003968379564155037
10	0.0033867696155586557
10	0.003323361873721121
10	0.0050696338842116705
10	0.003832950623165213
10	0.0031684160197256385
10	0.005753121479300367
10	0.006614668597927275
10	0.0041533495274037645
10	0.0058309557586293075
10	0.0029023471414048223
10	0.00573916345533973
10	0.0036161788443503005
10	0.005387381876736226
10	0.002996438316814597
10	0.0037586724898947673
10	0.003836690637098318
10	0.0030766672867640612
10	0.004577275587436514
10	0.003827235625140169
10	0.0049160102483079855
10	0.004017307085213286
10	0.0042176310028582634
10	0.0046465682051995225
10	0.003245659844065487
10	0.004874908318886412
10	0.0030822695650746653
10	0.0040229808018099915
10	0.004368967929260752
10	0.007888343521889447
10	0.0043147498121584044
10	0.004150198788964041
10	0.0050414933474411784
10	0.005428927434267797
10	0.003950602964044262
10	0.004077794921330964
10	0.003341029692572133
10	0.003728382197786821
10	0.0041519485994607015
10	0.004393639281600328
10	0
10	0.0034481716433097903
10	0.004438017982135983
10	0.005141110467386071
10	0
10	0.004993662779568239
10	0.003994710123878084
10	0.004922013772361877
10	0.003272422492376953
10	0.0035921898520211056
10	0.0038014771003293014
10	0.002814784449108629
10	0.0040936219251493915
10	0.005809124847586032
10	0.0048286744834957415
10	0
10	0.004833256859518362
10	0.004274588957959099
10	0.00326905463142426
10	0
10	0.0037919619833547604
10	0.0037778415757563047
10	0.004691395000825713
10	0.0034473069039649843
10	0
10	0.003984429414946451
10	0.005156217272035343
10	0
10	0.004680371791113801
10	0.0043536140149824445
10	0.004272615014382421
10	0.003425312596722101
10	0.004656431762505539
10	0.0037028639965783943
10	0.004900349375875859
10	0
10	0.00417131705454461
10	0.0035861872295421806
10	0.0034985000053011956
10	0.005045371474754042
10	0.0030554986034678345
10	0.004952441366353389
10	0.004044254520871811
10	0.00798165298775759
10	0.0038640569982514015
10	0.0035141293602283653
10	0.0039910973566303
10	0.004189339313653495
10	0.003200096770511927
10	0.003437345450200653
10	0.0057828503990205934
10	0.0032668415105736614
10	0.004790675903955649
10	0.004386193227980666
10	0.00490239715485391
10	0.003268531306732887
10	0.003512701571950104
10	0.0038819063054938343
10	0.005483947189801762
10	0.0035367546010197223
10	0.004626581738507966
10	0.0036771605104799513
10	0.003115110796559204
10	0
10	0.003286373203222898
10	0.004165201010138548
10	0.005302123372924993
10	0
10	0.004458057661470671
10	0.004389777282799645
10	0
10	0.004369640986804923
10	0.004996534267205547
10	0
10	0.00440039238179917
10	0.004012564213941505
10	0.006323247213898932
10	0.006209537455956858
10	0.0039493944451722265
10	0
10	0.004086585196790819
10	0.0032414859203852655
10	0.004363279680607384
10	0.004004133342799906
10	0.004707798143204743
10	0.004475291109941659
10	0.004023773691433497
10	0.003627691271587782
10	0.00450812709862669
10	0.005026785831839772
10	0.004774861088476638
10	0.004098248811835671
10	0.004974341325823364
10	0.003311532835277381
10	0.0045379126610355916
10	0.00435507919168571
10	0
10	0.0033666386375176428
10	0.005326879129605609
10	0.003480603592499989
10	0.003570633183504878
10	0.004282701369846367
10	0.0054291314717082925
10	0.010145404482378698
10	0.004228677708348083
10	0.003694648433760231
10	0.00448232965922359
10	0.0035348025358773742
10	0.004460431634915131
10	0.004747057043274729
10	0.007558567222253925
10	0.004124151652488358
10	0.005276062644999347
10	0.004919254084154606
10	0.003778640126802532
10	0.003576011014363848
10	0.004500617875981756
10	0.004979002912098095
10	0.0045123077059393835
10	0.005722339280925774
10	0.004015055783453008
10	0.0046291781935242915
10	0.00355119181418373
10	0.0035567705559220457
10	0.004655930556213518
10	0.003982650966921061
10	0.004378243267409284
10	0.003782171935487943
10	0.004230242926428006
10	0.0037455350508652343
10	0.00436102088066781
10	0.002962701741889653
10	0.003983588537632143
10	0.00619474231182706
10	0.0041707989134060295
10	0.005200120393504889
10	0.005067050557607224
10	0.004722252723612514
10	0.003962466756983779
10	0.004035903083476286
10	0.005478930572133199
10	0.002986554049729092
10	0.0030954027403111333
10	0.004151909289813611
10	0.0033326128850303897
10	0.0053621145691030905
10	0.004182474107728283
10	0.0035630740887506473
10	0.004133259846940307
10	0.00476794936508982
10	0.0040438744936780145
10	0.00507874692965247
10	0.0037087600528254118
10	0.0035745640846056655
10	0.004747722171326775
10	0
10	0.00304288994830469
10	0.003512176164383818
10	0.0032969126511839366
10	0.004950279728271569
10	0.00484275037239957
10	0.0033556150073541257
10	0.004769450608031341
10	0.0040556798633431205
10	0.0037325016335703147
10	0.004425393613347795
10	0.004172182922161956
10	0.00466719837931898
10	0.0038594427091264037
10	0.004757968519297321
10	0.004920118699862366
10	0.0038186710114952345
10	0.003806866689455326
10	0.004786590420415161
10	0.006132437441783129
10	0.0034788961569105154
10	0.0044080910169067055
10	0.0038157027696977827
10	0.004156757203560922
10	0.00427454632959577
10	0.0037849732333614795
10	0.0032989352477107766
10	0.0037725092334789318
10	0.0042370355805803495
10	0.004060840124304899
10	0.004177365604888947
10	0.007587356530443768
10	0.004930357601973015
10	0.003149457664125727
10	0.0044686951517362156
10	0.0044303488449029685
10	0.003806091089713506
10	0.00351460491946713
10	0.005466716612754461
10	0.004115690135418694
10	0
10	0.0044933944503911475
10	0.003563268892422008
10	0.0035912350539740005
10	0.004375983285561228
10	0.00478891745428681
10	0.00409050039957807
10	0.0031092898727458473
10	0.004216386401088735
10	0.005672016235839978
10	0.0034930152637377815
10	0.004592770084309667
10	0.004288994813850947
10	0.006571501842897149
10	0.005234432571981839
10	0.004097400381927158
10	0.0033771426187221604
10	0.005370219963549401
10	0.003623590011802584
10	0.004399500124035254
10	0.0038652773268547805
10	0.0043130027401959824
10	0.004130717437457108
10	0.004860611168217044
10	0.0035352515270869736
10	0.004590452437684038
10	0.005785243372811443
10	0.0043229036617151
10	0.005424492917257234
10	0.005083766748295213
10	0.0046810939372745695
10	0.003783989574482374
10	0.004418818478910747
10	0.0075653780685770566
10	0.005523051053423675
10	0.003503264941730152
10	0.006099639666945103
10	0.0037527896641828705
10	0.005316236166249355
10	0.003104500772986305
10	0.0041529548683817644
10	0.0035700444845733195
10	0.004180016974745171
10	0.003618199970365633
10	0.004088748432026596
10	0.00421015916795392
10	0.0047872416159840765
10	0.0035918846460392655
10	0.0042383864627061445
10	0.007932159230223692
10	0
10	0.003410736939003792
10	0.00395696350473957
10	0.003606517308408902
10	0.007238078008851607
10	0
10	0.00353227151529421
10	0.0034054464307490704
10	0.004171253434019716
10	0.004259574023639408
10	0.003625860591955268
10	0.007277901849704917
10	0
10	0.004419710549821959
10	0.003906277453464487
10	0.00460134258559782
10	0.004749798021946328
10	0.003920970400474988
10	0.0030350306576327475
10	0.004503103503993471
10	0.004512114462620697
10	0.0056433649033658115
10	0.004529604195699283
10	0.004509447653505604
10	0
10	0.004574063761072374
10	0.004658675416025254
10	0.004715247954280777
10	0
10	0.0031484652954813976
10	0.004621722207059144
10	0.004137487856174327
10	0.003963441166049009
10	0.005924955936571379
10	0.003928151265009568
10	0.0034720266414497943
10	0.005005640558276799
10	0.003800273853700198
10	0.0038430489435727585
10	0.0032443504161957805
10	0.004329391882831438
10	0.003909854780428062
10	0.002753231970259572
10	0.004148006569778913
10	0.004252084312059372
10	0.004652631337272269
10	0.004739674024609874
10	0.0039264737424313904
10	0
10	0.004320330809659085
10	0.0047743819650435835
10	0.004781564127357335
10	0.004808625929968579
10	0.0033389667917780963
10	0.004536997005623767
10	0.004946494584947012
10	0.0036465483349422713
10	0.0038645693063907765
10	0.00382782252339432
10	0.0032216832948619217
10	0.005386465861601469
10	0.005409650378434872
10	0.004191652426736955
10	0.003352364282114863
10	0
10	0.0045161291252769345
10	0.0037367027958797525
10	0.004642775241412824
10	0.003483852124895748
10	0
10	0.004233452413430909
10	0.004931839898124924
10	0.0029622532201037553
10	0.004111586413933641
10	0.0033071876247304484
10	0.0034846948484829176
10	0.0045623657115604985
10	0.004189283897995377
10	0.00536334045943651
10	0.003669870572229399
10	0.0033750832667539116
10	0.007042500173342481
10	0.0037290136798755137
10	0.004004678254809375
10	0.005715535108850661
10	0.006408203306300278
10	0.0035502438939437227
10	0.00454365789760269
10	0.0035858406657982107
10	0
10	0.0050613945513230596
10	0.004348909506317995
10	0.004700292104620555
10	0.0045301016769687666
10	0
10	0.0033184986286877174
10	0.004875404931492749
10	0.0033624952934471633
10	0.004133373822098455
10	0.003980207491298177
10	0.0037637536926999155
10	0.005135202442997027
10	0.0076789682936477454
10	0.004205127778756257
10	0.004582764460898759
10	0.005439838368642805
10	0.004071014730993462
10	0
10	0.005921900876122546
10	0.004051589062906458
10	0.0051618888441051424
10	0.0034386692313134893
10	0.004107759098067175
10	0.00332434830747093
10	0.0052615088806375505
10	0.002992006735578348
10	0.0039553970042341255
10	0.004660149084848435
10	0.004203437395598541
10	0.006062108234578147
10	0.004417884980140161
10	0.004428570984293763
10	0.003977942469804913
10	0.00429782832315885
10	0.004708379842973402
10	0.0045843590642881986
10	0.003426500687178936
10	0.0034639854883400344
10	0.004466050955392366
10	0.004473590107532734
10	0.003916557038538904
10	0.0037861170464992214
10	0.0034000128907384682
10	0.0034867288224345845
10	0.004281508263685984
10	0.003979548624544708
10	0.0036674905775239
10	0.0038888583089798185
10	0.0037817051563627736
10	0.00465480915308294
10	0.00447062362372501
10	0.004099179450576848
10	0.004636559172311808
10	0.003957168896824629
10	0.005177744643498584
10	0.004700063369210135
10	0.004103315384607495
10	0.0029031787685116265
10	0.00361800493234476
10	0.0037013764349865634
10	0.0031307977505899494
10	0.005271777466657994
10	0.004150777405924788
10	0.003921508761897887
10	0.003797494033585442
10	0.004316115716035023
10	0.00370016812015948
10	0.003962729861520254
10	0.003926331647554196
10	0.004644381318716857
10	0.003751407421236274
10	0.0039259618766127585
10	0.005266571268082854
10	0.004614392793008192
10	0.007243551171031108
10	0.004993448913701813
10	0.005165386695467133
10	0.004245433811237294
10	0
10	0.004030649218236556
10	0
10	0
10	0.005895123948623345
10	0.0046042769531736
10	0.005655452006503287
10	0.004837512875137706
10	0.0032012412809610856
10	0.004344310552209826
10	0.005456760197916606
10	0.005512784924437754
10	0.003920971378827516
10	0.005452777698173889
10	0.003846760515806973
10	0.0034347108360250917
10	0.0037048022505919757
10	0.004174550953501904
10	0
10	0.003322857066949029
10	0.004140479782306915
10	0
10	0.003719733315792604
10	0
10	0.003850062870500442
10	0.0041365839019596555
10	0.004473263074678275
10	0.004371619900481357
10	0.003728580483733568
10	0.0039014707447201464
10	0.003183911381871064
10	0.006182992335041598
10	0.0039483725784768995
10	0.00803633151361521
10	0.003808488757295952
10	0
10	0.0037003128330443573
10	0.0032907750870990247
10	0
10	0.007486781613555795
10	0.003642111430422978
10	0.0040475837662969725
10	0.0029206363734667093
10	0.0038266824570248304
10	0.0033962322934392906
10	0.004279935659542223
10	0.004761218381097147
10	0.003246650685801261
10	0.0045520788580342576
10	0.004935068141538344
10	0.002803952041969633
10	0.005077638350476284
10	0.003872770152460342
10	0.005232772894225184
10	0.0040878981069443375
10	0.00459936255451754
10	0.004418985265312073
10	0.004068698201962476
10	0.0036575048009353877
10	0.004132021012149545
10	0.0034752960703431533
10	0.00442925709941859
10	0.004287361877685893
10	0.0052330854250893415
10	0.004014426436546987
10	0.005467174408978649
10	0.0033342604047099647
10	0.004489299981247424
10	0.004315930592963211
10	0.0035902463561227854
10	0
10	0.00442647810859212
10	0.004646083564124951
10	0.005193868121857738
10	0.00563896366582744
10	0.0032112852324007
10	0.0046614576076073316
10	0.003525063304026956
10	0.005079911232731233
10	0.005066856930467029
10	0.004793429624174041
10	0.007414809033618656
10	0.003567353203418444
10	0.005492938756186589
10	0.004450092910519043
10	0.004741554797311758
10	0.004747019348889526
10	0.0037713498559230883
10	0.004287239930478681
10	0
10	0.007657737553472452
10	0.004245659166404582
10	0.004309945178183139
10	0.004918649634015693
10	0.004360894760427848
10	0.0036778433769965833
10	0.003331439834623703
10	0.003960785500173325
10	0.005416296788872606
10	0.004481131461176448
10	0.005036876642407522
10	0.0034575430544968554
10	0.005162238658049736
10	0.004138849837289585
10	0.0036739334713116944
10	0.003092465323314764
10	0.0039305156516504965
10	0.004690858666436585
10	0.004136161094375812
10	0.003715147956674196
10	0.0049909644141578
10	0.0049866984737127066
10	0.005477903481605817
10	0
10	0.003715621538097426
10	0.004565407955707189
10	0.004145467993859956
10	0.004852016790944472
10	0.004004571116519063
10	0.00427688879188947
10	0.005149051875849306
10	0.004682408903155696
10	0.003842819463030146
10	0.004590617515464573
10	0.0036622081683118763
10	0.0043219438128057055
10	0.003347422536214885
10	0
10	0.0033457155674091197
10	0.0034173522587010586
10	0.004190271112324585
10	0.0033546383456614787
10	0.0038361539057701934
10	0.003603866056370155
10	0.0036007493557910293
10	0
10	0.004102031577001419
10	0.0052292759013613495
10	0.0035581425410995096
10	0.00474174661870309
10	0.003931383380337303
10	0.003659630297150874
10	0.003193040687773573
10	0.00521546157387352
10	0.003796625407147886
10	0.007269716608217591
10	0.007790532191272137
10	0.0038369933672740045
10	0.004118068129175134
10	0.004206499230687922
10	0.0050283175020358235
10	0.004465882439890569
10	0.005296729246362902
10	0.003961582681186392
10	0.005246964122255293
10	0.003962949294655879
10	0.004798264987213647
10	0.004075016411931958
10	0.005679990143705078
10	0.0032668242513999783
10	0.003878447870935545
10	0.0036564018318692654
10	0.0035889585841440016
10	0.004251695478038258
10	0.0037206682442262017
10	0.005395638962097502
10	0.0037097059693592485
10	0.003842794652794247
10	0.004643715244125937
10	0.0037807349499438076
10	0.003947445141521068
10	0.0043975324831726104
10	0.0035700947298175625
10	0.00271519222037487
10	0.0083423997412879
10	0
10	0.005065853192747288
10	0.003871915108345309
10	0.0038131484323940456
10	0.003398941925925784
10	0.004625487488797745
10	0.003673828133877701
10	0.0053031792139531546
10	0.0051113021562388065
10	0.004098537688417395
10	0.0036237188626519826
10	0.004690755177035574
10	0.004917584130562298
10	0.004501684639429578
10	0.002259343760489006
10	0.004209226172728235
10	0.004741712698957818
10	0.0025047265283413512
10	0.004557023265752462
10	0.0042463813364245285
10	0.003035158633116836
10	0.00416237696798493
10	0.004307036061101337
10	0.003271144765345242
10	0.003229667265307189
10	0
10	0.003741244341648139
10	0.003905324389751563
10	0.004141406405272064
10	0.0038632663039508087
10	0.0034791248337629386
10	0.002933894374550252
10	0.005001859226508996
10	0.008161888626382232
10	0.0035665836599252506
10	0.005141146678548512
10	0.0039507024063212956
10	0.004732997129405177
10	0.00558485115474633
10	0.003427977410600763
10	0.0034715211720536773
10	0.008213965197594436
10	0.0054303931011384235
10	0.003707824260444891
10	0.005365734479256353
10	0.0045348349874239835
10	0
10	0.0034215632379396054
10	0.004718925579488888
10	0.004400303432257594
10	0.005008666399744692
10	0.007475395421022887
10	0.004413602599723405
10	0
10	0.004433443512105145
10	0.003955180030706799
10	0.0038303479335285466
10	0.003299605031791604
10	0.003954269336394264
10	0.004420061609746997
10	0
10	0.00465211059373766
10	0.0034881100779620674
10	0.004072091349270631
10	0.005316464620256778
10	0.00507309771918612
10	0.0046876194383665476
10	0.0037724383570991106
10	0.004350826101615908
10	0.005136004714244554
10	0.004294594091862353
10	0.004005059439332721
10	0
10	0.004829761397996462
10	0.0058842460233356885
10	0.003140163641901438
10	0.0038024550624356245
10	0.0035063089246143223
10	0.0049691346501600855
10	0.002918316297307953
10	0.0027713326959623963
10	0.0035562420742381215
10	0.00482475019719478
10	0.005275408575036366
10	0.003603746270359076
10	0.004115548559275497
10	0.00754888960579615
10	0.0033634954691202654
10	0
10	0.003817555415704499
10	0.0037050247842572875
10	0.004629471897363054
10	0.003446220051324247
10	0.005335273057711538
10	0.004834001883774836
10	0.004106234802753092
10	0.0035907743351304235
10	0.003973516701119132
10	0.0036807102987726943
10	0
10	0.0033719099959558427
10	0.004175709561407712
10	0.003970775406653425
10	0.004002050746606386
10	0.004018767488195172
10	0.005290807005913271
10	0
10	0.004365073304128696
10	0
10	0.005344906020664652
10	0.0037294864379694113
10	0.0037011888854331957
10	0
10	0.004036626289909534
10	0.0044904601718256144
10	0.0031570057140960046
10	0.0034549229775024085
10	0.004403314082059349
10	0.003636204544851419
10	0.004231452975892576
10	0.0038702424168757486
10	0.005097290108997372
10	0.00403554074569318
10	0.004349961251207913
10	0.003939264826740566
10	0.003964336710210372
10	0.005396830985789141
10	0.00480127357806063
10	0.00411840451430451
10	0.00346313535374818
10	0
10	0.004916869865361988
10	0.004356264481048193
10	0
10	0.002818010907381808
10	0.003909652891112584
10	0.004026185333476993
10	0.0039155226523578555
10	0.0038570381123477046
10	0.003002757175485347
10	0.004554363328885327
10	0.004638909587645781
10	0.004030998759163569
10	0.003800408300370663
10	0.004173736433247933
10	0.0035046750789394033
10	0.0032366297308497115
10	0.003756331837008104
10	0.002833171913803492
10	0.005382377344969961
10	0.004338121760536703
10	0.004252524505244402
10	0.00909147513970968
10	0.00441809412314979
10	0.0031615471739093533
10	0.004452214260799634
10	0.003451226098828441
10	0.0036481171351174543
10	0.004375113038125111
10	0
10	0.0041830346748441835
10	0.0033020833604904543
10	0.0036727635614249863
10	0.004887040641916743
10	0
10	0.004461950691879998
10	0
10	0.0044690680970719725
10	0.0037046238383667287
10	0.005058626172984873
10	0.004155812452054362
10	0.006900611000940985
10	0.005681513344086871
10	0.004599053282507767
10	0.004759998825653524
10	0.005059953668629078
10	0.0043380505822725925
10	0.004070939101180489
10	0.008087223800760955
10	0.004225829132534652
10	0.0059196622839367856
10	0.0036049400362965943
10	0.004975216651509538
10	0.0039050237375338236
10	0.0037956027171857564
10	0
10	0.003296830804642043
10	0.004394521621993513
10	0.008027483646879057
10	0.004621607549958679
10	0.004349752830191592
10	0.0049615418234137745
10	0.0034952111524255104
10	0.0032980654878452735
10	0.00486445531161668
10	0.005103220077834893
10	0.004598194630674388
10	0.004549243988276402
10	0.003924610276160609
10	0.00573772959726638
10	0.005484187746576264
10	0
10	0.0042650037221166155
10	0.0029369322464430562
10	0.004081392441231273
10	0.004369942534640002
10	0.0042348143410255515
10	0.00834183235721625
10	0.0036344945698847104
10	0.00446844819520441
10	0.004650033713214556
10	0.003962072383283713
10	0
10	0.0045597292804028435
10	0.006919965737327602
10	0.004761210351489885
10	0
10	0.00645455839314811
10	0.005061665868265647
10	0.004017588418686422
10	0.006188315312619853
10	0.004125338343197256
10	0.005225055192486281
10	0.006200015028160579
10	0.004251843856292959
10	0.004316187600095234
10	0.0032666303248365105
10	0.002907803637077882
10	0.003738619877621267
10	0
10	0.003079618820013582
10	0.003334581467532498
10	0.0024828279385550687
10	0.004765357595944526
10	0.004852158775809207
10	0.0027885735401006508
10	0.0031209137751785562
10	0.00475797751687575
10	0.0046662414557574975
10	0.004584579962389322
10	0.004592868263223826
10	0.004339197719753507
10	0.005043784301934245
10	0.0061997101168336415
10	0.003334923380857691
10	0.00473880071867654
10	0.003740424420958712
10	0.003952941965998141
10	0.003935354320884482
10	0.0036987287318914616
10	0.0039348911500983776
10	0.0034672937136043
10	0.004876795719498463
10	0.0038350414981024633
10	0.0037496568692816294
10	0.0099254463287303
10	0.004381722379818685
10	0.003947863116502096
10	0.003477390949673355
10	0
10	0
10	0.004100477717344695
10	0.0038137636199458225
10	0.003288906142823143
10	0.003728649367603074
10	0.0037355487570833686
10	0.004388414538666639
10	0.0034907387787696054
10	0.009671104010002013
10	0.0037336513021423014
10	0
10	0
10	0.003607194527186922
10	0.004620191198657862
10	0.005112299777275084
10	0.005057265463189493
10	0.0037753293258240843
10	0.0032410970246190686
10	0.0051106987552788615
10	0.003784417493671548
10	0.01039440873997405
10	0.004697306365622477
10	0.003577975668765893
10	0.004358216695007973
10	0.005197236454789156
10	0.00569575965365649
10	0.00400212860417574
10	0.00426107693228444
10	0.00429141892697411
10	0.0029521825889739493
10	0
10	0.004879287068354975
10	0.004240749165710039
10	0.003791284286043102
10	0.003640488110551594
10	0.003609579618486781
10	0.003735744940464118
10	0.00362121053328715
10	0.003378975281839899
10	0.0046552788145677575
10	0.0037555517312378105
10	0.006553692103238312
10	0.004979936275508683
10	0.0040458630432719574
10	0.0043291379180099504
10	0.004783648231720982
10	0.004265877704922153
10	0.006443427136999982
10	0.00527585145919346
10	0.004909941246843204
10	0.0034257959819821134
10	0.003423896158396481
10	0.0088170500468745
10	0.004869927997305376
10	0.004026170261400101
10	0.0041800911856856825
10	0.0030680109270096786
10	0.003839083533152952
10	0.0044806202615611844
10	0.004546668326691332
10	0.005108594542494416
10	0.0044239782951841665
10	0.003719975732150768
10	0.00378220275959724
10	0.004041988532096531
10	0.004174695988150991
10	0.0034142284724337727
10	0.0035909916922260946
10	0.0046622756729109765
10	0.005872319441303979
10	0.007866009980259674
10	0
10	0.0044359327423811
10	0
10	0.003758754682160169
10	0.004878884354897796
10	0.006361110752042604
10	0.0034344514043290375
10	0.005113972499139287
10	0.004473918948742569
10	0.004184054708872949
10	0.003796088332322434
10	0.0032717792172199745
10	0.004826249387902226
10	0.003602012922633276
10	0.004347375849081502
10	0.003558311525151248
10	0
10	0.004927713177604962
10	0.004336479185077641
10	0.003894277354014249
10	0.0038039447200988504
10	0.003435405807688392
10	0.0033334000418152416
10	0.0037862354202236746
10	0.004189379683480843
10	0.004677564138253789
10	0.005171597060956368
10	0.004741209416343969
10	0.0031916870541787152
10	0.0036138539054173142
10	0.00474425849114896
10	0.003600288074601924
10	0.003835478421284731
10	0.005134819784999514
10	0.004968641518704769
10	0.004126612393235179
10	0.004277165271456432
10	0.0035785073042515223
10	0.0033983163981220676
10	0.003403734688245207
10	0.0041690737086615155
10	0.004999114421502683
10	0.0029952862819500417
10	0.003367181549225172
10	0.004119702291435547
10	0.003539980651552851
10	0
10	0.003874883162922938
10	0.0031648033726024037
10	0.004969967951279851
10	0.005511910147137806
10	0.003954895469003681
10	0.0038541078475844933
10	0.004136116435193332
10	0.0037754069580672647
10	0.006121997700877018
10	0.00364537068331783
10	0.004232943506423918
10	0.0041200238544093805
10	0.004665190692956522
10	0.004059049042858591
10	0.00415546952579722
10	0.0037442631389796584
10	0.0038108232701794726
10	0
10	0
10	0.0025661075150201227
10	0.008130971017901343
10	0.00499145525764259
10	0.004781396611956185
10	0.004774084172400089
10	0.003154032478024752
10	0.0030953894645937537
10	0.002883538307124253
10	0.004768401285505939
10	0.0041827052053349904
10	0.0028031337973624215
10	0.0037995694976798314
10	0.004830949178136633
10	0.003993095993066754
10	0.005392194878016668
10	0.004572415180879351
10	0.0042685820475725994
10	0.0038110785304575996
10	0.00490837911178396
10	0.004556387011731892
10	0.005041348874493609
10	0.0050036476268053775
10	0.004216881616701839
10	0.0027002219378193222
10	0.005060061224134056
10	0.004913252049067344
10	0
10	0.004021410587941047
10	0.0037606241678879372
10	0.004133583757264863
10	0.004677379981598862
10	0.0038780190640952087
10	0.003959301117400564
10	0.0045177436763735816
10	0.003559565649567349
10	0.003844085109220316
10	0.005145155419230316
10	0.007033722392444956
10	0.004154731191511352
10	0.0035866895821035296
10	0.0053379704307548225
10	0.0035764983797143407
10	0.004209739817496541
10	0.0038538655985422597
10	0.00531376463749217
10	0.004109731156197958
10	0.0037571131687434475
10	0.00340053774401841
10	0.0038339182484124997
10	0
10	0
10	0.004495181080591343
10	0.004317413372472222
10	0.003972714347826797
10	0.003343630215925348
10	0.004531353551516401
10	0.005662422746151801
10	0.0040567649200825995
10	0.0033364055526446212
10	0.008572073035548486
10	0.0051172283540835365
10	0.00415110600331804
10	0.003979572659771704
10	0.005538889438923521
10	0.004860755568330127
10	0.0051113882565723915
10	0.006931990425612719
10	0.004439483092089293
10	0.008334696093162782
10	0.0034768668261823295
10	0.0047053294135862
10	0
10	0.0032736138505691874
10	0.004311008347284727
10	0.008530277494072737
10	0.004284261219727811
10	0.0038472098437042743
10	0.004690900334191467
10	0
10	0.0034801597528408856
10	0.004716811541663574
10	0.0036707405045647654
10	0.0042636527424797606
10	0.004528377366944795
10	0.005580567123886138
10	0.003691294723508559
10	0.00508891704255346
10	0.003537305758935663
10	0.0038576620135194386
10	0.003485425511681294
10	0.0057530422493480594
10	0.004029026894571072
10	0.004058331623413985
10	0.004727258371990921
10	0.0052284451022455835
10	0.003868726671754824
10	0.003817461753977944
10	0.004311055526287364
10	0.003474964661593129
10	0.0037336056178614513
10	0.0029344277359641107
10	0.004063169835034921
10	0.003776990439761977
10	0.004321582611987868
10	0.004091673314144474
10	0.005599957873089876
10	0.004127829181182426
10	0.0048160380407040035
10	0.0027199252006420978
10	0.003968216576487306
10	0.0031374500920151194
10	0.0035113889067196037
10	0.0042156139454041265
10	0.004255262517440877
10	0.003545874572805281
10	0
10	0
10	0.004852384703742846
10	0.0036503619989514025
10	0.004032569823008698
10	0.0028463239835245656
10	0.0036993051275555446
10	0.00397968048373801
10	0.004538562091717508
10	0.0032980123452010512
10	0.005063775173778608
10	0.004727746726426733
10	0.004437821686200116
10	0.004185782898618094
10	0.0038933739528089232
10	0.005546384840089507
10	0.005056931516471737
10	0.0034328066051105325
10	0
10	0.004435261554518496
10	0.007682476554889966
10	0.004147814254935404
10	0.004126319922272455
10	0
10	0.005189747352757048
10	0.003820457883069433
10	0.0038792831907830893
10	0.0043912426236067045
10	0.00451609095197852
10	0.0054525696478158565
10	0
10	0.0028340934986833773
10	0.007910209289833233
10	0
10	0.004067562812879401
10	0.004242403500205262
10	0.003802694711920593
10	0.00486211877909628
10	0.003654760306645052
10	0.003380332765786453
10	0.004003777741642737
10	0.0028209106195252027
10	0
10	0.005476427631897374
10	0.004229016379295814
10	0.0034400664447826143
10	0.0039601063960587254
10	0.005226729673033943
10	0.003418637036506553
10	0.004347881140828861
10	0.0033667316720600916
10	0.004696972594528716
10	0
10	0.005294705620371303
10	0.005474609993468781
10	0.004602999238277311
10	0.004305958167841397
10	0.0043382128240377444
10	0.0038062773802583568
10	0.009758472256974685
10	0.0037165470762314627
10	0.003876095646673487
10	0.003976125395940072
10	0.0031077353345585943
10	0.006448905163420465
10	0.003843203816185359
10	0.003197518934647332
10	0.005119649258608327
10	0.0031435899862884164
10	0.003346366649739932
10	0.005161415904177328
10	0.005174355141415557
10	0.005086157187049052
10	0
10	0.004204195157261665
10	0.0032217727384588717
10	0.004531109218981914
10	0.0034674307940079493
10	0.004290093901523213
10	0.004686457915518099
10	0.003995704936699833
10	0.0037970021319860855
10	0.00451837793440352
10	0.003725884379719943
10	0.00405374535770641
10	0.004573715235256912
10	0.004235088315644506
10	0
10	0.003727387883397683
10	0.0049216558598732885
10	0.004847392460672796
10	0.0042548577542839165
10	0.005920653660311538
10	0.003681518762945847
10	0.004216411349498841
10	0.0038631558866104795
10	0.003927127645642378
10	0.004155960700002956
10	0
10	0.0066657893831256155
10	0.0033971069122869504
10	0.003263335269684216
10	0.004514520593769663
10	0.0037173496722543277
10	0.0034054576930416668
10	0.0054284846180126375
10	0.004754040594223287
10	0
10	0.0033239703248316194
10	0.0035536599417098375
10	0.004939266675954216
10	0.0043955408533284815
10	0.003232700858345058
10	0.003943850347881489
10	0.0032531327020877553
10	0.003994841797973492
10	0.002708291092461069
10	0.004186255712607298
10	0.004099711274640476
10	0
10	0.0033824550030841583
10	0.004407531007611294
10	0.004495427277230746
10	0.004274741218938304
10	0.007457575544654555
10	0.0036905118228020106
10	0.0042229810434674985
10	0.00436928055538823
10	0.0041479111819635065
10	0.004538735639192374
10	0.0053244922357851
10	0.003966453321016586
10	0.0025931431481630088
10	0.00481118660420055
10	0.00360589666705548
10	0.0058092469888393
10	0.006327593700691383
10	0.003981082241421939
10	0
10	0.003343746036759474
10	0.003961166273390093
10	0.004292548740522733
10	0.003319634353655881
10	0.004121065733080887
10	0.0031080129128650846
10	0
10	0.004478558876715776
10	0.004620816547417938
10	0.00441325605208983
10	0
10	0.0038963820883323665
10	0.006281691449796068
10	0
10	0.0037054934152446393
10	0.004594217005639274
10	0.004298618229595543
10	0.003975620520299745
10	0.0037149781406475117
10	0.0049341557279476865
10	0.004471876997677535
10	0.004432194495948313
10	0.003362368672048735
10	0.005361553266911135
10	0.004053303576353332
10	0.0032580185000147172
10	0.00362620252009504
10	0.003509459498033567
10	0.003404320943347785
10	0.008635798358297598
10	0.0038777700141019384
10	0.0035435031478589117
10	0.0041569256063657585
10	0.0033422662485860883
10	0.004716369520406669
10	0.007962963637907081
10	0
10	0.00456889388778708
10	0.004321008339672961
10	0.005178765341365741
10	0.003186815288675897
10	0.0034176409592383676
10	0.002876244511366087
10	0.004289057638833179
10	0.007115371498400713
10	0.003787477114258374
10	0.005057240937399962
10	0.004153700742505442
10	0.0042036557173218934
10	0.0026456650529607675
10	0.004492905245857406
10	0.004211278578752982
10	0.004617643380726204
10	0.004129889331210183
10	0.004647296707297663
10	0
10	0.00452381083324358
10	0.0042344599002690775
10	0.003903715075270543
10	0.0033778563535028124
10	0.005673702710841681
10	0.004199818894585682
10	0.004280147409554331
10	0.004466969796206545
10	0.003459540622042569
10	0.004362995704957719
10	0.0037134205590370387
10	0.007340346100159301
10	0.0047532108713831435
10	0.0047907665692333064
10	0.003148461750353343
10	0.003805072179925418
10	0.004758310962243671
10	0.0041036341103539535
10	0.005138072521603216
10	0.005464688522704299
10	0.004099998380223371
10	0.004848885869631264
10	0.0046664099608202956
10	0.00334065379179239
10	0.003802006122368483
10	0.0037885397535386504
10	0.0037797143637634148
10	0.003939609239516784
10	0.004613813884236429
10	0.0038549782386247742
10	0.004189201938152928
10	0.003113164913828651
10	0.0039284461328426236
10	0.002943449591926492
10	0.00475260128770063
10	0.004633349662222599
10	0.004244883833599841
10	0.007606413244173929
10	0.007648289338400898
10	0.0038215670214662755
10	0.004801031860610811
10	0.004527675152297856
10	0.005204921626050319
10	0.0035660831412649393
10	0.0031535191639784237
10	0.004278544719113533
10	0.0043445118876718715
10	0.0052491449949276
10	0.004506010283641293
10	0.004831235110422383
10	0.0036390924979429135
10	0.004645132860381193
10	0.005857778329966437
10	0.0036751142227402197
10	0.003796712936821201
10	0.003113026736101562
10	0.0034952012348898353
10	0.003935352850452283
10	0.0034334883397298286
10	0.00525172132686679
10	0.004084696597797247
10	0.0030116275940108533
10	0.005254126705428904
10	0
10	0.0038995439149917283
10	0
10	0.003957810464937396
10	0.004146430589314596
10	0.004330445663708695
10	0.002552001453213103
10	0.004933529257032086
10	0.004100324655104275
10	0.003562732586517131
10	0.005152393637247023
10	0.0037041068633404998
10	0.0030431103205281525
10	0.00394689280463675
10	0.005605331329822298
10	0
10	0.0049849129307065485
10	0.005315989220290231
10	0
10	0.004428442593430033
10	0.0030686412912369378
10	0.003766635715925364
10	0.0038369058352662726
10	0.0044856288002684645
10	0.0041091351275248855
10	0.0033586260818081544
10	0.003769156421648435
10	0.0052985674636958436
10	0.003472019518661347
10	0
10	0.003293230013055348
10	0.004043126997387379
10	0.00494069129481604
10	0.003358852387125415
10	0.008098362156851804
10	0.0034436249118586447
10	0.005151752494720713
10	0.004188171783652428
10	0.0036514550331190024
10	0.004755654403018905
10	0.004590167389540823
10	0.004467214254746841
10	0.005047265572480792
10	0.005248694465717022
10	0.0029314919273575697
10	0.004735338052706973
10	0.005755410714503516
10	0.0045046573606591514
10	0.003489878608336366
10	0.003451007386128249
10	0.007418364707713791
10	0.0033951871153132143
10	0.0043374159674734875
10	0.003955298177936849
10	0
10	0.003698803694642733
10	0.003363579156844284
10	0
10	0.003535312004549801
10	0.0034809031761302636
10	0
10	0.0031136132327199977
10	0.002585508892844007
10	0.004421836867591546
10	0.004639682400789794
10	0.004340481291155236
10	0.004177127371843819
10	0.0049811660203737075
10	0.0036495733646458054
10	0.0031189806177936434
10	0.003926574512190121
10	0
10	0.00449806615208964
10	0.003589690441577666
10	0.0038711414126561443
10	0.005394933980692414
10	0.00816231041890291
10	0.0038132527242292743
10	0.0042903462537312795
10	0.004342304020007559
10	0.0042832928358384655
10	0.004233336064374733
10	0.004687130120547589
10	0.005386395894267346
10	0.004040387727434928
10	0
10	0.004304700486779885
10	0
10	0.0038445394023669103
10	0.004281114720863115
10	0.004762402316587508
10	0.005100876728421067
10	0.004089064166036886
10	0
10	0
10	0.0034825111693250377
10	0.0037882507007423027
10	0
10	0.004198457058872638
10	0.005490736433000097
10	0.006088553360974545
10	0.0038453593021789724
10	0.004459311155262353
10	0.004219944465344149
10	0.004791623005159853
10	0.00494724942455364
10	0.003870663779672424
10	0.003973027762061321
10	0.004142797201690645
10	0.004287914453139801
10	0
10	0.004181502591242364
10	0.004795286650793043
10	0.004817040434057921
10	0.0033150291369733902
10	0.004347376739437882
10	0.004794589043892899
10	0.0037777947226055302
10	0.005637295665771617
10	0.0038834648703187516
10	0.0038141924769561253
10	0.004669347263455629
10	0
10	0.00716338518814318
10	0.00471931582792145
10	0.005649760377200861
10	0.003535972812000923
10	0.004996634737671727
10	0
10	0.004330734653068977
10	0.006269942389008888
10	0.005171889468594607
10	0.004317358798174426
10	0.004717251679271353
10	0.0034779242738259856
10	0.005398719586705011
10	0
10	0.0034966145502946674
10	0.004563763039228245
10	0
10	0.004462500217573574
10	0.00406952428429451
10	0.004292893594893624
10	0.0025674245770571707
10	0.004040113499535251
10	0.004344573668195552
10	0.00347656396597239
10	0.002943592167298026
10	0.004426709184690234
10	0.004779789886722885
10	0.006720867680386493
10	0.003621014164386282
10	0.004684487062710482
10	0.0046710756043116565
10	0.004574186161191308
10	0.003364402498699392
10	0.003215362272801847
10	0.0035364523724141245
10	0.0049425239794894694
10	0
10	0.007933238751464627
10	0.004437229506816923
10	0.0026927767840436195
10	0.003716771472694904
10	0.0036252231446255705
10	0.004204614880200817
10	0.0034988382785734002
10	0.004345380794438802
10	0.007548841599269745
10	0.004132702965742436
10	0.0033655251968499784
10	0.004045995624485947
10	0.0031248761145922692
10	0.0037942580185514095
10	0
10	0
10	0.005080625630143582
10	0.0048201969205339985
10	0.005316561740706513
10	0.004104381918291463
10	0.004067398005589627
10	0.0034445883475911197
10	0.0044265864554779355
10	0
10	0.0041364738473769775
10	0.004419835680432604
10	0.007581337229860997
10	0.006622728333216852
10	0.0034817087362688467
10	0
10	0.0055700600605158
10	0.004067226440544339
10	0.0037781075328352665
10	0.0046013286063164086
10	0.0029068914974605025
10	0.005828574994658654
10	0.004805749225702796
10	0.004320980318036595
10	0.005130333811892172
10	0.004684833940194092
10	0.00400703203977546
10	0.0038812225384936374
10	0
10	0.00435319521026682
10	0.003465722667944012
10	0.0037444220413338737
10	0
10	0.0036916437411363794
10	0.0036330755553448
10	0.003921868776637113
10	0.009208769685776748
10	0.004164859103399668
10	0
10	0.004486925418312632
10	0.003718320260574054
10	0.0044461903238017415
10	0.0032839271370958137
10	0.0045243556615039695
10	0.004420396635368064
10	0.0032636360587642945
10	0.003991571285842559
10	0.003308963212153601
10	0.007753250384070597
10	0.003624069584997823
10	0.004727512735078405
10	0.005054172538555656
10	0.0048609076326334814
10	0.004109952750399002
10	0.004811681589161641
10	0.0038955050817341785
10	0.004027889576839426
10	0.004700969311533913
10	0.0049192454191133465
10	0.0031629852005473696
10	0.005118289675322963
10	0.004168987140631718
10	0.003953369980574835
10	0.007506122620483695
10	0.004232822955088749
10	0.0031816318582749813
10	0.004364690848471612
10	0.00767207817185344
10	0.0045625342664343755
10	0.0037862404658952245
10	0.008414608732495917
10	0.003735717795044096
10	0.004395335524119118
10	0.004231331268001306
10	0.007907159284863852
10	0.0037546064522452583
10	0
10	0.0042347102152105074
10	0.004240302907548637
10	0.0030865719064243915
10	0
10	0.005303375488256486
10	0.004366518883365765
10	0.004374547091621435
10	0.004651798767781824
10	0.004551208982304674
10	0.0034054469550976255
10	0.00513584462761263
10	0.004049597754238302
10	0.0032222706648060186
10	0
10	0.004767573109704197
10	0.003949788682721159
10	0.0039049718361542623
10	0
10	0.00807092334249651
10	0.003837061294722488
10	0.003874117207333949
10	0.004165180128915594
10	0.003890268089764141
10	0.0037043739090407216
10	0.0037564311592079786
10	0.0038832735382228383
10	0.0042028278330248055
10	0.004267872488493667
10	0.004749051069853619
10	0.003679101860978486
10	0
10	0.005149829977361988
10	0.0034578383290575438
10	0.004219951034921561
10	0.004912739595070183
10	0.0033690557557373166
10	0.0038917908285089884
10	0.0035486912276414193
10	0.00296073796186263
10	0
10	0.006762723933940721
10	0.004722416332194159
10	0.003685097284454205
10	0.0035627703014656613
10	0.004036182138296736
10	0.004295862726824533
10	0.0031215908821277433
10	0.003934561849298991
10	0.003992097752005565
10	0.005137668989633891
10	0.00393234229605363
10	0.004261424142588911
10	0.005064572104109594
10	0.0034500873421648573
10	0.003511237995989572
10	0.00752208638956924
10	0.0059743705363753214
10	0.004429547501961249
10	0.005206653374204673
10	0.004017770055447301
10	0.004852102859624528
10	0.004919702827966056
10	0.004494982327238947
10	0.00314648890764808
10	0.0028734214067309164
10	0.005192555596513346
10	0.005285165714401705
10	0.0038783249126084886
10	0.004050927943828393
10	0.0030338427585826265
10	0.0047980271158984695
10	0
10	0.0035263377413605134
10	0.005485390707949836
10	0.003658779531566853
10	0.006098711993998184
10	0.004584014937398992
10	0.003705429245998686
10	0
10	0.004739393888641268
10	0.004796844064965708
10	0.0038242155615735344
10	0.004893601486427354
10	0.0045458049635201
10	0.005483614568183621
10	0.0055729762172288125
10	0.0044959604066146875
10	0.0038789448432998727
10	0.006325315539196008
10	0.0055385787485663154
10	0.003996736544674334
10	0
10	0.004877271870496778
10	0.004072804361619315
10	0.003952948815371114
10	0.004990211496167403
10	0.004126351585930436
10	0.004055056423401406
10	0.003950859422211133
10	0.0041584025986260665
10	0
10	0.004881436126888184
10	0.0035266462173456237
10	0.0056764199607211106
10	0.002905314581018005
10	0.007857269900922897
10	0.00282296589839
10	0.004337709135999372
10	0.004904533690531474
10	0.004781130625435015
10	0.004039609685697314
10	0.004269068342731446
10	0.004272674551568786
10	0.005112079446364241
10	0
10	0.00558661498045476
10	0.004760533046943016
10	0.004651838691232387
10	0.003951954697759094
10	0.004210476291545324
10	0
10	0.004430403530402675
10	0.004888248959095878
10	0.0035102033651755785
10	0.002820963136433172
10	0.005371076928083423
10	0.004234625102718461
10	0.00414257908924757
10	0.004083385462433146
10	0.005362949083537486
10	0.0042515430128236414
10	0.004336610184421335
10	0.003137852245341606
10	0.005459629614911756
10	0.003411143259925471
10	0.005034453610817552
10	0.003721877189485837
10	0.005664432965466456
10	0.0032662389717903603
10	0.0036233233285544136
10	0.00514173030452475
10	0.007516001844273674
10	0.009585035519214469
10	0.0035264974589365727
10	0.0034888755056421586
10	0.0025158507129207906
10	0.004544525017302713
10	0.0038964714649466466
10	0.003338365311794973
10	0.0038890101715250225
10	0.004302380887714322
10	0.0037609048194357448
10	0.0035294617966680863
10	0.004484738597763644
10	0.0037605570876199884
10	0.004332112582450163
10	0.003435542371962738
10	0.004229696630300329
10	0.006935554647898115
10	0.004263226417570647
10	0.0040266031894261286
10	0.0024749052922675347
10	0.004194641346963759
10	0
10	0.00466813482206102
10	0.004288598729091784
10	0.004711397059487733
10	0.004131446192545706
10	0.0039875554687954715
10	0
10	0.006940972685407759
10	0.004351488563272629
10	0.005891985637024207
10	0.003830337766918734
10	0.005215500593097498
10	0
10	0.0036092389989609746
10	0.0072131526092486615
10	0
10	0.0045473214708074555
10	0.004374912022688064
10	0.006401559572204906
10	0.00322484281674976
10	0.004335208394232865
10	0.005011011324703447
10	0.004084973046341222
10	0.0040017295270028674
10	0.007278596665234343
10	0.004690989266487643
10	0.005166776330685885
10	0.0037058335455423664
10	0.0045020385288991605
10	0.0035516464771012165
10	0.0034268750156307335
10	0.004360774389788762
10	0.004542843466087537
10	0.00393197770906391
10	0.005522927500228741
10	0.0040677495839777835
10	0.004217773634511415
10	0.004172446030310657
10	0.004483546237184213
10	0.004423685206611303
10	0
10	0.004783623551852455
10	0.004831406915351997
10	0.004938037371951381
10	0.004235201460601661
10	0.0045863137563236685
10	0.0041870780981967375
10	0.0053023262805010005
10	0.005033409175897841
10	0
10	0.004812431813052521
10	0.003244083136898193
10	0.0036480491015511976
10	0.003968966001209951
10	0.004480223902682129
10	0.004722913691203838
10	0.00438427885258438
10	0.003859683577613049
10	0.003917451274414981
10	0.003500405912899211
10	0.003679157636058745
10	0.0038154443678802856
10	0.005169393818762295
10	0.0052060063794541365
10	0.004737787368618086
10	0
10	0.00595338084393093
10	0.007085536777465396
10	0.0043514895219619095
10	0.003688549687781322
10	0.004541779674389367
10	0.004423594441685693
10	0.005607731124335477
10	0.0033208676940977063
10	0.008316559175597697
10	0.004734111831964626
10	0.0038889013695407875
10	0.004959073976368333
10	0.004983447204362816
10	0
10	0
10	0.004056588468780638
10	0.0075198845795761814
10	0.005135076788310312
10	0.0035581237236479435
10	0.004403649118265098
10	0
10	0.004994454015159344
10	0.004820102623666683
10	0.0034566239279936223
10	0.0038037338265216156
10	0.004839054850192764
10	0.0037826317759996407
10	0.0036637501292446045
10	0.004793067179879489
10	0.0037371162306238724
10	0.004061578977780183
10	0.004973960574580312
10	0.003781595068844861
10	0.00404094874785358
10	0.003593458899445561
10	0.003615759380419624
10	0.004602252186536212
10	0.003929417437318362
10	0.005879603269008153
10	0.003514023984934779
10	0.0035012768418083385
10	0.004180552667380223
10	0.004840749291732702
10	0
10	0.003960044461242677
10	0.004961731333524886
10	0.0053002852993572136
10	0.0036218269861114393
10	0.0037686357809308293
10	0.0041519801540643286
10	0.003585249067824913
10	0.0040153798732095155
10	0.0044424312078042115
10	0.003924956093153458
10	0.005306637653572537
10	0.004922524436146786
10	0.004080787796396298
10	0
10	0.004465435639974107
10	0.004285895385811484
10	0.005704029752993429
10	0.002443223225209735
10	0.003412186654245817
10	0.004349253127395807
10	0
10	0.0032766614638478305
10	0.0032875186658635827
10	0.004045526140585489
10	0.003277540606445114
10	0.0038806804123562807
10	0.004089635633572932
10	0.004516743394395984
10	0.0035542404565837627
10	0.008672948024804348
10	0.004050030546032041
10	0.0029232047526373452
10	0.002928311471932644
10	0.003318601048943826
10	0.0037878037857362328
10	0.004056684575002982
10	0.003560341509516177
10	0.005338060783070905
10	0.0035183927575651607
10	0.004463717489326824
10	0.0038823545065397175
10	0
10	0.004514582490051205
10	0.003713636972005618
10	0.004101659676792409
10	0
10	0.00413113947827738
10	0.00398291706694847
10	0
10	0.0032359889683658783
10	0.004571595249677752
10	0.00472251314022789
10	0.004029080116221331
10	0
10	0.004802475706536497
10	0.004454922466828591
10	0.0035733075372980957
10	0.003380077392273924
10	0.0036936480594678286
10	0.0035994007522296657
10	0.004775749504763797
10	0.003854020421884797
10	0.0030520778943795655
10	0.004677035328647403
10	0
10	0.0035582301947200425
10	0.0038094317916444803
10	0.0036937793756306654
10	0.005134170971692336
10	0.003469624386396394
10	0
10	0.0041384494590542015
10	0.002815456249116832
10	0.002746526655822515
10	0.0045837480837464814
10	0.00717742501028521
10	0
10	0.004596234480800869
10	0.004239405306736581
10	0.004636331978023624
10	0
10	0.0038835430987568978
10	0.0058350840981906274
10	0.00399803594869823
10	0.0037875597040056158
10	0.004039848423254322
10	0.004976513737416328
10	0.004443613961260801
10	0.00393544176381488
10	0.0035629518821421033
10	0.003522940015039586
10	0.005245175881829296
10	0.00436874780206592
10	0.0053484813893759494
10	0.003813223210772702
10	0.003312873123535261
10	0.004396289354489198
10	0.003983835765836113
10	0.004040837728589319
10	0.00494134439738538
10	0.0035931328205042715
10	0.003166682231399333
10	0.0032450263246641495
10	0.004739246167722888
10	0.002635732516035747
10	0
10	0.004205533617510785
10	0.004600396697019074
10	0.004211804035972055
10	0
10	0.004524825174899205
10	0.003737427928725268
10	0.0036242376651175723
10	0
10	0.003912631340573498
10	0.0059149740287292715
10	0
10	0.00357799165810791
10	0.004583270642065045
10	0.003765498194835989
10	0.004953500559505569
10	0.005242894480144108
10	0.004116034202003427
10	0.0053232636852332885
10	0.004201501518480798
10	0.004689951610305168
10	0.005812317636846015
10	0.00355003181132587
10	0.004577614191070431
10	0.005231685395589795
10	0.0052653698781735606
10	0.0035131121052480465
10	0.004232884925174751
10	0.004236127894637455
10	0.003812331353227455
10	0.00401563849993703
10	0.0059074242301544655
10	0.003723761439395695
10	0.006773159063222921
10	0.004439269941008704
10	0.004824006582735595
10	0.002888574045380703
10	0.005065935194304825
10	0.004097037564783953
10	0.004431112101588307
10	0.004481947495724404
10	0.003670254345000198
10	0.0035140369172800253
10	0.0038505421688956286
10	0.003431651896939973
10	0.0050752966267365715
10	0.005197955337444625
10	0.005517637708582331
10	0.004363663515476847
10	0.005163474722280383
10	0.005063158274116869
10	0.004420005609680701
10	0.003694573883869859
10	0.004275349525829605
10	0.005255493643121477
10	0.003872121740420634
10	0.004248338976527863
10	0.0037214005117534982
10	0.008238122379573975
10	0.004637204797607145
10	0.0038603189679752956
10	0
10	0.00404440586248164
10	0.0046772049201213054
10	0.0038346075077251916
10	0.003486809574720881
10	0.004153367209719798
10	0.0034912004882038214
10	0.003665002511290131
10	0.0029367075565399576
10	0.003682226864341131
10	0.004646696889513251
10	0.0042151842130285465
10	0.0039467007156646075
10	0.008795248549605783
10	0.004426877617185762
10	0.004077387682168807
10	0.008229435905703682
10	0
10	0.0036667882650846125
10	0.0030691195671306397
10	0
10	0.003621207578172702
10	0.003393923703604826
10	0.0030686439673718903
10	0.003632227397795495
10	0.004115454657747491
10	0.0037134586895103665
10	0.0045387130611222485
10	0.003997866152534289
10	0.0039592034943586605
10	0.0029107916345945516
10	0.004276142003779534
10	0.004016364514897496
10	0.004228493843769024
10	0.0054971964129797496
10	0.0033088801333920515
10	0.003607580579897859
10	0.003394181739310089
10	0.0048663672371087605
10	0.0037124565532288202
10	0.0036180811715856858
10	0.0050082716320662395
10	0.004356769458341172
10	0.004286856189677048
10	0.004106439445204089
10	0.0034999818976874783
10	0.0046499798390849355
10	0.005089645196461997
10	0.0045641315805553
10	0.0033403862447415242
10	0.0035672959541073143
10	0.004074463254682017
10	0.0035610282379453335
10	0.005053324869479417
10	0.003100712897847123
10	0.0040770068570351835
10	0.004336553708247676
10	0.003855279600492397
10	0.0051128236549929105
10	0.0051167555812209565
10	0.004281325228736882
10	0.0050157103452351985
10	0.004515805546110475
10	0.004104117034213318
10	0
10	0
10	0.003481467706529867
10	0.0036720629650895975
10	0
10	0.003314835145923767
10	0.003390053217715968
10	0.003650467490467044
10	0.006214385641794901
10	0.00906493801859546
10	0.004155679476434744
10	0.009505052527293804
10	0.0038776875769347646
10	0.00718384996592747
10	0.005628404640286663
10	0.004826901949695342
10	0
10	0.0034988027666305196
10	0.0038512860874135805
10	0.004904873552492968
10	0.00767837485714645
10	0.0033246662344238497
10	0.004026077670310663
10	0.0035418071237635876
10	0.005124181770578299
10	0.004524573689164083
10	0.0038464545769639463
10	0.003096232910563328
10	0.0031438378509931228
10	0.005240639287619489
10	0.003948979826803875
10	0.003943929081839001
10	0.004495991280829498
10	0.003079973481777272
10	0.00439671144979343
10	0.004306553962609897
10	0.007186448279426656
10	0.004932380676371684
10	0.00295536457620937
10	0.004738471270923572
10	0.004258788577151172
10	0.004362329300820842
10	0.004175001593561256
10	0.0056751409709790345
10	0.005604288154125697
10	0.005913713351064546
10	0.004977357233783001
10	0.0029450077088808285
10	0.0032077721942690572
10	0.00581538738599495
10	0.004572479781140274
10	0.003665607628590774
10	0.003916239208828663
10	0.004212525663252805
10	0.00311450204455076
10	0.003395294850966762
10	0.003572357786381497
10	0.002965457930955093
10	0.0037649897632318153
10	0.0036815775307267227
10	0.0037648381455489587
10	0.0041216279482548844
10	0.006666037928436097
10	0
10	0.0035677611217490406
10	0.005105606835393041
10	0.004879085227598927
10	0.003923446678438655
10	0.0035028161545574235
10	0.0041527207649588735
10	0.004437658901711418
10	0.006067241361843131
10	0.003967975168346712
10	0.004749086863803135
10	0.0049098210552741195
10	0
10	0.004167719716110789
10	0
10	0.003973603769290975
10	0.0033643933375224638
10	0.004926780269976308
10	0.003582949188301037
10	0.005454175070559491
10	0.0038996590137984274
10	0.003782309106953223
10	0.0073694792669094615
10	0.0047330411687707364
10	0.0038125568041394355
10	0.00385930007650906
10	0
10	0.0035233421494960822
10	0.0029464286307056687
10	0.003409380496001139
10	0.0036676524578376345
10	0.004111910541857166
10	0.0042002031509368485
10	0.00406017623860284
10	0
10	0.0034363934930905227
10	0
10	0.004065282630866519
10	0.005908105722200814
10	0.003448074832091141
10	0.0034282800697946736
10	0.005329237633883091
10	0.004106846906128956
10	0.003846032908837228
10	0.004037484160703252
10	0.0043778417713065745
10	0.004243378931543123
10	0.004846385944228403
10	0.0043689624226079795
10	0.0029463006898405525
10	0.00351317000760818
10	0.005001108176541622
10	0.00383630633221647
10	0.003746467923266991
10	0.00463934707456129
10	0.004638425568929472
10	0
10	0.005517324870648496
10	0.0035339530179675405
10	0.004092518139224649
10	0.0034222245968878254
10	0.004981442705207562
10	0.0060370901101896675
10	0.004164741723375316
10	0.00575588677395186
10	0.004383451350155788
10	0.0036662748232224943
10	0.004345590122757125
10	0.0046979637082710446
10	0.0058139155769510766
10	0.0031481363728958186
10	0.003661124038837696
10	0.005144930770390747
10	0.004332205841310029
10	0.004743581390642074
10	0.004054113378304422
10	0
10	0.004185742872650908
10	0.0041191015618793105
10	0.004122619405500518
10	0.0034532836115748027
10	0.00436406302853195
10	0.00359542471544053
10	0.0035005456795493507
10	0.004205002982036952
10	0.005066927128259339
10	0.00466958304673514
10	0.003823151847079547
10	0.0038440687975250733
10	0.0040601420953383935
10	0.0038833488804029762
10	0.004950651380031294
10	0.003941627734145863
10	0.0062951365908027815
10	0.004375107343004484
10	0.004717221380617731
10	0.0027353788204865863
10	0.003963574808781954
10	0.004595806904474537
10	0.003695231454995438
10	0.004210466198773534
10	0.00460553917780801
10	0.0035604114644993885
10	0.00378206020974101
10	0.003955472521406955
10	0.003126941619833812
10	0
10	0.005059312141118053
10	0.00476289757285109
10	0.007476591003143513
10	0.004117779646994457
10	0.0029651892969327384
10	0.00515017855796772
10	0.004748535710143639
10	0.003998345995965189
10	0.003458198912306641
10	0.0046679204893853524
10	0.004622848304570879
10	0.004921195504035751
10	0.005740572684248892
10	0.004575814218630368
10	0.002911246830724368
10	0.004506164283280671
10	0.005405007055809652
10	0.003201771376192341
10	0.003957282101288988
10	0.004486966236450409
10	0.004760905328145528
10	0.00429566953349392
10	0.004616546416582727
10	0.005407830436769753
10	0.004758845944416677
10	0
10	0.0023357325309954742
10	0.0036818960177070707
10	0.0030186948972467575
10	0.004698900644027216
10	0.004665743798195635
10	0.004878904599781154
10	0.0049121506599065605
10	0.00876082177034494
10	0.00362105708814447
10	0
10	0.00489682231334142
10	0.003557602208432816
10	0.0045196942671490384
10	0.005203256719067905
10	0.006483785050271781
10	0.0039297764770397595
10	0.0035064111707753766
10	0.004758924703734046
10	0.0034155222231568075
10	0.003739815103446532
10	0
10	0.002824600706939318
10	0.0061529063909892085
10	0.00377062894607339
10	0.003896840829752217
10	0.003160573033138835
10	0.004275336945799476
10	0.004769677117010975
10	0.003857790797594436
10	0.004623383546637975
10	0.0035001045340631695
10	0.008026398376246193
10	0.00976545976764826
10	0.004341951273875436
10	0.00587964695473461
10	0.003943107551957127
10	0.003915393761076306
10	0.0037623014423365173
10	0
10	0.005310972051703483
10	0.003611616154864979
10	0.008222095945988784
10	0.004619074776420966
10	0.00429280599041155
10	0.004429780415372206
10	0.0034127796363408814
10	0.004510670155936921
10	0.004580707085730037
10	0.004599710660391496
10	0.003698648643217417
10	0
10	0.004209266097386897
10	0.003957180192417701
10	0.004547585919413252
10	0.0037647397533539773
10	0.004005945541866112
10	0.0041943587776566245
10	0.004703969830750148
10	0
10	0.003819351870331885
10	0.0036671732802875476
10	0
10	0.0045302114353700405
10	0.003948354427215076
10	0.0037882886074846428
10	0.003399923765073849
10	0.004656751150942325
10	0.004162035301929917
10	0.004332892267711105
10	0.0031134560693505285
10	0.005364423896576521
10	0.008303007330659197
10	0.00392524212435118
10	0.002973898877228978
10	0.005927971374065918
10	0.0034326842200139616
10	0.0038631837934606805
10	0.004775254618208345
10	0
10	0.005291726972033353
10	0.004523398954923541
10	0.005887943118427716
10	0.004948831778254066
10	0.0035581777224364354
10	0.00344925246877073
10	0.0037781711084531404
10	0.0043888570764013144
10	0.00360554545593995
10	0.003910588329395866
10	0.004223665865389205
10	0.003722952832380876
10	0.003515613705808835
10	0.004483961166206004
10	0.0033744286612322535
10	0.004383543249344681
10	0.0051187568025257545
10	0.0036124785840614083
10	0.0039122396499758445
10	0.0038808230383796374
10	0.0035316538746094812
10	0.004146353748871367
10	0.005187491284320835
10	0.004024579549915125
10	0.003882557462050851
10	0.0029433993776610775
10	0.0037426020395780377
10	0.003929955012472571
10	0.004303877896137463
10	0.004204761382114667
10	0.003910103692600795
10	0.004164815013961679
10	0
10	0.00931299856311978
10	0.004177195518448928
10	0.004705216066611385
10	0.005498639869481229
10	0.004272152535846696
10	0.004107209223122948
10	0.00415039686831841
10	0.0035517587899254865
10	0.003288426974601945
10	0.004266269318477337
10	0.005441302563186882
10	0
10	0.004177901338849609
10	0.003487609687973336
10	0.003859589566110809
10	0.00403187086407046
10	0.0036057556705426205
10	0.004731621647386212
10	0.0031799443860882825
10	0.004019015640398972
10	0.0027523307649185303
10	0.007365354695505253
10	0.004584137564516691
10	0.0091733289444262
10	0.005195880658855638
10	0.0038842126702632114
10	0.0035660995869199936
10	0.0031357647075097037
10	0.004037602192006097
10	0.003772573320846452
10	0.004633042998649459
10	0.003852630037397937
10	0.005962517238419979
10	0.0030957648526802246
10	0.004015603976630906
10	0.0035282640355695943
10	0.003267953760004906
10	0.0037961688420931725
10	0.004646611548100334
10	0.005587725306301704
10	0.0033467313298015428
10	0.004022951976240111
10	0.0036491803815089513
10	0.005179820039290393
10	0.00793737739186548
10	0.0035829496077671562
10	0
10	0.004383522077979056
10	0.003594955366923094
10	0.0030987386414286894
10	0
10	0.003901776991698265
10	0.0035098473271152836
10	0.003986968692685842
10	0
10	0.004734304616758698
10	0.004264859822166966
10	0.003781244928151886
10	0.004100480709151261
10	0.0036621653329690393
10	0.0032353031600529875
10	0.0038004193420061185
10	0
10	0.005536453657196101
10	0.0038091879532753882
10	0.004006931158107449
10	0.005299215115932788
10	0.0047266866482448275
10	0.0048019999068907495
10	0.004250159150833906
10	0.0030359995506256043
10	0.0033548058601681734
10	0
10	0.0046938304941145596
10	0.00429568992994255
10	0.0041788151707722486
10	0.004710226820079771
10	0.002758556778881643
10	0.004020242724636517
10	0.007158143535959679
10	0.0034392144116909737
10	0.0034459252735761646
10	0.004954620434052741
10	0.00549747480166325
10	0.0038284894460403206
10	0.004814223028588502
10	0.003989491550399051
10	0.003844266748711587
10	0.004988871165819767
10	0.003917242855446098
10	0.004444501589845653
10	0.003735780685808335
10	0.003952340019773008
10	0.0037130798174859437
10	0.004533724695529029
10	0.0037062600998832855
10	0.004165765594301934
10	0.003885812387121308
10	0.0041006315536761566
10	0.003310183818740741
10	0.004007178980289574
10	0.0033297982469481543
10	0.0033700774096250365
10	0.004493826288200609
10	0
10	0.004273130106309978
10	0.0035858885924783482
10	0
10	0.00597719315790652
10	0
10	0
10	0.0030608166292994967
10	0.003777373065409019
10	0.004744431944594485
10	0.0032638589209404373
10	0.004492142163920407
10	0
10	0.004109632365101306
10	0.007201150513877854
10	0.004120592200751395
10	0.004013495926270448
10	0.006742723339966202
10	0.003967335691551909
10	0.004664184520442045
10	0.003471816594880012
10	0.0036668755981827668
10	0.004624597841254664
10	0
10	0.004107110576137053
10	0.00400854769811895
10	0.0043299321839617355
10	0.0047464912851693285
10	0.0037468394375492586
10	0.004313434151027186
10	0.004926175635279792
10	0.0047422624159242695
10	0.005603997365877504
10	0.005028109445314483
10	0.004933880108909634
10	0.00367301400749574
10	0.005599761830246789
10	0.005401681775332855
10	0.004287887833906363
10	0.004039033263503543
10	0.004301193032329769
10	0.005616489907999445
10	0.00426986492080578
10	0.005989466793232793
10	0.0044498046685079035
10	0.005397261257686095
10	0.002955563735015069
10	0.004343922434230282
10	0.004293932062508245
10	0.005802162439834171
10	0.0035667701111854336
10	0.0051294491267695795
10	0.004080713738124629
10	0.0037939595707973416
10	0.005050956549872946
10	0.003343625018162006
10	0.004775417307707337
10	0.004583828760949412
10	0.0036197572249465518
10	0.0076203696836198076
10	0.003525294781787024
10	0.004290212413584346
10	0.004825955193760077
10	0.003696260030405153
10	0.0048016398330430156
10	0
10	0
10	0.0037560762966064314
10	0.007000545712810275
10	0.007104969613208349
10	0.00397808357274648
10	0.003931317579862865
10	0.003674890613472487
10	0.0027010322018163687
10	0.00411865906740053
10	0.004148804632992108
10	0.004988239813186283
10	0.006780387287239377
10	0.004301558748487415
10	0.003724035493325041
10	0.007732665236786026
10	0.004120252831141579
10	0.004684213968998368
10	0.008123645106853643
10	0.0037471349585856146
10	0.004257267424865013
10	0.004769531620335646
10	0.004947721982317256
10	0.005347815353954239
10	0.004342690097351999
10	0.004327195091357292
10	0.004882185255184383
10	0.0036310405311447452
10	0.004575408058169867
10	0.0032386648220963637
10	0.004080519863799419
10	0.004562783991005493
10	0.0044335602776404024
10	0.003961760711127697
10	0.0038530127938573473
10	0.004957258833825514
10	0.003854878903120799
10	0.003163901570019082
10	0.004854370078558102
10	0.0043208716290596885
10	0.004460071679124449
10	0.004149437181515303
10	0.003475206158953223
10	0.00520798815250363
10	0.004488916424319232
10	0.004980753143624553
10	0.004162175107470915
10	0
10	0.0042666980885913836
10	0.003772629740748848
10	0.004107746742341321
10	0.00430705429524778
10	0.0039027590882879156
10	0.004544280283468706
10	0.004984121018969879
10	0.003672530030852597
10	0.004277841121876404
10	0.005125610155887538
10	0.004821697021715264
10	0.005109389534187722
10	0.005248644218000623
10	0.0033639602570385146
10	0.00371416421814528
10	0.0037508387642882814
10	0.004734039285544391
10	0.004308498469774193
10	0.004472778378017134
10	0.0034652917995910654
10	0.0035442309128719198
10	0.004466112999196284
10	0.0071147820708050815
10	0.002992715170627841
10	0.007155998788693143
10	0.0036734708044003327
10	0.0033758112167267536
10	0.004365844647335599
10	0.003916623278056961
10	0.004164257472494336
10	0.004287371606080503
10	0.004664703563436576
10	0.003886170447371584
10	0.004101197463053108
10	0.004921544855124968
10	0.0059751131169402906
10	0.002483338690296835
10	0.0037100760134383837
10	0.003932078115572169
10	0.0035907645202546
10	0.005949587605924443
10	0.004317234086167975
10	0.003658749577152493
10	0.005956027813958992
10	0.0036873147193515568
10	0.004245856792946809
10	0.0036405749092349457
10	0.003296735067541597
10	0.0031107611585049952
10	0.004684820362256246
10	0.004595408063322086
10	0.0030325738897623885
10	0.00573773383095125
10	0.0031910295531222435
10	0.006923438863707214
10	0.004619988421240855
10	0.00280720989622743
10	0.004575590234113434
10	0.0036547487704639415
10	0
10	0.003981663718887741
10	0.002618849790209202
10	0.00413545833888501
10	0.0032688659628543073
10	0.004525377361389109
10	0.0037838069444781092
10	0.0037365835514233375
10	0
10	0
10	0.003881279081258594
10	0.004184233511969577
10	0.004596715348447824
10	0.0037328819837356302
10	0.004118184967319662
10	0.0038075476658065194
10	0.005893235398499884
10	0.004686023918273317
10	0.00332010662137716
10	0.004971931083514083
10	0.0036207630261099358
10	0.0039408766680993496
10	0.004012613598001261
10	0.004015620935895453
10	0.004221527856451499
10	0.003928416961819456
10	0.004243169626931026
10	0.003678643687850651
10	0.004200223246480812
10	0.005456268592591777
10	0
10	0.00792669124997747
10	0.003911552249239872
10	0.0053461523878096774
10	0
10	0.0030952584132161406
10	0.004913894229652327
10	0.003173723802139301
10	0.004557927509929002
10	0
10	0.003668097442969979
10	0.003981617736173031
10	0.004485406400313897
10	0.0030746806548789035
10	0.004188649160395099
10	0.003929098793382731
10	0.003639271796570209
10	0.003713273953695085
10	0.003292427317957515
10	0.005370209275320049
10	0.00361495062559914
10	0.004613494055352753
10	0.004690274622127132
10	0.0037282209314579828
10	0.004522800691215921
10	0.003950056910200287
10	0.0036610611011940945
10	0.0037176569702563724
10	0.00471156249839886
10	0.00299961955318359
10	0.004638777828197181
10	0.0048969848115487805
10	0.006060067659444436
10	0.005598190716256548
10	0.004115016663893532
10	0.0037175371846585254
10	0.0033961248450807687
10	0.0033513124112917987
10	0.0033270945647927703
10	0.004586191630638927
10	0.004325234957236112
10	0
10	0.007445742270974328
10	0.0037382174014229707
10	0.006215445971590137
10	0.005288127005342048
10	0.004173683717659962
10	0.0036212996559775055
10	0.007011911930395171
10	0.003838715170750822
10	0.0031779142018663192
10	0.00459308812847914
10	0.00357448844497291
10	0.008992341860088479
10	0.004195205634202297
10	0.0034979330587549154
10	0
10	0.0028402985993752484
10	0.0033188989502089526
10	0.00635994572068839
10	0.004571512262338884
10	0.003875544437332947
10	0.004294474156325184
10	0.004035230420191809
10	0.005008193930388913
10	0.003241166590648886
10	0.005362504487161997
10	0.003899268553208678
10	0.003117429191215086
10	0.0039044911919890904
10	0.003058728245158109
10	0.004921675716440467
10	0.00458670512846109
10	0.0034096162663247134
10	0.00918937746830295
10	0.004520994163748766
10	0.004462562663607192
10	0.0038483461527253496
10	0.0041961846465790415
10	0.004645421921924536
10	0.00476389459082513
10	0.0056052003456108545
10	0.0031382047900440904
10	0.004190942900098783
10	0.0047709059404012905
10	0.004923639822752651
10	0.007865891623806855
10	0.003599660449075735
10	0.004422721272734422
10	0.0042485614565021396
10	0.0037540956106496396
10	0.004622782569926432
10	0.003664091483152559
10	0.003588518904968701
10	0.004580716694285912
10	0.00380582812662747
10	0.004203291071789629
10	0
10	0.004041053346153734
10	0.0039149591639397645
10	0.003884475452164622
10	0.004077771614233807
10	0.003944276897611429
10	0.004027691403919666
10	0
10	0.004684171404242466
10	0.0032729703314231464
10	0.003224090214844225
10	0.0025618138331584437
10	0.0030378383738337475
10	0.0036742276325898706
10	0
10	0
10	0.0038211847956837056
10	0.0048034024368898524
10	0.0033042974691875806
10	0.004691521016514726
10	0.003656067535979646
10	0.0053150243802338034
10	0.004107735582420402
10	0.0039732206771638445
10	0.005752836424880461
10	0.005079382537510981
10	0.004022924076686546
10	0.004119652406247687
10	0.0037218448133022174
10	0.004267621561340952
10	0.004471231707207908
10	0
10	0.00394694779367825
10	0.0035862266672379594
10	0.003403513481274552
10	0.005917996950516477
10	0.004524584529049828
10	0.003898432875296996
10	0.0037975761327258633
10	0.003994758528683642
10	0.004392811845497827
10	0.004394670542380188
10	0.0034071658611221642
10	0.004092163021185398
10	0.003114525429113826
10	0.004255958936122566
10	0.004174982809133769
10	0.004788594644987669
10	0.0044795167255627655
10	0.004035746127011879
10	0.0038146389385448525
10	0.005118522017594608
10	0.0036772560604944713
10	0.003990272695759612
10	0.0036717035411817224
10	0.004293424875700007
10	0.0028567870372357023
10	0.0030625062146014616
10	0.00395254151545122
10	0.007794522001521365
10	0
10	0.0034569356415374
10	0.003744680437387728
10	0.0032302440090822226
10	0.003802294054996017
10	0.005064720015008917
10	0.00372598994442086
10	0.0037858028532804927
10	0.004588939043282346
10	0.0046523096611774655
10	0.004071754191073419
10	0.004346196838826885
10	0.003447410434342405
10	0.00560450834690444
10	0.0037129803951756637
10	0.0035435594783217116
10	0.003504950531583166
10	0.00364086598441414
10	0.003788485882933621
10	0.0038097132143462453
10	0.004677501291923119
10	0.0034825937753656918
10	0.0034362252883583565
10	0.0040741612931699455
10	0.0038045161254315965
10	0.004765224580121178
10	0.004850078209235859
10	0.005401121171772736
10	0.005694054790946604
10	0.0046310087258356935
10	0.003423196062901565
10	0.00506861426251196
10	0.004162247636578533
10	0.003507165429321441
10	0.005369085662967614
10	0.005055381134613741
10	0
10	0.00386146895699497
10	0.004915262074875848
10	0.00373665234747422
10	0.003038808078325626
10	0.004619697290563179
10	0.004702777892401774
10	0.004203097483631075
10	0.004001940204489816
10	0.005399191359094632
10	0.005780995130914331
10	0.0031733498370226563
10	0.005280706304282277
10	0
10	0.003565581702866498
10	0.005482248144492417
10	0.004593523785321981
10	0.009126028618531224
10	0.003726206907792604
10	0.004493119474923505
10	0.005381264253933136
10	0.003593827758690645
10	0.00446635793649531
10	0.003504300189620902
10	0.005673078292246923
10	0.00418731998638697
10	0.0032002147981810545
10	0
10	0.0032778334677700765
10	0.00289609612307841
10	0.005100727249309361
10	0
10	0.004071212414804749
10	0.004353639491679271
10	0.004425352242319329
10	0
10	0.004506602563090269
10	0.004976769879745627
10	0.004130437615231873
10	0.004009949361892505
10	0.004840345929011756
10	0.0034099617721163964
10	0.003459689940765446
10	0.003412903333720892
10	0.005073968620932406
10	0.0036003673995263913
10	0.006714257402219936
10	0.0034157204286731097
10	0.004593612881666766
10	0.004213617539574573
10	0.0033208696947987656
10	0.005281005078683039
10	0.005092461978053899
10	0
10	0.0033339381982840934
10	0.0037370328726700763
10	0
10	0.003555783226104111
10	0.006050403078074585
10	0.004520098923092079
10	0.0037356688094311876
10	0.003511428099580873
10	0.0033848031982196673
10	0.00885825260445716
10	0.003027914544479416
10	0.004445574398732397
10	0.0039057833761606577
10	0.005891840161760711
10	0.004618052767751806
10	0.00594907645567454
10	0.004338000027968922
10	0.004970273630848196
10	0.0038537559505774817
10	0.004777778717879391
10	0.0038268674545632922
10	0.004259664523486086
10	0.005268459330324533
10	0.0030576025671233665
10	0.006157198726557634
10	0.004777368797559352
10	0.004065159014787296
10	0.003779144104238734
10	0.0035729904728793826
10	0.003352586753011449
10	0.0033650049403643337
10	0
10	0
10	0.0036281918806571993
10	0.0036067558153702927
10	0.004672499206646148
10	0.00435269189750291
10	0
10	0.003078317362528908
10	0.004180895565312446
10	0.0030571703542246987
10	0.004038271121168628
10	0.004177231625299104
10	0.0038750373923352936
10	0.004115529790520671
10	0.004839997821584174
10	0.0033317373377234017
10	0.003370641356336067
10	0.004218406888817918
10	0.006136765609322031
10	0.004550197765910778
10	0
10	0.004111015203090674
10	0.004669454512765184
10	0
10	0.004497217428720744
10	0.005742869755547955
10	0.00452720782321535
10	0.004636822188573675
10	0.0028821231144374156
10	0.004442436667748113
10	0.0035238922343695444
10	0.003510287821638862
10	0.0036669838480485975
10	0.004094517200432728
10	0.0035695648637976986
10	0.004138173356386471
10	0.004920326926412937
10	0.004250013373844688
10	0
10	0.0036682288839541737
10	0.007602913882364296
10	0.005091810613707348
10	0.004128265840670525
10	0.005178777280093746
10	0.004795427762916919
10	0.003627196084636417
10	0.003916073228265023
10	0.0036652618226091396
10	0
10	0.004767208098022878
10	0.0042532819000297645
10	0.0044055246214643375
10	0.004255111823545539
10	0.0034940582838797938
10	0.0030771239719129314
10	0.004759878520316873
10	0.004138762245904741
10	0.0048907037708253364
10	0.00483041607617742
10	0.003138682202180862
10	0.005084990668285459
10	0.003958367142899825
10	0.0027998553328877104
10	0.004806819717503712
10	0.005306610849654874
10	0.003589123123237288
10	0.004397144023074942
10	0
10	0.004014993054314255
10	0.004504269893023436
10	0.006170841900407054
10	0.0044331176507223565
10	0.004143232951130024
10	0.004620174379926108
10	0.004393554734569271
10	0.0033755585180750593
10	0.004913489444890033
10	0.004836289326121675
10	0.005346725904801628
10	0.004815093281412482
10	0.004830789779605965
10	0.0037417631026309484
10	0.005621352938394737
10	0.004285714822258196
10	0.003911987187643063
10	0.004517869357233648
10	0
10	0.004203588737508014
10	0.004852040623129951
10	0.0055115140757941135
10	0.004053611564053793
10	0.003236443496842422
10	0
10	0
10	0.0043537653085884516
10	0.005335930198150297
10	0
10	0.004233777362685598
10	0.003958200505486593
10	0.0040500809882251295
10	0.0035323988061164613
10	0.005419202417003199
10	0
10	0.004834044112277204
10	0.003844768000814787
10	0.004277084025138389
10	0.004281136104815993
10	0.003553817171808085
10	0.003132552561200461
10	0.004317555768820485
10	0.005381256802407884
10	0.003643834427222029
10	0.0034684685358800714
10	0.0035307932540380852
10	0.0029330537120424226
10	0.00516718194734577
10	0
10	0.004322087227078362
10	0.003954712837160593
10	0
10	0.0038400633775615687
10	0.004470117381031995
10	0.0037839619557473543
10	0
10	0.007420493820868441
10	0.004024445925225879
10	0.004744939175126734
10	0.0037388652727933344
10	0.004597080260922033
10	0.004946960220486526
10	0.00385454067402019
10	0.0028155719065900034
10	0.003888458186863362
10	0.0042735452697731
10	0.004641790921214947
10	0.004876243415876336
10	0.0031647014594860384
10	0.004662316824232513
10	0.005143363397090681
10	0.004763050638836823
10	0.0027203551030762023
10	0.004798243575758567
10	0.004815929604863438
10	0.0047338425300443125
10	0.004328519275047756
10	0.004443528109777561
10	0.004740716733439529
10	0.004796254541076372
10	0.004519678227449925
10	0.0034015750691430116
10	0.004087648544630515
10	0.0043859471308623395
10	0.004025315831982356
10	0.004654045619480401
10	0.004487307697311393
10	0.003968359450968076
10	0.003894038854713774
10	0.004819617579812297
10	0.0028967402384709484
10	0.0038189537897924475
10	0.004685485062153859
10	0.005807899214706523
10	0.0030810429182842164
10	0.003336605442891659
10	0.003498784349889926
10	0.004013241745804654
10	0.0035225641528266708
10	0.004510139981958208
10	0.0033396800788665143
10	0.006312008533010258
10	0.00603910465325455
10	0.0036820019276077517
10	0.003831059557419138
10	0.0051140191958429565
10	0
10	0.004594692584843579
10	0.0054973577059930796
10	0.0032638268275637875
10	0.003649262025395595
10	0.0030116467004879252
10	0.005194164006719084
10	0.004321287233680204
10	0
10	0.004564875118179173
10	0.005814335178401758
10	0.0049058503131956584
10	0.004148315966837097
10	0.003141238390382444
10	0
10	0.0031900452131143056
10	0.003703320363733254
10	0.005490410701060577
10	0.004348433639921466
10	0.0038788620874680123
10	0.003677813697580745
10	0.003667363412518386
10	0.004311448541649906
10	0.0038101365577908448
10	0.004542153805792739
10	0.005040420728011054
10	0.004632794726660793
10	0.00384447288860448
10	0.004330939810969743
10	0.003480290259377829
10	0.004375666594485327
10	0.006620969881153957
10	0.0036559045211285147
10	0.0044468091812488115
10	0.004250959213060643
10	0.0056252303265500216
10	0.004476475621039856
10	0.004066966308971781
10	0.0037639136020327763
10	0.003123464857810745
10	0.0039106362499824136
10	0.0045623117021805016
10	0.004502192731076611
10	0.006191395633039893
10	0.004382958540125703
10	0.007485904193782849
10	0.0035114216708534425
10	0
10	0.0047852958115798365
10	0.004138985010611112
10	0.0044838766548482515
10	0.004282243987752696
10	0
10	0.0042855782561554544
10	0.0040814808283164425
10	0.00445080220807474
10	0.0038111440310277943
10	0.004212948323209876
10	0.0041416618681702185
10	0.004950069597662699
10	0.003770186402821266
10	0.003982018410945276
10	0.004291959949510391
10	0
10	0.005008832271362837
10	0.0038015375216627007
10	0.0031654309684286484
10	0.0029007047175948746
10	0.0037012536735047956
10	0.005140918790193786
10	0.005019777443665282
10	0.004059012881448471
10	0.004259195624537402
10	0.004115143809571132
10	0.005302861015539467
10	0.0036065137675016187
10	0.006010808514654875
10	0.00435663848240941
10	0.0036972695064535705
10	0.004222564702619507
10	0.004081833505676442
10	0.0033568368740749944
10	0.0039030506096193233
10	0.00557369124273504
10	0.003144092492062727
10	0.004453523323695183
10	0.005425781601404008
10	0.003594619181188902
10	0.0035758234060475932
10	0.0038903958571162487
10	0.003897549338540567
10	0.0035573279749086693
10	0.004759760324853552
10	0
10	0.0039227620675775605
10	0.004435356275677165
10	0.0032182190497886064
10	0.004001113841323258
10	0.004417383068102039
10	0
10	0.00410502990541387
10	0.0028829610161650457
10	0.0030943483591996794
10	0.004071917664054751
10	0.004377749888278557
10	0.0041033474163231125
10	0.004990427834983953
10	0.0045293261070125344
10	0.0031104434739891262
10	0.003947163148944022
10	0.003841839921185374
10	0.00395513151365245
10	0.005123328892116752
10	0.003846109023002054
10	0.003689048878106235
10	0.005643472764060009
10	0.0047171579926225116
10	0.003957956455147579
10	0.005298242331878382
10	0.0046614481814518955
10	0.005124760226186588
10	0.0048210878370116795
10	0.0034512106623824897
10	0
10	0.003596412892105258
10	0.004228122204818944
10	0.004062004700436906
10	0.0036333506196020216
10	0.0037784053235718363
10	0.0036419738780540637
10	0.004109139126051963
10	0.0031519189868729793
10	0.004362698756596152
10	0.005156487369540479
10	0.005274085890053391
10	0.0072707806789373275
10	0.0031402698401683474
10	0.003770566470151378
10	0.0026877342000722984
10	0.0038340303939986163
10	0.005656851696760785
10	0.008394711519746773
10	0.0034813469532102323
10	0.003575810698926584
10	0.004288229559570739
10	0.004328710701949522
10	0.003390227103555958
10	0.003751707610419373
10	0.0037235688185469976
10	0.006035751935240421
10	0.004108605126422608
10	0.00608234751687976
10	0.004879191769526349
10	0.0035085090213894917
10	0.0043105832342090426
10	0.004806583982373647
10	0.00825304761449657
10	0.007183500413643375
10	0.005209000839392691
10	0.004259708244714274
10	0.004067909685126122
10	0.0036928323979317805
10	0.007302300736013886
10	0
10	0.004374761310377001
10	0.00298130593263073
10	0.005291027257505192
10	0.005103544116674367
10	0.004960034493670357
10	0.0035627244426420855
10	0.003309309862924355
10	0.003408452716359757
10	0.005946579897030577
10	0.004381895543946264
10	0.004405429940735511
10	0.004722327740956853
10	0.004859801204603959
10	0.0047356870787727875
10	0.0032582358517262377
10	0.004085501487697404
10	0.004107321925639117
10	0.004748673266846371
10	0.004444474534391859
10	0.0049792263545341215
10	0.0040171976789870984
10	0.004964168474465138
10	0.004966507958683412
10	0.003713190446458172
10	0.0039153169932166715
10	0.004925114672076779
10	0
10	0.005766175818788279
10	0.004533354851464768
10	0.00687131939530858
10	0
10	0.0038646655735225344
10	0
10	0.003001463070882253
10	0.0036601460795418882
10	0.0035803955690341294
10	0.003841604422416359
10	0.0026311769614669905
10	0
10	0.004622357386035839
10	0.004264313609274433
10	0.003879842202827492
10	0
10	0.004394997049819719
10	0.0028430450712630794
10	0.004056880325591436
10	0.004769095737087009
10	0.00419169978630106
10	0.004883449390758796
10	0.00574767548077233
10	0.00416587897412736
10	0.005499253134325684
10	0.004537608921010785
10	0.003938861530010882
10	0.00673324339555273
10	0.005053885270888765
10	0.0038124764216256627
10	0.0040950015360004715
10	0.0037661971984952573
10	0.003946377912263647
10	0.0036983982206958694
10	0.003017983933640487
10	0.002967616287498374
10	0.003866224268743804
10	0.00382167407055607
10	0.005043466627648972
10	0.0031856054008703822
10	0.0044854176448119835
10	0.004299991132299094
10	0.0029661430996274917
10	0.0035559322052689927
10	0.004423417324955207
10	0.003594562837281799
10	0.004752668001166367
10	0.0037585484423257763
10	0.004847283422243033
10	0.0048553306183930734
10	0
10	0
10	0
10	0.003547782462207679
10	0
10	0.003924075476876639
10	0.0035270868996330165
10	0.0033066105254534917
10	0.0029174521382303886
10	0.003171844469919013
10	0.004168261651562479
10	0.00631631654505646
10	0.003844358681769611
10	0.0032282248224381493
10	0.003778010462475223
10	0.0037357450724662756
10	0.005939612432496365
10	0
10	0.0032442162566376537
10	0.0034164105699625875
10	0.003420922721401166
10	0.0040551147537735725
10	0.004092995479795502
10	0.004091965550263262
10	0.004171332974395635
10	0.0034977221917780244
10	0
10	0.0036105264544620324
10	0.00399423776228684
10	0.004256970475598876
10	0.0029544878201653367
10	0.0037900598984400434
10	0.004441744697456811
10	0
10	0.0049676028792623745
10	0
10	0.0036883561473565808
10	0.004137565434161181
10	0.003844149448321936
10	0.0043119458946169874
10	0.004629641280391984
10	0.005314500384580813
10	0.003888649541840339
10	0.0036347044176706375
10	0.0047449533003022905
10	0.004997947258637531
10	0.0035101779262108486
10	0.006901012454887285
10	0.004071529619155465
10	0.005483479854657445
10	0.004207218227589663
10	0.004331141188112279
10	0.008988949885991282
10	0
10	0.004730239374998771
10	0.003947183786263893
10	0.0035223346262119857
10	0.0038827202640639366
10	0.004157386562050758
10	0.003755116730310454
10	0.004145931448495974
10	0.00390822757840481
10	0.0042263996006298024
10	0.003637332443009346
10	0.004993190133793184
10	0.004047814554389756
10	0.005016124506715144
10	0.004132847880093953
10	0.0038616257323896537
10	0.004070433474207165
10	0
10	0.00396312193729912
10	0.0043604741016348095
10	0.003772481086174559
10	0.004193385055832182
10	0.0037558115714246983
10	0.004476990040493069
10	0.004313029697614396
10	0.004290537461428577
10	0
10	0
10	0.004814727662118411
10	0.0036050967926611844
10	0.006533369520929537
10	0.003870371492828784
10	0.004860158387343262
10	0
10	0.003995649280259569
10	0.00453101557492214
10	0.004962266152562855
10	0.005294469407438237
10	0.0054525088039628355
10	0.0036438720702538017
10	0.005328225045814997
10	0.007257386730123311
10	0.0035230920332983973
10	0.0034689014814566167
10	0.004640561522555024
10	0.0070021560425012055
10	0.003181434861120082
10	0.006061987548418715
10	0.0041887761651887585
10	0.00429896615278842
10	0.004508796687598918
10	0.005117808160192198
10	0.004347246071528286
10	0
10	0.0026232191791841805
10	0.00435779154175585
10	0.003657564635438915
10	0.003626286477096076
10	0.004148439651203472
10	0.004397396667057928
10	0.005454357443782347
10	0.0030421621478119785
10	0.004046923429440042
10	0.004452984786088704
10	0.0052951903819653924
10	0.009726110123621814
10	0.0033584330602512225
10	0.005675599363394486
10	0
10	0.0039299283306562065
10	0.004591961365474917
10	0.003189924749441528
10	0.004497701422498945
10	0.005172704961884811
10	0.007168423774846887
10	0.004790946172126565
10	0.002798826648222453
10	0.0045380612905654965
10	0.004713578865845524
10	0.0036837670239999827
10	0.0053760039189696615
10	0.0038484113870192157
10	0
10	0.004183184433196624
10	0.005343074247886326
10	0.0037642738066933565
10	0.0038296742484768406
10	0.005320844962291075
10	0.005868542659257805
10	0.003564314383356905
10	0.0037092909172823435
10	0.003727571182228603
10	0
10	0.0036371077015179857
10	0.004241687736880254
10	0.0038596826248906407
10	0.004235714124495699
10	0.004940924702815399
10	0.004319151668505773
10	0.0038518775086047365
10	0.0047541631374387085
10	0.0036871319379191015
10	0.0034313681800697262
10	0.002531419063809717
10	0.0032255136036630767
10	0.0032008722864088073
10	0.003805751102575345
10	0.003831639269394196
10	0.0042490953188451175
10	0.004214430836137888
10	0.004608293131653219
10	0.003974372508911498
10	0.003666595100873278
10	0.004489005058954936
10	0.005720488085411745
10	0.005580129485538523
10	0.003401470096537221
10	0.004821824019759628
10	0.003753359217707342
10	0.003485467346212359
10	0.0035950237345619422
10	0.004294523664048356
10	0
10	0.0049682946578835626
10	0
10	0.004084648368694977
10	0.00532779144178319
10	0.0035481000150998907
10	0.004475050678614546
10	0.003806860215284661
10	0.005141933630475837
10	0.004788381864577747
10	0.0035603700221468826
10	0.005103562229366989
10	0.004636216345494125
10	0.005555199916828944
10	0.0051738429356018465
10	0.003550462765103114
10	0.003379237030874959
10	0.0037984860171760555
10	0.003688343325080095
10	0.004262883696989671
10	0.004657552299736865
10	0.004714945913643249
10	0.004110939114262772
10	0.00454804955938528
10	0.004429025610516305
10	0.004637412154412131
10	0.004673697275147106
10	0.003575676369694743
10	0.005147166177822703
10	0.004061847048779013
10	0.00607240326244814
10	0.0042782186267967285
10	0.004397655725207894
10	0.0031740495842125975
10	0.004349731695466062
10	0.00420741779662974
10	0.003024300899884004
10	0.00405372519092856
10	0.007352314098846268
10	0.00529166613008249
10	0.004506517094717023
10	0
10	0.003800151449786153
10	0.0077326153086852735
10	0.004025591465400092
10	0.003424661610338104
10	0.002971745568712994
10	0.0037662757668921578
10	0.004274364136563076
10	0.006401060407301785
10	0.004588776632127012
10	0.0046745874165639734
10	0.00586873602161508
10	0.003691796620260663
10	0.004792825223439696
10	0.00448200745814727
10	0.0038855009711092473
10	0.0039053196783362765
10	0.0037305024581588907
10	0.003683844166969566
10	0.005236899669674434
10	0.0036453364460906734
10	0.0035629480101620737
10	0.004449329249832967
10	0
10	0.004932772426668623
10	0.0035584904011407015
10	0.004377710158681826
10	0.0038849824918454554
10	0.005307469020550014
10	0.004817411536535199
10	0.003664741185703587
10	0.004941388587088871
10	0.00586409392348766
10	0.004194193840447101
10	0.003819639262817151
10	0.004655255694213803
10	0.00475916193558027
10	0.0046158071826801665
10	0.004327721297787291
10	0.003647892691558153
10	0.004811714901620238
10	0.00414195549193588
10	0.0035531389221446228
10	0.003865821998292826
10	0.003952084087886201
10	0.004875140168569683
10	0.0039909295061791705
10	0.004003605566586702
10	0.004475115337888598
10	0.0037971324279334447
10	0.004775935520837424
10	0.004742705469932838
10	0.00383231432599413
10	0.00466598404164439
10	0
10	0.005321333776790233
10	0.004181612497401268
10	0.004799228786810643
10	0.005136266743394459
10	0.003989405962078693
10	0.003468252991110823
10	0.005596041767608469
10	0.004480199047441218
10	0.006809784305144424
10	0.004872048412739991
10	0.0037757141831379513
10	0.003945543583587459
10	0.003414296611239835
10	0.0037584288609222418
10	0.005622347751720042
10	0.005578008228630833
10	0.004564079604123992
10	0.0061244921219043204
10	0.0034843090212236397
10	0.0053822989350376235
10	0.0036279242258623443
10	0.006769925443550934
10	0.0038568399852347652
10	0.0065953745902537254
10	0.005675522190281026
10	0
10	0.0028946946853697394
10	0.004938467887444192
10	0.005389249945900662
10	0.00424362136575175
10	0.003242727593611391
10	0.0036908295234446263
10	0.0075375839455822605
10	0.0033197461577105453
10	0.004562920570700218
10	0.00401399713975265
10	0.003902339871855677
10	0.0042856575831773545
10	0.003955401754746719
10	0
10	0.003950263773249437
10	0.0039457908443290765
10	0.004363822213272897
10	0.004124668557028877
10	0.00413995737637968
10	0.002926489230573779
10	0.003946344597126666
10	0.003717965736904889
10	0.0038805748619509515
10	0.004556544100049555
10	0.005150310074672221
10	0.003613425571102987
10	0.004466079357232086
10	0.003859807942656968
10	0.0037575131769013743
10	0.004424786940662249
10	0.0036110190529196006
10	0.004226845789837349
10	0.0031474015289204393
10	0.004085151631165257
10	0.004964159047673032
10	0.004065179401630253
10	0.004297697096376252
10	0.004890199973767508
10	0.002844982391438487
10	0.0032939382646766276
10	0.004910111717807947
10	0.003286484845941811
10	0.0041881611603352895
10	0.004448875219051029
10	0.003927316273844088
10	0.003941527843386226
10	0.0030614487388133734
10	0.004176505883457078
10	0.004713450802044555
10	0.004159046681736716
10	0.004657379291053711
10	0.004319209013125228
10	0.0035858604673493655
10	0.006370335259515115
10	0.0037394335756995565
10	0.004827775304579867
10	0.004848080822954955
10	0
10	0.005787256426680213
10	0.003743887509190942
10	0.005564999956588609
10	0.005949078013593476
10	0.005586371263271556
10	0.0048750558378715895
10	0.0055084744458230766
10	0.003766678206807035
10	0.004398883581389721
10	0.004101453118686176
10	0.004017101864952487
10	0.0040469612755470695
10	0.006044615942077472
10	0.0039023761525073452
10	0.004048302082008428
10	0.004465497608576564
10	0.0053676556337669806
10	0
10	0.003405778870541321
10	0.003252795960873259
10	0.00458416913109342
10	0.00297131026877635
10	0.004053485019718286
10	0.0036310740866788223
10	0.005106882275193418
10	0.004577121265659138
10	0.003380520113224382
10	0.005858285463262934
10	0.0038126705045807914
10	0.00507603091970906
10	0.002946355292180431
10	0
10	0.006825881487214121
10	0.0037509849597815517
10	0.002703302444456557
10	0.007084530136882954
10	0.004014832134909909
10	0.004598793247371898
10	0.003984377955679788
10	0.002944067160148411
10	0
10	0.005139812037648562
10	0.0038950178517157315
10	0.005378353225311496
10	0.003432333837629972
10	0.004112927285470717
10	0.0034939806863643033
10	0.00500441202176061
10	0.0035627458330475797
10	0.004376365991694
10	0
10	0.004098711139339198
10	0.004664061122598056
10	0.0047515859154471695
10	0.0032052658095270354
10	0.008116379792034374
10	0.004410128939428487
10	0.0037978224307716048
10	0.004454845651423858
10	0.004496346340803362
10	0.003540669880880451
10	0.004110436668035395
10	0.004327465147932005
10	0.0039057685186473247
10	0.006104920747272543
10	0.0027535273191874347
10	0.006592086214759651
10	0.006042133206404492
10	0.005048901979193907
10	0.00423343577001045
10	0.0035434520393297286
10	0.004086880047069322
10	0.005562476722084412
10	0.003848836240378482
10	0.003087270231853162
10	0
10	0
10	0.004796074927129826
10	0
10	0.0042180797374810255
10	0.005173233918376289
10	0
10	0.004356998782703152
10	0.00406610103131845
10	0.004535642161612941
10	0.004450796978292378
10	0.0034393541228198965
10	0.005714085899737783
10	0.004771982461262231
10	0.006522133062077972
10	0.005289534068970434
10	0.004040300386546646
10	0.004295859131158274
10	0.003973413498946098
10	0.003653685197097731
10	0.0034844015413529037
10	0.0034023932600471133
10	0.0046369373312610375
10	0.00411657823415049
10	0.005671539648543174
10	0.003451966904662038
10	0.0035114185167832153
10	0.004427987575261796
10	0.003738611453378413
10	0.008292762923635113
10	0.008044003687659113
10	0.004216098367675698
10	0.005406794668269464
10	0.0026990858490535813
10	0.0034826214633977446
10	0.004256393508534736
10	0
10	0.0034358351353310423
10	0.0032783117550255767
10	0.004547950738851689
10	0.006382726832188745
10	0.004298673160963242
10	0.0051064676658294245
10	0.0036682545819466932
10	0.0036496274466851397
10	0.003643833137847153
10	0.004210079589839713
10	0.004521183318826511
10	0.0054653180947929194
10	0.006152380993355446
10	0.003921807407121197
10	0.003710818082709513
10	0.00408612735765792
10	0.003390685758746441
10	0.004029346946588575
10	0.00351880599128046
10	0.004465657227857539
10	0.0042426097559414245
10	0.004519082407561465
10	0.004541417238685577
10	0.002986804529119222
10	0.00593006931710142
10	0.006051654419336093
10	0.0027549383036812695
10	0.004271376035138753
10	0.005182638986974467
10	0.0042135719544334526
10	0.005762015750995564
10	0.004134594808110845
10	0.0037308419312710585
10	0
10	0.0054207727307844355
10	0.004614366636690275
10	0.005896534639933815
10	0.004245255919832475
10	0.0042240951198374245
10	0.004235131749891082
10	0.0028625236914292316
10	0.003321251378873321
10	0.0046323274494058115
10	0.003146011408148165
10	0.003701587802133501
10	0.0037464919168651565
10	0.005737715631706181
10	0.00563376402943983
10	0.004428860790800289
10	0.006405766755923674
10	0.003982482996795751
10	0.007464773575088268
10	0.0035593725539509124
10	0.005969163040136014
10	0.00416670722826896
10	0.0033654346214215896
10	0.0033150314983458684
10	0
10	0.006456042304034663
10	0.003338995714523491
10	0.005941081058515368
10	0
10	0
10	0.005381890320942782
10	0.004109973698970269
10	0.004508014982443981
10	0.00500243549426589
10	0.0043381384520644875
10	0.0033812091392102965
10	0.0050125106362292554
10	0.003591237099176257
10	0.005256026310542804
10	0.004847437401023766
10	0.003505268512156099
10	0.003990464432498302
10	0.004215334239104048
10	0.004190003349192483
10	0.0038862419649634003
10	0.0036926230701280504
10	0
10	0.003720593317034974
10	0.004375756553358008
10	0.0029437978601826852
10	0.00468980491225716
10	0.0037718278775478857
10	0.003133865215808507
10	0.005916972285655496
10	0.004651993735919772
10	0
10	0.0033947748065400627
10	0.004102052866514057
10	0.004703546258375625
10	0.00404417706737033
10	0
10	0.004623975048401808
10	0.0055280690923561575
10	0.003895700005407549
10	0.004160589039471118
10	0.0035561213649335545
10	0.003385854922413182
10	0.00390252948449107
10	0.004518645291502934
10	0.00417669846745014
10	0.004111210001919114
10	0.004499515748661112
10	0.0034662406431104366
10	0.0035228192532914815
10	0.0038182934981592555
10	0.003084786196259864
10	0.0039951870624056135
10	0.004043653847826887
10	0.00479685516680299
10	0.006986208086997991
10	0.004339795226620473
10	0.003274489889425705
10	0.004870652455023497
10	0.004672926844774867
10	0
10	0.0038130522411378804
10	0.0036722987113869936
10	0.004551382676274434
10	0.0031054537974408237
10	0.003397338219169998
10	0.003545605363544662
10	0.004226944518644691
10	0.004750041329668627
10	0.004135158798354654
10	0.004540784435952209
10	0.0025840187692856473
10	0.004205310558079561
10	0.0036598409246882376
10	0.0053498440092236395
10	0.007061332469557361
10	0.005399030930725302
10	0.004269154259975526
10	0.008515483635417018
10	0.0038712689060103915
10	0.004297687589824015
10	0.004051990016928976
10	0.0037828965275077276
10	0.003197075381352507
10	0.004067666671808464
10	0.0038943908491596907
10	0.005474733962115217
10	0.004311923684730947
10	0.0031620035373547944
10	0.003792727899550082
10	0.004473404675185767
10	0.003349736695991255
10	0.003488717539686115
10	0.0034847749313326563
10	0.004599281040504627
10	0.005703057247047835
10	0.00397654834821057
10	0.005621713293123836
10	0.0039244506635633235
10	0
10	0.004435334029776795
10	0.004064541077683033
10	0
10	0.003998621821603605
10	0.003914914586705807
10	0.004051746875474819
10	0.003846762293641516
10	0.00418517993328784
10	0.004949339091599312
10	0.005465153891603049
10	0.004154077712548674
10	0.003826925362571942
10	0.004175327366131193
10	0.003215881342101903
10	0.003767410238846265
10	0.0058999770090052625
10	0.004862524232668684
10	0.004614547179217352
10	0.004437755181000959
10	0.005348547007606531
10	0.004660839397638209
10	0.00666847812988299
10	0.004170056445087972
10	0.003990666795496644
10	0.005287058160530539
10	0.003862071429451972
10	0.0032712379841193595
10	0.005742271669896017
10	0.00410446132143333
10	0.00438626699302875
10	0.004095560698832157
10	0.005062619075237038
10	0.004001981676724932
10	0.0035161250954594877
10	0.004058272004137167
10	0.004202510392083936
10	0.0038610915374688555
10	0.00409151136496888
10	0.003612528630842249
10	0.0038733412129781106
10	0.004442370794538648
10	0.004724775479649351
10	0.004721392612248808
10	0.00510517187665734
10	0.00470797220191132
10	0.004746411696512018
10	0.004580377990382992
10	0.004293610717329662
10	0
10	0.004543999618339619
10	0.004422540285992684
10	0.0033402265621602497
10	0.004954974281614934
10	0.004696613137118716
10	0.004373127233721064
10	0.0034650597105968187
10	0.0041437992668381055
10	0.004715039560304681
10	0.003057256241938524
10	0.004770059154378017
10	0.003999208925724331
10	0.005186561118447169
10	0.003937937002849338
10	0.004037954643091526
10	0.0038122055977375053
10	0.0037807814895519155
10	0.0054715976190857305
10	0.004141470649646058
10	0.004715068475752713
10	0.004163442527354555
10	0
10	0.004057723486025312
10	0
10	0.004938199073595947
10	0.003675166046859154
10	0.004959706062836327
10	0.003365469819860533
10	0.00407661547145283
10	0
10	0.0035901418857442018
10	0.004491926794276058
10	0.004328953401148773
10	0
10	0.0067838041712721415
10	0.004168372538390672
10	0.004744625593068236
10	0
10	0.004549106795924344
10	0.0037258341876762364
10	0.004292120519252982
10	0.005820952180153394
10	0.004273887974666613
10	0.0043629470675582895
10	0.006098530275031448
10	0.0032574927500935457
10	0.004009987633482359
10	0.005358908654108827
10	0.0033162046271933542
10	0.0037777936200531007
10	0.0034636268073445584
10	0.004243354849956303
10	0.004609736685154659
10	0.005531868931692047
10	0
10	0.005377737158787215
10	0.004656631310797198
10	0.003765475842191173
10	0.004960862785063101
10	0.005578066618609809
10	0.003613346356767407
10	0.0050889414630286714
10	0.0037851376320306544
10	0.005992398637996552
10	0.004572805735641291
10	0.006559103165653822
10	0.004000360673869878
10	0.005307101521565085
10	0.004040362184890154
10	0.008497955353340915
10	0.0035231272547634855
10	0.004635303947959549
10	0
10	0
10	0.003944353334127556
10	0.005551665031917717
10	0.0031473124328839338
10	0.005148941334619133
10	0.003991922820710662
10	0.005455393711994689
10	0.004371333220354013
10	0.0029897409859909042
10	0.003112251920175236
10	0.0034543277559668977
10	0.0034710322845840787
10	0.005885834334440403
10	0.004303309882088207
10	0.0037637390632483648
10	0.004502697112997527
10	0.0034306095107567176
10	0.0036300224794987767
10	0.004500235742142362
10	0.0030758598780782197
10	0.003758930530039223
10	0.003719609495028315
10	0.004336283011788127
10	0.003482503609268406
10	0.0049143211635837725
10	0.005203186591883198
10	0.0048725837924746065
10	0.0029218746878951246
10	0.004907873457439908
10	0
10	0.0034787236618022328
10	0.00515150453671338
10	0.0028835663567751695
10	0.004795746804732873
10	0.005018007666996503
10	0.003713519665347416
10	0.005124743541874524
10	0
10	0.003990738841139114
10	0.0037804160417523815
10	0.0042083515428503054
10	0.006829740610439206
10	0.003327854089333684
10	0.0043545849855137105
10	0.004174382104708271
10	0.004281844572367096
10	0.0038938415045010745
10	0.0044714834596371895
10	0.0038060363422698505
10	0.003868402642790833
10	0
10	0.0039060955066750436
10	0.0036998796363742433
10	0.0037412566642078668
10	0
10	0.0053132858849434745
10	0
10	0.004230664809556828
10	0
10	0.005251713332377461
10	0
10	0.003930927089591818
10	0.003210037497533794
10	0.0037572157914418916
10	0.0037515749349846797
10	0.004039244980771354
10	0.003194394817412336
10	0.005291619904925586
10	0.0037349774378406964
10	0.003920392908073642
10	0.00371817175279494
10	0.0045315607569378635
10	0
10	0.004219112626207651
10	0.008083925426973363
10	0.004068435380812478
10	0.004453779629804846
10	0.004091209458294237
10	0.004440515747846158
10	0
10	0.004412767134509024
10	0.004609894263262249
10	0.004314594448036681
10	0.0043265066840358635
10	0.004708325202365189
10	0.003388800528334583
10	0.004719932739574221
10	0.004163283764451173
10	0.004525157286505344
10	0.00370728879609125
10	0
10	0.0036083457958349277
10	0.006130273995914866
10	0.0037231078268418027
10	0.004455306399996786
10	0.0035605392057175005
10	0.004583677692929126
10	0
10	0.004873448784495718
10	0.003871689486469566
10	0.0031206684743248733
10	0.0045217616709633405
10	0.005987601423583121
10	0.003976696140219999
10	0.004189130466783753
10	0.00714819993558248
10	0
10	0.0033222084928708666
10	0.0032270400959956607
10	0.0040732792502175775
10	0.004991555460515279
10	0.009441904002244487
10	0
10	0.003783392255164919
10	0.0044643614363948725
10	0.004444384551585687
10	0.0036976876293162916
10	0.004057272948194136
10	0.004147931176386262
10	0.004642647507390399
10	0.004455966089258164
10	0.004589935524008473
10	0.004009641743769511
10	0.003734388565137248
10	0.004494241077632285
10	0.0033101865796289444
10	0.003830177120196361
10	0.00432137190418138
10	0.007152911777548107
10	0.004166413976599149
10	0.0045212993954858996
10	0.004446717403618315
10	0.003755101508905999
10	0.003932073568410894
10	0.007780888985987122
10	0.005297756574743734
10	0.004203754046284544
10	0.004030314755567642
10	0.00342662157967246
10	0.004574115868794623
10	0.0040446647307284525
10	0.005006566421938235
10	0.0041006488950228685
10	0.0038495100401234215
10	0.0035558639329611656
10	0.003362503145444616
10	0.004425912576010659
10	0.0041198112837824334
10	0.00391463867145815
10	0.004590259380927834
10	0.004093972996510824
10	0.006901929803091477
10	0.0036637073085959977
10	0.003939094219324388
10	0.0035594813727062866
10	0.003979934110378063
10	0.0036009340809134375
10	0.0036211209598209894
10	0.004671699400748747
10	0.004729299513810399
10	0.0038477504620795305
10	0.003966102034649503
10	0.005132499892063162
10	0.003630828303517024
10	0.004335588089716158
10	0.005265631080900241
10	0.0035443780502946005
10	0.0040928577675244755
10	0.004341673008424541
10	0.003038428282124088
10	0.004830089055043145
10	0.0037602763940586927
10	0.008621117371091874
10	0.003901663406709931
10	0.003747873706022917
10	0.0059380453167722025
10	0.004390228950546464
10	0.005516089142286254
10	0.004324411871907359
10	0.004263451071784792
10	0.004515397177880847
10	0.00519074556906576
10	0.0032629561552685454
10	0.003619032281927694
10	0.0032085836060461144
10	0.008158497204985361
10	0
10	0.0043273148511145
10	0.0038236067677283477
10	0
10	0.004167331924024591
10	0.0044754529129647745
10	0.006976917021047232
10	0.004363194511206982
10	0
10	0.0048835635089589935
10	0.0044168643756079765
10	0.0033560653726008864
10	0.0034626798052454543
10	0.003701946693993864
10	0.0027952063627894414
10	0.005673356145426393
10	0.004189170031531474
10	0.005345401864291545
10	0.004059671344630664
10	0.002940112106040807
10	0.004382978968576854
10	0.004004474068305296
10	0.003972741461175499
10	0.003461697673966006
10	0.003468551125051473
10	0.0029066386508095803
10	0.004973625397636446
10	0.0048400098212127585
10	0.005719591869382225
10	0.003521769330068937
10	0.003627157406371815
10	0.0045380545930592585
10	0.0037446576534527353
10	0.0041683475233127605
10	0.004343081076139891
10	0.0035645794644849323
10	0
10	0.0035979842856102154
10	0.006701346389303981
10	0.0055665448106726936
10	0.00398406501532048
10	0.0047456044570297635
10	0.003827053211738771
10	0.0036828317316080703
10	0.0052288978953252945
10	0.0036823385650212787
10	0.00436253688969615
10	0.003281886449840954
10	0.004815232104576421
10	0.005308070827026781
10	0.006121497344185131
10	0.004471339297360908
10	0.004951347690092993
10	0.0049877585199144215
10	0.00480739408717866
10	0.0040206931846251195
10	0.004056959727741325
10	0.003854451544476415
10	0.003952295153643933
10	0.004098343704630566
10	0.005043165261912104
10	0.004919078451609155
10	0.0037352801241890836
10	0.004512895014096201
10	0
10	0.0039056741394047382
10	0.004377928207824969
10	0.003934705370267967
10	0.003297961577292545
10	0.0034604012038314874
10	0.004210070656637169
10	0.006101066524123135
10	0.004135167283311741
10	0.003768336828616818
10	0.004176348092644936
10	0.004741171990827215
10	0.0032281960952408612
10	0.005276800436636431
10	0.0037114937492250684
10	0.004337441279091719
10	0.0031488576420563865
10	0.00402441276541031
10	0
10	0.0031228626961308176
10	0.004777061889920419
10	0.005448262718889779
10	0.0042994094761008225
10	0.003826004187247092
10	0.0033751442628762304
10	0.004290743058037761
10	0.005474610239549619
10	0.005506715278413959
10	0.0038403988713294223
10	0.003978699836119157
10	0.003307517122566093
10	0.0033596181716321473
10	0.004896311819521286
10	0.00338324940194378
10	0.0035428157232582904
10	0.0046790751286618915
10	0.003961952361169271
10	0.004221339911010512
10	0.003369502566093069
10	0.003968144698466606
10	0.005463525703457251
10	0.0046666880037342815
10	0.004273882237732123
10	0.0035279124964986584
10	0.003362978690962867
10	0.0036077544145405563
10	0.0035899801800398944
10	0.003596600346578123
10	0.005113408409932359
10	0.003694707493888788
10	0.005266773354151693
10	0.003304349015113416
10	0.003930089720720086
10	0.00386366228919069
10	0.00433864451661317
10	0
10	0.004560757490389328
10	0.005494734208737346
10	0
10	0.005611911432927083
10	0
10	0.003583032744178475
10	0.0035809302543979614
10	0.003911929090613042
10	0.0033895345843493042
10	0.007845362710710888
10	0.0036131105036248216
10	0
10	0.004299744648806784
10	0.004856968939287911
10	0.005061045499900457
10	0.0038090797751268502
10	0.005260612920199287
10	0.003774444817808478
10	0.0038766320804769403
10	0.0033194560138785465
10	0.0046207060000964684
10	0.004430248769666947
10	0.004838799101744813
10	0.004968856364068231
10	0.004119478349909213
10	0.00376156822561874
10	0.005390769775421104
10	0.00561778628840273
10	0.004291575605982387
10	0.0044656378986058926
10	0.005318309829506972
10	0.006672239400417386
10	0
10	0.0041989213364952704
10	0.0036170982237196214
10	0.003262433908939157
10	0.0062754384985001695
10	0.0038247671983274076
10	0.0037210064767014385
10	0
10	0.003944933749071427
10	0.004580184193297006
10	0.0050424171917453015
10	0.0049555744182679
10	0.0034042657028435577
10	0.004027234932725654
10	0.003913762703657833
10	0.004401524565476122
10	0
10	0
10	0.004303849484820673
10	0.004004451041082968
10	0.005830554069949792
10	0.005429116494392294
10	0.005577635865951701
10	0.0039018393982868924
10	0.0033969569505895698
10	0.0038944475775378475
10	0.003908090822641038
10	0.0040858403837457855
10	0.0038676568358130096
10	0.0033199223768425844
10	0.004338024179404208
10	0
10	0.005012230437675179
10	0.004418592854062703
10	0
10	0.00288942610899334
10	0.0035050544057232415
10	0.0038742056087621244
10	0.0052936139978124585
10	0.005436936730091152
10	0.004028429848773475
10	0.0040828102064272365
10	0.006428435451070981
10	0.004102619567650921
10	0.004473719115221263
10	0.0030874741028810255
10	0.00419542731099944
10	0.0035091046121775043
10	0.0032214793270860503
10	0.0045537434792135715
10	0.004693796099991361
10	0.0050572934093543725
10	0.004526123986268623
10	0.007034512025084884
10	0.0037855611264545493
10	0.0032671889176085224
10	0.004891596672913288
10	0.004667085094693714
10	0.005223035716384096
10	0.0038076582509360695
10	0.004064342396855735
10	0.00483041709304717
10	0.0038973608514588304
10	0.0038733035692566998
10	0.004256492551443244
10	0
10	0.002881283642131302
10	0.0033109238336711403
10	0.004570422407397998
10	0.003564675014863917
10	0.0056802607471918435
10	0.004564868394728269
10	0.0037051058924952333
10	0.003206807701810767
10	0.004103029637843865
10	0.004028161384957009
10	0.002740194933610534
10	0.0034524547957094165
10	0.0038887993547022486
10	0.004802833088117735
10	0.00805273879300811
10	0.0029867476586712973
10	0.004163431374003362
10	0.004267111120828409
10	0.00368835085519297
10	0.0032069942018952452
10	0.0039094527167756726
10	0.003095960669107718
10	0.004959004504705093
10	0.0038923831012972563
10	0.003495037458427813
10	0
10	0.004185017444405172
10	0.005503114048915197
10	0.005342733824119108
10	0
10	0.00400319169889097
10	0.005606522506703075
10	0.004767778296056477
10	0.006206295825142607
10	0.0040551402866595655
10	0.005970068651326775
10	0.004255685393127592
10	0.003993523965072095
10	0
10	0.004410983322942929
10	0.0051459888500197705
10	0.004336845576404967
10	0.003205968358881289
10	0.005575046407662849
10	0.0040490029221230805
10	0.0035384918812165446
10	0.003923826194032821
10	0.0041066567304335905
10	0.0029864843913536793
10	0.0027092670853195813
10	0.004723553616686605
10	0.005316849665745361
10	0.004564278488505856
10	0.0042335486838514826
10	0.0041686794722570735
10	0.0042326677631390934
10	0.003791103522774288
10	0.0038733746727676694
10	0.004453871978443716
10	0.004212775548137543
10	0.004260972754966448
10	0.0044097029134486125
10	0
10	0.003711193545000868
10	0.003372281667581834
10	0.0051913580335732415
10	0.004240929237165408
10	0.003953283018331644
10	0.006982922258547029
10	0.005098748210688374
10	0.00526923956529547
10	0.002765050839940376
10	0.004628191259539736
10	0.004835229404639166
10	0.004635910292509292
10	0
10	0.005152084752304075
10	0.005180464825359634
10	0.008494045100207724
10	0.004448650953932458
10	0.004132728523065977
10	0.0037857920501551245
10	0.006513893709752787
10	0.003631210184748838
10	0.0036519732855256693
10	0
10	0.004618395404687103
10	0.0042033393799094975
10	0.0034305714997961588
10	0
10	0
10	0
10	0.0036276135406046297
10	0.0040234396598206835
10	0.004287427844181412
10	0.003986240056531473
10	0.0035015325171486077
10	0
10	0.00471836657457608
10	0.004336328386343943
10	0.0037146558526720184
10	0.004280745434494749
10	0.003431833798053056
10	0.004176785844135188
10	0.003959209679730028
10	0.0028017956637422675
10	0.0048504304456036835
10	0.004038258281509404
10	0
10	0.004392134453977036
10	0.007256106790053054
10	0.0074092783136201984
10	0.004203045283301092
10	0.0070897745655888605
10	0.005103550124526395
10	0.004177732764185247
10	0.004635890092080809
10	0.004631387769426899
10	0.0034490517627829404
10	0.004058151071409895
10	0.004278146011349887
10	0.006756382520675381
10	0.005166577659574384
10	0.0038167896610972383
10	0
10	0.005910739029994454
10	0.004143334430469498
10	0.004340373524261446
10	0.0026097041441578476
10	0.0031185201636345404
10	0.004933909982747801
10	0.003736559798289428
10	0
10	0.004082251775076115
10	0.00415496208639907
10	0.004423842189047676
10	0.0038722014465391026
10	0.0032745086698341584
10	0.003692449659280019
10	0
10	0.0038043376819247633
10	0.0036064118306716113
10	0.005212543583549518
10	0.003574308794711292
10	0.004966331870983957
10	0.004407474366130659
10	0.004671302382531211
10	0.0031935426565715373
10	0.005339233039901133
10	0
10	0.005894201248389115
10	0.003614540568552671
10	0.003997248950552548
10	0.004565625589391872
10	0.0029612941157006476
10	0.003924375769510429
10	0.00405809307097014
10	0.0031594545974634
10	0.005655469862980671
10	0.004319561038026634
10	0.0035197124045372374
10	0.003758449271318995
10	0.003485324686719904
10	0.003931349094897356
10	0.004142454745074901
10	0.00477545744356009
10	0.003081083199402273
10	0.0046500339995501
10	0.0036984291583318607
10	0.002926196963035612
10	0.005075799158488713
10	0.004271525337366406
10	0.004176729578723211
10	0.0042248215150933995
10	0.005207876447160415
10	0.0033324968675745178
10	0
10	0.0035338528375224326
10	0.004186851973242832
10	0.005678942439038001
10	0.003712508189126668
10	0.004018568402648637
10	0.0032675829574875825
10	0.005819286039351616
10	0.00431426456151557
10	0.004188759137633151
10	0.004134135673116395
10	0.004919664529525384
10	0.003011904873256825
10	0.00393821553128749
10	0.004061154780467538
10	0.004109477668309819
10	0
10	0.008192556259002249
10	0.0036261826232611926
10	0.005770206005382242
10	0.004265841692022821
10	0.004584478732826556
10	0.004972576785234402
10	0.0046302204833056386
10	0.0030909854609528797
10	0.004240063846541609
10	0.0033853630036157485
10	0.003744115429842545
10	0.0059316491022556915
10	0.004758848149678467
10	0.0030092120969101976
10	0.009093103470395176
10	0.0040948579239950475
10	0.0028557662090935307
10	0
10	0.003077209445388058
10	0.004363766339327232
10	0.004419106736341191
10	0.002700366295108684
10	0.003441651968115187
10	0.004484031322012475
10	0.005087907258546317
10	0.004348149237053042
10	0
10	0.004138556855625716
10	0.0038621417935865926
10	0.0049805350752774495
10	0.0038284769994490716
10	0
10	0.003946359218127133
10	0.004045713877712626
10	0.005977209263276908
10	0.003327737652725581
10	0.004671848805303957
10	0.003882209010816832
10	0.0035204542306133146
10	0.003887202947194189
10	0.005482746302987165
10	0.003947288684842782
10	0.003872353133093962
10	0.0037993489323384817
10	0.004241090382914399
10	0.003964571075906443
10	0.0045446443843192574
10	0
10	0.004177444783686287
10	0.0038843668269709364
10	0.004666447973650347
10	0.004474011135098231
10	0.0027147800554669682
10	0.005693328646663049
10	0.004676515427512634
10	0.005219333503701382
10	0.003919909577223332
10	0.004227615748719423
10	0.00253840863284485
10	0.0046744079561078355
10	0
10	0.005028318158775832
10	0.0037797048862035472
10	0.004951867650975123
10	0.002940803601256847
10	0.0040483744781409994
10	0.004493857562758301
10	0.0049858935866765
10	0.004024937819542604
10	0.008812998897556807
10	0.0030844900632059106
10	0.005043789048526504
10	0.004312200503337157
10	0.003653553455403696
10	0.004433310860957843
10	0.0039915139730393534
10	0.004710290410473203
10	0
10	0.0041823919367130116
10	0.005307008240400758
10	0.004440053495924835
10	0.003438069958757564
10	0.003151200085429868
10	0.004022340377054102
10	0.003944682058039963
10	0.004126809787113385
10	0.004218719421903034
10	0.007234400121851387
10	0.004003888981970467
10	0.0037086546156941715
10	0.005082582457914321
10	0.00657410329651111
10	0.00457043094628284
10	0.004013758021556537
10	0.004137217247390165
10	0.004465362212093934
10	0.004011175558028856
10	0.005058126291453808
10	0.003717187111922525
10	0.005674706909462741
10	0.004802829952165886
10	0.0025831123949991517
10	0.005070335638644325
10	0.003463467577046223
10	0.0041664632197442935
10	0.0042202182757760595
10	0.004985387279519182
10	0.004208010695153775
10	0.003991580648206551
10	0
10	0.004506862047515985
10	0.0039815644010528966
10	0.003693965223215858
10	0.00456468681670023
10	0.004223803527904052
10	0.004143218416459929
10	0.004500114122872676
10	0
10	0.00396555058663792
10	0.005828858324707177
10	0.0033225945940527604
10	0.005503939050698456
10	0.005099397570348563
10	0.003826130054964775
10	0.003921930770191135
10	0.005420605473029648
10	0.00500030284417674
10	0.004532120194340921
10	0.004509778187150602
10	0.0049841914419521465
10	0.0038018503954844645
10	0.003216980516981939
10	0
10	0.0038102499879253842
10	0
10	0.004900176419825022
10	0.003201947054928431
10	0.0037112772383017154
10	0.0060807879588851204
10	0
10	0.008473517704304595
10	0.005124189376395326
10	0.004387879022120167
10	0.0038434328311577667
10	0.0039765293834260985
10	0.004003670847802926
10	0.00425800246102418
10	0.003921829203016776
10	0.0045244049035039055
10	0.00420831342744853
10	0.003715539874873995
10	0
10	0.003941487505861475
10	0.0034786689555140523
10	0.0040257722648007165
10	0.00304015948911778
10	0.0045207516927839066
10	0.0034434269303051804
10	0.0054398369302395624
10	0.003507826011124268
10	0.003910874363291931
10	0.004629255950230786
10	0.00344686253782192
10	0.002388253907970478
10	0.005380056776598089
10	0
10	0.004325101502679774
10	0.005630973226502176
10	0.00529178937133506
10	0.004439033556207545
10	0.005029123767944332
10	0.007039916397786105
10	0.004485459900522989
10	0.004503020170250059
10	0.0037238746733368536
10	0.003720381124994043
10	0.004167121302675479
10	0.0045258638430955974
10	0.0036804144366088883
10	0.003988346804482905
10	0.0042266817272826745
10	0.004316132868922004
10	0.004766263566628315
10	0.003532527826419659
10	0.003483040917928064
10	0.006758479093123452
10	0.0035903385557655553
10	0
10	0.005870642958145836
10	0.004631469729879659
10	0.004542182202974376
10	0.006673971868508137
10	0.004102272491953905
10	0.003665617897069082
10	0.0033757018274694684
10	0.0047457950860507764
10	0
10	0.0051710585967877105
10	0.00313126022469661
10	0
10	0.0033117625788336227
10	0.003964988302157262
10	0.003319005024659755
10	0
10	0.005642276509051365
10	0
10	0.003649410130553898
10	0.005318927615912046
10	0.003744566414589603
10	0.004861574533719052
10	0.0038109156352236803
10	0.0037119707457000167
10	0.004451463022322469
10	0.00519171181224642
10	0.004721280495290912
10	0.004072730606264739
10	0.005062026922715759
10	0.005552142156857821
10	0.004527400897964936
10	0.0035319498096139743
10	0.003812319008216962
10	0.0037097447205278267
10	0.004213916651751065
10	0.004003901846528261
10	0.0044395456060817105
10	0.004044933748152318
10	0.004539046232505048
10	0.0038093340972115567
10	0.003777148151544455
10	0.0037600845548920758
10	0.005261480887960284
10	0.003476511737251952
10	0
10	0.004851871320910349
10	0.004610382141537986
10	0.004312753330981437
10	0.004382901580174768
10	0.005059955050296751
10	0.004714652875914099
10	0.005126967238166432
10	0.003475810362862808
10	0.005092043851379783
10	0.0053904765371942396
10	0.0028611244042163623
10	0.0034846373692846142
10	0.005062388673310904
10	0
10	0.004090108381501458
10	0.00401493045319883
10	0.003884711908597703
10	0.0038046654231417942
10	0.004138400583128581
10	0.0032331838072156495
10	0.004161683369661617
10	0.003576898249450799
10	0.0043629062078068
10	0.004346610536500994
10	0.005706802786170517
10	0.0044549296591426145
10	0.003587693038229665
10	0.003964506822050017
10	0.003152215872303647
10	0
10	0.006405951755116798
10	0.004347293995224076
10	0.0037333901720427217
10	0.0035627101416054246
10	0.0036551653879759007
10	0.004541558602481736
10	0.004279840304814278
10	0.0033889610957919644
10	0.0053362344328124695
10	0.004203437161852895
10	0.005385190777843774
10	0.0045933158704326345
10	0.00478746498977979
10	0.007187799812331411
10	0.004838724237144012
10	0.005027595608967596
10	0.0055790595072650285
10	0.0045026468564959175
10	0.0040691460320654085
10	0.0037387184256447914
10	0.0041002002275778784
10	0
10	0.0029914338962739257
10	0.0055750485422892855
10	0.005765118036975029
10	0.003907742209963092
10	0.003943588036847319
10	0
10	0.0030162117668213577
10	0.004937699958252318
10	0
10	0.0037174013141464874
10	0.004429276761080645
10	0.00476944275859314
10	0.00434679935659265
10	0.0036615942212357365
10	0.003672849671616097
10	0.004906289807530533
10	0.002617838068075856
10	0.003329952440204367
10	0
10	0.0031472414982858066
10	0.0036239331212138143
10	0.0031521100885926793
10	0.003734476784009322
10	0.004150776547901035
10	0.006729920679983531
10	0.0034816975276123594
10	0.0041716136456994525
10	0.004454029200338957
10	0.005244997744660487
10	0.00426884130673181
10	0.0038323045461532393
10	0.0036310159215580057
10	0.004680373077783699
10	0.003966470364241658
10	0.003950714155944764
10	0.0037723117130111458
10	0.003948937107779693
10	0.005303030425445031
10	0.005033912126590232
10	0.003805463731244499
10	0.00319309782183434
10	0.004892761368030617
10	0.0035014521174578667
10	0.0037901151726387325
10	0.00342359864505068
10	0.004447896654376432
10	0.003273909086156784
10	0.005925201754237998
10	0.004325414044792868
10	0.00460644034099377
10	0.004517256802991621
10	0
10	0.00361774388504501
10	0.00462269601729263
10	0.003754237043033671
10	0.003951770798501944
10	0.003217058885241344
10	0.004238263895881723
10	0.00453444899289491
10	0.004230834544527718
10	0.0036862124187253364
10	0.0043700862156599235
10	0.003967606335355501
10	0.004718841382095381
10	0.003750659590639901
10	0.003716444934612975
10	0.003937596062117053
10	0
10	0.004661422214117715
10	0.003811841872057457
10	0.0037748200618256925
10	0.004389335685547215
10	0.003654566331966533
10	0.004061054456230498
10	0.00271828727176415
10	0.0051498333299183005
10	0.003984341138675683
10	0.0033826722256894153
10	0
10	0.005004067572988841
10	0.004106272492841825
10	0.0034080755816312948
10	0.003634518527123058
10	0.0054307830250410125
10	0.005064779762550593
10	0
10	0.003884021089216154
10	0
10	0.004820957960372002
10	0.003814845277075613
10	0.0040960839736721094
10	0.003577508175344326
10	0.004167738886873659
10	0.0042075665297001625
10	0.004678508142305076
10	0.005297285952899243
10	0.004205970707870678
10	0.00417660144003279
10	0
10	0.003024921479118062
10	0.004093038490006162
10	0.005224373493511588
10	0.003940675850540675
10	0.004809449646926263
10	0.004043673447864906
10	0.004250838509606962
10	0.0034588675766872978
10	0.0028836572627777544
10	0.004632145023060341
10	0.004726036373203662
10	0.004575749452685872
10	0.00384575885704468
10	0.0030873432244654816
10	0.003448045257567414
10	0.003472173564190354
10	0.003520121746449944
10	0.003825328084282947
10	0.005290541735568185
10	0.0033442378208080226
10	0.003717129910838865
10	0.009351469697560877
10	0
10	0.006075919862982205
10	0.003204095948726964
10	0
10	0.005124843412581735
10	0.004059870111702455
10	0.0038920727479988585
10	0.005054029845123941
10	0.0038390530062995943
10	0.003639958949953006
10	0.004994089798820362
10	0.0034799190156403624
10	0.004224415877051638
10	0.004803474856198716
10	0.004396619056404512
10	0.0038083155671828975
10	0.004768266525539621
10	0.0031341898865150293
10	0.0036684595559043046
10	0.004264765056300704
10	0.003994577398089635
10	0.0036650909750449876
10	0.0049844274641426024
10	0.004155865896442392
10	0.0077324659996665015
10	0.004239533600645124
10	0.003510773712287524
10	0.004407597451276666
10	0.0041268158265810855
10	0.004456521598010334
10	0.004101780949826557
10	0.0041973554789183085
10	0.003936901607026207
10	0.0031469290954625295
10	0.004384105488805441
10	0.0036469186545377637
10	0.004432819280475862
10	0.004794629865217523
10	0.0058488789006679795
10	0.008420546576795656
10	0.0038229964644041006
10	0
10	0.008487589325098086
10	0.0034848997336523802
10	0.0039725291381622636
10	0.0038444988375831318
10	0.0030003831496618416
10	0.003748911436360427
10	0.00416434999201425
10	0.0035890765937528564
10	0.003391300359044512
10	0.003939667999720838
10	0.0036991375285680248
10	0.004008877360627944
10	0.0030920524159680283
10	0.003954833869689167
10	0.003560086984604474
10	0.003812619425445761
10	0
10	0
10	0
10	0.005442476425474549
10	0.0035073206069800014
10	0.004356195564026618
10	0.004308599405272257
10	0.006605612697965342
10	0.004343209757801313
10	0.0046130662438556395
10	0.004768296507097185
10	0.003624372874225104
10	0.003623999607226417
10	0.00404067220929104
10	0.0052643450819165605
10	0.004203786949310724
10	0.00368247305255043
10	0.005665989609391353
10	0.0034812460068610615
10	0.0033855644269915027
10	0.0040697592300466415
10	0.003965478346367186
10	0.003794808756920986
10	0.005527303210576994
10	0.00412697663020976
10	0.004657870213469546
10	0.003692726761160801
10	0.0039660508810136965
10	0.005462739064451643
10	0
10	0.004111022099285475
10	0.008099369393344326
10	0.00385622176996667
10	0.0039662035917550666
10	0.004871480811827418
10	0.004050968949036978
10	0.004052663335610218
10	0.005103490345230138
10	0.005083857010970344
10	0
10	0.003042639167316155
10	0
10	0.003515723159743304
10	0.008803839049372994
10	0.003908585639351179
10	0.004088816629800444
10	0.004313648801685889
10	0.008026129029320166
10	0.007747262695893714
10	0.004098011774220302
10	0.008065660261583866
10	0.0028458655386562077
10	0.004240604049040054
10	0.0035850819204308404
10	0.004912807310608838
10	0.0044976739292114445
10	0.005361193045206736
10	0.0041037296476541295
10	0.004810390786955424
10	0.004988851758899443
10	0.004749480382172774
10	0.004556147433638578
10	0.003781855660339818
10	0.004858563406598782
10	0.005587138418249139
10	0.004606707809487141
10	0.00479337829405768
10	0.007423801184224271
10	0.00525759527791413
10	0.003706040742824208
10	0.004313903852620606
10	0.004325265773856437
10	0.00415185754845196
10	0.00423977869825572
10	0.00394189004177805
10	0.003650076117800186
10	0.004399269209925071
10	0.004773019380734066
10	0.007526786035135382
10	0.007592991314707656
10	0.0040167726348062675
10	0.003970023249622251
10	0.003976866859058979
10	0.004030160038606081
10	0.005171425082377501
10	0.0036271712343587856
10	0.004476957800578221
10	0.00856961017742369
10	0.0036362246096699373
10	0.004395639915546365
10	0.003373100544296493
10	0.004667200823151162
10	0.0030263299613247888
10	0
10	0.005369164618398832
10	0.004721666048156574
10	0.0052369723370715065
10	0.0038283367026950483
10	0
10	0.007702193306240948
10	0.0033262261969244605
10	0
10	0.005648377752238943
10	0.0037072593723097118
10	0.004088608713135738
10	0.005549936092403431
10	0.005566496452255439
10	0.003740408013781582
10	0.004450400647964792
10	0
10	0.0033297753473761323
10	0.005788807537682553
10	0.0038598996796852876
10	0.003504453292365356
10	0.004268464256454017
10	0.0040642117589241794
10	0.003607722432429578
10	0.005095726588105352
10	0.003677095978493506
10	0.0045517440846550615
10	0.004760402228151598
10	0.003530291928820866
10	0.0037419421811953416
10	0.004122193630115518
10	0.0059089274590911406
10	0.004458743287167058
10	0.003992382860963979
10	0.0050147497984556946
10	0.004830716066232928
10	0.0035187659753297957
10	0.005685426984994176
10	0.0034483814976157255
10	0.004244113828433344
10	0.0034510617915053804
10	0.004095412727955505
10	0.004784990948105739
10	0.003296370253327992
10	0.003333765719016926
10	0.004223229974909701
10	0.0044550411663190365
10	0.005734082698431604
10	0.0044889966120398
10	0.0029961197419453496
10	0.003706777414313908
10	0.004302436035913554
10	0.004004432759512056
10	0.004361058125046361
10	0.0035679154954087267
10	0.004816902497822566
10	0.0035636474601935457
10	0.004906244145283352
10	0.003186322138218128
10	0.004290425030972244
10	0.003665382549339606
10	0.004397598860133975
10	0.006189013798855638
10	0.003553079768854341
10	0.0038863493651057923
10	0.00403960003466865
10	0.004686185513315859
10	0.005025967934680362
10	0.003869603684572946
10	0.00372856789814604
10	0.003993068802241704
10	0.004505432740818228
10	0.003367870255480601
10	0.0041190592986659925
10	0.004140030460991689
10	0.003773733662212047
10	0.004008602330368224
10	0.00400446961680581
10	0.0037377976271242373
10	0.004230979364185515
10	0.005677548501333346
10	0.003755663274493466
10	0.004296494905687796
10	0.004180419304943025
10	0.003781473471871422
10	0.004597751168487091
10	0.003119988034835621
10	0.004036755068330751
10	0.0033103782771481305
10	0.0049355671819241945
10	0.00564142675114859
10	0.003863095757303285
10	0.0042417059556297135
10	0.005276742250066648
10	0.003475630027272544
10	0.0032215006488546375
10	0.0054924109954236815
10	0.0047076001761813015
10	0.005179385762036733
10	0.003753303160814547
10	0.0044396315141755115
10	0.00502556756104165
10	0.008041430994962236
10	0.004007571565819934
10	0.003021206678137439
10	0.006405913341472358
10	0.00455555753843282
10	0.004499293157905525
10	0.003965057496137561
10	0.0036618814771323415
10	0.004101958545807154
10	0.004272805708131745
10	0.0037243991598502235
10	0.004516703881801161
10	0.004400080071894234
10	0.004236030438614937
10	0.004663646789653567
10	0.0036390606362896078
10	0.004461816680997139
10	0.004165922907015316
10	0
10	0.0038715079513239868
10	0.0037033774683306567
10	0.004948657294655482
10	0.003882666056753597
10	0.003237318177615705
10	0.0043704416143901725
10	0.0037936854748121026
10	0.0033305324291770604
10	0.004381001293521861
10	0.0037199116790687142
10	0.005011694306712499
10	0.003724459445132157
10	0
10	0.005170012976331461
10	0.0037543243153228293
10	0.0041702773704331945
10	0.004121482258242146
10	0.0038304610309570115
10	0
10	0.004969222049910072
10	0.004441017420894174
10	0.004887133804824058
10	0.004320604495881513
10	0.0030411418499678234
10	0
10	0
10	0.004049576067288034
10	0.004506017259762289
10	0.007676442625485464
10	0.0037720517090833665
10	0.00459264625094894
10	0.0054566724030074825
10	0.004068359332081202
10	0.008007605003335274
10	0.0034389157159832842
10	0.004023427836848868
10	0.005945410784530059
10	0
10	0
10	0.0038294036703032924
10	0.003800556184080521
10	0
10	0.004084425479879348
10	0.003491027706533453
10	0.004068353736254691
10	0
10	0.0045247348334343
10	0.005659872860986417
10	0.003168177484682769
10	0.004499648593243553
10	0.0036681549742941816
10	0.004328920355692597
10	0.003463863381038143
10	0.003152767497131937
10	0.004090392973067383
10	0.0038777812209857673
10	0.005093765341883988
10	0.0037946330089663662
10	0.00409851609100821
10	0.0034081803676845913
10	0.004057860405716901
10	0.005188104043347172
10	0.00391318599328748
10	0.003974234982627262
10	0.004625707614565692
10	0.004055352751993927
10	0.003821221569896944
10	0.003357820948192704
10	0.003925918527704274
10	0.0035268703161503477
10	0.004555193190935997
10	0.004311686188024908
10	0.00479814368104564
10	0.0035327220390679644
10	0.005458863244314165
10	0.005177857563487229
10	0
10	0
10	0.004888145873161602
10	0.005437004337590494
10	0.007686662412656128
10	0.004323401558305568
10	0.00390887950199786
10	0.004614513719733836
10	0.0042307388778200054
10	0.004283396093658824
10	0.004257559479230489
10	0.0051438376314613165
10	0.004773278804985279
10	0.003521759615149097
10	0.008425858148541352
10	0.003977544442879159
10	0.004588320708514711
10	0.00409885030837397
10	0.004094579105048642
10	0.005096112048144307
10	0.004402469456135119
10	0.004167860074946643
10	0.008061112830406766
10	0.004300231518131092
10	0.0037861257155437683
10	0.0031256028490941994
10	0.004625892194179953
10	0.003613433120035205
10	0.0037970789109561904
10	0.0044807315393062125
10	0.0043101952862225805
10	0.003895667786144886
10	0.0053476364587774885
10	0.003723787338191157
10	0
10	0.0033773657561084586
10	0.0038523929721411285
10	0.005396662441788931
10	0.004391731438642256
10	0.004727263127760547
10	0.004114880717205552
10	0
10	0.003392816945513278
10	0
10	0.0033037786426526267
10	0.004009151242245683
10	0.004104191307103046
10	0.0038751695501958662
10	0
10	0.003999409496977926
10	0.003155725715460562
10	0.00404775153804448
10	0.003810749034122068
10	0.0039042031656149126
10	0.004026897708945193
10	0.003260434741270406
10	0.0054058545160923415
10	0.003180664009379593
10	0.004270537701333052
10	0.004268432677146475
10	0.005062980710395029
10	0.004204012581934205
10	0.004717056398791208
10	0.004356141340122475
10	0.005124990845427592
10	0
10	0.005577788513727537
10	0.0049804540794395336
10	0.004495396438887201
10	0.004199092234537424
10	0.004800172885218403
10	0.003964902036537394
10	0
10	0.0036845892092410627
10	0.00402941811708729
10	0.0044904388551602155
10	0.004095106503305097
10	0.005305332854896965
10	0.0038029186118039267
10	0
10	0.004749489526859402
10	0.005020493798852202
10	0.004053089743775715
10	0.00420689406102388
10	0.003936353201335163
10	0.0036288338940778844
10	0.004374220396342452
10	0.0036154831853143993
10	0.009635964730521517
10	0.0031660694232012766
10	0.004215010888776882
10	0
10	0.008476658334451973
10	0.0037078209208284544
10	0.005309265186019598
10	0.0028316507787896827
10	0.0032406858593087423
10	0
10	0.0033106861379964786
10	0.005103146178589144
10	0.0039425825535506385
10	0.0035968219491543346
10	0.0033291952128905347
10	0.003963542497570368
10	0.004500587259869782
10	0.0040456710476428044
10	0.0052656072143698164
10	0.004613311238908785
10	0.00634240056442894
10	0.005398628681200098
10	0.004437584859103217
10	0.0037845824713774656
10	0.003879653069206317
10	0.0041649411872373854
10	0.003888080339685657
10	0.003456476952239173
10	0.004574545397566637
10	0.003287781150603568
10	0.0034748398750331674
10	0.004870461905216893
10	0.0041255446636134785
10	0.0031130113062418185
10	0.004080702514698295
10	0.004971004920889119
10	0.004884082048889022
10	0.004547688032920357
10	0.0038385771659393353
10	0
10	0.003427538187096775
10	0.003088951554561638
10	0.004262632658842558
10	0.0034464310882096403
10	0.0034729176588089296
10	0.004561428472339322
10	0
10	0.003883931364641566
10	0.005612232469464573
10	0.004436201298787017
10	0.004203601540347362
10	0.004556490910496866
10	0.004536370352595584
10	0.004062814497396673
10	0.0071638478885444334
10	0.003218659938023907
10	0.004024800305925778
10	0
10	0.0050659912147121905
10	0.003857103358074283
10	0.005047335636143744
10	0.0044464045248857045
10	0.004946137080220549
10	0.004337623930107876
10	0.003464398824621002
10	0
10	0.003972267362809523
10	0.0034805353281554922
10	0.005139944017655571
10	0.005898101421093392
10	0.0043742034009849416
10	0.0027632046126273503
10	0.005266248112000109
10	0.0076570797706091475
10	0
10	0.004538380631773714
10	0.0040149383600458595
10	0.005984372144422169
10	0.0032940896477276693
10	0.005752347743749115
10	0.0035820992484714726
10	0.0033467571965647117
10	0.0044051029422495945
10	0.006007805859821934
10	0.00568419351418016
10	0.0038644813673862164
10	0.0043570236707441805
10	0.004738744707565415
10	0.0037514074270148037
10	0.004387135839720017
10	0.0033797209006540857
10	0.0036616589806216394
10	0.0038792767567922765
10	0.004156257742421953
10	0.003992293429097402
10	0.006088902745982445
10	0.003580411502124827
10	0.0032118211354707324
10	0.004683014867951481
10	0.005002537575616444
10	0.003527998173395703
10	0
10	0.004637877724973979
10	0.0035135722390861623
10	0.005219280617203405
10	0.004204580118044521
10	0.004736862147317339
10	0.004984364973722923
10	0.004039907121060253
10	0.005768129721807351
10	0.003973347042309679
10	0.004785804312448981
10	0.004319470856406782
10	0.004221554712298011
10	0.003968101642745175
10	0.004565532520819223
10	0.004016751532399649
10	0.004224642696827624
10	0
10	0.004060242931636903
10	0.004714463051368744
10	0.004733533178506377
10	0.0037267013153371637
10	0.003469018921721126
10	0.003549983871217156
10	0.008528745053867616
10	0.00374664758610267
10	0.004244150069283753
10	0.004833792752744889
10	0.004709801823282922
10	0.0035611499736470944
10	0.005169047348685304
10	0.0034938455647195534
10	0.0035399421332352647
10	0.0087662627234826
10	0.005238812008675181
10	0.0038165040613435783
10	0.0050497272727941436
10	0.005324534200543165
10	0.0047605552929896695
10	0.004041910509541174
10	0.004276107521496552
10	0.0030775914557519715
10	0.0034638716529793354
10	0.00383879386106723
10	0
10	0.004777459558861783
10	0.003464272461606919
10	0.0037705592368163098
10	0.004016228156883804
10	0.004100220017626698
10	0.003836756061697679
10	0.005347213041050346
10	0.0029273026307247833
10	0.0030934499284805553
10	0.0046029854992849974
10	0.0033372635486874276
10	0.003957343367053978
10	0.00394820419007062
10	0.003816827626347865
10	0.003642286217763754
10	0.003936978311581927
10	0.0025190127568679712
10	0.004138681936027079
10	0.0038215697209523537
10	0.0068847927527078264
10	0.007286468813146113
10	0.0037629884026384067
10	0.0047859258902054926
10	0.003820038192034293
10	0.0034583987904195966
10	0.0034554208369601334
10	0.007904719021634742
10	0
10	0.003969796885744232
10	0.004744211854729854
10	0.00549372087065962
10	0.004233767283127364
10	0.003964339783437892
10	0.007394413673415394
10	0.004484398536888896
10	0.0044682362948014025
10	0.005877016939766097
10	0.003977817202691401
10	0.004050915383934264
10	0.0043865890165742894
10	0.003524284405319738
10	0.004063734417073923
10	0.003804302969757496
10	0.003482811032191459
10	0.003095824142922973
10	0.004277860933197447
10	0.0043412503945298294
10	0.00698335161068818
10	0
10	0.0036904401658693505
10	0.004534737779955564
10	0.003060502672556277
10	0.004917049888417125
10	0.004632524265608808
10	0.004128401792043743
10	0.004458006994136941
10	0.003562689245315159
10	0.0035354790647088015
10	0.004787167413546231
10	0.004581742283137175
10	0.0045083913462314945
10	0.005293999656712191
10	0.0035954879031939503
10	0.003323507156174347
10	0.00500880432534341
10	0.005264301308576823
10	0.0047175170210758096
10	0.004854817026790603
10	0.003608297857019271
10	0.004789847828161257
10	0.005308314256948797
10	0.005537424544033172
10	0.004527671940151469
10	0.004414835692500548
10	0.004123486843550881
10	0.0031642260686495353
10	0.00382851381652834
10	0.0036147235487100212
10	0.0038412979040681836
10	0.003648994676946613
10	0.0036754564621913816
10	0.003610308680851483
10	0.0039010535781915925
10	0.0033351524365018976
10	0.004689345852858025
10	0.003638850373193675
10	0.004881316985201306
10	0.004500875341770048
10	0.0033770983579573545
10	0.0031494252725226654
10	0.004844682978985966
10	0.004266610863286598
10	0.0039581013834947215
10	0.0034446990073106636
10	0
10	0.00403767730353289
10	0.004062845483756724
10	0.003697094531389722
10	0.004747606916417463
10	0
10	0.005402358172412837
10	0.004067030096958165
10	0.0027346197780862016
10	0.004468580517091227
10	0.0029508249033974076
10	0.002856265034426736
10	0.003899319291129348
10	0.004556442328736514
10	0.007114787087598204
10	0.004516061859016549
10	0.0042139295340118095
10	0.0038131548386257765
10	0.003988363993482342
10	0.0047446731505745654
10	0.004469836197618025
10	0.0035421647121238217
10	0.004846768296351748
10	0.004782179229107256
10	0.005657436991118369
10	0
10	0.0038481676316713433
10	0.0031212562833742756
10	0.006840938188055939
10	0.004107534540676798
10	0.0043998751214199576
10	0.0031856097794953284
10	0.003559689287466307
10	0.003970825481803332
10	0
10	0.004398769496370335
10	0.004531861303701836
10	0.004483925989585652
10	0.004894775851758088
10	0.004593488593351009
10	0.004554525672465015
10	0.004899967189178322
10	0
10	0.0037292076006524085
10	0.0033579192102917736
10	0.0040833618172911
10	0.0041432546158830215
10	0.00399035700770055
10	0.004735841409108623
10	0.0031462836079877605
10	0.003489355893461395
10	0.003923717849759189
10	0.004367295785541342
10	0.004029650421106334
10	0.004102548880389097
10	0.0043279007006192085
10	0.004474499675121473
10	0.006965915392216109
10	0.004105883212502424
10	0.005718088620141579
10	0.004207439800426738
10	0.004798060560615426
10	0.004730335513465203
10	0.003232169249215001
10	0.00364782232437289
10	0.006320260267812469
10	0.0042201975613000665
10	0.0048589551687133765
10	0.003427295230588019
10	0.0029038371453544566
10	0.004090062655965418
10	0.003795977301671943
10	0.0051710796864881895
10	0
10	0.005088025586282733
10	0.005269230080979797
10	0.007073982214860818
10	0.004989271314218328
10	0.0049721185339190645
10	0.0033349063327418275
10	0.003330371660935221
10	0.003703635497873705
10	0.004137856814074207
10	0.0037347023003958743
10	0.004461111548412214
10	0.004966160062539311
10	0.005316030130249035
10	0.003044875005396411
10	0.004647569107945555
10	0.004212261002142456
10	0.009042888772756398
10	0.00387335464450014
10	0.004118783720399944
10	0.004406179065250487
10	0.004660198082958081
10	0.008992692974394827
10	0.004415301612184235
10	0.004983323739106543
10	0.005372947753611333
10	0.0045086391955894405
10	0.004194536445440779
10	0.005233080890330591
10	0.00415293538382891
10	0.005334880596698732
10	0.004005221977283325
10	0.005166503646189517
10	0.0031371862817085516
10	0.005502770109409167
10	0.0041184128863017335
10	0.004699912724756346
10	0.0035758694229510554
10	0.0038144741095321407
10	0
10	0.005747589054675354
10	0.0053151944442647375
10	0.00512637446150908
10	0.005991992767182617
10	0.004447117999337213
10	0
10	0.004833660539810502
10	0.004982082013700394
10	0.0036303023692309594
10	0.0038636620923936608
10	0.003052633481284693
10	0.009532403672657681
10	0.0038949716316382236
10	0.003812408693365747
10	0.0035766491680884237
10	0.007042544580016381
10	0.004467310654770379
10	0.0058703288907630755
10	0.004343096925197264
10	0.004048808773583754
10	0.0035373834129109366
10	0.004507161185502341
10	0.005098659035749487
10	0.005021565947395302
10	0.005558707671248404
10	0.0038609205277366308
10	0.0036947396550022645
10	0.003682036337961185
10	0
10	0.003120216123397092
10	0.004591968958682188
10	0
10	0.004867525439931624
10	0.004062186578073942
10	0
10	0.008576380665243922
10	0.0050260881202310445
10	0.004198431862769628
10	0.004183243655849121
10	0.004248004126511144
10	0.002890014723093954
10	0.004705552321780528
10	0.002502064022140149
10	0.0066338111513960995
10	0.0038728323832454624
10	0.0037818987405909598
10	0.005597303035411479
10	0.005803165242904619
10	0.0034999263515077626
10	0.0037242568135288042
10	0.002474868783235041
10	0.004566481212294739
10	0.0034527914656917844
10	0.0038760946011211347
10	0
10	0.003914529141483094
10	0.005905454022643433
10	0.004719940766429944
10	0.005318139243118498
10	0.00470150244205236
10	0.004062077377860349
10	0.0058338172341593645
10	0.005968868924329466
10	0.00436657318685115
10	0.0038050363787458822
10	0.003863698749344388
10	0.00381023947482173
10	0.0034736608758671513
10	0.005929569439848033
10	0.003668184550995097
10	0.004426760487793019
10	0.0038910482545455203
10	0.005417874251397548
10	0.0038828617232952046
10	0.005493487987012323
10	0.004486266834959681
10	0.004354341770167818
10	0.0053175292311383885
10	0.003401051856710062
10	0.0042602989747203696
10	0.004108665642140845
10	0
10	0.004430587791449196
10	0.004263886737662894
10	0.007703348182510667
10	0.003981352277288701
10	0.0033836861880964936
10	0.004532586409323152
10	0.004037124059073852
10	0.005322301674694174
10	0.003728767202808515
10	0.00420909044726929
10	0.003669253777917606
10	0.0034039698553559182
10	0.004805066800535628
10	0.003604758333555794
10	0.0045112684670018935
10	0
10	0.004214738792141646
10	0.003202776473939912
10	0.0031739352779663155
10	0
10	0.003574539507444991
10	0.004027017850472157
10	0.005116272945713455
10	0.0038153973914241833
10	0.006302065305180886
10	0.007824871792240277
10	0.008202362774956473
10	0.0035301854177076457
10	0.004297098292254781
10	0.004662777505847996
10	0.00418586510382073
10	0.0033519727061132342
10	0.003673263857133213
10	0.004133855196755469
10	0.003414323273889152
10	0.0030788149172168706
10	0.005690181749778975
10	0.0036663035454593002
10	0.0052122961589115635
10	0.0037387850237770056
10	0.004483410432840131
10	0.003985313117055532
10	0.003879289104330215
10	0.00406928045257216
10	0.0037706337138929385
10	0.004371453699877265
10	0
10	0.0036753365460559227
10	0.004195451870318078
10	0.004100753375222684
10	0.004299948669143067
10	0.004091452877312207
10	0.008495799913754968
10	0.004584125735778164
10	0.005357702066697566
10	0.005049558031465488
10	0.0034422359933451944
10	0.004006232127969318
10	0.004847305329405665
10	0
10	0.003523971998163696
10	0.003571712877292889
10	0.004610379775548668
10	0.004816834322357955
10	0.0035088390460491035
10	0.004159488192087552
10	0.003897756988122434
10	0.0043165163353780355
10	0.004937179785758393
10	0.004807677812075586
10	0.004012392635901518
10	0.004503885852877451
10	0.0031445462595199
10	0.004334068604046718
10	0.003258505262499151
10	0.004622451010311295
10	0.0031940620465810247
10	0.003443354533139672
10	0.003922347723812198
10	0
10	0.002757623544215117
10	0.007136053960960289
10	0.0038536042913838867
10	0.00472324705639509
10	0
10	0.004231796783188367
10	0.003875331669155911
10	0.005583068024973781
10	0.004311565079342846
10	0
10	0.004409045627681639
10	0.006379942407125909
10	0.004977422101944269
10	0.003708969281735516
10	0.005137795666851031
10	0
10	0.003555123397752295
10	0.003403938802559674
10	0.004809350801820639
10	0.0045675060097199235
10	0.004547399310121384
10	0.0028985975398103437
10	0.006004869852431851
10	0.004093834199219828
10	0.0039769960842825644
10	0
10	0.004071157786422521
10	0.004434105447187844
10	0.004192132118733072
10	0.003972024939275788
10	0.003968659446138003
10	0.00351903366630837
10	0.003720346099143542
10	0.003019917931636324
10	0.004402392268905257
10	0.0044082928409128995
10	0.004944387042106925
10	0.00422691521838857
10	0.004279305293506918
10	0.00434576105738076
10	0.0036377684363513756
10	0.00447342826426049
10	0.005794126000878474
10	0.002992113810818432
10	0.003229022859721378
10	0.004644830161427227
10	0.0044693496351506466
10	0
10	0
10	0.004610430384351429
10	0.0029889539366176852
10	0.006211780348137731
10	0.003573979275497859
10	0.003747632177509993
10	0.003358387530292836
10	0.004186757689511103
10	0.0039823048360947575
10	0.003922826932444101
10	0.0033542454755261853
10	0.004209820777953472
10	0.003542623529777241
10	0.004944601574238183
10	0.004777086353202195
10	0.005787810433082246
10	0.002827394051271891
10	0.0044541918557900175
10	0.0036159040600839947
10	0
10	0.005118646537918531
10	0.00333974084044656
10	0.004109178919896582
10	0.004489066109093446
10	0.0050635111786073985
10	0.004852479272458134
10	0.004154346343764453
10	0.0054812357842511225
10	0.0030014083398657333
10	0.0036707217091395904
10	0.004581978056977657
10	0.0037232887770026375
10	0
10	0.004109812122793338
10	0.00465020437830897
10	0
10	0.004850533643644984
10	0.003497379506971721
10	0.004103663049208478
10	0
10	0.0048034630910539
10	0
10	0.003972860931540753
10	0
10	0.00341066737038134
10	0.00407286949686586
10	0.004585144978092953
10	0.0048344208684622785
10	0.004502974489151038
10	0.0041387308141303146
10	0.0036552551915499973
10	0.004236089656322604
10	0.003462867891117957
10	0
10	0.005282969707562682
10	0.003763547877101247
10	0.0045151008428106435
10	0.00524882369372891
10	0
10	0
10	0.0032330746674617988
10	0.003550885072659677
10	0.003393022310902379
10	0.0054419011016442476
10	0.0033278198686428626
10	0.0030847852904860844
10	0
10	0.0063335053866679395
10	0.0024263066782401724
10	0.0033217759805894463
10	0.004648453450752163
10	0.0029625453572229288
10	0.004475947415893007
10	0.004315135598510489
10	0.003917255753888346
10	0
10	0.0032254224768776796
10	0.005235167927931758
10	0.004009904966338745
10	0.003710492605062141
10	0.004816138893797688
10	0.003521291289988981
10	0.00521090811027236
10	0.004389821594296101
10	0.004794577297208739
10	0.0033074340888031867
10	0.005250323114636778
10	0.004521942781110524
10	0.005934366263930706
10	0.0036296756264222077
10	0.0043435152327641795
10	0.004249222611990433
10	0.004813969442526382
10	0.004428043753059907
10	0.0047698396738545205
10	0.004940917358561647
10	0.007442446228054061
10	0.004296449354617183
10	0.004566626644579628
10	0.005841304943259678
10	0.0032228721680318414
10	0.003995937311871117
10	0.004256598645906881
10	0.004886241890662229
10	0.0042025234834995265
10	0.0038606136508639315
10	0.00448650168671359
10	0.003904529377719838
10	0.004040801017812713
10	0.0036936167187505975
10	0
10	0.004062112838098679
10	0.0028271536867376284
10	0.005365780528357777
10	0.0030958788844879636
10	0.0036792050765715894
10	0.0045970628251183615
10	0.003435312210265162
10	0.004429023660743049
10	0.004335210439036453
10	0.0030812358677497842
10	0.009486952997967786
10	0.007695779393107477
10	0.0042700528999225044
10	0.003173238054638335
10	0.0035454073900252304
10	0.005522282847057339
10	0.004031407366784134
10	0.00391308368620631
10	0.0037981008723884787
10	0.00300502637076422
10	0.007355723948846959
10	0.005855514471998912
10	0.00515530544693231
10	0.003204900853413211
10	0.0037034234408283703
10	0
10	0.005065607539293292
10	0.010183100586579936
10	0.004445675404380718
10	0.00382436732764036
10	0.003690506536485435
10	0.0033110095878604627
10	0.004154922834307186
10	0.004216442279785946
10	0.004500703112123585
10	0.005487353532189929
10	0.005227043578747406
10	0.003945176683061613
10	0.003583063028389981
10	0.0049261236881037625
10	0.004715041235086629
10	0.005228059607808228
10	0.00410597800243681
10	0.004375410513026886
10	0.004718764065852017
10	0.005827255392755304
10	0
10	0.004974158029566709
10	0
10	0.0035954168876250973
10	0.006135403705599288
10	0.005135668399468165
10	0.00456388254549143
10	0.004630073445098314
10	0.004399199874315887
10	0.0038591708702903496
10	0.0046420903388287174
10	0.0035401208931173252
10	0
10	0.003775771993007225
10	0.003320676755716918
10	0.004006077360897727
10	0.005184098373094072
10	0.005656312606385795
10	0.003977762182011503
10	0.0031694651951638926
10	0.004495966164588261
10	0.003809319185055334
10	0.002606398670778788
10	0.004066093562806003
10	0.004155767405690834
10	0.004640267866884296
10	0.004273009264505151
10	0.00355240801115296
10	0.004254041098035217
10	0.004079330195421725
10	0.004380375348889444
10	0.003857731117688351
10	0.005457969525408343
10	0.004418191614117089
10	0.005300940908137919
10	0.003595778268802373
10	0.004492627734807288
10	0.004762081840434372
10	0.0036615082851295436
10	0.0061160933298783065
10	0.0034573095079776447
10	0
10	0.004405611941887213
10	0.004225528032878879
10	0.004861004010714106
10	0.0038245171179461046
10	0
10	0.004264149504589089
10	0.004932797474182533
10	0.003921081332262327
10	0.0032671282482526326
10	0.00456251781471754
10	0.004053720908402904
10	0.0037931661886214086
10	0.0037634315339398856
10	0.003749478466097483
10	0.0038003804047170003
10	0.004327104555293385
10	0.0043821145593295014
10	0.0030654635542936696
10	0.00458297285447006
10	0.002883209346527387
10	0.0044887401887906036
10	0.004023069272954599
10	0.0033480742856510097
10	0.004146067345336963
10	0.003771879757827855
10	0.0034868693371669424
10	0.005642520388011452
10	0.0049317778877656804
10	0.0039143383896790545
10	0.0036487058943211518
10	0.003958523598558412
10	0.003708060367863091
10	0.004635496391977768
10	0.004787777685153372
10	0.00399557708758423
10	0.004371105261018123
10	0.003929409091068767
10	0.005257281826965561
10	0.0031971494583387826
10	0.003906484555462086
10	0.004133750757059844
10	0.005202730501112466
10	0.003988311076333133
10	0.004053662264870335
10	0.0038957402879203793
10	0.003856159255599648
10	0.0039579248851759575
10	0
10	0.005970448582463215
10	0.0036763938470565096
10	0.003741107591465474
10	0.005140743533436975
10	0.0040609271223021335
10	0.003917237918220303
10	0.004276192753322553
10	0.007550726025736735
10	0
10	0.006752196150678785
10	0.003974618419336576
10	0.0046248716884880045
10	0.004216483689954172
10	0.0030185721652940542
10	0.004379219502850075
10	0.0036183155364773257
10	0.004544335799326865
10	0.004245509165184485
10	0.0032821049596908894
10	0.004508739988290114
10	0.004147347410174752
10	0.007262769045877689
10	0
10	0.004450737835416807
10	0.00510735998255658
10	0.003697609981865125
10	0.003741488537830861
10	0.004603742645038061
10	0.004675897670263084
10	0.004693776705608935
10	0.005233550250351539
10	0.003928564335107137
10	0
10	0.0033607682866038185
10	0.003696360620473444
10	0.00457017517821099
10	0.004285993001264001
10	0.003549583810307632
10	0.004559004422829642
10	0.003153714553303936
10	0.003955928689049072
10	0
10	0.00450635540161561
10	0.0038378201401495942
10	0.0035537848097857306
10	0.00519860329559249
10	0.004649473214642971
10	0.003953204981359536
10	0.003275387585556411
10	0
10	0.003602899082661757
10	0.004024973579053518
10	0
10	0.0039970239063022266
10	0.002966578469525604
10	0.004554170535514463
10	0.005044294325014672
10	0.0038186580405861455
10	0.005100003259423157
10	0.005331889227388728
10	0.004163554922716749
10	0.004970258968633939
10	0.004166137695358386
10	0.006897063685062327
10	0.0036770493893094787
10	0
10	0
10	0.004118293748618715
10	0.005406889115463563
10	0.004166352104071032
10	0.005205241235309996
10	0.005651947429910142
10	0
10	0.0031991029802106246
10	0.003956886586026208
10	0.00496273883080364
10	0.004045416761546947
10	0.0045761631178423325
10	0.003298997489095894
10	0.0033297136083135183
10	0.004181076783704059
10	0.0038390531328319688
10	0.004573515683519118
10	0.008991340481551167
10	0.0037690695230285054
10	0.004854317250932719
10	0.0036991229062891973
10	0.005906460185444727
10	0.004577068744263165
10	0.004672124147699314
10	0.004505007106977447
10	0.003965874872845648
10	0.005119255585909726
10	0.003751719693382521
10	0.004392842259548247
10	0
10	0.004778331055067615
10	0.004375636720059872
10	0.004345964891925934
10	0.0036989896257062695
10	0.0038656865262435007
10	0
10	0.003201028957849117
10	0.004275570594609767
10	0.003492873586266333
10	0.0032501180229414918
10	0.003482494674130634
10	0.0035534923475294238
10	0.004074275767573421
10	0
10	0.004299000436807952
10	0.003986994764430047
10	0.003778029909801382
10	0.004334458320216568
10	0.003461795061609457
10	0.004149037129107475
10	0.004969922478450168
10	0.004822381232614474
10	0.003052962901417886
10	0.004715732495536261
10	0.0034360074705714286
10	0.0028864784693213726
10	0
10	0.004613136984389598
10	0.0045524083292741435
10	0.003501274704064391
10	0.003756318305497314
10	0.004618924275988648
10	0.004366279923935011
10	0
10	0.00430929608047883
10	0.0028499335288650718
10	0.003493752185966185
10	0.004094331301656895
10	0.005120240589101204
10	0.004362480549934486
10	0.00475802722426691
10	0.008301904373370934
10	0.003717384273470928
10	0.0042053871164753525
10	0.0037060928116183812
10	0.0036003557547538813
10	0.004759267487113779
10	0.006304868836499316
10	0.0034599721031698676
10	0.004619390951367277
10	0.0052632988073160044
10	0.003388028503577408
10	0.0037916698356336505
10	0.004319884362977993
10	0.004524509878061402
10	0.00415289808567461
10	0.0038869477800151466
10	0.004495084290392308
10	0.0043164038145002016
10	0.005115577218302994
10	0.007595396942027882
10	0.00400256501148592
10	0.0036460743156740373
10	0.0043156198179883495
10	0.004017956027441961
10	0.005327926978245559
10	0.004018491282640636
10	0.003573147254873162
10	0.0038503504066021267
10	0.0033950198847667607
10	0.0040400105686445135
10	0.005790350083422166
10	0.004591474663775753
10	0
10	0.0040963497584544945
10	0.005454425675700117
10	0.004467797031216448
10	0.009483111864680642
10	0.0043602037265534155
10	0.003926556733919545
10	0.005691285855176053
10	0.003966316071634746
10	0.004914610683988977
10	0
10	0
10	0.004553502313758124
10	0.0037154741574479708
10	0.006849799521817303
10	0.004655853519173072
10	0.004802935272619439
10	0.0034087124478288217
10	0.005746024100455023
10	0.0038701352055998867
10	0.004376158172185361
10	0.003995808955216542
10	0.0038117923956372483
10	0.004123328771838611
10	0.006189018927782493
10	0.005593200993780568
10	0.007940110207108489
10	0.003271602505281813
10	0.004896710281564408
10	0.0045852947728689765
10	0.0035615105862792117
10	0.005032024135620132
10	0.004165787304189506
10	0.003023546176634207
10	0.005161084863536355
10	0.0053384390793887815
10	0.004128443495166167
10	0.005115182535571139
10	0
10	0.004391757925854017
10	0.0047061239983628485
10	0.003448642104100976
10	0.004499937966471381
10	0.0029204073035478876
10	0.0031761161382684814
10	0.005178351615298445
10	0.004792426633951416
10	0.004672093868112347
10	0.005258975239699239
10	0
10	0.004489523784310532
10	0.004950277417237826
10	0.004094164917997388
10	0
10	0.0060393678339757985
10	0.004403273766451601
10	0.004657284555878536
10	0.003994982695780945
10	0.004281145693583269
10	0.0036079356616901272
10	0.004763461011037587
10	0.0036192973423506023
10	0.0035725688777074943
10	0.003695720350401957
10	0.0033623031228273434
10	0.0042119198452716345
10	0
10	0.003441559991009633
10	0.0043317345210497635
10	0.003539974800155623
10	0.004537905562414405
10	0.0033992732518452863
10	0.005745250666885484
10	0.004670223543050652
10	0.003546933153808544
10	0.0041675218491220335
10	0.004103467504842905
10	0.003492610104148645
10	0.004057589404046404
10	0.0036620409634000877
10	0
10	0.004130776127802828
10	0.0039342479444011095
10	0.003952520657993636
10	0
10	0.005192421435845319
10	0.004938181102530941
10	0.0044537284289882274
10	0.004215845847567154
10	0.003181895970584454
10	0.004378606069663666
10	0.0053022601163265634
10	0.003991222847639357
10	0.003196560586238738
10	0.00821194067107408
10	0.003043053355226311
10	0.003432826383826409
10	0.0036807447094476023
10	0.004582106918768683
10	0.004589675905925347
10	0.0037335458797894106
10	0.008271596900100965
10	0.005398275708496293
10	0.004121397206037426
10	0.005268959117433798
10	0.003179404854355835
10	0.0037110875968882078
10	0.003876130605232054
10	0.0034626351256708586
10	0.003471684944352933
10	0.003605276952289437
10	0.0040723053801509325
10	0.0036495693016365665
10	0.0033587055281348475
10	0.003938511802587238
10	0.00479255240600179
10	0.006215532832663362
10	0.002549760423893851
10	0.0033703773097983713
10	0.005701950817013252
10	0.0048723202561345895
10	0.004439118405161615
10	0.003204000424357751
10	0.0032669412794047387
10	0.004937470143306248
10	0.0033433481271369324
10	0.003763802787938733
10	0.0038619764311304777
10	0.004674834962680021
10	0.0034359989503640487
10	0.0037849427850903936
10	0.0025861104962672217
10	0.0037450129934125183
10	0.003927291590750275
10	0.004268562631311447
10	0.0036979775013114688
10	0.0040654708555639
10	0
10	0.004545449691245562
10	0.0034708168841947997
10	0.0037751452429999003
10	0.004337014075836886
10	0.00492038817483384
10	0.0050531124730220575
10	0.003474146521648905
10	0.005795124059050815
10	0.003690900293177586
10	0.005910303929556827
10	0.0037971477709547114
10	0.003554771563237067
10	0.002999226887954469
10	0.0035075409305936204
10	0.0045217995903876615
10	0.0056835532071170146
10	0.0038060449269960344
10	0.0034300085974766294
10	0.0033975224946013243
10	0.004329595178246707
10	0.0055017576750210585
10	0.004760734894611775
10	0.004503496859917682
10	0.0033098213600277464
10	0.0037460280260279617
10	0
10	0.004469840350977391
10	0.003796771299610861
10	0.004307998003608968
10	0.0033398242900420853
10	0.008093831865440871
10	0.0039776776181513485
10	0.00415869230771453
10	0.005525810462160504
10	0.006145072304132139
10	0.0035616323441086304
10	0.005535129020481707
10	0.004849548158592746
10	0.009785728085121466
10	0.0038823245558390644
10	0.00903162407726075
10	0.007502765872155081
10	0.0050390837434859306
10	0
10	0.0039803786409237756
10	0.004350778364316231
10	0.004864955099559672
10	0.004125727813124433
10	0.004236807654202931
10	0.0036712554216580748
10	0.007919168038128446
10	0.0038821857936851044
10	0.003134066431068946
10	0.004809552986047176
10	0
10	0.0038428490654928184
10	0.0037037288258474333
10	0.003793214630286801
10	0.005181610060026481
10	0.004644559367966363
10	0.00403288271510145
10	0.0049929845267196946
10	0
10	0
10	0
10	0.004217380752959605
10	0.0032354558089511183
10	0
10	0.0064155282109758715
10	0.004034096013606916
10	0.004377759885517668
10	0.0036592269716285877
10	0.005149827425941714
10	0.005351180157773139
10	0.0046289366545822835
10	0
10	0
10	0.005033519066593545
10	0
10	0.007288698614460466
10	0.004722716513933489
10	0.005110934075013089
10	0.004067759843782046
10	0.003651120523246125
10	0.0039563217638120375
10	0.004512236203552842
10	0.003887301484540003
10	0.004228607651654675
10	0.0044229716317795665
10	0.004227510871258372
10	0.004036414815534748
10	0
10	0.0037773317382121326
10	0.004827684838255282
10	0
10	0.003930902919087554
10	0.0037710850815532134
10	0.0037848918574312205
10	0.004648883238202866
10	0.005394164192266962
10	0.004824980499298722
10	0.003072077695424481
10	0.004772275013992654
10	0.004630469136434468
10	0.0038358727035965106
10	0.0039480637590697315
10	0.003827522778758146
10	0.004404395173918656
10	0.005644034302056184
10	0.00369337575733667
10	0.0033466482058927653
10	0
10	0.005389280336386956
10	0.004289829595134223
10	0.008450498574502965
10	0.0049689003850247725
10	0.00456878299407747
10	0.0038037881954882096
10	0.0034369704458244266
10	0.0038939765776965737
10	0.003726551991948223
10	0.0034110319955056334
10	0.0038532423910011223
10	0.003437089778074111
10	0.00830700430305288
10	0.0029053704715089413
10	0.0038761168186779906
10	0.00363256789172841
10	0.0041806987108103455
10	0.0036586365331363144
10	0.0036048909759323357
10	0.0043995187643796245
10	0.0046755960666523206
10	0
10	0.004501533611849628
10	0.003840384914977761
10	0
10	0.005525953470131572
10	0.0038412151075733056
10	0.005636853764680554
10	0.003236094050806775
10	0.004699176136032867
10	0.004353222265071645
10	0.005464635183560299
10	0.0031951054240295504
10	0.007431179159798928
10	0.004713602358276992
10	0.004800674652511237
10	0.003243410888846922
10	0.005463273445889859
10	0.0036344237027945182
10	0.004290230866820034
10	0.005112148334751013
10	0.003998862720929998
10	0.003182215314201874
10	0.004474107693063419
10	0.004349049693008662
10	0.003710121351830929
10	0
10	0.004501207825637191
10	0.005193208443491551
10	0.004583129821646765
10	0.004312534896179488
10	0.004405007699489123
10	0.002932067099618918
10	0.007731348067918814
10	0.003936547628986637
10	0.00366386702092178
10	0.0037789251321616443
10	0.003664260012204369
10	0.003245018670147479
10	0.0084960189366134
10	0.003745953271506106
10	0.003907503232299492
10	0.006484339255327395
10	0.00506639190370374
10	0
10	0.004689139265480779
10	0
10	0
10	0.005119460924085787
10	0.005268036323565545
10	0.0034022476331420056
10	0
10	0.004154473608325862
10	0.00655657499117521
10	0.0059032499855332585
10	0.006292107651940628
10	0.004359193430749745
10	0.004801403757046637
10	0
10	0.004415690726301187
10	0
10	0.0063621275842332455
10	0.004944630752039422
10	0.0035997833069750353
10	0.004295372444155962
10	0.003966658056887413
10	0.0038768727114785
10	0.003595781682723349
10	0.006579195756838901
10	0.006670168824555859
10	0.004752534819877677
10	0.003599825962697794
10	0.0029644570307727717
10	0.005121063273666394
10	0.009165171515976511
10	0.0038830368289184273
10	0.0032244758480998973
10	0.0039971461225166835
10	0.0031038704284477967
10	0.0036554760885292507
10	0.004563340024085433
10	0.002814157310823254
10	0
10	0.005088069759836094
10	0.003820499974102566
10	0.0034956116852475324
10	0
10	0.003603958511220031
10	0.003662637734438324
10	0.0037715742054219743
10	0.004187783407255555
10	0.004945391168205474
10	0.004378515889387057
10	0.0034409550423259937
10	0.0034259749551603116
10	0.005521356208582099
10	0.004547184547706913
10	0.0055302761161435485
10	0.00380927084303807
10	0.004508412810171609
10	0.003922056318903994
10	0.003667731915362537
10	0.004359196119452452
10	0.004557442130725671
10	0.005072513676427039
10	0.004421115554009561
10	0.002949191093536815
10	0.0024149247645727768
10	0
10	0.00562236237437968
10	0.003873893489146681
10	0.005223779189256254
10	0.004181398821889335
10	0.0046345409839908935
10	0.004502693389273918
10	0.004787317214077511
10	0.00467357786981322
10	0
10	0.003717145451594897
10	0.002854116482619907
10	0.0042383952108521
10	0.0038672919827467526
10	0.004025491507101949
10	0.004748717226778792
10	0.004825466178255949
10	0.004099532289878931
10	0.005269162358297507
10	0.003792142172972444
10	0.004482598264768476
10	0.0053990081285991975
10	0.004003128998112646
10	0.0048903934100979155
10	0.003150716335869236
10	0.0081829684664175735
10	0.00424443654628701
10	0.004604565275083186
10	0.003335425532176641
10	0.004924370219418906
10	0.0051031137630204795
10	0.004846656899757658
10	0.004755529734659017
10	0.004859275108397771
10	0.005122299073496888
10	0.003715849832475196
10	0.004136549512111545
10	0.00364203433024803
10	0.004685849297286906
10	0.002998188530038783
10	0.0047135575331191575
10	0.005004495413239925
10	0.004113388235266416
10	0.004014889066345865
10	0.0032761927293401792
10	0.00500643959493665
10	0.004352500292394132
10	0.004498591330849717
10	0.004637664379041601
10	0.004140705484483916
10	0.004278831251542161
10	0.004544631849100496
10	0.008453207900801214
10	0.003101577577397696
10	0.004457050476925114
10	0.004072551505066073
10	0.004824150399881161
10	0.00342855864737668
10	0.003983667993791067
10	0.004817952523915513
10	0.0034564880812213285
10	0.003743023783639595
10	0.003575068041849914
10	0.005163810247208367
10	0.004313389109070957
10	0.0034755108323136002
10	0.00474707847597711
10	0.0036987026461066585
10	0.0034113439924906477
10	0.004057064894029684
10	0.0059382262107988
10	0
10	0.0035602291779563916
10	0.005041691125386688
10	0.004818296855224259
10	0.004077604426909244
10	0.0032408415994165255
10	0.005145756999719747
10	0.004231899677235962
10	0.0031783896086365845
10	0.0035460873249680753
10	0
10	0.004971529075783463
10	0.004258775398034541
10	0.003286938514017716
10	0.0044475596212073705
10	0.003814890977802555
10	0.004897139708837972
10	0.004621264683653855
10	0.004519673530640071
10	0.00440141598243582
10	0.005964212553816593
10	0.00792231552946522
10	0.0045706095094016075
10	0.004780130587720045
10	0
