ps	codeGained	ps_name_gained	gained_clusters	gained_genes	codeLost	ps_name_lost	lost_clusters	lost_genes	cval	spec_code
1	10000001	root	7204	1882677	NA	NA	NA	NA	10	1
2	152	node1	2647	391089	NA	NA	NA	NA	10	1
3	153	node2	461	3609	153	node2	1658	200429	10	1
4	1	Aque	1743	10130	1	Aque	1041	109315	10	1
1	10000001	root	7204	1882677	NA	NA	NA	NA	10	2
2	152	node1	2647	391089	NA	NA	NA	NA	10	2
3	153	node2	461	3609	153	node2	1658	200429	10	2
4	2	Emue	1521	10040	2	Emue	1823	247910	10	2
1	10000001	root	7204	1882677	NA	NA	NA	NA	10	3
2	152	node1	2647	391089	NA	NA	NA	NA	10	3
3	154	node3	667	99502	154	node3	51	441	10	3
4	155	node4	515	51497	155	node4	20	120	10	3
5	156	node5	2349	135569	156	node5	14	94	10	3
6	157	node6	666	31539	157	node6	241	1947	10	3
7	158	node7	4311	138045	158	node7	42	325	10	3
8	159	node8	4313	71478	159	node8	472	11227	10	3
9	160	node9	212	2197	160	node9	4810	136631	10	3
10	161	node10	459	4811	161	node10	409	17110	10	3
11	162	node11	101	1876	162	node11	1256	29240	10	3
12	163	node12	172	2106	163	node12	360	10342	10	3
13	164	node13	720	11863	164	node13	600	25941	10	3
14	165	node14	370	3390	165	node14	1347	38830	10	3
15	166	node15	116	1621	166	node15	2128	57166	10	3
16	167	node16	382	3851	167	node16	419	8782	10	3
17	168	node17	77	668	168	node17	2212	99213	10	3
18	169	node18	1796	10696	169	node18	3070	232086	10	3
19	170	node19	472	2068	170	node19	429	24821	10	3
20	171	node20	403	1892	171	node20	186	5606	10	3
21	3	Dapu	25	89	3	Dapu	1623	72920	10	3
1	10000001	root	7204	1882677	NA	NA	NA	NA	10	4
2	152	node1	2647	391089	NA	NA	NA	NA	10	4
3	154	node3	667	99502	154	node3	51	441	10	4
4	155	node4	515	51497	155	node4	20	120	10	4
5	156	node5	2349	135569	156	node5	14	94	10	4
6	157	node6	666	31539	157	node6	241	1947	10	4
7	158	node7	4311	138045	158	node7	42	325	10	4
8	159	node8	4313	71478	159	node8	472	11227	10	4
9	160	node9	212	2197	160	node9	4810	136631	10	4
10	161	node10	459	4811	161	node10	409	17110	10	4
11	162	node11	101	1876	162	node11	1256	29240	10	4
12	163	node12	172	2106	163	node12	360	10342	10	4
13	164	node13	720	11863	164	node13	600	25941	10	4
14	165	node14	370	3390	165	node14	1347	38830	10	4
15	166	node15	116	1621	166	node15	2128	57166	10	4
16	167	node16	382	3851	167	node16	419	8782	10	4
17	168	node17	77	668	168	node17	2212	99213	10	4
18	169	node18	1796	10696	169	node18	3070	232086	10	4
19	170	node19	472	2068	170	node19	429	24821	10	4
20	171	node20	403	1892	171	node20	186	5606	10	4
21	4	Dpul	695	3168	4	Dpul	443	53374	10	4
1	10000001	root	7204	1882677	NA	NA	NA	NA	10	5
2	152	node1	2647	391089	NA	NA	NA	NA	10	5
3	154	node3	667	99502	154	node3	51	441	10	5
4	155	node4	515	51497	155	node4	20	120	10	5
5	156	node5	2349	135569	156	node5	14	94	10	5
6	157	node6	666	31539	157	node6	241	1947	10	5
7	158	node7	4311	138045	158	node7	42	325	10	5
8	159	node8	4313	71478	159	node8	472	11227	10	5
9	160	node9	212	2197	160	node9	4810	136631	10	5
10	161	node10	459	4811	161	node10	409	17110	10	5
11	162	node11	101	1876	162	node11	1256	29240	10	5
12	163	node12	172	2106	163	node12	360	10342	10	5
13	164	node13	720	11863	164	node13	600	25941	10	5
14	165	node14	370	3390	165	node14	1347	38830	10	5
15	166	node15	116	1621	166	node15	2128	57166	10	5
16	167	node16	382	3851	167	node16	419	8782	10	5
17	168	node17	77	668	168	node17	2212	99213	10	5
18	169	node18	1796	10696	169	node18	3070	232086	10	5
19	170	node19	472	2068	170	node19	429	24821	10	5
20	5	Dgal	71	213	5	Dgal	1695	136818	10	5
1	10000001	root	7204	1882677	NA	NA	NA	NA	10	6
2	152	node1	2647	391089	NA	NA	NA	NA	10	6
3	154	node3	667	99502	154	node3	51	441	10	6
4	155	node4	515	51497	155	node4	20	120	10	6
5	156	node5	2349	135569	156	node5	14	94	10	6
6	157	node6	666	31539	157	node6	241	1947	10	6
7	158	node7	4311	138045	158	node7	42	325	10	6
8	159	node8	4313	71478	159	node8	472	11227	10	6
9	160	node9	212	2197	160	node9	4810	136631	10	6
10	161	node10	459	4811	161	node10	409	17110	10	6
11	162	node11	101	1876	162	node11	1256	29240	10	6
12	163	node12	172	2106	163	node12	360	10342	10	6
13	164	node13	720	11863	164	node13	600	25941	10	6
14	165	node14	370	3390	165	node14	1347	38830	10	6
15	166	node15	116	1621	166	node15	2128	57166	10	6
16	167	node16	382	3851	167	node16	419	8782	10	6
17	168	node17	77	668	168	node17	2212	99213	10	6
18	169	node18	1796	10696	169	node18	3070	232086	10	6
19	6	Dmag	567	2316	6	Dmag	881	84015	10	6
1	10000001	root	7204	1882677	NA	NA	NA	NA	10	7
2	152	node1	2647	391089	NA	NA	NA	NA	10	7
3	154	node3	667	99502	154	node3	51	441	10	7
4	155	node4	515	51497	155	node4	20	120	10	7
5	156	node5	2349	135569	156	node5	14	94	10	7
6	157	node6	666	31539	157	node6	241	1947	10	7
7	158	node7	4311	138045	158	node7	42	325	10	7
8	159	node8	4313	71478	159	node8	472	11227	10	7
9	160	node9	212	2197	160	node9	4810	136631	10	7
10	161	node10	459	4811	161	node10	409	17110	10	7
11	162	node11	101	1876	162	node11	1256	29240	10	7
12	163	node12	172	2106	163	node12	360	10342	10	7
13	164	node13	720	11863	164	node13	600	25941	10	7
14	165	node14	370	3390	165	node14	1347	38830	10	7
15	166	node15	116	1621	166	node15	2128	57166	10	7
16	167	node16	382	3851	167	node16	419	8782	10	7
17	168	node17	77	668	168	node17	2212	99213	10	7
18	172	node21	53	376	172	node21	1199	40751	10	7
19	173	node22	38	247	173	node22	550	32291	10	7
20	174	node23	171	677	174	node23	1025	65228	10	7
21	175	node24	75	319	175	node24	363	47036	10	7
22	176	node25	55	207	176	node25	783	87101	10	7
23	7	Tcas	261	1221	7	Tcas	483	52700	10	7
1	10000001	root	7204	1882677	NA	NA	NA	NA	10	8
2	152	node1	2647	391089	NA	NA	NA	NA	10	8
3	154	node3	667	99502	154	node3	51	441	10	8
4	155	node4	515	51497	155	node4	20	120	10	8
5	156	node5	2349	135569	156	node5	14	94	10	8
6	157	node6	666	31539	157	node6	241	1947	10	8
7	158	node7	4311	138045	158	node7	42	325	10	8
8	159	node8	4313	71478	159	node8	472	11227	10	8
9	160	node9	212	2197	160	node9	4810	136631	10	8
10	161	node10	459	4811	161	node10	409	17110	10	8
11	162	node11	101	1876	162	node11	1256	29240	10	8
12	163	node12	172	2106	163	node12	360	10342	10	8
13	164	node13	720	11863	164	node13	600	25941	10	8
14	165	node14	370	3390	165	node14	1347	38830	10	8
15	166	node15	116	1621	166	node15	2128	57166	10	8
16	167	node16	382	3851	167	node16	419	8782	10	8
17	168	node17	77	668	168	node17	2212	99213	10	8
18	172	node21	53	376	172	node21	1199	40751	10	8
19	173	node22	38	247	173	node22	550	32291	10	8
20	174	node23	171	677	174	node23	1025	65228	10	8
21	175	node24	75	319	175	node24	363	47036	10	8
22	176	node25	55	207	176	node25	783	87101	10	8
23	8	Dmel	317	1174	8	Dmel	1030	193958	10	8
1	10000001	root	7204	1882677	NA	NA	NA	NA	10	9
2	152	node1	2647	391089	NA	NA	NA	NA	10	9
3	154	node3	667	99502	154	node3	51	441	10	9
4	155	node4	515	51497	155	node4	20	120	10	9
5	156	node5	2349	135569	156	node5	14	94	10	9
6	157	node6	666	31539	157	node6	241	1947	10	9
7	158	node7	4311	138045	158	node7	42	325	10	9
8	159	node8	4313	71478	159	node8	472	11227	10	9
9	160	node9	212	2197	160	node9	4810	136631	10	9
10	161	node10	459	4811	161	node10	409	17110	10	9
11	162	node11	101	1876	162	node11	1256	29240	10	9
12	163	node12	172	2106	163	node12	360	10342	10	9
13	164	node13	720	11863	164	node13	600	25941	10	9
14	165	node14	370	3390	165	node14	1347	38830	10	9
15	166	node15	116	1621	166	node15	2128	57166	10	9
16	167	node16	382	3851	167	node16	419	8782	10	9
17	168	node17	77	668	168	node17	2212	99213	10	9
18	172	node21	53	376	172	node21	1199	40751	10	9
19	173	node22	38	247	173	node22	550	32291	10	9
20	174	node23	171	677	174	node23	1025	65228	10	9
21	175	node24	75	319	175	node24	363	47036	10	9
22	9	Znev	122	437	9	Znev	1198	156273	10	9
1	10000001	root	7204	1882677	NA	NA	NA	NA	10	10
2	152	node1	2647	391089	NA	NA	NA	NA	10	10
3	154	node3	667	99502	154	node3	51	441	10	10
4	155	node4	515	51497	155	node4	20	120	10	10
5	156	node5	2349	135569	156	node5	14	94	10	10
6	157	node6	666	31539	157	node6	241	1947	10	10
7	158	node7	4311	138045	158	node7	42	325	10	10
8	159	node8	4313	71478	159	node8	472	11227	10	10
9	160	node9	212	2197	160	node9	4810	136631	10	10
10	161	node10	459	4811	161	node10	409	17110	10	10
11	162	node11	101	1876	162	node11	1256	29240	10	10
12	163	node12	172	2106	163	node12	360	10342	10	10
13	164	node13	720	11863	164	node13	600	25941	10	10
14	165	node14	370	3390	165	node14	1347	38830	10	10
15	166	node15	116	1621	166	node15	2128	57166	10	10
16	167	node16	382	3851	167	node16	419	8782	10	10
17	168	node17	77	668	168	node17	2212	99213	10	10
18	172	node21	53	376	172	node21	1199	40751	10	10
19	173	node22	38	247	173	node22	550	32291	10	10
20	174	node23	171	677	174	node23	1025	65228	10	10
21	10	Iele	200	986	10	Iele	1310	110027	10	10
1	10000001	root	7204	1882677	NA	NA	NA	NA	10	11
2	152	node1	2647	391089	NA	NA	NA	NA	10	11
3	154	node3	667	99502	154	node3	51	441	10	11
4	155	node4	515	51497	155	node4	20	120	10	11
5	156	node5	2349	135569	156	node5	14	94	10	11
6	157	node6	666	31539	157	node6	241	1947	10	11
7	158	node7	4311	138045	158	node7	42	325	10	11
8	159	node8	4313	71478	159	node8	472	11227	10	11
9	160	node9	212	2197	160	node9	4810	136631	10	11
10	161	node10	459	4811	161	node10	409	17110	10	11
11	162	node11	101	1876	162	node11	1256	29240	10	11
12	163	node12	172	2106	163	node12	360	10342	10	11
13	164	node13	720	11863	164	node13	600	25941	10	11
14	165	node14	370	3390	165	node14	1347	38830	10	11
15	166	node15	116	1621	166	node15	2128	57166	10	11
16	167	node16	382	3851	167	node16	419	8782	10	11
17	168	node17	77	668	168	node17	2212	99213	10	11
18	172	node21	53	376	172	node21	1199	40751	10	11
19	173	node22	38	247	173	node22	550	32291	10	11
20	11	Caug	402	1903	11	Caug	1876	161586	10	11
1	10000001	root	7204	1882677	NA	NA	NA	NA	10	12
2	152	node1	2647	391089	NA	NA	NA	NA	10	12
3	154	node3	667	99502	154	node3	51	441	10	12
4	155	node4	515	51497	155	node4	20	120	10	12
5	156	node5	2349	135569	156	node5	14	94	10	12
6	157	node6	666	31539	157	node6	241	1947	10	12
7	158	node7	4311	138045	158	node7	42	325	10	12
8	159	node8	4313	71478	159	node8	472	11227	10	12
9	160	node9	212	2197	160	node9	4810	136631	10	12
10	161	node10	459	4811	161	node10	409	17110	10	12
11	162	node11	101	1876	162	node11	1256	29240	10	12
12	163	node12	172	2106	163	node12	360	10342	10	12
13	164	node13	720	11863	164	node13	600	25941	10	12
14	165	node14	370	3390	165	node14	1347	38830	10	12
15	166	node15	116	1621	166	node15	2128	57166	10	12
16	167	node16	382	3851	167	node16	419	8782	10	12
17	168	node17	77	668	168	node17	2212	99213	10	12
18	172	node21	53	376	172	node21	1199	40751	10	12
19	12	Tqin	647	3155	12	Tqin	3164	304412	10	12
1	10000001	root	7204	1882677	NA	NA	NA	NA	10	13
2	152	node1	2647	391089	NA	NA	NA	NA	10	13
3	154	node3	667	99502	154	node3	51	441	10	13
4	155	node4	515	51497	155	node4	20	120	10	13
5	156	node5	2349	135569	156	node5	14	94	10	13
6	157	node6	666	31539	157	node6	241	1947	10	13
7	158	node7	4311	138045	158	node7	42	325	10	13
8	159	node8	4313	71478	159	node8	472	11227	10	13
9	160	node9	212	2197	160	node9	4810	136631	10	13
10	161	node10	459	4811	161	node10	409	17110	10	13
11	162	node11	101	1876	162	node11	1256	29240	10	13
12	163	node12	172	2106	163	node12	360	10342	10	13
13	164	node13	720	11863	164	node13	600	25941	10	13
14	165	node14	370	3390	165	node14	1347	38830	10	13
15	166	node15	116	1621	166	node15	2128	57166	10	13
16	167	node16	382	3851	167	node16	419	8782	10	13
17	177	node26	70	433	177	node26	2631	90419	10	13
18	178	node27	38	380	178	node27	1111	64182	10	13
19	13	Ppol	403	1375	13	Ppol	2736	258540	10	13
1	10000001	root	7204	1882677	NA	NA	NA	NA	10	14
2	152	node1	2647	391089	NA	NA	NA	NA	10	14
3	154	node3	667	99502	154	node3	51	441	10	14
4	155	node4	515	51497	155	node4	20	120	10	14
5	156	node5	2349	135569	156	node5	14	94	10	14
6	157	node6	666	31539	157	node6	241	1947	10	14
7	158	node7	4311	138045	158	node7	42	325	10	14
8	159	node8	4313	71478	159	node8	472	11227	10	14
9	160	node9	212	2197	160	node9	4810	136631	10	14
10	161	node10	459	4811	161	node10	409	17110	10	14
11	162	node11	101	1876	162	node11	1256	29240	10	14
12	163	node12	172	2106	163	node12	360	10342	10	14
13	164	node13	720	11863	164	node13	600	25941	10	14
14	165	node14	370	3390	165	node14	1347	38830	10	14
15	166	node15	116	1621	166	node15	2128	57166	10	14
16	167	node16	382	3851	167	node16	419	8782	10	14
17	177	node26	70	433	177	node26	2631	90419	10	14
18	178	node27	38	380	178	node27	1111	64182	10	14
19	179	node28	573	4027	179	node28	511	43288	10	14
20	180	node29	9	72	180	node29	1382	112297	10	14
21	14	Hazt	257	1301	14	Hazt	803	68411	10	14
1	10000001	root	7204	1882677	NA	NA	NA	NA	10	15
2	152	node1	2647	391089	NA	NA	NA	NA	10	15
3	154	node3	667	99502	154	node3	51	441	10	15
4	155	node4	515	51497	155	node4	20	120	10	15
5	156	node5	2349	135569	156	node5	14	94	10	15
6	157	node6	666	31539	157	node6	241	1947	10	15
7	158	node7	4311	138045	158	node7	42	325	10	15
8	159	node8	4313	71478	159	node8	472	11227	10	15
9	160	node9	212	2197	160	node9	4810	136631	10	15
10	161	node10	459	4811	161	node10	409	17110	10	15
11	162	node11	101	1876	162	node11	1256	29240	10	15
12	163	node12	172	2106	163	node12	360	10342	10	15
13	164	node13	720	11863	164	node13	600	25941	10	15
14	165	node14	370	3390	165	node14	1347	38830	10	15
15	166	node15	116	1621	166	node15	2128	57166	10	15
16	167	node16	382	3851	167	node16	419	8782	10	15
17	177	node26	70	433	177	node26	2631	90419	10	15
18	178	node27	38	380	178	node27	1111	64182	10	15
19	179	node28	573	4027	179	node28	511	43288	10	15
20	180	node29	9	72	180	node29	1382	112297	10	15
21	15	Anas	220	937	15	Anas	1793	246773	10	15
1	10000001	root	7204	1882677	NA	NA	NA	NA	10	16
2	152	node1	2647	391089	NA	NA	NA	NA	10	16
3	154	node3	667	99502	154	node3	51	441	10	16
4	155	node4	515	51497	155	node4	20	120	10	16
5	156	node5	2349	135569	156	node5	14	94	10	16
6	157	node6	666	31539	157	node6	241	1947	10	16
7	158	node7	4311	138045	158	node7	42	325	10	16
8	159	node8	4313	71478	159	node8	472	11227	10	16
9	160	node9	212	2197	160	node9	4810	136631	10	16
10	161	node10	459	4811	161	node10	409	17110	10	16
11	162	node11	101	1876	162	node11	1256	29240	10	16
12	163	node12	172	2106	163	node12	360	10342	10	16
13	164	node13	720	11863	164	node13	600	25941	10	16
14	165	node14	370	3390	165	node14	1347	38830	10	16
15	166	node15	116	1621	166	node15	2128	57166	10	16
16	167	node16	382	3851	167	node16	419	8782	10	16
17	177	node26	70	433	177	node26	2631	90419	10	16
18	178	node27	38	380	178	node27	1111	64182	10	16
19	179	node28	573	4027	179	node28	511	43288	10	16
20	181	node30	651	2852	181	node30	535	22982	10	16
21	182	node31	361	1337	182	node31	242	15714	10	16
22	183	node32	164	566	183	node32	621	38652	10	16
23	16	Pcla	210	902	16	Pcla	648	33991	10	16
1	10000001	root	7204	1882677	NA	NA	NA	NA	10	17
2	152	node1	2647	391089	NA	NA	NA	NA	10	17
3	154	node3	667	99502	154	node3	51	441	10	17
4	155	node4	515	51497	155	node4	20	120	10	17
5	156	node5	2349	135569	156	node5	14	94	10	17
6	157	node6	666	31539	157	node6	241	1947	10	17
7	158	node7	4311	138045	158	node7	42	325	10	17
8	159	node8	4313	71478	159	node8	472	11227	10	17
9	160	node9	212	2197	160	node9	4810	136631	10	17
10	161	node10	459	4811	161	node10	409	17110	10	17
11	162	node11	101	1876	162	node11	1256	29240	10	17
12	163	node12	172	2106	163	node12	360	10342	10	17
13	164	node13	720	11863	164	node13	600	25941	10	17
14	165	node14	370	3390	165	node14	1347	38830	10	17
15	166	node15	116	1621	166	node15	2128	57166	10	17
16	167	node16	382	3851	167	node16	419	8782	10	17
17	177	node26	70	433	177	node26	2631	90419	10	17
18	178	node27	38	380	178	node27	1111	64182	10	17
19	179	node28	573	4027	179	node28	511	43288	10	17
20	181	node30	651	2852	181	node30	535	22982	10	17
21	182	node31	361	1337	182	node31	242	15714	10	17
22	183	node32	164	566	183	node32	621	38652	10	17
23	17	Cqua	108	386	17	Cqua	768	70698	10	17
1	10000001	root	7204	1882677	NA	NA	NA	NA	10	18
2	152	node1	2647	391089	NA	NA	NA	NA	10	18
3	154	node3	667	99502	154	node3	51	441	10	18
4	155	node4	515	51497	155	node4	20	120	10	18
5	156	node5	2349	135569	156	node5	14	94	10	18
6	157	node6	666	31539	157	node6	241	1947	10	18
7	158	node7	4311	138045	158	node7	42	325	10	18
8	159	node8	4313	71478	159	node8	472	11227	10	18
9	160	node9	212	2197	160	node9	4810	136631	10	18
10	161	node10	459	4811	161	node10	409	17110	10	18
11	162	node11	101	1876	162	node11	1256	29240	10	18
12	163	node12	172	2106	163	node12	360	10342	10	18
13	164	node13	720	11863	164	node13	600	25941	10	18
14	165	node14	370	3390	165	node14	1347	38830	10	18
15	166	node15	116	1621	166	node15	2128	57166	10	18
16	167	node16	382	3851	167	node16	419	8782	10	18
17	177	node26	70	433	177	node26	2631	90419	10	18
18	178	node27	38	380	178	node27	1111	64182	10	18
19	179	node28	573	4027	179	node28	511	43288	10	18
20	181	node30	651	2852	181	node30	535	22982	10	18
21	182	node31	361	1337	182	node31	242	15714	10	18
22	18	Hame	302	1924	18	Hame	1385	146414	10	18
1	10000001	root	7204	1882677	NA	NA	NA	NA	10	19
2	152	node1	2647	391089	NA	NA	NA	NA	10	19
3	154	node3	667	99502	154	node3	51	441	10	19
4	155	node4	515	51497	155	node4	20	120	10	19
5	156	node5	2349	135569	156	node5	14	94	10	19
6	157	node6	666	31539	157	node6	241	1947	10	19
7	158	node7	4311	138045	158	node7	42	325	10	19
8	159	node8	4313	71478	159	node8	472	11227	10	19
9	160	node9	212	2197	160	node9	4810	136631	10	19
10	161	node10	459	4811	161	node10	409	17110	10	19
11	162	node11	101	1876	162	node11	1256	29240	10	19
12	163	node12	172	2106	163	node12	360	10342	10	19
13	164	node13	720	11863	164	node13	600	25941	10	19
14	165	node14	370	3390	165	node14	1347	38830	10	19
15	166	node15	116	1621	166	node15	2128	57166	10	19
16	167	node16	382	3851	167	node16	419	8782	10	19
17	177	node26	70	433	177	node26	2631	90419	10	19
18	178	node27	38	380	178	node27	1111	64182	10	19
19	179	node28	573	4027	179	node28	511	43288	10	19
20	181	node30	651	2852	181	node30	535	22982	10	19
21	19	Pchi	234	872	19	Pchi	1302	101356	10	19
1	10000001	root	7204	1882677	NA	NA	NA	NA	10	20
2	152	node1	2647	391089	NA	NA	NA	NA	10	20
3	154	node3	667	99502	154	node3	51	441	10	20
4	155	node4	515	51497	155	node4	20	120	10	20
5	156	node5	2349	135569	156	node5	14	94	10	20
6	157	node6	666	31539	157	node6	241	1947	10	20
7	158	node7	4311	138045	158	node7	42	325	10	20
8	159	node8	4313	71478	159	node8	472	11227	10	20
9	160	node9	212	2197	160	node9	4810	136631	10	20
10	161	node10	459	4811	161	node10	409	17110	10	20
11	162	node11	101	1876	162	node11	1256	29240	10	20
12	163	node12	172	2106	163	node12	360	10342	10	20
13	164	node13	720	11863	164	node13	600	25941	10	20
14	165	node14	370	3390	165	node14	1347	38830	10	20
15	166	node15	116	1621	166	node15	2128	57166	10	20
16	167	node16	382	3851	167	node16	419	8782	10	20
17	177	node26	70	433	177	node26	2631	90419	10	20
18	184	node33	508	1763	184	node33	2689	220274	10	20
19	20	Eaff	1185	4162	20	Eaff	763	82063	10	20
1	10000001	root	7204	1882677	NA	NA	NA	NA	10	21
2	152	node1	2647	391089	NA	NA	NA	NA	10	21
3	154	node3	667	99502	154	node3	51	441	10	21
4	155	node4	515	51497	155	node4	20	120	10	21
5	156	node5	2349	135569	156	node5	14	94	10	21
6	157	node6	666	31539	157	node6	241	1947	10	21
7	158	node7	4311	138045	158	node7	42	325	10	21
8	159	node8	4313	71478	159	node8	472	11227	10	21
9	160	node9	212	2197	160	node9	4810	136631	10	21
10	161	node10	459	4811	161	node10	409	17110	10	21
11	162	node11	101	1876	162	node11	1256	29240	10	21
12	163	node12	172	2106	163	node12	360	10342	10	21
13	164	node13	720	11863	164	node13	600	25941	10	21
14	165	node14	370	3390	165	node14	1347	38830	10	21
15	166	node15	116	1621	166	node15	2128	57166	10	21
16	167	node16	382	3851	167	node16	419	8782	10	21
17	177	node26	70	433	177	node26	2631	90419	10	21
18	184	node33	508	1763	184	node33	2689	220274	10	21
19	21	Tcal	194	786	21	Tcal	1306	174326	10	21
1	10000001	root	7204	1882677	NA	NA	NA	NA	10	22
2	152	node1	2647	391089	NA	NA	NA	NA	10	22
3	154	node3	667	99502	154	node3	51	441	10	22
4	155	node4	515	51497	155	node4	20	120	10	22
5	156	node5	2349	135569	156	node5	14	94	10	22
6	157	node6	666	31539	157	node6	241	1947	10	22
7	158	node7	4311	138045	158	node7	42	325	10	22
8	159	node8	4313	71478	159	node8	472	11227	10	22
9	160	node9	212	2197	160	node9	4810	136631	10	22
10	161	node10	459	4811	161	node10	409	17110	10	22
11	162	node11	101	1876	162	node11	1256	29240	10	22
12	163	node12	172	2106	163	node12	360	10342	10	22
13	164	node13	720	11863	164	node13	600	25941	10	22
14	165	node14	370	3390	165	node14	1347	38830	10	22
15	166	node15	116	1621	166	node15	2128	57166	10	22
16	22	Dste	252	1483	22	Dste	6991	573671	10	22
1	10000001	root	7204	1882677	NA	NA	NA	NA	10	23
2	152	node1	2647	391089	NA	NA	NA	NA	10	23
3	154	node3	667	99502	154	node3	51	441	10	23
4	155	node4	515	51497	155	node4	20	120	10	23
5	156	node5	2349	135569	156	node5	14	94	10	23
6	157	node6	666	31539	157	node6	241	1947	10	23
7	158	node7	4311	138045	158	node7	42	325	10	23
8	159	node8	4313	71478	159	node8	472	11227	10	23
9	160	node9	212	2197	160	node9	4810	136631	10	23
10	161	node10	459	4811	161	node10	409	17110	10	23
11	162	node11	101	1876	162	node11	1256	29240	10	23
12	163	node12	172	2106	163	node12	360	10342	10	23
13	164	node13	720	11863	164	node13	600	25941	10	23
14	165	node14	370	3390	165	node14	1347	38830	10	23
15	185	node34	80	386	185	node34	4239	164801	10	23
16	186	node35	140	644	186	node35	2303	94720	10	23
17	23	Smar	203	998	23	Smar	2248	233084	10	23
1	10000001	root	7204	1882677	NA	NA	NA	NA	10	24
2	152	node1	2647	391089	NA	NA	NA	NA	10	24
3	154	node3	667	99502	154	node3	51	441	10	24
4	155	node4	515	51497	155	node4	20	120	10	24
5	156	node5	2349	135569	156	node5	14	94	10	24
6	157	node6	666	31539	157	node6	241	1947	10	24
7	158	node7	4311	138045	158	node7	42	325	10	24
8	159	node8	4313	71478	159	node8	472	11227	10	24
9	160	node9	212	2197	160	node9	4810	136631	10	24
10	161	node10	459	4811	161	node10	409	17110	10	24
11	162	node11	101	1876	162	node11	1256	29240	10	24
12	163	node12	172	2106	163	node12	360	10342	10	24
13	164	node13	720	11863	164	node13	600	25941	10	24
14	165	node14	370	3390	165	node14	1347	38830	10	24
15	185	node34	80	386	185	node34	4239	164801	10	24
16	186	node35	140	644	186	node35	2303	94720	10	24
17	24	Rimm	583	2455	24	Rimm	497	45513	10	24
1	10000001	root	7204	1882677	NA	NA	NA	NA	10	25
2	152	node1	2647	391089	NA	NA	NA	NA	10	25
3	154	node3	667	99502	154	node3	51	441	10	25
4	155	node4	515	51497	155	node4	20	120	10	25
5	156	node5	2349	135569	156	node5	14	94	10	25
6	157	node6	666	31539	157	node6	241	1947	10	25
7	158	node7	4311	138045	158	node7	42	325	10	25
8	159	node8	4313	71478	159	node8	472	11227	10	25
9	160	node9	212	2197	160	node9	4810	136631	10	25
10	161	node10	459	4811	161	node10	409	17110	10	25
11	162	node11	101	1876	162	node11	1256	29240	10	25
12	163	node12	172	2106	163	node12	360	10342	10	25
13	164	node13	720	11863	164	node13	600	25941	10	25
14	165	node14	370	3390	165	node14	1347	38830	10	25
15	185	node34	80	386	185	node34	4239	164801	10	25
16	187	node36	169	502	187	node36	1645	108485	10	25
17	25	Hhol	585	3276	25	Hhol	1459	117842	10	25
1	10000001	root	7204	1882677	NA	NA	NA	NA	10	26
2	152	node1	2647	391089	NA	NA	NA	NA	10	26
3	154	node3	667	99502	154	node3	51	441	10	26
4	155	node4	515	51497	155	node4	20	120	10	26
5	156	node5	2349	135569	156	node5	14	94	10	26
6	157	node6	666	31539	157	node6	241	1947	10	26
7	158	node7	4311	138045	158	node7	42	325	10	26
8	159	node8	4313	71478	159	node8	472	11227	10	26
9	160	node9	212	2197	160	node9	4810	136631	10	26
10	161	node10	459	4811	161	node10	409	17110	10	26
11	162	node11	101	1876	162	node11	1256	29240	10	26
12	163	node12	172	2106	163	node12	360	10342	10	26
13	164	node13	720	11863	164	node13	600	25941	10	26
14	165	node14	370	3390	165	node14	1347	38830	10	26
15	185	node34	80	386	185	node34	4239	164801	10	26
16	187	node36	169	502	187	node36	1645	108485	10	26
17	26	Gmae	356	1132	26	Gmae	1103	99505	10	26
1	10000001	root	7204	1882677	NA	NA	NA	NA	10	27
2	152	node1	2647	391089	NA	NA	NA	NA	10	27
3	154	node3	667	99502	154	node3	51	441	10	27
4	155	node4	515	51497	155	node4	20	120	10	27
5	156	node5	2349	135569	156	node5	14	94	10	27
6	157	node6	666	31539	157	node6	241	1947	10	27
7	158	node7	4311	138045	158	node7	42	325	10	27
8	159	node8	4313	71478	159	node8	472	11227	10	27
9	160	node9	212	2197	160	node9	4810	136631	10	27
10	161	node10	459	4811	161	node10	409	17110	10	27
11	162	node11	101	1876	162	node11	1256	29240	10	27
12	163	node12	172	2106	163	node12	360	10342	10	27
13	164	node13	720	11863	164	node13	600	25941	10	27
14	188	node37	12	61	188	node37	5292	188607	10	27
15	189	node38	144	957	189	node38	1178	39879	10	27
16	190	node39	45	349	190	node39	455	35802	10	27
17	191	node40	27	81	191	node40	1051	68940	10	27
18	27	Ptep	314	1341	27	Ptep	1157	117545	10	27
1	10000001	root	7204	1882677	NA	NA	NA	NA	10	28
2	152	node1	2647	391089	NA	NA	NA	NA	10	28
3	154	node3	667	99502	154	node3	51	441	10	28
4	155	node4	515	51497	155	node4	20	120	10	28
5	156	node5	2349	135569	156	node5	14	94	10	28
6	157	node6	666	31539	157	node6	241	1947	10	28
7	158	node7	4311	138045	158	node7	42	325	10	28
8	159	node8	4313	71478	159	node8	472	11227	10	28
9	160	node9	212	2197	160	node9	4810	136631	10	28
10	161	node10	459	4811	161	node10	409	17110	10	28
11	162	node11	101	1876	162	node11	1256	29240	10	28
12	163	node12	172	2106	163	node12	360	10342	10	28
13	164	node13	720	11863	164	node13	600	25941	10	28
14	188	node37	12	61	188	node37	5292	188607	10	28
15	189	node38	144	957	189	node38	1178	39879	10	28
16	190	node39	45	349	190	node39	455	35802	10	28
17	191	node40	27	81	191	node40	1051	68940	10	28
18	28	Cscu	331	2116	28	Cscu	771	62774	10	28
1	10000001	root	7204	1882677	NA	NA	NA	NA	10	29
2	152	node1	2647	391089	NA	NA	NA	NA	10	29
3	154	node3	667	99502	154	node3	51	441	10	29
4	155	node4	515	51497	155	node4	20	120	10	29
5	156	node5	2349	135569	156	node5	14	94	10	29
6	157	node6	666	31539	157	node6	241	1947	10	29
7	158	node7	4311	138045	158	node7	42	325	10	29
8	159	node8	4313	71478	159	node8	472	11227	10	29
9	160	node9	212	2197	160	node9	4810	136631	10	29
10	161	node10	459	4811	161	node10	409	17110	10	29
11	162	node11	101	1876	162	node11	1256	29240	10	29
12	163	node12	172	2106	163	node12	360	10342	10	29
13	164	node13	720	11863	164	node13	600	25941	10	29
14	188	node37	12	61	188	node37	5292	188607	10	29
15	189	node38	144	957	189	node38	1178	39879	10	29
16	190	node39	45	349	190	node39	455	35802	10	29
17	192	node41	13	97	192	node41	1470	93699	10	29
18	193	node42	4	15	193	node42	632	64304	10	29
19	29	Dpte	184	929	29	Dpte	1938	336917	10	29
1	10000001	root	7204	1882677	NA	NA	NA	NA	10	30
2	152	node1	2647	391089	NA	NA	NA	NA	10	30
3	154	node3	667	99502	154	node3	51	441	10	30
4	155	node4	515	51497	155	node4	20	120	10	30
5	156	node5	2349	135569	156	node5	14	94	10	30
6	157	node6	666	31539	157	node6	241	1947	10	30
7	158	node7	4311	138045	158	node7	42	325	10	30
8	159	node8	4313	71478	159	node8	472	11227	10	30
9	160	node9	212	2197	160	node9	4810	136631	10	30
10	161	node10	459	4811	161	node10	409	17110	10	30
11	162	node11	101	1876	162	node11	1256	29240	10	30
12	163	node12	172	2106	163	node12	360	10342	10	30
13	164	node13	720	11863	164	node13	600	25941	10	30
14	188	node37	12	61	188	node37	5292	188607	10	30
15	189	node38	144	957	189	node38	1178	39879	10	30
16	190	node39	45	349	190	node39	455	35802	10	30
17	192	node41	13	97	192	node41	1470	93699	10	30
18	193	node42	4	15	193	node42	632	64304	10	30
19	30	Dsil	833	4400	30	Dsil	372	58460	10	30
1	10000001	root	7204	1882677	NA	NA	NA	NA	10	31
2	152	node1	2647	391089	NA	NA	NA	NA	10	31
3	154	node3	667	99502	154	node3	51	441	10	31
4	155	node4	515	51497	155	node4	20	120	10	31
5	156	node5	2349	135569	156	node5	14	94	10	31
6	157	node6	666	31539	157	node6	241	1947	10	31
7	158	node7	4311	138045	158	node7	42	325	10	31
8	159	node8	4313	71478	159	node8	472	11227	10	31
9	160	node9	212	2197	160	node9	4810	136631	10	31
10	161	node10	459	4811	161	node10	409	17110	10	31
11	162	node11	101	1876	162	node11	1256	29240	10	31
12	163	node12	172	2106	163	node12	360	10342	10	31
13	164	node13	720	11863	164	node13	600	25941	10	31
14	188	node37	12	61	188	node37	5292	188607	10	31
15	189	node38	144	957	189	node38	1178	39879	10	31
16	190	node39	45	349	190	node39	455	35802	10	31
17	192	node41	13	97	192	node41	1470	93699	10	31
18	31	Popi	288	1995	31	Popi	2328	392807	10	31
1	10000001	root	7204	1882677	NA	NA	NA	NA	10	32
2	152	node1	2647	391089	NA	NA	NA	NA	10	32
3	154	node3	667	99502	154	node3	51	441	10	32
4	155	node4	515	51497	155	node4	20	120	10	32
5	156	node5	2349	135569	156	node5	14	94	10	32
6	157	node6	666	31539	157	node6	241	1947	10	32
7	158	node7	4311	138045	158	node7	42	325	10	32
8	159	node8	4313	71478	159	node8	472	11227	10	32
9	160	node9	212	2197	160	node9	4810	136631	10	32
10	161	node10	459	4811	161	node10	409	17110	10	32
11	162	node11	101	1876	162	node11	1256	29240	10	32
12	163	node12	172	2106	163	node12	360	10342	10	32
13	164	node13	720	11863	164	node13	600	25941	10	32
14	188	node37	12	61	188	node37	5292	188607	10	32
15	189	node38	144	957	189	node38	1178	39879	10	32
16	32	Lpol	157	432	32	Lpol	2247	148484	10	32
1	10000001	root	7204	1882677	NA	NA	NA	NA	10	33
2	152	node1	2647	391089	NA	NA	NA	NA	10	33
3	154	node3	667	99502	154	node3	51	441	10	33
4	155	node4	515	51497	155	node4	20	120	10	33
5	156	node5	2349	135569	156	node5	14	94	10	33
6	157	node6	666	31539	157	node6	241	1947	10	33
7	158	node7	4311	138045	158	node7	42	325	10	33
8	159	node8	4313	71478	159	node8	472	11227	10	33
9	160	node9	212	2197	160	node9	4810	136631	10	33
10	161	node10	459	4811	161	node10	409	17110	10	33
11	162	node11	101	1876	162	node11	1256	29240	10	33
12	163	node12	172	2106	163	node12	360	10342	10	33
13	164	node13	720	11863	164	node13	600	25941	10	33
14	188	node37	12	61	188	node37	5292	188607	10	33
15	33	Nstr	264	979	33	Nstr	4769	576238	10	33
1	10000001	root	7204	1882677	NA	NA	NA	NA	10	34
2	152	node1	2647	391089	NA	NA	NA	NA	10	34
3	154	node3	667	99502	154	node3	51	441	10	34
4	155	node4	515	51497	155	node4	20	120	10	34
5	156	node5	2349	135569	156	node5	14	94	10	34
6	157	node6	666	31539	157	node6	241	1947	10	34
7	158	node7	4311	138045	158	node7	42	325	10	34
8	159	node8	4313	71478	159	node8	472	11227	10	34
9	160	node9	212	2197	160	node9	4810	136631	10	34
10	161	node10	459	4811	161	node10	409	17110	10	34
11	162	node11	101	1876	162	node11	1256	29240	10	34
12	163	node12	172	2106	163	node12	360	10342	10	34
13	34	Ebro	1409	21756	34	Ebro	8004	370615	10	34
1	10000001	root	7204	1882677	NA	NA	NA	NA	10	35
2	152	node1	2647	391089	NA	NA	NA	NA	10	35
3	154	node3	667	99502	154	node3	51	441	10	35
4	155	node4	515	51497	155	node4	20	120	10	35
5	156	node5	2349	135569	156	node5	14	94	10	35
6	157	node6	666	31539	157	node6	241	1947	10	35
7	158	node7	4311	138045	158	node7	42	325	10	35
8	159	node8	4313	71478	159	node8	472	11227	10	35
9	160	node9	212	2197	160	node9	4810	136631	10	35
10	161	node10	459	4811	161	node10	409	17110	10	35
11	162	node11	101	1876	162	node11	1256	29240	10	35
12	194	node43	1246	4119	194	node43	10106	680821	10	35
13	35	Hexe	369	1396	35	Hexe	1172	228599	10	35
1	10000001	root	7204	1882677	NA	NA	NA	NA	10	36
2	152	node1	2647	391089	NA	NA	NA	NA	10	36
3	154	node3	667	99502	154	node3	51	441	10	36
4	155	node4	515	51497	155	node4	20	120	10	36
5	156	node5	2349	135569	156	node5	14	94	10	36
6	157	node6	666	31539	157	node6	241	1947	10	36
7	158	node7	4311	138045	158	node7	42	325	10	36
8	159	node8	4313	71478	159	node8	472	11227	10	36
9	160	node9	212	2197	160	node9	4810	136631	10	36
10	161	node10	459	4811	161	node10	409	17110	10	36
11	162	node11	101	1876	162	node11	1256	29240	10	36
12	194	node43	1246	4119	194	node43	10106	680821	10	36
13	36	Rvar	811	3065	36	Rvar	350	41876	10	36
1	10000001	root	7204	1882677	NA	NA	NA	NA	10	37
2	152	node1	2647	391089	NA	NA	NA	NA	10	37
3	154	node3	667	99502	154	node3	51	441	10	37
4	155	node4	515	51497	155	node4	20	120	10	37
5	156	node5	2349	135569	156	node5	14	94	10	37
6	157	node6	666	31539	157	node6	241	1947	10	37
7	158	node7	4311	138045	158	node7	42	325	10	37
8	159	node8	4313	71478	159	node8	472	11227	10	37
9	160	node9	212	2197	160	node9	4810	136631	10	37
10	161	node10	459	4811	161	node10	409	17110	10	37
11	195	node44	2762	26561	195	node44	8918	499452	10	37
12	196	node45	187	1081	196	node45	1062	51502	10	37
13	197	node46	21	112	197	node46	1439	172761	10	37
14	37	Hali	117	416	37	Hali	2649	300440	10	37
1	10000001	root	7204	1882677	NA	NA	NA	NA	10	38
2	152	node1	2647	391089	NA	NA	NA	NA	10	38
3	154	node3	667	99502	154	node3	51	441	10	38
4	155	node4	515	51497	155	node4	20	120	10	38
5	156	node5	2349	135569	156	node5	14	94	10	38
6	157	node6	666	31539	157	node6	241	1947	10	38
7	158	node7	4311	138045	158	node7	42	325	10	38
8	159	node8	4313	71478	159	node8	472	11227	10	38
9	160	node9	212	2197	160	node9	4810	136631	10	38
10	161	node10	459	4811	161	node10	409	17110	10	38
11	195	node44	2762	26561	195	node44	8918	499452	10	38
12	196	node45	187	1081	196	node45	1062	51502	10	38
13	197	node46	21	112	197	node46	1439	172761	10	38
14	198	node47	355	1924	198	node47	947	22939	10	38
15	199	node48	424	1703	199	node48	501	38367	10	38
16	38	Cele	707	4079	38	Cele	710	61639	10	38
1	10000001	root	7204	1882677	NA	NA	NA	NA	10	39
2	152	node1	2647	391089	NA	NA	NA	NA	10	39
3	154	node3	667	99502	154	node3	51	441	10	39
4	155	node4	515	51497	155	node4	20	120	10	39
5	156	node5	2349	135569	156	node5	14	94	10	39
6	157	node6	666	31539	157	node6	241	1947	10	39
7	158	node7	4311	138045	158	node7	42	325	10	39
8	159	node8	4313	71478	159	node8	472	11227	10	39
9	160	node9	212	2197	160	node9	4810	136631	10	39
10	161	node10	459	4811	161	node10	409	17110	10	39
11	195	node44	2762	26561	195	node44	8918	499452	10	39
12	196	node45	187	1081	196	node45	1062	51502	10	39
13	197	node46	21	112	197	node46	1439	172761	10	39
14	198	node47	355	1924	198	node47	947	22939	10	39
15	199	node48	424	1703	199	node48	501	38367	10	39
16	39	Dcor	2150	6954	39	Dcor	629	63098	10	39
1	10000001	root	7204	1882677	NA	NA	NA	NA	10	40
2	152	node1	2647	391089	NA	NA	NA	NA	10	40
3	154	node3	667	99502	154	node3	51	441	10	40
4	155	node4	515	51497	155	node4	20	120	10	40
5	156	node5	2349	135569	156	node5	14	94	10	40
6	157	node6	666	31539	157	node6	241	1947	10	40
7	158	node7	4311	138045	158	node7	42	325	10	40
8	159	node8	4313	71478	159	node8	472	11227	10	40
9	160	node9	212	2197	160	node9	4810	136631	10	40
10	161	node10	459	4811	161	node10	409	17110	10	40
11	195	node44	2762	26561	195	node44	8918	499452	10	40
12	196	node45	187	1081	196	node45	1062	51502	10	40
13	197	node46	21	112	197	node46	1439	172761	10	40
14	198	node47	355	1924	198	node47	947	22939	10	40
15	40	Ppac	1227	7225	40	Ppac	1811	209864	10	40
1	10000001	root	7204	1882677	NA	NA	NA	NA	10	41
2	152	node1	2647	391089	NA	NA	NA	NA	10	41
3	154	node3	667	99502	154	node3	51	441	10	41
4	155	node4	515	51497	155	node4	20	120	10	41
5	156	node5	2349	135569	156	node5	14	94	10	41
6	157	node6	666	31539	157	node6	241	1947	10	41
7	158	node7	4311	138045	158	node7	42	325	10	41
8	159	node8	4313	71478	159	node8	472	11227	10	41
9	160	node9	212	2197	160	node9	4810	136631	10	41
10	161	node10	459	4811	161	node10	409	17110	10	41
11	195	node44	2762	26561	195	node44	8918	499452	10	41
12	196	node45	187	1081	196	node45	1062	51502	10	41
13	41	Psam	2090	7523	41	Psam	2264	63124	10	41
1	10000001	root	7204	1882677	NA	NA	NA	NA	10	42
2	152	node1	2647	391089	NA	NA	NA	NA	10	42
3	154	node3	667	99502	154	node3	51	441	10	42
4	155	node4	515	51497	155	node4	20	120	10	42
5	156	node5	2349	135569	156	node5	14	94	10	42
6	157	node6	666	31539	157	node6	241	1947	10	42
7	158	node7	4311	138045	158	node7	42	325	10	42
8	159	node8	4313	71478	159	node8	472	11227	10	42
9	160	node9	212	2197	160	node9	4810	136631	10	42
10	161	node10	459	4811	161	node10	409	17110	10	42
11	195	node44	2762	26561	195	node44	8918	499452	10	42
12	200	node49	63	311	200	node49	1765	202748	10	42
13	201	node50	221	1159	201	node50	253	21365	10	42
14	42	Anan	1820	6738	42	Anan	1663	88669	10	42
1	10000001	root	7204	1882677	NA	NA	NA	NA	10	43
2	152	node1	2647	391089	NA	NA	NA	NA	10	43
3	154	node3	667	99502	154	node3	51	441	10	43
4	155	node4	515	51497	155	node4	20	120	10	43
5	156	node5	2349	135569	156	node5	14	94	10	43
6	157	node6	666	31539	157	node6	241	1947	10	43
7	158	node7	4311	138045	158	node7	42	325	10	43
8	159	node8	4313	71478	159	node8	472	11227	10	43
9	160	node9	212	2197	160	node9	4810	136631	10	43
10	161	node10	459	4811	161	node10	409	17110	10	43
11	195	node44	2762	26561	195	node44	8918	499452	10	43
12	200	node49	63	311	200	node49	1765	202748	10	43
13	201	node50	221	1159	201	node50	253	21365	10	43
14	202	node51	371	1778	202	node51	1164	92054	10	43
15	43	Pred	1032	5660	43	Pred	958	55505	10	43
1	10000001	root	7204	1882677	NA	NA	NA	NA	10	44
2	152	node1	2647	391089	NA	NA	NA	NA	10	44
3	154	node3	667	99502	154	node3	51	441	10	44
4	155	node4	515	51497	155	node4	20	120	10	44
5	156	node5	2349	135569	156	node5	14	94	10	44
6	157	node6	666	31539	157	node6	241	1947	10	44
7	158	node7	4311	138045	158	node7	42	325	10	44
8	159	node8	4313	71478	159	node8	472	11227	10	44
9	160	node9	212	2197	160	node9	4810	136631	10	44
10	161	node10	459	4811	161	node10	409	17110	10	44
11	195	node44	2762	26561	195	node44	8918	499452	10	44
12	200	node49	63	311	200	node49	1765	202748	10	44
13	201	node50	221	1159	201	node50	253	21365	10	44
14	202	node51	371	1778	202	node51	1164	92054	10	44
15	44	Pdav	1244	6835	44	Pdav	2604	341282	10	44
1	10000001	root	7204	1882677	NA	NA	NA	NA	10	45
2	152	node1	2647	391089	NA	NA	NA	NA	10	45
3	154	node3	667	99502	154	node3	51	441	10	45
4	155	node4	515	51497	155	node4	20	120	10	45
5	156	node5	2349	135569	156	node5	14	94	10	45
6	157	node6	666	31539	157	node6	241	1947	10	45
7	158	node7	4311	138045	158	node7	42	325	10	45
8	159	node8	4313	71478	159	node8	472	11227	10	45
9	160	node9	212	2197	160	node9	4810	136631	10	45
10	161	node10	459	4811	161	node10	409	17110	10	45
11	195	node44	2762	26561	195	node44	8918	499452	10	45
12	200	node49	63	311	200	node49	1765	202748	10	45
13	45	Rhab	389	1751	45	Rhab	3681	277962	10	45
1	10000001	root	7204	1882677	NA	NA	NA	NA	10	46
2	152	node1	2647	391089	NA	NA	NA	NA	10	46
3	154	node3	667	99502	154	node3	51	441	10	46
4	155	node4	515	51497	155	node4	20	120	10	46
5	156	node5	2349	135569	156	node5	14	94	10	46
6	157	node6	666	31539	157	node6	241	1947	10	46
7	158	node7	4311	138045	158	node7	42	325	10	46
8	159	node8	4313	71478	159	node8	472	11227	10	46
9	160	node9	212	2197	160	node9	4810	136631	10	46
10	203	node52	76	227	203	node52	8912	334165	10	46
11	46	Tuco	34	131	46	Tuco	1421	218728	10	46
1	10000001	root	7204	1882677	NA	NA	NA	NA	10	47
2	152	node1	2647	391089	NA	NA	NA	NA	10	47
3	154	node3	667	99502	154	node3	51	441	10	47
4	155	node4	515	51497	155	node4	20	120	10	47
5	156	node5	2349	135569	156	node5	14	94	10	47
6	157	node6	666	31539	157	node6	241	1947	10	47
7	158	node7	4311	138045	158	node7	42	325	10	47
8	159	node8	4313	71478	159	node8	472	11227	10	47
9	160	node9	212	2197	160	node9	4810	136631	10	47
10	203	node52	76	227	203	node52	8912	334165	10	47
11	47	Pcau	96	283	47	Pcau	1037	97484	10	47
1	10000001	root	7204	1882677	NA	NA	NA	NA	10	48
2	152	node1	2647	391089	NA	NA	NA	NA	10	48
3	154	node3	667	99502	154	node3	51	441	10	48
4	155	node4	515	51497	155	node4	20	120	10	48
5	156	node5	2349	135569	156	node5	14	94	10	48
6	157	node6	666	31539	157	node6	241	1947	10	48
7	158	node7	4311	138045	158	node7	42	325	10	48
8	159	node8	4313	71478	159	node8	472	11227	10	48
9	204	node53	525	9336	204	node53	1894	35028	10	48
10	205	node54	397	7840	205	node54	1673	33405	10	48
11	206	node55	685	10365	206	node55	797	14803	10	48
12	207	node56	939	10622	207	node56	648	12093	10	48
13	208	node57	63	538	208	node57	4426	111114	10	48
14	209	node58	347	2908	209	node58	768	19580	10	48
15	210	node59	76	547	210	node59	1013	41342	10	48
16	211	node60	233	1609	211	node60	287	10914	10	48
17	212	node61	615	2559	212	node61	3689	164016	10	48
18	48	Pech	527	3107	48	Pech	2131	189296	10	48
1	10000001	root	7204	1882677	NA	NA	NA	NA	10	49
2	152	node1	2647	391089	NA	NA	NA	NA	10	49
3	154	node3	667	99502	154	node3	51	441	10	49
4	155	node4	515	51497	155	node4	20	120	10	49
5	156	node5	2349	135569	156	node5	14	94	10	49
6	157	node6	666	31539	157	node6	241	1947	10	49
7	158	node7	4311	138045	158	node7	42	325	10	49
8	159	node8	4313	71478	159	node8	472	11227	10	49
9	204	node53	525	9336	204	node53	1894	35028	10	49
10	205	node54	397	7840	205	node54	1673	33405	10	49
11	206	node55	685	10365	206	node55	797	14803	10	49
12	207	node56	939	10622	207	node56	648	12093	10	49
13	208	node57	63	538	208	node57	4426	111114	10	49
14	209	node58	347	2908	209	node58	768	19580	10	49
15	210	node59	76	547	210	node59	1013	41342	10	49
16	211	node60	233	1609	211	node60	287	10914	10	49
17	212	node61	615	2559	212	node61	3689	164016	10	49
18	49	Lluy	849	3130	49	Lluy	412	29481	10	49
1	10000001	root	7204	1882677	NA	NA	NA	NA	10	50
2	152	node1	2647	391089	NA	NA	NA	NA	10	50
3	154	node3	667	99502	154	node3	51	441	10	50
4	155	node4	515	51497	155	node4	20	120	10	50
5	156	node5	2349	135569	156	node5	14	94	10	50
6	157	node6	666	31539	157	node6	241	1947	10	50
7	158	node7	4311	138045	158	node7	42	325	10	50
8	159	node8	4313	71478	159	node8	472	11227	10	50
9	204	node53	525	9336	204	node53	1894	35028	10	50
10	205	node54	397	7840	205	node54	1673	33405	10	50
11	206	node55	685	10365	206	node55	797	14803	10	50
12	207	node56	939	10622	207	node56	648	12093	10	50
13	208	node57	63	538	208	node57	4426	111114	10	50
14	209	node58	347	2908	209	node58	768	19580	10	50
15	210	node59	76	547	210	node59	1013	41342	10	50
16	211	node60	233	1609	211	node60	287	10914	10	50
17	213	node62	110	726	213	node62	1299	38283	10	50
18	50	Ctel	641	3692	50	Ctel	2660	131273	10	50
1	10000001	root	7204	1882677	NA	NA	NA	NA	10	51
2	152	node1	2647	391089	NA	NA	NA	NA	10	51
3	154	node3	667	99502	154	node3	51	441	10	51
4	155	node4	515	51497	155	node4	20	120	10	51
5	156	node5	2349	135569	156	node5	14	94	10	51
6	157	node6	666	31539	157	node6	241	1947	10	51
7	158	node7	4311	138045	158	node7	42	325	10	51
8	159	node8	4313	71478	159	node8	472	11227	10	51
9	204	node53	525	9336	204	node53	1894	35028	10	51
10	205	node54	397	7840	205	node54	1673	33405	10	51
11	206	node55	685	10365	206	node55	797	14803	10	51
12	207	node56	939	10622	207	node56	648	12093	10	51
13	208	node57	63	538	208	node57	4426	111114	10	51
14	209	node58	347	2908	209	node58	768	19580	10	51
15	210	node59	76	547	210	node59	1013	41342	10	51
16	211	node60	233	1609	211	node60	287	10914	10	51
17	213	node62	110	726	213	node62	1299	38283	10	51
18	214	node63	257	1754	214	node63	1906	105163	10	51
19	215	node64	934	3626	215	node64	1214	51551	10	51
20	51	Eand	410	2317	51	Eand	1353	106763	10	51
1	10000001	root	7204	1882677	NA	NA	NA	NA	10	52
2	152	node1	2647	391089	NA	NA	NA	NA	10	52
3	154	node3	667	99502	154	node3	51	441	10	52
4	155	node4	515	51497	155	node4	20	120	10	52
5	156	node5	2349	135569	156	node5	14	94	10	52
6	157	node6	666	31539	157	node6	241	1947	10	52
7	158	node7	4311	138045	158	node7	42	325	10	52
8	159	node8	4313	71478	159	node8	472	11227	10	52
9	204	node53	525	9336	204	node53	1894	35028	10	52
10	205	node54	397	7840	205	node54	1673	33405	10	52
11	206	node55	685	10365	206	node55	797	14803	10	52
12	207	node56	939	10622	207	node56	648	12093	10	52
13	208	node57	63	538	208	node57	4426	111114	10	52
14	209	node58	347	2908	209	node58	768	19580	10	52
15	210	node59	76	547	210	node59	1013	41342	10	52
16	211	node60	233	1609	211	node60	287	10914	10	52
17	213	node62	110	726	213	node62	1299	38283	10	52
18	214	node63	257	1754	214	node63	1906	105163	10	52
19	215	node64	934	3626	215	node64	1214	51551	10	52
20	52	Mvul	1083	4754	52	Mvul	744	79703	10	52
1	10000001	root	7204	1882677	NA	NA	NA	NA	10	53
2	152	node1	2647	391089	NA	NA	NA	NA	10	53
3	154	node3	667	99502	154	node3	51	441	10	53
4	155	node4	515	51497	155	node4	20	120	10	53
5	156	node5	2349	135569	156	node5	14	94	10	53
6	157	node6	666	31539	157	node6	241	1947	10	53
7	158	node7	4311	138045	158	node7	42	325	10	53
8	159	node8	4313	71478	159	node8	472	11227	10	53
9	204	node53	525	9336	204	node53	1894	35028	10	53
10	205	node54	397	7840	205	node54	1673	33405	10	53
11	206	node55	685	10365	206	node55	797	14803	10	53
12	207	node56	939	10622	207	node56	648	12093	10	53
13	208	node57	63	538	208	node57	4426	111114	10	53
14	209	node58	347	2908	209	node58	768	19580	10	53
15	210	node59	76	547	210	node59	1013	41342	10	53
16	211	node60	233	1609	211	node60	287	10914	10	53
17	213	node62	110	726	213	node62	1299	38283	10	53
18	214	node63	257	1754	214	node63	1906	105163	10	53
19	216	node65	415	1798	216	node65	2381	203100	10	53
20	217	node66	567	1549	217	node66	873	105206	10	53
21	53	Hman	153	557	53	Hman	548	71426	10	53
1	10000001	root	7204	1882677	NA	NA	NA	NA	10	54
2	152	node1	2647	391089	NA	NA	NA	NA	10	54
3	154	node3	667	99502	154	node3	51	441	10	54
4	155	node4	515	51497	155	node4	20	120	10	54
5	156	node5	2349	135569	156	node5	14	94	10	54
6	157	node6	666	31539	157	node6	241	1947	10	54
7	158	node7	4311	138045	158	node7	42	325	10	54
8	159	node8	4313	71478	159	node8	472	11227	10	54
9	204	node53	525	9336	204	node53	1894	35028	10	54
10	205	node54	397	7840	205	node54	1673	33405	10	54
11	206	node55	685	10365	206	node55	797	14803	10	54
12	207	node56	939	10622	207	node56	648	12093	10	54
13	208	node57	63	538	208	node57	4426	111114	10	54
14	209	node58	347	2908	209	node58	768	19580	10	54
15	210	node59	76	547	210	node59	1013	41342	10	54
16	211	node60	233	1609	211	node60	287	10914	10	54
17	213	node62	110	726	213	node62	1299	38283	10	54
18	214	node63	257	1754	214	node63	1906	105163	10	54
19	216	node65	415	1798	216	node65	2381	203100	10	54
20	217	node66	567	1549	217	node66	873	105206	10	54
21	54	Hmed	113	267	54	Hmed	1605	184768	10	54
1	10000001	root	7204	1882677	NA	NA	NA	NA	10	55
2	152	node1	2647	391089	NA	NA	NA	NA	10	55
3	154	node3	667	99502	154	node3	51	441	10	55
4	155	node4	515	51497	155	node4	20	120	10	55
5	156	node5	2349	135569	156	node5	14	94	10	55
6	157	node6	666	31539	157	node6	241	1947	10	55
7	158	node7	4311	138045	158	node7	42	325	10	55
8	159	node8	4313	71478	159	node8	472	11227	10	55
9	204	node53	525	9336	204	node53	1894	35028	10	55
10	205	node54	397	7840	205	node54	1673	33405	10	55
11	206	node55	685	10365	206	node55	797	14803	10	55
12	207	node56	939	10622	207	node56	648	12093	10	55
13	208	node57	63	538	208	node57	4426	111114	10	55
14	209	node58	347	2908	209	node58	768	19580	10	55
15	210	node59	76	547	210	node59	1013	41342	10	55
16	211	node60	233	1609	211	node60	287	10914	10	55
17	213	node62	110	726	213	node62	1299	38283	10	55
18	214	node63	257	1754	214	node63	1906	105163	10	55
19	216	node65	415	1798	216	node65	2381	203100	10	55
20	55	Hrob	261	1500	55	Hrob	1263	114494	10	55
1	10000001	root	7204	1882677	NA	NA	NA	NA	10	56
2	152	node1	2647	391089	NA	NA	NA	NA	10	56
3	154	node3	667	99502	154	node3	51	441	10	56
4	155	node4	515	51497	155	node4	20	120	10	56
5	156	node5	2349	135569	156	node5	14	94	10	56
6	157	node6	666	31539	157	node6	241	1947	10	56
7	158	node7	4311	138045	158	node7	42	325	10	56
8	159	node8	4313	71478	159	node8	472	11227	10	56
9	204	node53	525	9336	204	node53	1894	35028	10	56
10	205	node54	397	7840	205	node54	1673	33405	10	56
11	206	node55	685	10365	206	node55	797	14803	10	56
12	207	node56	939	10622	207	node56	648	12093	10	56
13	208	node57	63	538	208	node57	4426	111114	10	56
14	209	node58	347	2908	209	node58	768	19580	10	56
15	210	node59	76	547	210	node59	1013	41342	10	56
16	56	Dgyr	182	796	56	Dgyr	6521	465723	10	56
1	10000001	root	7204	1882677	NA	NA	NA	NA	10	57
2	152	node1	2647	391089	NA	NA	NA	NA	10	57
3	154	node3	667	99502	154	node3	51	441	10	57
4	155	node4	515	51497	155	node4	20	120	10	57
5	156	node5	2349	135569	156	node5	14	94	10	57
6	157	node6	666	31539	157	node6	241	1947	10	57
7	158	node7	4311	138045	158	node7	42	325	10	57
8	159	node8	4313	71478	159	node8	472	11227	10	57
9	204	node53	525	9336	204	node53	1894	35028	10	57
10	205	node54	397	7840	205	node54	1673	33405	10	57
11	206	node55	685	10365	206	node55	797	14803	10	57
12	207	node56	939	10622	207	node56	648	12093	10	57
13	208	node57	63	538	208	node57	4426	111114	10	57
14	209	node58	347	2908	209	node58	768	19580	10	57
15	57	Pesc	708	3084	57	Pesc	4504	160875	10	57
1	10000001	root	7204	1882677	NA	NA	NA	NA	10	58
2	152	node1	2647	391089	NA	NA	NA	NA	10	58
3	154	node3	667	99502	154	node3	51	441	10	58
4	155	node4	515	51497	155	node4	20	120	10	58
5	156	node5	2349	135569	156	node5	14	94	10	58
6	157	node6	666	31539	157	node6	241	1947	10	58
7	158	node7	4311	138045	158	node7	42	325	10	58
8	159	node8	4313	71478	159	node8	472	11227	10	58
9	204	node53	525	9336	204	node53	1894	35028	10	58
10	205	node54	397	7840	205	node54	1673	33405	10	58
11	206	node55	685	10365	206	node55	797	14803	10	58
12	207	node56	939	10622	207	node56	648	12093	10	58
13	208	node57	63	538	208	node57	4426	111114	10	58
14	58	Llon	724	2574	58	Llon	6054	227293	10	58
1	10000001	root	7204	1882677	NA	NA	NA	NA	10	59
2	152	node1	2647	391089	NA	NA	NA	NA	10	59
3	154	node3	667	99502	154	node3	51	441	10	59
4	155	node4	515	51497	155	node4	20	120	10	59
5	156	node5	2349	135569	156	node5	14	94	10	59
6	157	node6	666	31539	157	node6	241	1947	10	59
7	158	node7	4311	138045	158	node7	42	325	10	59
8	159	node8	4313	71478	159	node8	472	11227	10	59
9	204	node53	525	9336	204	node53	1894	35028	10	59
10	205	node54	397	7840	205	node54	1673	33405	10	59
11	206	node55	685	10365	206	node55	797	14803	10	59
12	207	node56	939	10622	207	node56	648	12093	10	59
13	218	node67	636	7318	218	node67	3428	70203	10	59
14	219	node68	139	1517	219	node68	1178	22924	10	59
15	220	node69	483	5801	220	node69	541	17794	10	59
16	221	node70	347	2756	221	node70	1764	44168	10	59
17	222	node71	194	1363	222	node71	638	17535	10	59
18	223	node72	112	950	223	node72	2266	94412	10	59
19	59	Mcor	408	2402	59	Mcor	2386	129253	10	59
1	10000001	root	7204	1882677	NA	NA	NA	NA	10	60
2	152	node1	2647	391089	NA	NA	NA	NA	10	60
3	154	node3	667	99502	154	node3	51	441	10	60
4	155	node4	515	51497	155	node4	20	120	10	60
5	156	node5	2349	135569	156	node5	14	94	10	60
6	157	node6	666	31539	157	node6	241	1947	10	60
7	158	node7	4311	138045	158	node7	42	325	10	60
8	159	node8	4313	71478	159	node8	472	11227	10	60
9	204	node53	525	9336	204	node53	1894	35028	10	60
10	205	node54	397	7840	205	node54	1673	33405	10	60
11	206	node55	685	10365	206	node55	797	14803	10	60
12	207	node56	939	10622	207	node56	648	12093	10	60
13	218	node67	636	7318	218	node67	3428	70203	10	60
14	219	node68	139	1517	219	node68	1178	22924	10	60
15	220	node69	483	5801	220	node69	541	17794	10	60
16	221	node70	347	2756	221	node70	1764	44168	10	60
17	222	node71	194	1363	222	node71	638	17535	10	60
18	223	node72	112	950	223	node72	2266	94412	10	60
19	224	node73	647	4213	224	node73	691	35854	10	60
20	225	node74	233	1338	225	node74	264	12312	10	60
21	226	node75	104	773	226	node75	703	41656	10	60
22	227	node76	277	1162	227	node76	563	34316	10	60
23	60	Aful	133	538	60	Aful	1597	119789	10	60
1	10000001	root	7204	1882677	NA	NA	NA	NA	10	61
2	152	node1	2647	391089	NA	NA	NA	NA	10	61
3	154	node3	667	99502	154	node3	51	441	10	61
4	155	node4	515	51497	155	node4	20	120	10	61
5	156	node5	2349	135569	156	node5	14	94	10	61
6	157	node6	666	31539	157	node6	241	1947	10	61
7	158	node7	4311	138045	158	node7	42	325	10	61
8	159	node8	4313	71478	159	node8	472	11227	10	61
9	204	node53	525	9336	204	node53	1894	35028	10	61
10	205	node54	397	7840	205	node54	1673	33405	10	61
11	206	node55	685	10365	206	node55	797	14803	10	61
12	207	node56	939	10622	207	node56	648	12093	10	61
13	218	node67	636	7318	218	node67	3428	70203	10	61
14	219	node68	139	1517	219	node68	1178	22924	10	61
15	220	node69	483	5801	220	node69	541	17794	10	61
16	221	node70	347	2756	221	node70	1764	44168	10	61
17	222	node71	194	1363	222	node71	638	17535	10	61
18	223	node72	112	950	223	node72	2266	94412	10	61
19	224	node73	647	4213	224	node73	691	35854	10	61
20	225	node74	233	1338	225	node74	264	12312	10	61
21	226	node75	104	773	226	node75	703	41656	10	61
22	227	node76	277	1162	227	node76	563	34316	10	61
23	228	node77	165	512	228	node77	423	23934	10	61
24	61	Cuni	41	129	61	Cuni	1106	68572	10	61
1	10000001	root	7204	1882677	NA	NA	NA	NA	10	62
2	152	node1	2647	391089	NA	NA	NA	NA	10	62
3	154	node3	667	99502	154	node3	51	441	10	62
4	155	node4	515	51497	155	node4	20	120	10	62
5	156	node5	2349	135569	156	node5	14	94	10	62
6	157	node6	666	31539	157	node6	241	1947	10	62
7	158	node7	4311	138045	158	node7	42	325	10	62
8	159	node8	4313	71478	159	node8	472	11227	10	62
9	204	node53	525	9336	204	node53	1894	35028	10	62
10	205	node54	397	7840	205	node54	1673	33405	10	62
11	206	node55	685	10365	206	node55	797	14803	10	62
12	207	node56	939	10622	207	node56	648	12093	10	62
13	218	node67	636	7318	218	node67	3428	70203	10	62
14	219	node68	139	1517	219	node68	1178	22924	10	62
15	220	node69	483	5801	220	node69	541	17794	10	62
16	221	node70	347	2756	221	node70	1764	44168	10	62
17	222	node71	194	1363	222	node71	638	17535	10	62
18	223	node72	112	950	223	node72	2266	94412	10	62
19	224	node73	647	4213	224	node73	691	35854	10	62
20	225	node74	233	1338	225	node74	264	12312	10	62
21	226	node75	104	773	226	node75	703	41656	10	62
22	227	node76	277	1162	227	node76	563	34316	10	62
23	228	node77	165	512	228	node77	423	23934	10	62
24	62	Oida	362	1448	62	Oida	1003	100731	10	62
1	10000001	root	7204	1882677	NA	NA	NA	NA	10	63
2	152	node1	2647	391089	NA	NA	NA	NA	10	63
3	154	node3	667	99502	154	node3	51	441	10	63
4	155	node4	515	51497	155	node4	20	120	10	63
5	156	node5	2349	135569	156	node5	14	94	10	63
6	157	node6	666	31539	157	node6	241	1947	10	63
7	158	node7	4311	138045	158	node7	42	325	10	63
8	159	node8	4313	71478	159	node8	472	11227	10	63
9	204	node53	525	9336	204	node53	1894	35028	10	63
10	205	node54	397	7840	205	node54	1673	33405	10	63
11	206	node55	685	10365	206	node55	797	14803	10	63
12	207	node56	939	10622	207	node56	648	12093	10	63
13	218	node67	636	7318	218	node67	3428	70203	10	63
14	219	node68	139	1517	219	node68	1178	22924	10	63
15	220	node69	483	5801	220	node69	541	17794	10	63
16	221	node70	347	2756	221	node70	1764	44168	10	63
17	222	node71	194	1363	222	node71	638	17535	10	63
18	223	node72	112	950	223	node72	2266	94412	10	63
19	224	node73	647	4213	224	node73	691	35854	10	63
20	225	node74	233	1338	225	node74	264	12312	10	63
21	226	node75	104	773	226	node75	703	41656	10	63
22	63	Bgla	318	1794	63	Bgla	1598	70377	10	63
1	10000001	root	7204	1882677	NA	NA	NA	NA	10	64
2	152	node1	2647	391089	NA	NA	NA	NA	10	64
3	154	node3	667	99502	154	node3	51	441	10	64
4	155	node4	515	51497	155	node4	20	120	10	64
5	156	node5	2349	135569	156	node5	14	94	10	64
6	157	node6	666	31539	157	node6	241	1947	10	64
7	158	node7	4311	138045	158	node7	42	325	10	64
8	159	node8	4313	71478	159	node8	472	11227	10	64
9	204	node53	525	9336	204	node53	1894	35028	10	64
10	205	node54	397	7840	205	node54	1673	33405	10	64
11	206	node55	685	10365	206	node55	797	14803	10	64
12	207	node56	939	10622	207	node56	648	12093	10	64
13	218	node67	636	7318	218	node67	3428	70203	10	64
14	219	node68	139	1517	219	node68	1178	22924	10	64
15	220	node69	483	5801	220	node69	541	17794	10	64
16	221	node70	347	2756	221	node70	1764	44168	10	64
17	222	node71	194	1363	222	node71	638	17535	10	64
18	223	node72	112	950	223	node72	2266	94412	10	64
19	224	node73	647	4213	224	node73	691	35854	10	64
20	225	node74	233	1338	225	node74	264	12312	10	64
21	64	Echl	232	767	64	Echl	1859	134346	10	64
1	10000001	root	7204	1882677	NA	NA	NA	NA	10	65
2	152	node1	2647	391089	NA	NA	NA	NA	10	65
3	154	node3	667	99502	154	node3	51	441	10	65
4	155	node4	515	51497	155	node4	20	120	10	65
5	156	node5	2349	135569	156	node5	14	94	10	65
6	157	node6	666	31539	157	node6	241	1947	10	65
7	158	node7	4311	138045	158	node7	42	325	10	65
8	159	node8	4313	71478	159	node8	472	11227	10	65
9	204	node53	525	9336	204	node53	1894	35028	10	65
10	205	node54	397	7840	205	node54	1673	33405	10	65
11	206	node55	685	10365	206	node55	797	14803	10	65
12	207	node56	939	10622	207	node56	648	12093	10	65
13	218	node67	636	7318	218	node67	3428	70203	10	65
14	219	node68	139	1517	219	node68	1178	22924	10	65
15	220	node69	483	5801	220	node69	541	17794	10	65
16	221	node70	347	2756	221	node70	1764	44168	10	65
17	222	node71	194	1363	222	node71	638	17535	10	65
18	223	node72	112	950	223	node72	2266	94412	10	65
19	224	node73	647	4213	224	node73	691	35854	10	65
20	65	Acal	141	653	65	Acal	1988	93574	10	65
1	10000001	root	7204	1882677	NA	NA	NA	NA	10	66
2	152	node1	2647	391089	NA	NA	NA	NA	10	66
3	154	node3	667	99502	154	node3	51	441	10	66
4	155	node4	515	51497	155	node4	20	120	10	66
5	156	node5	2349	135569	156	node5	14	94	10	66
6	157	node6	666	31539	157	node6	241	1947	10	66
7	158	node7	4311	138045	158	node7	42	325	10	66
8	159	node8	4313	71478	159	node8	472	11227	10	66
9	204	node53	525	9336	204	node53	1894	35028	10	66
10	205	node54	397	7840	205	node54	1673	33405	10	66
11	206	node55	685	10365	206	node55	797	14803	10	66
12	207	node56	939	10622	207	node56	648	12093	10	66
13	218	node67	636	7318	218	node67	3428	70203	10	66
14	219	node68	139	1517	219	node68	1178	22924	10	66
15	220	node69	483	5801	220	node69	541	17794	10	66
16	221	node70	347	2756	221	node70	1764	44168	10	66
17	222	node71	194	1363	222	node71	638	17535	10	66
18	229	node78	540	2464	229	node78	1856	56048	10	66
19	230	node79	27	94	230	node79	536	19864	10	66
20	66	Gaeg	206	888	66	Gaeg	2386	87024	10	66
1	10000001	root	7204	1882677	NA	NA	NA	NA	10	67
2	152	node1	2647	391089	NA	NA	NA	NA	10	67
3	154	node3	667	99502	154	node3	51	441	10	67
4	155	node4	515	51497	155	node4	20	120	10	67
5	156	node5	2349	135569	156	node5	14	94	10	67
6	157	node6	666	31539	157	node6	241	1947	10	67
7	158	node7	4311	138045	158	node7	42	325	10	67
8	159	node8	4313	71478	159	node8	472	11227	10	67
9	204	node53	525	9336	204	node53	1894	35028	10	67
10	205	node54	397	7840	205	node54	1673	33405	10	67
11	206	node55	685	10365	206	node55	797	14803	10	67
12	207	node56	939	10622	207	node56	648	12093	10	67
13	218	node67	636	7318	218	node67	3428	70203	10	67
14	219	node68	139	1517	219	node68	1178	22924	10	67
15	220	node69	483	5801	220	node69	541	17794	10	67
16	221	node70	347	2756	221	node70	1764	44168	10	67
17	222	node71	194	1363	222	node71	638	17535	10	67
18	229	node78	540	2464	229	node78	1856	56048	10	67
19	230	node79	27	94	230	node79	536	19864	10	67
20	67	Gmag	918	3955	67	Gmag	1132	106644	10	67
1	10000001	root	7204	1882677	NA	NA	NA	NA	10	68
2	152	node1	2647	391089	NA	NA	NA	NA	10	68
3	154	node3	667	99502	154	node3	51	441	10	68
4	155	node4	515	51497	155	node4	20	120	10	68
5	156	node5	2349	135569	156	node5	14	94	10	68
6	157	node6	666	31539	157	node6	241	1947	10	68
7	158	node7	4311	138045	158	node7	42	325	10	68
8	159	node8	4313	71478	159	node8	472	11227	10	68
9	204	node53	525	9336	204	node53	1894	35028	10	68
10	205	node54	397	7840	205	node54	1673	33405	10	68
11	206	node55	685	10365	206	node55	797	14803	10	68
12	207	node56	939	10622	207	node56	648	12093	10	68
13	218	node67	636	7318	218	node67	3428	70203	10	68
14	219	node68	139	1517	219	node68	1178	22924	10	68
15	220	node69	483	5801	220	node69	541	17794	10	68
16	221	node70	347	2756	221	node70	1764	44168	10	68
17	222	node71	194	1363	222	node71	638	17535	10	68
18	229	node78	540	2464	229	node78	1856	56048	10	68
19	68	Hrub	352	1268	68	Hrub	2058	96943	10	68
1	10000001	root	7204	1882677	NA	NA	NA	NA	10	69
2	152	node1	2647	391089	NA	NA	NA	NA	10	69
3	154	node3	667	99502	154	node3	51	441	10	69
4	155	node4	515	51497	155	node4	20	120	10	69
5	156	node5	2349	135569	156	node5	14	94	10	69
6	157	node6	666	31539	157	node6	241	1947	10	69
7	158	node7	4311	138045	158	node7	42	325	10	69
8	159	node8	4313	71478	159	node8	472	11227	10	69
9	204	node53	525	9336	204	node53	1894	35028	10	69
10	205	node54	397	7840	205	node54	1673	33405	10	69
11	206	node55	685	10365	206	node55	797	14803	10	69
12	207	node56	939	10622	207	node56	648	12093	10	69
13	218	node67	636	7318	218	node67	3428	70203	10	69
14	219	node68	139	1517	219	node68	1178	22924	10	69
15	220	node69	483	5801	220	node69	541	17794	10	69
16	221	node70	347	2756	221	node70	1764	44168	10	69
17	231	node80	218	805	231	node80	3940	150295	10	69
18	69	Lgig	249	976	69	Lgig	1022	78757	10	69
1	10000001	root	7204	1882677	NA	NA	NA	NA	10	70
2	152	node1	2647	391089	NA	NA	NA	NA	10	70
3	154	node3	667	99502	154	node3	51	441	10	70
4	155	node4	515	51497	155	node4	20	120	10	70
5	156	node5	2349	135569	156	node5	14	94	10	70
6	157	node6	666	31539	157	node6	241	1947	10	70
7	158	node7	4311	138045	158	node7	42	325	10	70
8	159	node8	4313	71478	159	node8	472	11227	10	70
9	204	node53	525	9336	204	node53	1894	35028	10	70
10	205	node54	397	7840	205	node54	1673	33405	10	70
11	206	node55	685	10365	206	node55	797	14803	10	70
12	207	node56	939	10622	207	node56	648	12093	10	70
13	218	node67	636	7318	218	node67	3428	70203	10	70
14	219	node68	139	1517	219	node68	1178	22924	10	70
15	220	node69	483	5801	220	node69	541	17794	10	70
16	221	node70	347	2756	221	node70	1764	44168	10	70
17	231	node80	218	805	231	node80	3940	150295	10	70
18	70	Ppel	227	908	70	Ppel	1085	74240	10	70
1	10000001	root	7204	1882677	NA	NA	NA	NA	10	71
2	152	node1	2647	391089	NA	NA	NA	NA	10	71
3	154	node3	667	99502	154	node3	51	441	10	71
4	155	node4	515	51497	155	node4	20	120	10	71
5	156	node5	2349	135569	156	node5	14	94	10	71
6	157	node6	666	31539	157	node6	241	1947	10	71
7	158	node7	4311	138045	158	node7	42	325	10	71
8	159	node8	4313	71478	159	node8	472	11227	10	71
9	204	node53	525	9336	204	node53	1894	35028	10	71
10	205	node54	397	7840	205	node54	1673	33405	10	71
11	206	node55	685	10365	206	node55	797	14803	10	71
12	207	node56	939	10622	207	node56	648	12093	10	71
13	218	node67	636	7318	218	node67	3428	70203	10	71
14	219	node68	139	1517	219	node68	1178	22924	10	71
15	220	node69	483	5801	220	node69	541	17794	10	71
16	232	node81	284	2641	232	node81	3517	107836	10	71
17	233	node82	593	2978	233	node82	1692	62499	10	71
18	71	Mmer	864	4160	71	Mmer	785	53827	10	71
1	10000001	root	7204	1882677	NA	NA	NA	NA	10	72
2	152	node1	2647	391089	NA	NA	NA	NA	10	72
3	154	node3	667	99502	154	node3	51	441	10	72
4	155	node4	515	51497	155	node4	20	120	10	72
5	156	node5	2349	135569	156	node5	14	94	10	72
6	157	node6	666	31539	157	node6	241	1947	10	72
7	158	node7	4311	138045	158	node7	42	325	10	72
8	159	node8	4313	71478	159	node8	472	11227	10	72
9	204	node53	525	9336	204	node53	1894	35028	10	72
10	205	node54	397	7840	205	node54	1673	33405	10	72
11	206	node55	685	10365	206	node55	797	14803	10	72
12	207	node56	939	10622	207	node56	648	12093	10	72
13	218	node67	636	7318	218	node67	3428	70203	10	72
14	219	node68	139	1517	219	node68	1178	22924	10	72
15	220	node69	483	5801	220	node69	541	17794	10	72
16	232	node81	284	2641	232	node81	3517	107836	10	72
17	233	node82	593	2978	233	node82	1692	62499	10	72
18	72	Dpol	701	4154	72	Dpol	1226	76422	10	72
1	10000001	root	7204	1882677	NA	NA	NA	NA	10	73
2	152	node1	2647	391089	NA	NA	NA	NA	10	73
3	154	node3	667	99502	154	node3	51	441	10	73
4	155	node4	515	51497	155	node4	20	120	10	73
5	156	node5	2349	135569	156	node5	14	94	10	73
6	157	node6	666	31539	157	node6	241	1947	10	73
7	158	node7	4311	138045	158	node7	42	325	10	73
8	159	node8	4313	71478	159	node8	472	11227	10	73
9	204	node53	525	9336	204	node53	1894	35028	10	73
10	205	node54	397	7840	205	node54	1673	33405	10	73
11	206	node55	685	10365	206	node55	797	14803	10	73
12	207	node56	939	10622	207	node56	648	12093	10	73
13	218	node67	636	7318	218	node67	3428	70203	10	73
14	219	node68	139	1517	219	node68	1178	22924	10	73
15	220	node69	483	5801	220	node69	541	17794	10	73
16	232	node81	284	2641	232	node81	3517	107836	10	73
17	234	node83	194	1276	234	node83	1208	42230	10	73
18	235	node84	70	281	235	node84	662	32805	10	73
19	73	Cgig	745	3546	73	Cgig	959	74933	10	73
1	10000001	root	7204	1882677	NA	NA	NA	NA	10	74
2	152	node1	2647	391089	NA	NA	NA	NA	10	74
3	154	node3	667	99502	154	node3	51	441	10	74
4	155	node4	515	51497	155	node4	20	120	10	74
5	156	node5	2349	135569	156	node5	14	94	10	74
6	157	node6	666	31539	157	node6	241	1947	10	74
7	158	node7	4311	138045	158	node7	42	325	10	74
8	159	node8	4313	71478	159	node8	472	11227	10	74
9	204	node53	525	9336	204	node53	1894	35028	10	74
10	205	node54	397	7840	205	node54	1673	33405	10	74
11	206	node55	685	10365	206	node55	797	14803	10	74
12	207	node56	939	10622	207	node56	648	12093	10	74
13	218	node67	636	7318	218	node67	3428	70203	10	74
14	219	node68	139	1517	219	node68	1178	22924	10	74
15	220	node69	483	5801	220	node69	541	17794	10	74
16	232	node81	284	2641	232	node81	3517	107836	10	74
17	234	node83	194	1276	234	node83	1208	42230	10	74
18	235	node84	70	281	235	node84	662	32805	10	74
19	74	Myes	223	679	74	Myes	1773	168322	10	74
1	10000001	root	7204	1882677	NA	NA	NA	NA	10	75
2	152	node1	2647	391089	NA	NA	NA	NA	10	75
3	154	node3	667	99502	154	node3	51	441	10	75
4	155	node4	515	51497	155	node4	20	120	10	75
5	156	node5	2349	135569	156	node5	14	94	10	75
6	157	node6	666	31539	157	node6	241	1947	10	75
7	158	node7	4311	138045	158	node7	42	325	10	75
8	159	node8	4313	71478	159	node8	472	11227	10	75
9	204	node53	525	9336	204	node53	1894	35028	10	75
10	205	node54	397	7840	205	node54	1673	33405	10	75
11	206	node55	685	10365	206	node55	797	14803	10	75
12	207	node56	939	10622	207	node56	648	12093	10	75
13	218	node67	636	7318	218	node67	3428	70203	10	75
14	219	node68	139	1517	219	node68	1178	22924	10	75
15	220	node69	483	5801	220	node69	541	17794	10	75
16	232	node81	284	2641	232	node81	3517	107836	10	75
17	234	node83	194	1276	234	node83	1208	42230	10	75
18	75	Mcal	441	2088	75	Mcal	1843	103545	10	75
1	10000001	root	7204	1882677	NA	NA	NA	NA	10	76
2	152	node1	2647	391089	NA	NA	NA	NA	10	76
3	154	node3	667	99502	154	node3	51	441	10	76
4	155	node4	515	51497	155	node4	20	120	10	76
5	156	node5	2349	135569	156	node5	14	94	10	76
6	157	node6	666	31539	157	node6	241	1947	10	76
7	158	node7	4311	138045	158	node7	42	325	10	76
8	159	node8	4313	71478	159	node8	472	11227	10	76
9	204	node53	525	9336	204	node53	1894	35028	10	76
10	205	node54	397	7840	205	node54	1673	33405	10	76
11	206	node55	685	10365	206	node55	797	14803	10	76
12	207	node56	939	10622	207	node56	648	12093	10	76
13	218	node67	636	7318	218	node67	3428	70203	10	76
14	219	node68	139	1517	219	node68	1178	22924	10	76
15	236	node85	165	418	236	node85	6698	298442	10	76
16	76	Obim	286	1469	76	Obim	477	43350	10	76
1	10000001	root	7204	1882677	NA	NA	NA	NA	10	77
2	152	node1	2647	391089	NA	NA	NA	NA	10	77
3	154	node3	667	99502	154	node3	51	441	10	77
4	155	node4	515	51497	155	node4	20	120	10	77
5	156	node5	2349	135569	156	node5	14	94	10	77
6	157	node6	666	31539	157	node6	241	1947	10	77
7	158	node7	4311	138045	158	node7	42	325	10	77
8	159	node8	4313	71478	159	node8	472	11227	10	77
9	204	node53	525	9336	204	node53	1894	35028	10	77
10	205	node54	397	7840	205	node54	1673	33405	10	77
11	206	node55	685	10365	206	node55	797	14803	10	77
12	207	node56	939	10622	207	node56	648	12093	10	77
13	218	node67	636	7318	218	node67	3428	70203	10	77
14	219	node68	139	1517	219	node68	1178	22924	10	77
15	236	node85	165	418	236	node85	6698	298442	10	77
16	77	Spha	724	3138	77	Spha	2278	299875	10	77
1	10000001	root	7204	1882677	NA	NA	NA	NA	10	78
2	152	node1	2647	391089	NA	NA	NA	NA	10	78
3	154	node3	667	99502	154	node3	51	441	10	78
4	155	node4	515	51497	155	node4	20	120	10	78
5	156	node5	2349	135569	156	node5	14	94	10	78
6	157	node6	666	31539	157	node6	241	1947	10	78
7	158	node7	4311	138045	158	node7	42	325	10	78
8	159	node8	4313	71478	159	node8	472	11227	10	78
9	204	node53	525	9336	204	node53	1894	35028	10	78
10	205	node54	397	7840	205	node54	1673	33405	10	78
11	206	node55	685	10365	206	node55	797	14803	10	78
12	207	node56	939	10622	207	node56	648	12093	10	78
13	218	node67	636	7318	218	node67	3428	70203	10	78
14	78	Hhan	2574	12667	78	Hhan	5603	239849	10	78
1	10000001	root	7204	1882677	NA	NA	NA	NA	10	79
2	152	node1	2647	391089	NA	NA	NA	NA	10	79
3	154	node3	667	99502	154	node3	51	441	10	79
4	155	node4	515	51497	155	node4	20	120	10	79
5	156	node5	2349	135569	156	node5	14	94	10	79
6	157	node6	666	31539	157	node6	241	1947	10	79
7	158	node7	4311	138045	158	node7	42	325	10	79
8	159	node8	4313	71478	159	node8	472	11227	10	79
9	204	node53	525	9336	204	node53	1894	35028	10	79
10	205	node54	397	7840	205	node54	1673	33405	10	79
11	206	node55	685	10365	206	node55	797	14803	10	79
12	237	node86	15	68	237	node86	8449	225961	10	79
13	238	node87	33	102	238	node87	644	29780	10	79
14	79	Paus	418	1462	79	Paus	1423	113605	10	79
1	10000001	root	7204	1882677	NA	NA	NA	NA	10	80
2	152	node1	2647	391089	NA	NA	NA	NA	10	80
3	154	node3	667	99502	154	node3	51	441	10	80
4	155	node4	515	51497	155	node4	20	120	10	80
5	156	node5	2349	135569	156	node5	14	94	10	80
6	157	node6	666	31539	157	node6	241	1947	10	80
7	158	node7	4311	138045	158	node7	42	325	10	80
8	159	node8	4313	71478	159	node8	472	11227	10	80
9	204	node53	525	9336	204	node53	1894	35028	10	80
10	205	node54	397	7840	205	node54	1673	33405	10	80
11	206	node55	685	10365	206	node55	797	14803	10	80
12	237	node86	15	68	237	node86	8449	225961	10	80
13	238	node87	33	102	238	node87	644	29780	10	80
14	80	Lana	491	1796	80	Lana	906	57663	10	80
1	10000001	root	7204	1882677	NA	NA	NA	NA	10	81
2	152	node1	2647	391089	NA	NA	NA	NA	10	81
3	154	node3	667	99502	154	node3	51	441	10	81
4	155	node4	515	51497	155	node4	20	120	10	81
5	156	node5	2349	135569	156	node5	14	94	10	81
6	157	node6	666	31539	157	node6	241	1947	10	81
7	158	node7	4311	138045	158	node7	42	325	10	81
8	159	node8	4313	71478	159	node8	472	11227	10	81
9	204	node53	525	9336	204	node53	1894	35028	10	81
10	205	node54	397	7840	205	node54	1673	33405	10	81
11	206	node55	685	10365	206	node55	797	14803	10	81
12	237	node86	15	68	237	node86	8449	225961	10	81
13	81	Bner	1047	3925	81	Bner	3597	398481	10	81
1	10000001	root	7204	1882677	NA	NA	NA	NA	10	82
2	152	node1	2647	391089	NA	NA	NA	NA	10	82
3	154	node3	667	99502	154	node3	51	441	10	82
4	155	node4	515	51497	155	node4	20	120	10	82
5	156	node5	2349	135569	156	node5	14	94	10	82
6	157	node6	666	31539	157	node6	241	1947	10	82
7	158	node7	4311	138045	158	node7	42	325	10	82
8	159	node8	4313	71478	159	node8	472	11227	10	82
9	204	node53	525	9336	204	node53	1894	35028	10	82
10	205	node54	397	7840	205	node54	1673	33405	10	82
11	239	node88	220	1412	239	node88	10441	447835	10	82
12	82	Mlig	3113	10179	82	Mlig	2154	221584	10	82
1	10000001	root	7204	1882677	NA	NA	NA	NA	10	83
2	152	node1	2647	391089	NA	NA	NA	NA	10	83
3	154	node3	667	99502	154	node3	51	441	10	83
4	155	node4	515	51497	155	node4	20	120	10	83
5	156	node5	2349	135569	156	node5	14	94	10	83
6	157	node6	666	31539	157	node6	241	1947	10	83
7	158	node7	4311	138045	158	node7	42	325	10	83
8	159	node8	4313	71478	159	node8	472	11227	10	83
9	204	node53	525	9336	204	node53	1894	35028	10	83
10	205	node54	397	7840	205	node54	1673	33405	10	83
11	239	node88	220	1412	239	node88	10441	447835	10	83
12	240	node89	102	544	240	node89	680	67826	10	83
13	83	Smed	1393	5816	83	Smed	2251	292620	10	83
1	10000001	root	7204	1882677	NA	NA	NA	NA	10	84
2	152	node1	2647	391089	NA	NA	NA	NA	10	84
3	154	node3	667	99502	154	node3	51	441	10	84
4	155	node4	515	51497	155	node4	20	120	10	84
5	156	node5	2349	135569	156	node5	14	94	10	84
6	157	node6	666	31539	157	node6	241	1947	10	84
7	158	node7	4311	138045	158	node7	42	325	10	84
8	159	node8	4313	71478	159	node8	472	11227	10	84
9	204	node53	525	9336	204	node53	1894	35028	10	84
10	205	node54	397	7840	205	node54	1673	33405	10	84
11	239	node88	220	1412	239	node88	10441	447835	10	84
12	240	node89	102	544	240	node89	680	67826	10	84
13	84	Pcro	1195	11928	84	Pcro	740	86487	10	84
1	10000001	root	7204	1882677	NA	NA	NA	NA	10	85
2	152	node1	2647	391089	NA	NA	NA	NA	10	85
3	154	node3	667	99502	154	node3	51	441	10	85
4	155	node4	515	51497	155	node4	20	120	10	85
5	156	node5	2349	135569	156	node5	14	94	10	85
6	157	node6	666	31539	157	node6	241	1947	10	85
7	158	node7	4311	138045	158	node7	42	325	10	85
8	159	node8	4313	71478	159	node8	472	11227	10	85
9	204	node53	525	9336	204	node53	1894	35028	10	85
10	241	node90	264	4715	241	node90	10424	445172	10	85
11	242	node91	7409	77574	242	node91	950	104670	10	85
12	243	node92	890	4724	243	node92	250	9198	10	85
13	85	Dcar	1547	5877	85	Dcar	5134	141118	10	85
1	10000001	root	7204	1882677	NA	NA	NA	NA	10	86
2	152	node1	2647	391089	NA	NA	NA	NA	10	86
3	154	node3	667	99502	154	node3	51	441	10	86
4	155	node4	515	51497	155	node4	20	120	10	86
5	156	node5	2349	135569	156	node5	14	94	10	86
6	157	node6	666	31539	157	node6	241	1947	10	86
7	158	node7	4311	138045	158	node7	42	325	10	86
8	159	node8	4313	71478	159	node8	472	11227	10	86
9	204	node53	525	9336	204	node53	1894	35028	10	86
10	241	node90	264	4715	241	node90	10424	445172	10	86
11	242	node91	7409	77574	242	node91	950	104670	10	86
12	243	node92	890	4724	243	node92	250	9198	10	86
13	244	node93	1033	4311	244	node93	935	57037	10	86
14	86	Rsoc	1008	2900	86	Rsoc	2710	68098	10	86
1	10000001	root	7204	1882677	NA	NA	NA	NA	10	87
2	152	node1	2647	391089	NA	NA	NA	NA	10	87
3	154	node3	667	99502	154	node3	51	441	10	87
4	155	node4	515	51497	155	node4	20	120	10	87
5	156	node5	2349	135569	156	node5	14	94	10	87
6	157	node6	666	31539	157	node6	241	1947	10	87
7	158	node7	4311	138045	158	node7	42	325	10	87
8	159	node8	4313	71478	159	node8	472	11227	10	87
9	204	node53	525	9336	204	node53	1894	35028	10	87
10	241	node90	264	4715	241	node90	10424	445172	10	87
11	242	node91	7409	77574	242	node91	950	104670	10	87
12	243	node92	890	4724	243	node92	250	9198	10	87
13	244	node93	1033	4311	244	node93	935	57037	10	87
14	245	node94	742	2916	245	node94	1220	36487	10	87
15	87	Rsor	715	1862	87	Rsor	1941	44068	10	87
1	10000001	root	7204	1882677	NA	NA	NA	NA	10	88
2	152	node1	2647	391089	NA	NA	NA	NA	10	88
3	154	node3	667	99502	154	node3	51	441	10	88
4	155	node4	515	51497	155	node4	20	120	10	88
5	156	node5	2349	135569	156	node5	14	94	10	88
6	157	node6	666	31539	157	node6	241	1947	10	88
7	158	node7	4311	138045	158	node7	42	325	10	88
8	159	node8	4313	71478	159	node8	472	11227	10	88
9	204	node53	525	9336	204	node53	1894	35028	10	88
10	241	node90	264	4715	241	node90	10424	445172	10	88
11	242	node91	7409	77574	242	node91	950	104670	10	88
12	243	node92	890	4724	243	node92	250	9198	10	88
13	244	node93	1033	4311	244	node93	935	57037	10	88
14	245	node94	742	2916	245	node94	1220	36487	10	88
15	88	Rota	1058	2841	88	Rota	1558	41667	10	88
1	10000001	root	7204	1882677	NA	NA	NA	NA	10	89
2	152	node1	2647	391089	NA	NA	NA	NA	10	89
3	154	node3	667	99502	154	node3	51	441	10	89
4	155	node4	515	51497	155	node4	20	120	10	89
5	156	node5	2349	135569	156	node5	14	94	10	89
6	157	node6	666	31539	157	node6	241	1947	10	89
7	158	node7	4311	138045	158	node7	42	325	10	89
8	159	node8	4313	71478	159	node8	472	11227	10	89
9	204	node53	525	9336	204	node53	1894	35028	10	89
10	241	node90	264	4715	241	node90	10424	445172	10	89
11	242	node91	7409	77574	242	node91	950	104670	10	89
12	246	node95	711	3335	246	node95	1367	87634	10	89
13	89	Aric	1157	3269	89	Aric	1863	55662	10	89
1	10000001	root	7204	1882677	NA	NA	NA	NA	10	90
2	152	node1	2647	391089	NA	NA	NA	NA	10	90
3	154	node3	667	99502	154	node3	51	441	10	90
4	155	node4	515	51497	155	node4	20	120	10	90
5	156	node5	2349	135569	156	node5	14	94	10	90
6	157	node6	666	31539	157	node6	241	1947	10	90
7	158	node7	4311	138045	158	node7	42	325	10	90
8	159	node8	4313	71478	159	node8	472	11227	10	90
9	204	node53	525	9336	204	node53	1894	35028	10	90
10	241	node90	264	4715	241	node90	10424	445172	10	90
11	242	node91	7409	77574	242	node91	950	104670	10	90
12	246	node95	711	3335	246	node95	1367	87634	10	90
13	90	Aste	1083	3475	90	Aste	1655	53545	10	90
1	10000001	root	7204	1882677	NA	NA	NA	NA	10	91
2	152	node1	2647	391089	NA	NA	NA	NA	10	91
3	154	node3	667	99502	154	node3	51	441	10	91
4	155	node4	515	51497	155	node4	20	120	10	91
5	156	node5	2349	135569	156	node5	14	94	10	91
6	157	node6	666	31539	157	node6	241	1947	10	91
7	158	node7	4311	138045	158	node7	42	325	10	91
8	159	node8	4313	71478	159	node8	472	11227	10	91
9	204	node53	525	9336	204	node53	1894	35028	10	91
10	241	node90	264	4715	241	node90	10424	445172	10	91
11	91	Bcal	888	5116	91	Bcal	3423	286920	10	91
1	10000001	root	7204	1882677	NA	NA	NA	NA	10	92
2	152	node1	2647	391089	NA	NA	NA	NA	10	92
3	154	node3	667	99502	154	node3	51	441	10	92
4	155	node4	515	51497	155	node4	20	120	10	92
5	156	node5	2349	135569	156	node5	14	94	10	92
6	157	node6	666	31539	157	node6	241	1947	10	92
7	158	node7	4311	138045	158	node7	42	325	10	92
8	247	node96	200	7261	247	node96	3997	82849	10	92
9	248	node97	78	3744	248	node97	2046	53393	10	92
10	249	node98	47	3319	249	node98	1197	58905	10	92
11	250	node99	279	16784	250	node99	503	32032	10	92
12	251	node100	813	30641	251	node100	121	4433	10	92
13	252	node101	319	7152	252	node101	201	6148	10	92
14	253	node102	42	904	253	node102	572	19982	10	92
15	254	node103	83	2236	254	node103	59	5490	10	92
16	255	node104	269	4727	255	node104	142	7633	10	92
17	256	node105	174	1555	256	node105	1019	53769	10	92
18	257	node106	55	563	257	node106	1211	74131	10	92
19	92	Oana	11	87	92	Oana	932	80504	10	92
1	10000001	root	7204	1882677	NA	NA	NA	NA	10	93
2	152	node1	2647	391089	NA	NA	NA	NA	10	93
3	154	node3	667	99502	154	node3	51	441	10	93
4	155	node4	515	51497	155	node4	20	120	10	93
5	156	node5	2349	135569	156	node5	14	94	10	93
6	157	node6	666	31539	157	node6	241	1947	10	93
7	158	node7	4311	138045	158	node7	42	325	10	93
8	247	node96	200	7261	247	node96	3997	82849	10	93
9	248	node97	78	3744	248	node97	2046	53393	10	93
10	249	node98	47	3319	249	node98	1197	58905	10	93
11	250	node99	279	16784	250	node99	503	32032	10	93
12	251	node100	813	30641	251	node100	121	4433	10	93
13	252	node101	319	7152	252	node101	201	6148	10	93
14	253	node102	42	904	253	node102	572	19982	10	93
15	254	node103	83	2236	254	node103	59	5490	10	93
16	255	node104	269	4727	255	node104	142	7633	10	93
17	256	node105	174	1555	256	node105	1019	53769	10	93
18	257	node106	55	563	257	node106	1211	74131	10	93
19	258	node107	104	653	258	node107	96	14057	10	93
20	259	node108	355	1306	259	node108	162	19348	10	93
21	260	node109	27	86	260	node109	75	2648	10	93
22	93	Clup	116	323	93	Clup	281	24459	10	93
1	10000001	root	7204	1882677	NA	NA	NA	NA	10	94
2	152	node1	2647	391089	NA	NA	NA	NA	10	94
3	154	node3	667	99502	154	node3	51	441	10	94
4	155	node4	515	51497	155	node4	20	120	10	94
5	156	node5	2349	135569	156	node5	14	94	10	94
6	157	node6	666	31539	157	node6	241	1947	10	94
7	158	node7	4311	138045	158	node7	42	325	10	94
8	247	node96	200	7261	247	node96	3997	82849	10	94
9	248	node97	78	3744	248	node97	2046	53393	10	94
10	249	node98	47	3319	249	node98	1197	58905	10	94
11	250	node99	279	16784	250	node99	503	32032	10	94
12	251	node100	813	30641	251	node100	121	4433	10	94
13	252	node101	319	7152	252	node101	201	6148	10	94
14	253	node102	42	904	253	node102	572	19982	10	94
15	254	node103	83	2236	254	node103	59	5490	10	94
16	255	node104	269	4727	255	node104	142	7633	10	94
17	256	node105	174	1555	256	node105	1019	53769	10	94
18	257	node106	55	563	257	node106	1211	74131	10	94
19	258	node107	104	653	258	node107	96	14057	10	94
20	259	node108	355	1306	259	node108	162	19348	10	94
21	260	node109	27	86	260	node109	75	2648	10	94
22	94	Ttru	9	34	94	Ttru	404	12915	10	94
1	10000001	root	7204	1882677	NA	NA	NA	NA	10	95
2	152	node1	2647	391089	NA	NA	NA	NA	10	95
3	154	node3	667	99502	154	node3	51	441	10	95
4	155	node4	515	51497	155	node4	20	120	10	95
5	156	node5	2349	135569	156	node5	14	94	10	95
6	157	node6	666	31539	157	node6	241	1947	10	95
7	158	node7	4311	138045	158	node7	42	325	10	95
8	247	node96	200	7261	247	node96	3997	82849	10	95
9	248	node97	78	3744	248	node97	2046	53393	10	95
10	249	node98	47	3319	249	node98	1197	58905	10	95
11	250	node99	279	16784	250	node99	503	32032	10	95
12	251	node100	813	30641	251	node100	121	4433	10	95
13	252	node101	319	7152	252	node101	201	6148	10	95
14	253	node102	42	904	253	node102	572	19982	10	95
15	254	node103	83	2236	254	node103	59	5490	10	95
16	255	node104	269	4727	255	node104	142	7633	10	95
17	256	node105	174	1555	256	node105	1019	53769	10	95
18	257	node106	55	563	257	node106	1211	74131	10	95
19	258	node107	104	653	258	node107	96	14057	10	95
20	259	node108	355	1306	259	node108	162	19348	10	95
21	95	Hsap	70	385	95	Hsap	261	9055	10	95
1	10000001	root	7204	1882677	NA	NA	NA	NA	10	96
2	152	node1	2647	391089	NA	NA	NA	NA	10	96
3	154	node3	667	99502	154	node3	51	441	10	96
4	155	node4	515	51497	155	node4	20	120	10	96
5	156	node5	2349	135569	156	node5	14	94	10	96
6	157	node6	666	31539	157	node6	241	1947	10	96
7	158	node7	4311	138045	158	node7	42	325	10	96
8	247	node96	200	7261	247	node96	3997	82849	10	96
9	248	node97	78	3744	248	node97	2046	53393	10	96
10	249	node98	47	3319	249	node98	1197	58905	10	96
11	250	node99	279	16784	250	node99	503	32032	10	96
12	251	node100	813	30641	251	node100	121	4433	10	96
13	252	node101	319	7152	252	node101	201	6148	10	96
14	253	node102	42	904	253	node102	572	19982	10	96
15	254	node103	83	2236	254	node103	59	5490	10	96
16	255	node104	269	4727	255	node104	142	7633	10	96
17	256	node105	174	1555	256	node105	1019	53769	10	96
18	257	node106	55	563	257	node106	1211	74131	10	96
19	258	node107	104	653	258	node107	96	14057	10	96
20	96	Mdom	40	446	96	Mdom	665	49317	10	96
1	10000001	root	7204	1882677	NA	NA	NA	NA	10	97
2	152	node1	2647	391089	NA	NA	NA	NA	10	97
3	154	node3	667	99502	154	node3	51	441	10	97
4	155	node4	515	51497	155	node4	20	120	10	97
5	156	node5	2349	135569	156	node5	14	94	10	97
6	157	node6	666	31539	157	node6	241	1947	10	97
7	158	node7	4311	138045	158	node7	42	325	10	97
8	247	node96	200	7261	247	node96	3997	82849	10	97
9	248	node97	78	3744	248	node97	2046	53393	10	97
10	249	node98	47	3319	249	node98	1197	58905	10	97
11	250	node99	279	16784	250	node99	503	32032	10	97
12	251	node100	813	30641	251	node100	121	4433	10	97
13	252	node101	319	7152	252	node101	201	6148	10	97
14	253	node102	42	904	253	node102	572	19982	10	97
15	254	node103	83	2236	254	node103	59	5490	10	97
16	255	node104	269	4727	255	node104	142	7633	10	97
17	256	node105	174	1555	256	node105	1019	53769	10	97
18	261	node110	100	928	261	node110	187	5520	10	97
19	262	node111	117	593	262	node111	238	20391	10	97
20	263	node112	22	217	263	node112	292	13593	10	97
21	264	node113	79	389	264	node113	43	391	10	97
22	265	node114	19	74	265	node114	577	12654	10	97
23	97	Cser	15	46	97	Cser	589	49928	10	97
1	10000001	root	7204	1882677	NA	NA	NA	NA	10	98
2	152	node1	2647	391089	NA	NA	NA	NA	10	98
3	154	node3	667	99502	154	node3	51	441	10	98
4	155	node4	515	51497	155	node4	20	120	10	98
5	156	node5	2349	135569	156	node5	14	94	10	98
6	157	node6	666	31539	157	node6	241	1947	10	98
7	158	node7	4311	138045	158	node7	42	325	10	98
8	247	node96	200	7261	247	node96	3997	82849	10	98
9	248	node97	78	3744	248	node97	2046	53393	10	98
10	249	node98	47	3319	249	node98	1197	58905	10	98
11	250	node99	279	16784	250	node99	503	32032	10	98
12	251	node100	813	30641	251	node100	121	4433	10	98
13	252	node101	319	7152	252	node101	201	6148	10	98
14	253	node102	42	904	253	node102	572	19982	10	98
15	254	node103	83	2236	254	node103	59	5490	10	98
16	255	node104	269	4727	255	node104	142	7633	10	98
17	256	node105	174	1555	256	node105	1019	53769	10	98
18	261	node110	100	928	261	node110	187	5520	10	98
19	262	node111	117	593	262	node111	238	20391	10	98
20	263	node112	22	217	263	node112	292	13593	10	98
21	264	node113	79	389	264	node113	43	391	10	98
22	265	node114	19	74	265	node114	577	12654	10	98
23	266	node115	26	685	266	node115	278	10889	10	98
24	267	node116	15	72	267	node116	58	2428	10	98
25	98	Care	15	426	98	Care	280	28638	10	98
1	10000001	root	7204	1882677	NA	NA	NA	NA	10	99
2	152	node1	2647	391089	NA	NA	NA	NA	10	99
3	154	node3	667	99502	154	node3	51	441	10	99
4	155	node4	515	51497	155	node4	20	120	10	99
5	156	node5	2349	135569	156	node5	14	94	10	99
6	157	node6	666	31539	157	node6	241	1947	10	99
7	158	node7	4311	138045	158	node7	42	325	10	99
8	247	node96	200	7261	247	node96	3997	82849	10	99
9	248	node97	78	3744	248	node97	2046	53393	10	99
10	249	node98	47	3319	249	node98	1197	58905	10	99
11	250	node99	279	16784	250	node99	503	32032	10	99
12	251	node100	813	30641	251	node100	121	4433	10	99
13	252	node101	319	7152	252	node101	201	6148	10	99
14	253	node102	42	904	253	node102	572	19982	10	99
15	254	node103	83	2236	254	node103	59	5490	10	99
16	255	node104	269	4727	255	node104	142	7633	10	99
17	256	node105	174	1555	256	node105	1019	53769	10	99
18	261	node110	100	928	261	node110	187	5520	10	99
19	262	node111	117	593	262	node111	238	20391	10	99
20	263	node112	22	217	263	node112	292	13593	10	99
21	264	node113	79	389	264	node113	43	391	10	99
22	265	node114	19	74	265	node114	577	12654	10	99
23	266	node115	26	685	266	node115	278	10889	10	99
24	267	node116	15	72	267	node116	58	2428	10	99
25	99	Cmyd	3	6	99	Cmyd	186	24699	10	99
1	10000001	root	7204	1882677	NA	NA	NA	NA	10	100
2	152	node1	2647	391089	NA	NA	NA	NA	10	100
3	154	node3	667	99502	154	node3	51	441	10	100
4	155	node4	515	51497	155	node4	20	120	10	100
5	156	node5	2349	135569	156	node5	14	94	10	100
6	157	node6	666	31539	157	node6	241	1947	10	100
7	158	node7	4311	138045	158	node7	42	325	10	100
8	247	node96	200	7261	247	node96	3997	82849	10	100
9	248	node97	78	3744	248	node97	2046	53393	10	100
10	249	node98	47	3319	249	node98	1197	58905	10	100
11	250	node99	279	16784	250	node99	503	32032	10	100
12	251	node100	813	30641	251	node100	121	4433	10	100
13	252	node101	319	7152	252	node101	201	6148	10	100
14	253	node102	42	904	253	node102	572	19982	10	100
15	254	node103	83	2236	254	node103	59	5490	10	100
16	255	node104	269	4727	255	node104	142	7633	10	100
17	256	node105	174	1555	256	node105	1019	53769	10	100
18	261	node110	100	928	261	node110	187	5520	10	100
19	262	node111	117	593	262	node111	238	20391	10	100
20	263	node112	22	217	263	node112	292	13593	10	100
21	264	node113	79	389	264	node113	43	391	10	100
22	265	node114	19	74	265	node114	577	12654	10	100
23	266	node115	26	685	266	node115	278	10889	10	100
24	100	Deco	6	14	100	Deco	298	27856	10	100
1	10000001	root	7204	1882677	NA	NA	NA	NA	10	101
2	152	node1	2647	391089	NA	NA	NA	NA	10	101
3	154	node3	667	99502	154	node3	51	441	10	101
4	155	node4	515	51497	155	node4	20	120	10	101
5	156	node5	2349	135569	156	node5	14	94	10	101
6	157	node6	666	31539	157	node6	241	1947	10	101
7	158	node7	4311	138045	158	node7	42	325	10	101
8	247	node96	200	7261	247	node96	3997	82849	10	101
9	248	node97	78	3744	248	node97	2046	53393	10	101
10	249	node98	47	3319	249	node98	1197	58905	10	101
11	250	node99	279	16784	250	node99	503	32032	10	101
12	251	node100	813	30641	251	node100	121	4433	10	101
13	252	node101	319	7152	252	node101	201	6148	10	101
14	253	node102	42	904	253	node102	572	19982	10	101
15	254	node103	83	2236	254	node103	59	5490	10	101
16	255	node104	269	4727	255	node104	142	7633	10	101
17	256	node105	174	1555	256	node105	1019	53769	10	101
18	261	node110	100	928	261	node110	187	5520	10	101
19	262	node111	117	593	262	node111	238	20391	10	101
20	263	node112	22	217	263	node112	292	13593	10	101
21	264	node113	79	389	264	node113	43	391	10	101
22	268	node117	12	32	268	node117	332	12048	10	101
23	101	Pmeg	22	55	101	Pmeg	964	100312	10	101
1	10000001	root	7204	1882677	NA	NA	NA	NA	10	102
2	152	node1	2647	391089	NA	NA	NA	NA	10	102
3	154	node3	667	99502	154	node3	51	441	10	102
4	155	node4	515	51497	155	node4	20	120	10	102
5	156	node5	2349	135569	156	node5	14	94	10	102
6	157	node6	666	31539	157	node6	241	1947	10	102
7	158	node7	4311	138045	158	node7	42	325	10	102
8	247	node96	200	7261	247	node96	3997	82849	10	102
9	248	node97	78	3744	248	node97	2046	53393	10	102
10	249	node98	47	3319	249	node98	1197	58905	10	102
11	250	node99	279	16784	250	node99	503	32032	10	102
12	251	node100	813	30641	251	node100	121	4433	10	102
13	252	node101	319	7152	252	node101	201	6148	10	102
14	253	node102	42	904	253	node102	572	19982	10	102
15	254	node103	83	2236	254	node103	59	5490	10	102
16	255	node104	269	4727	255	node104	142	7633	10	102
17	256	node105	174	1555	256	node105	1019	53769	10	102
18	261	node110	100	928	261	node110	187	5520	10	102
19	262	node111	117	593	262	node111	238	20391	10	102
20	263	node112	22	217	263	node112	292	13593	10	102
21	264	node113	79	389	264	node113	43	391	10	102
22	268	node117	12	32	268	node117	332	12048	10	102
23	269	node118	45	129	269	node118	491	21065	10	102
24	102	Tcar	7	22	102	Tcar	481	48334	10	102
1	10000001	root	7204	1882677	NA	NA	NA	NA	10	103
2	152	node1	2647	391089	NA	NA	NA	NA	10	103
3	154	node3	667	99502	154	node3	51	441	10	103
4	155	node4	515	51497	155	node4	20	120	10	103
5	156	node5	2349	135569	156	node5	14	94	10	103
6	157	node6	666	31539	157	node6	241	1947	10	103
7	158	node7	4311	138045	158	node7	42	325	10	103
8	247	node96	200	7261	247	node96	3997	82849	10	103
9	248	node97	78	3744	248	node97	2046	53393	10	103
10	249	node98	47	3319	249	node98	1197	58905	10	103
11	250	node99	279	16784	250	node99	503	32032	10	103
12	251	node100	813	30641	251	node100	121	4433	10	103
13	252	node101	319	7152	252	node101	201	6148	10	103
14	253	node102	42	904	253	node102	572	19982	10	103
15	254	node103	83	2236	254	node103	59	5490	10	103
16	255	node104	269	4727	255	node104	142	7633	10	103
17	256	node105	174	1555	256	node105	1019	53769	10	103
18	261	node110	100	928	261	node110	187	5520	10	103
19	262	node111	117	593	262	node111	238	20391	10	103
20	263	node112	22	217	263	node112	292	13593	10	103
21	264	node113	79	389	264	node113	43	391	10	103
22	268	node117	12	32	268	node117	332	12048	10	103
23	269	node118	45	129	269	node118	491	21065	10	103
24	103	Cpic	10	28	103	Cpic	318	16238	10	103
1	10000001	root	7204	1882677	NA	NA	NA	NA	10	104
2	152	node1	2647	391089	NA	NA	NA	NA	10	104
3	154	node3	667	99502	154	node3	51	441	10	104
4	155	node4	515	51497	155	node4	20	120	10	104
5	156	node5	2349	135569	156	node5	14	94	10	104
6	157	node6	666	31539	157	node6	241	1947	10	104
7	158	node7	4311	138045	158	node7	42	325	10	104
8	247	node96	200	7261	247	node96	3997	82849	10	104
9	248	node97	78	3744	248	node97	2046	53393	10	104
10	249	node98	47	3319	249	node98	1197	58905	10	104
11	250	node99	279	16784	250	node99	503	32032	10	104
12	251	node100	813	30641	251	node100	121	4433	10	104
13	252	node101	319	7152	252	node101	201	6148	10	104
14	253	node102	42	904	253	node102	572	19982	10	104
15	254	node103	83	2236	254	node103	59	5490	10	104
16	255	node104	269	4727	255	node104	142	7633	10	104
17	256	node105	174	1555	256	node105	1019	53769	10	104
18	261	node110	100	928	261	node110	187	5520	10	104
19	262	node111	117	593	262	node111	238	20391	10	104
20	263	node112	22	217	263	node112	292	13593	10	104
21	104	Psin	7	49	104	Psin	1983	134611	10	104
1	10000001	root	7204	1882677	NA	NA	NA	NA	10	105
2	152	node1	2647	391089	NA	NA	NA	NA	10	105
3	154	node3	667	99502	154	node3	51	441	10	105
4	155	node4	515	51497	155	node4	20	120	10	105
5	156	node5	2349	135569	156	node5	14	94	10	105
6	157	node6	666	31539	157	node6	241	1947	10	105
7	158	node7	4311	138045	158	node7	42	325	10	105
8	247	node96	200	7261	247	node96	3997	82849	10	105
9	248	node97	78	3744	248	node97	2046	53393	10	105
10	249	node98	47	3319	249	node98	1197	58905	10	105
11	250	node99	279	16784	250	node99	503	32032	10	105
12	251	node100	813	30641	251	node100	121	4433	10	105
13	252	node101	319	7152	252	node101	201	6148	10	105
14	253	node102	42	904	253	node102	572	19982	10	105
15	254	node103	83	2236	254	node103	59	5490	10	105
16	255	node104	269	4727	255	node104	142	7633	10	105
17	256	node105	174	1555	256	node105	1019	53769	10	105
18	261	node110	100	928	261	node110	187	5520	10	105
19	262	node111	117	593	262	node111	238	20391	10	105
20	270	node119	12	48	270	node119	700	27214	10	105
21	271	node120	30	193	271	node120	192	5663	10	105
22	272	node121	60	360	272	node121	220	7099	10	105
23	105	Amis	147	794	105	Amis	474	49748	10	105
1	10000001	root	7204	1882677	NA	NA	NA	NA	10	106
2	152	node1	2647	391089	NA	NA	NA	NA	10	106
3	154	node3	667	99502	154	node3	51	441	10	106
4	155	node4	515	51497	155	node4	20	120	10	106
5	156	node5	2349	135569	156	node5	14	94	10	106
6	157	node6	666	31539	157	node6	241	1947	10	106
7	158	node7	4311	138045	158	node7	42	325	10	106
8	247	node96	200	7261	247	node96	3997	82849	10	106
9	248	node97	78	3744	248	node97	2046	53393	10	106
10	249	node98	47	3319	249	node98	1197	58905	10	106
11	250	node99	279	16784	250	node99	503	32032	10	106
12	251	node100	813	30641	251	node100	121	4433	10	106
13	252	node101	319	7152	252	node101	201	6148	10	106
14	253	node102	42	904	253	node102	572	19982	10	106
15	254	node103	83	2236	254	node103	59	5490	10	106
16	255	node104	269	4727	255	node104	142	7633	10	106
17	256	node105	174	1555	256	node105	1019	53769	10	106
18	261	node110	100	928	261	node110	187	5520	10	106
19	262	node111	117	593	262	node111	238	20391	10	106
20	270	node119	12	48	270	node119	700	27214	10	106
21	271	node120	30	193	271	node120	192	5663	10	106
22	272	node121	60	360	272	node121	220	7099	10	106
23	106	Asin	7	27	106	Asin	477	33467	10	106
1	10000001	root	7204	1882677	NA	NA	NA	NA	10	107
2	152	node1	2647	391089	NA	NA	NA	NA	10	107
3	154	node3	667	99502	154	node3	51	441	10	107
4	155	node4	515	51497	155	node4	20	120	10	107
5	156	node5	2349	135569	156	node5	14	94	10	107
6	157	node6	666	31539	157	node6	241	1947	10	107
7	158	node7	4311	138045	158	node7	42	325	10	107
8	247	node96	200	7261	247	node96	3997	82849	10	107
9	248	node97	78	3744	248	node97	2046	53393	10	107
10	249	node98	47	3319	249	node98	1197	58905	10	107
11	250	node99	279	16784	250	node99	503	32032	10	107
12	251	node100	813	30641	251	node100	121	4433	10	107
13	252	node101	319	7152	252	node101	201	6148	10	107
14	253	node102	42	904	253	node102	572	19982	10	107
15	254	node103	83	2236	254	node103	59	5490	10	107
16	255	node104	269	4727	255	node104	142	7633	10	107
17	256	node105	174	1555	256	node105	1019	53769	10	107
18	261	node110	100	928	261	node110	187	5520	10	107
19	262	node111	117	593	262	node111	238	20391	10	107
20	270	node119	12	48	270	node119	700	27214	10	107
21	271	node120	30	193	271	node120	192	5663	10	107
22	273	node122	0	0	273	node122	1068	111646	10	107
23	107	Ggan	0	0	107	Ggan	520	60463	10	107
1	10000001	root	7204	1882677	NA	NA	NA	NA	10	108
2	152	node1	2647	391089	NA	NA	NA	NA	10	108
3	154	node3	667	99502	154	node3	51	441	10	108
4	155	node4	515	51497	155	node4	20	120	10	108
5	156	node5	2349	135569	156	node5	14	94	10	108
6	157	node6	666	31539	157	node6	241	1947	10	108
7	158	node7	4311	138045	158	node7	42	325	10	108
8	247	node96	200	7261	247	node96	3997	82849	10	108
9	248	node97	78	3744	248	node97	2046	53393	10	108
10	249	node98	47	3319	249	node98	1197	58905	10	108
11	250	node99	279	16784	250	node99	503	32032	10	108
12	251	node100	813	30641	251	node100	121	4433	10	108
13	252	node101	319	7152	252	node101	201	6148	10	108
14	253	node102	42	904	253	node102	572	19982	10	108
15	254	node103	83	2236	254	node103	59	5490	10	108
16	255	node104	269	4727	255	node104	142	7633	10	108
17	256	node105	174	1555	256	node105	1019	53769	10	108
18	261	node110	100	928	261	node110	187	5520	10	108
19	262	node111	117	593	262	node111	238	20391	10	108
20	270	node119	12	48	270	node119	700	27214	10	108
21	271	node120	30	193	271	node120	192	5663	10	108
22	273	node122	0	0	273	node122	1068	111646	10	108
23	108	Cpor	2	5	108	Cpor	460	47893	10	108
1	10000001	root	7204	1882677	NA	NA	NA	NA	10	109
2	152	node1	2647	391089	NA	NA	NA	NA	10	109
3	154	node3	667	99502	154	node3	51	441	10	109
4	155	node4	515	51497	155	node4	20	120	10	109
5	156	node5	2349	135569	156	node5	14	94	10	109
6	157	node6	666	31539	157	node6	241	1947	10	109
7	158	node7	4311	138045	158	node7	42	325	10	109
8	247	node96	200	7261	247	node96	3997	82849	10	109
9	248	node97	78	3744	248	node97	2046	53393	10	109
10	249	node98	47	3319	249	node98	1197	58905	10	109
11	250	node99	279	16784	250	node99	503	32032	10	109
12	251	node100	813	30641	251	node100	121	4433	10	109
13	252	node101	319	7152	252	node101	201	6148	10	109
14	253	node102	42	904	253	node102	572	19982	10	109
15	254	node103	83	2236	254	node103	59	5490	10	109
16	255	node104	269	4727	255	node104	142	7633	10	109
17	256	node105	174	1555	256	node105	1019	53769	10	109
18	261	node110	100	928	261	node110	187	5520	10	109
19	262	node111	117	593	262	node111	238	20391	10	109
20	270	node119	12	48	270	node119	700	27214	10	109
21	274	node123	18	73	274	node123	1051	83661	10	109
22	109	Tgut	18	63	109	Tgut	500	63517	10	109
1	10000001	root	7204	1882677	NA	NA	NA	NA	10	110
2	152	node1	2647	391089	NA	NA	NA	NA	10	110
3	154	node3	667	99502	154	node3	51	441	10	110
4	155	node4	515	51497	155	node4	20	120	10	110
5	156	node5	2349	135569	156	node5	14	94	10	110
6	157	node6	666	31539	157	node6	241	1947	10	110
7	158	node7	4311	138045	158	node7	42	325	10	110
8	247	node96	200	7261	247	node96	3997	82849	10	110
9	248	node97	78	3744	248	node97	2046	53393	10	110
10	249	node98	47	3319	249	node98	1197	58905	10	110
11	250	node99	279	16784	250	node99	503	32032	10	110
12	251	node100	813	30641	251	node100	121	4433	10	110
13	252	node101	319	7152	252	node101	201	6148	10	110
14	253	node102	42	904	253	node102	572	19982	10	110
15	254	node103	83	2236	254	node103	59	5490	10	110
16	255	node104	269	4727	255	node104	142	7633	10	110
17	256	node105	174	1555	256	node105	1019	53769	10	110
18	261	node110	100	928	261	node110	187	5520	10	110
19	262	node111	117	593	262	node111	238	20391	10	110
20	270	node119	12	48	270	node119	700	27214	10	110
21	274	node123	18	73	274	node123	1051	83661	10	110
22	110	Ggal	33	239	110	Ggal	370	45870	10	110
1	10000001	root	7204	1882677	NA	NA	NA	NA	10	111
2	152	node1	2647	391089	NA	NA	NA	NA	10	111
3	154	node3	667	99502	154	node3	51	441	10	111
4	155	node4	515	51497	155	node4	20	120	10	111
5	156	node5	2349	135569	156	node5	14	94	10	111
6	157	node6	666	31539	157	node6	241	1947	10	111
7	158	node7	4311	138045	158	node7	42	325	10	111
8	247	node96	200	7261	247	node96	3997	82849	10	111
9	248	node97	78	3744	248	node97	2046	53393	10	111
10	249	node98	47	3319	249	node98	1197	58905	10	111
11	250	node99	279	16784	250	node99	503	32032	10	111
12	251	node100	813	30641	251	node100	121	4433	10	111
13	252	node101	319	7152	252	node101	201	6148	10	111
14	253	node102	42	904	253	node102	572	19982	10	111
15	254	node103	83	2236	254	node103	59	5490	10	111
16	255	node104	269	4727	255	node104	142	7633	10	111
17	256	node105	174	1555	256	node105	1019	53769	10	111
18	261	node110	100	928	261	node110	187	5520	10	111
19	275	node124	31	487	275	node124	1091	35074	10	111
20	111	Emac	30	288	111	Emac	607	41058	10	111
1	10000001	root	7204	1882677	NA	NA	NA	NA	10	112
2	152	node1	2647	391089	NA	NA	NA	NA	10	112
3	154	node3	667	99502	154	node3	51	441	10	112
4	155	node4	515	51497	155	node4	20	120	10	112
5	156	node5	2349	135569	156	node5	14	94	10	112
6	157	node6	666	31539	157	node6	241	1947	10	112
7	158	node7	4311	138045	158	node7	42	325	10	112
8	247	node96	200	7261	247	node96	3997	82849	10	112
9	248	node97	78	3744	248	node97	2046	53393	10	112
10	249	node98	47	3319	249	node98	1197	58905	10	112
11	250	node99	279	16784	250	node99	503	32032	10	112
12	251	node100	813	30641	251	node100	121	4433	10	112
13	252	node101	319	7152	252	node101	201	6148	10	112
14	253	node102	42	904	253	node102	572	19982	10	112
15	254	node103	83	2236	254	node103	59	5490	10	112
16	255	node104	269	4727	255	node104	142	7633	10	112
17	256	node105	174	1555	256	node105	1019	53769	10	112
18	261	node110	100	928	261	node110	187	5520	10	112
19	275	node124	31	487	275	node124	1091	35074	10	112
20	276	node125	9	49	276	node125	155	10730	10	112
21	112	Ctig	53	462	112	Ctig	501	49908	10	112
1	10000001	root	7204	1882677	NA	NA	NA	NA	10	113
2	152	node1	2647	391089	NA	NA	NA	NA	10	113
3	154	node3	667	99502	154	node3	51	441	10	113
4	155	node4	515	51497	155	node4	20	120	10	113
5	156	node5	2349	135569	156	node5	14	94	10	113
6	157	node6	666	31539	157	node6	241	1947	10	113
7	158	node7	4311	138045	158	node7	42	325	10	113
8	247	node96	200	7261	247	node96	3997	82849	10	113
9	248	node97	78	3744	248	node97	2046	53393	10	113
10	249	node98	47	3319	249	node98	1197	58905	10	113
11	250	node99	279	16784	250	node99	503	32032	10	113
12	251	node100	813	30641	251	node100	121	4433	10	113
13	252	node101	319	7152	252	node101	201	6148	10	113
14	253	node102	42	904	253	node102	572	19982	10	113
15	254	node103	83	2236	254	node103	59	5490	10	113
16	255	node104	269	4727	255	node104	142	7633	10	113
17	256	node105	174	1555	256	node105	1019	53769	10	113
18	261	node110	100	928	261	node110	187	5520	10	113
19	275	node124	31	487	275	node124	1091	35074	10	113
20	276	node125	9	49	276	node125	155	10730	10	113
21	113	Acar	50	779	113	Acar	853	86083	10	113
1	10000001	root	7204	1882677	NA	NA	NA	NA	10	114
2	152	node1	2647	391089	NA	NA	NA	NA	10	114
3	154	node3	667	99502	154	node3	51	441	10	114
4	155	node4	515	51497	155	node4	20	120	10	114
5	156	node5	2349	135569	156	node5	14	94	10	114
6	157	node6	666	31539	157	node6	241	1947	10	114
7	158	node7	4311	138045	158	node7	42	325	10	114
8	247	node96	200	7261	247	node96	3997	82849	10	114
9	248	node97	78	3744	248	node97	2046	53393	10	114
10	249	node98	47	3319	249	node98	1197	58905	10	114
11	250	node99	279	16784	250	node99	503	32032	10	114
12	251	node100	813	30641	251	node100	121	4433	10	114
13	252	node101	319	7152	252	node101	201	6148	10	114
14	253	node102	42	904	253	node102	572	19982	10	114
15	254	node103	83	2236	254	node103	59	5490	10	114
16	255	node104	269	4727	255	node104	142	7633	10	114
17	277	node126	67	2253	277	node126	938	22369	10	114
18	278	node127	81	686	278	node127	1337	65730	10	114
19	114	Rbiv	37	164	114	Rbiv	287	40571	10	114
1	10000001	root	7204	1882677	NA	NA	NA	NA	10	115
2	152	node1	2647	391089	NA	NA	NA	NA	10	115
3	154	node3	667	99502	154	node3	51	441	10	115
4	155	node4	515	51497	155	node4	20	120	10	115
5	156	node5	2349	135569	156	node5	14	94	10	115
6	157	node6	666	31539	157	node6	241	1947	10	115
7	158	node7	4311	138045	158	node7	42	325	10	115
8	247	node96	200	7261	247	node96	3997	82849	10	115
9	248	node97	78	3744	248	node97	2046	53393	10	115
10	249	node98	47	3319	249	node98	1197	58905	10	115
11	250	node99	279	16784	250	node99	503	32032	10	115
12	251	node100	813	30641	251	node100	121	4433	10	115
13	252	node101	319	7152	252	node101	201	6148	10	115
14	253	node102	42	904	253	node102	572	19982	10	115
15	254	node103	83	2236	254	node103	59	5490	10	115
16	255	node104	269	4727	255	node104	142	7633	10	115
17	277	node126	67	2253	277	node126	938	22369	10	115
18	278	node127	81	686	278	node127	1337	65730	10	115
19	279	node128	29	127	279	node128	223	17812	10	115
20	115	Gser	18	253	115	Gser	244	26539	10	115
1	10000001	root	7204	1882677	NA	NA	NA	NA	10	116
2	152	node1	2647	391089	NA	NA	NA	NA	10	116
3	154	node3	667	99502	154	node3	51	441	10	116
4	155	node4	515	51497	155	node4	20	120	10	116
5	156	node5	2349	135569	156	node5	14	94	10	116
6	157	node6	666	31539	157	node6	241	1947	10	116
7	158	node7	4311	138045	158	node7	42	325	10	116
8	247	node96	200	7261	247	node96	3997	82849	10	116
9	248	node97	78	3744	248	node97	2046	53393	10	116
10	249	node98	47	3319	249	node98	1197	58905	10	116
11	250	node99	279	16784	250	node99	503	32032	10	116
12	251	node100	813	30641	251	node100	121	4433	10	116
13	252	node101	319	7152	252	node101	201	6148	10	116
14	253	node102	42	904	253	node102	572	19982	10	116
15	254	node103	83	2236	254	node103	59	5490	10	116
16	255	node104	269	4727	255	node104	142	7633	10	116
17	277	node126	67	2253	277	node126	938	22369	10	116
18	278	node127	81	686	278	node127	1337	65730	10	116
19	279	node128	29	127	279	node128	223	17812	10	116
20	116	Muni	17	175	116	Muni	194	23989	10	116
1	10000001	root	7204	1882677	NA	NA	NA	NA	10	117
2	152	node1	2647	391089	NA	NA	NA	NA	10	117
3	154	node3	667	99502	154	node3	51	441	10	117
4	155	node4	515	51497	155	node4	20	120	10	117
5	156	node5	2349	135569	156	node5	14	94	10	117
6	157	node6	666	31539	157	node6	241	1947	10	117
7	158	node7	4311	138045	158	node7	42	325	10	117
8	247	node96	200	7261	247	node96	3997	82849	10	117
9	248	node97	78	3744	248	node97	2046	53393	10	117
10	249	node98	47	3319	249	node98	1197	58905	10	117
11	250	node99	279	16784	250	node99	503	32032	10	117
12	251	node100	813	30641	251	node100	121	4433	10	117
13	252	node101	319	7152	252	node101	201	6148	10	117
14	253	node102	42	904	253	node102	572	19982	10	117
15	254	node103	83	2236	254	node103	59	5490	10	117
16	255	node104	269	4727	255	node104	142	7633	10	117
17	277	node126	67	2253	277	node126	938	22369	10	117
18	280	node129	48	1204	280	node129	169	10228	10	117
19	281	node130	86	1143	281	node130	759	37334	10	117
20	117	Bbom	67	426	117	Bbom	962	65625	10	117
1	10000001	root	7204	1882677	NA	NA	NA	NA	10	118
2	152	node1	2647	391089	NA	NA	NA	NA	10	118
3	154	node3	667	99502	154	node3	51	441	10	118
4	155	node4	515	51497	155	node4	20	120	10	118
5	156	node5	2349	135569	156	node5	14	94	10	118
6	157	node6	666	31539	157	node6	241	1947	10	118
7	158	node7	4311	138045	158	node7	42	325	10	118
8	247	node96	200	7261	247	node96	3997	82849	10	118
9	248	node97	78	3744	248	node97	2046	53393	10	118
10	249	node98	47	3319	249	node98	1197	58905	10	118
11	250	node99	279	16784	250	node99	503	32032	10	118
12	251	node100	813	30641	251	node100	121	4433	10	118
13	252	node101	319	7152	252	node101	201	6148	10	118
14	253	node102	42	904	253	node102	572	19982	10	118
15	254	node103	83	2236	254	node103	59	5490	10	118
16	255	node104	269	4727	255	node104	142	7633	10	118
17	277	node126	67	2253	277	node126	938	22369	10	118
18	280	node129	48	1204	280	node129	169	10228	10	118
19	281	node130	86	1143	281	node130	759	37334	10	118
20	282	node131	55	470	282	node131	98	3727	10	118
21	283	node132	162	716	283	node132	486	27635	10	118
22	118	Xtro	67	337	118	Xtro	243	25987	10	118
1	10000001	root	7204	1882677	NA	NA	NA	NA	10	119
2	152	node1	2647	391089	NA	NA	NA	NA	10	119
3	154	node3	667	99502	154	node3	51	441	10	119
4	155	node4	515	51497	155	node4	20	120	10	119
5	156	node5	2349	135569	156	node5	14	94	10	119
6	157	node6	666	31539	157	node6	241	1947	10	119
7	158	node7	4311	138045	158	node7	42	325	10	119
8	247	node96	200	7261	247	node96	3997	82849	10	119
9	248	node97	78	3744	248	node97	2046	53393	10	119
10	249	node98	47	3319	249	node98	1197	58905	10	119
11	250	node99	279	16784	250	node99	503	32032	10	119
12	251	node100	813	30641	251	node100	121	4433	10	119
13	252	node101	319	7152	252	node101	201	6148	10	119
14	253	node102	42	904	253	node102	572	19982	10	119
15	254	node103	83	2236	254	node103	59	5490	10	119
16	255	node104	269	4727	255	node104	142	7633	10	119
17	277	node126	67	2253	277	node126	938	22369	10	119
18	280	node129	48	1204	280	node129	169	10228	10	119
19	281	node130	86	1143	281	node130	759	37334	10	119
20	282	node131	55	470	282	node131	98	3727	10	119
21	283	node132	162	716	283	node132	486	27635	10	119
22	119	Xlae	166	1044	119	Xlae	141	5362	10	119
1	10000001	root	7204	1882677	NA	NA	NA	NA	10	120
2	152	node1	2647	391089	NA	NA	NA	NA	10	120
3	154	node3	667	99502	154	node3	51	441	10	120
4	155	node4	515	51497	155	node4	20	120	10	120
5	156	node5	2349	135569	156	node5	14	94	10	120
6	157	node6	666	31539	157	node6	241	1947	10	120
7	158	node7	4311	138045	158	node7	42	325	10	120
8	247	node96	200	7261	247	node96	3997	82849	10	120
9	248	node97	78	3744	248	node97	2046	53393	10	120
10	249	node98	47	3319	249	node98	1197	58905	10	120
11	250	node99	279	16784	250	node99	503	32032	10	120
12	251	node100	813	30641	251	node100	121	4433	10	120
13	252	node101	319	7152	252	node101	201	6148	10	120
14	253	node102	42	904	253	node102	572	19982	10	120
15	254	node103	83	2236	254	node103	59	5490	10	120
16	255	node104	269	4727	255	node104	142	7633	10	120
17	277	node126	67	2253	277	node126	938	22369	10	120
18	280	node129	48	1204	280	node129	169	10228	10	120
19	281	node130	86	1143	281	node130	759	37334	10	120
20	282	node131	55	470	282	node131	98	3727	10	120
21	284	node133	13	94	284	node133	267	11840	10	120
22	285	node134	24	90	285	node134	128	6846	10	120
23	286	node135	47	248	286	node135	177	17546	10	120
24	120	Npar	3	13	120	Npar	675	61893	10	120
1	10000001	root	7204	1882677	NA	NA	NA	NA	10	121
2	152	node1	2647	391089	NA	NA	NA	NA	10	121
3	154	node3	667	99502	154	node3	51	441	10	121
4	155	node4	515	51497	155	node4	20	120	10	121
5	156	node5	2349	135569	156	node5	14	94	10	121
6	157	node6	666	31539	157	node6	241	1947	10	121
7	158	node7	4311	138045	158	node7	42	325	10	121
8	247	node96	200	7261	247	node96	3997	82849	10	121
9	248	node97	78	3744	248	node97	2046	53393	10	121
10	249	node98	47	3319	249	node98	1197	58905	10	121
11	250	node99	279	16784	250	node99	503	32032	10	121
12	251	node100	813	30641	251	node100	121	4433	10	121
13	252	node101	319	7152	252	node101	201	6148	10	121
14	253	node102	42	904	253	node102	572	19982	10	121
15	254	node103	83	2236	254	node103	59	5490	10	121
16	255	node104	269	4727	255	node104	142	7633	10	121
17	277	node126	67	2253	277	node126	938	22369	10	121
18	280	node129	48	1204	280	node129	169	10228	10	121
19	281	node130	86	1143	281	node130	759	37334	10	121
20	282	node131	55	470	282	node131	98	3727	10	121
21	284	node133	13	94	284	node133	267	11840	10	121
22	285	node134	24	90	285	node134	128	6846	10	121
23	286	node135	47	248	286	node135	177	17546	10	121
24	121	Rtem	102	511	121	Rtem	205	18382	10	121
1	10000001	root	7204	1882677	NA	NA	NA	NA	10	122
2	152	node1	2647	391089	NA	NA	NA	NA	10	122
3	154	node3	667	99502	154	node3	51	441	10	122
4	155	node4	515	51497	155	node4	20	120	10	122
5	156	node5	2349	135569	156	node5	14	94	10	122
6	157	node6	666	31539	157	node6	241	1947	10	122
7	158	node7	4311	138045	158	node7	42	325	10	122
8	247	node96	200	7261	247	node96	3997	82849	10	122
9	248	node97	78	3744	248	node97	2046	53393	10	122
10	249	node98	47	3319	249	node98	1197	58905	10	122
11	250	node99	279	16784	250	node99	503	32032	10	122
12	251	node100	813	30641	251	node100	121	4433	10	122
13	252	node101	319	7152	252	node101	201	6148	10	122
14	253	node102	42	904	253	node102	572	19982	10	122
15	254	node103	83	2236	254	node103	59	5490	10	122
16	255	node104	269	4727	255	node104	142	7633	10	122
17	277	node126	67	2253	277	node126	938	22369	10	122
18	280	node129	48	1204	280	node129	169	10228	10	122
19	281	node130	86	1143	281	node130	759	37334	10	122
20	282	node131	55	470	282	node131	98	3727	10	122
21	284	node133	13	94	284	node133	267	11840	10	122
22	285	node134	24	90	285	node134	128	6846	10	122
23	122	Bbuf	41	255	122	Bbuf	552	37048	10	122
1	10000001	root	7204	1882677	NA	NA	NA	NA	10	123
2	152	node1	2647	391089	NA	NA	NA	NA	10	123
3	154	node3	667	99502	154	node3	51	441	10	123
4	155	node4	515	51497	155	node4	20	120	10	123
5	156	node5	2349	135569	156	node5	14	94	10	123
6	157	node6	666	31539	157	node6	241	1947	10	123
7	158	node7	4311	138045	158	node7	42	325	10	123
8	247	node96	200	7261	247	node96	3997	82849	10	123
9	248	node97	78	3744	248	node97	2046	53393	10	123
10	249	node98	47	3319	249	node98	1197	58905	10	123
11	250	node99	279	16784	250	node99	503	32032	10	123
12	251	node100	813	30641	251	node100	121	4433	10	123
13	252	node101	319	7152	252	node101	201	6148	10	123
14	253	node102	42	904	253	node102	572	19982	10	123
15	254	node103	83	2236	254	node103	59	5490	10	123
16	255	node104	269	4727	255	node104	142	7633	10	123
17	277	node126	67	2253	277	node126	938	22369	10	123
18	280	node129	48	1204	280	node129	169	10228	10	123
19	281	node130	86	1143	281	node130	759	37334	10	123
20	282	node131	55	470	282	node131	98	3727	10	123
21	284	node133	13	94	284	node133	267	11840	10	123
22	123	Sbom	19	54	123	Sbom	675	60750	10	123
1	10000001	root	7204	1882677	NA	NA	NA	NA	10	124
2	152	node1	2647	391089	NA	NA	NA	NA	10	124
3	154	node3	667	99502	154	node3	51	441	10	124
4	155	node4	515	51497	155	node4	20	120	10	124
5	156	node5	2349	135569	156	node5	14	94	10	124
6	157	node6	666	31539	157	node6	241	1947	10	124
7	158	node7	4311	138045	158	node7	42	325	10	124
8	247	node96	200	7261	247	node96	3997	82849	10	124
9	248	node97	78	3744	248	node97	2046	53393	10	124
10	249	node98	47	3319	249	node98	1197	58905	10	124
11	250	node99	279	16784	250	node99	503	32032	10	124
12	251	node100	813	30641	251	node100	121	4433	10	124
13	252	node101	319	7152	252	node101	201	6148	10	124
14	253	node102	42	904	253	node102	572	19982	10	124
15	254	node103	83	2236	254	node103	59	5490	10	124
16	255	node104	269	4727	255	node104	142	7633	10	124
17	277	node126	67	2253	277	node126	938	22369	10	124
18	280	node129	48	1204	280	node129	169	10228	10	124
19	124	Pwal	6872	65525	124	Pwal	899	64822	10	124
1	10000001	root	7204	1882677	NA	NA	NA	NA	10	125
2	152	node1	2647	391089	NA	NA	NA	NA	10	125
3	154	node3	667	99502	154	node3	51	441	10	125
4	155	node4	515	51497	155	node4	20	120	10	125
5	156	node5	2349	135569	156	node5	14	94	10	125
6	157	node6	666	31539	157	node6	241	1947	10	125
7	158	node7	4311	138045	158	node7	42	325	10	125
8	247	node96	200	7261	247	node96	3997	82849	10	125
9	248	node97	78	3744	248	node97	2046	53393	10	125
10	249	node98	47	3319	249	node98	1197	58905	10	125
11	250	node99	279	16784	250	node99	503	32032	10	125
12	251	node100	813	30641	251	node100	121	4433	10	125
13	252	node101	319	7152	252	node101	201	6148	10	125
14	253	node102	42	904	253	node102	572	19982	10	125
15	254	node103	83	2236	254	node103	59	5490	10	125
16	125	Pann	102	605	125	Pann	2421	127063	10	125
1	10000001	root	7204	1882677	NA	NA	NA	NA	10	126
2	152	node1	2647	391089	NA	NA	NA	NA	10	126
3	154	node3	667	99502	154	node3	51	441	10	126
4	155	node4	515	51497	155	node4	20	120	10	126
5	156	node5	2349	135569	156	node5	14	94	10	126
6	157	node6	666	31539	157	node6	241	1947	10	126
7	158	node7	4311	138045	158	node7	42	325	10	126
8	247	node96	200	7261	247	node96	3997	82849	10	126
9	248	node97	78	3744	248	node97	2046	53393	10	126
10	249	node98	47	3319	249	node98	1197	58905	10	126
11	250	node99	279	16784	250	node99	503	32032	10	126
12	251	node100	813	30641	251	node100	121	4433	10	126
13	252	node101	319	7152	252	node101	201	6148	10	126
14	253	node102	42	904	253	node102	572	19982	10	126
15	126	Lcha	4	51	126	Lcha	2957	159956	10	126
1	10000001	root	7204	1882677	NA	NA	NA	NA	10	127
2	152	node1	2647	391089	NA	NA	NA	NA	10	127
3	154	node3	667	99502	154	node3	51	441	10	127
4	155	node4	515	51497	155	node4	20	120	10	127
5	156	node5	2349	135569	156	node5	14	94	10	127
6	157	node6	666	31539	157	node6	241	1947	10	127
7	158	node7	4311	138045	158	node7	42	325	10	127
8	247	node96	200	7261	247	node96	3997	82849	10	127
9	248	node97	78	3744	248	node97	2046	53393	10	127
10	249	node98	47	3319	249	node98	1197	58905	10	127
11	250	node99	279	16784	250	node99	503	32032	10	127
12	251	node100	813	30641	251	node100	121	4433	10	127
13	252	node101	319	7152	252	node101	201	6148	10	127
14	287	node136	291	2735	287	node136	1905	87644	10	127
15	288	node137	175	1439	288	node137	302	21291	10	127
16	289	node138	13	58	289	node138	306	12920	10	127
17	127	Sorb	28	89	127	Sorb	1078	73962	10	127
1	10000001	root	7204	1882677	NA	NA	NA	NA	10	128
2	152	node1	2647	391089	NA	NA	NA	NA	10	128
3	154	node3	667	99502	154	node3	51	441	10	128
4	155	node4	515	51497	155	node4	20	120	10	128
5	156	node5	2349	135569	156	node5	14	94	10	128
6	157	node6	666	31539	157	node6	241	1947	10	128
7	158	node7	4311	138045	158	node7	42	325	10	128
8	247	node96	200	7261	247	node96	3997	82849	10	128
9	248	node97	78	3744	248	node97	2046	53393	10	128
10	249	node98	47	3319	249	node98	1197	58905	10	128
11	250	node99	279	16784	250	node99	503	32032	10	128
12	251	node100	813	30641	251	node100	121	4433	10	128
13	252	node101	319	7152	252	node101	201	6148	10	128
14	287	node136	291	2735	287	node136	1905	87644	10	128
15	288	node137	175	1439	288	node137	302	21291	10	128
16	289	node138	13	58	289	node138	306	12920	10	128
17	290	node139	210	892	290	node139	273	15234	10	128
18	291	node140	64	217	291	node140	127	10395	10	128
19	128	Pmag	7	22	128	Pmag	683	40318	10	128
1	10000001	root	7204	1882677	NA	NA	NA	NA	10	129
2	152	node1	2647	391089	NA	NA	NA	NA	10	129
3	154	node3	667	99502	154	node3	51	441	10	129
4	155	node4	515	51497	155	node4	20	120	10	129
5	156	node5	2349	135569	156	node5	14	94	10	129
6	157	node6	666	31539	157	node6	241	1947	10	129
7	158	node7	4311	138045	158	node7	42	325	10	129
8	247	node96	200	7261	247	node96	3997	82849	10	129
9	248	node97	78	3744	248	node97	2046	53393	10	129
10	249	node98	47	3319	249	node98	1197	58905	10	129
11	250	node99	279	16784	250	node99	503	32032	10	129
12	251	node100	813	30641	251	node100	121	4433	10	129
13	252	node101	319	7152	252	node101	201	6148	10	129
14	287	node136	291	2735	287	node136	1905	87644	10	129
15	288	node137	175	1439	288	node137	302	21291	10	129
16	289	node138	13	58	289	node138	306	12920	10	129
17	290	node139	210	892	290	node139	273	15234	10	129
18	291	node140	64	217	291	node140	127	10395	10	129
19	129	Pmod	325	1042	129	Pmod	358	38984	10	129
1	10000001	root	7204	1882677	NA	NA	NA	NA	10	130
2	152	node1	2647	391089	NA	NA	NA	NA	10	130
3	154	node3	667	99502	154	node3	51	441	10	130
4	155	node4	515	51497	155	node4	20	120	10	130
5	156	node5	2349	135569	156	node5	14	94	10	130
6	157	node6	666	31539	157	node6	241	1947	10	130
7	158	node7	4311	138045	158	node7	42	325	10	130
8	247	node96	200	7261	247	node96	3997	82849	10	130
9	248	node97	78	3744	248	node97	2046	53393	10	130
10	249	node98	47	3319	249	node98	1197	58905	10	130
11	250	node99	279	16784	250	node99	503	32032	10	130
12	251	node100	813	30641	251	node100	121	4433	10	130
13	252	node101	319	7152	252	node101	201	6148	10	130
14	287	node136	291	2735	287	node136	1905	87644	10	130
15	288	node137	175	1439	288	node137	302	21291	10	130
16	289	node138	13	58	289	node138	306	12920	10	130
17	290	node139	210	892	290	node139	273	15234	10	130
18	130	Bpec	21	70	130	Bpec	665	39103	10	130
1	10000001	root	7204	1882677	NA	NA	NA	NA	10	131
2	152	node1	2647	391089	NA	NA	NA	NA	10	131
3	154	node3	667	99502	154	node3	51	441	10	131
4	155	node4	515	51497	155	node4	20	120	10	131
5	156	node5	2349	135569	156	node5	14	94	10	131
6	157	node6	666	31539	157	node6	241	1947	10	131
7	158	node7	4311	138045	158	node7	42	325	10	131
8	247	node96	200	7261	247	node96	3997	82849	10	131
9	248	node97	78	3744	248	node97	2046	53393	10	131
10	249	node98	47	3319	249	node98	1197	58905	10	131
11	250	node99	279	16784	250	node99	503	32032	10	131
12	251	node100	813	30641	251	node100	121	4433	10	131
13	252	node101	319	7152	252	node101	201	6148	10	131
14	287	node136	291	2735	287	node136	1905	87644	10	131
15	288	node137	175	1439	288	node137	302	21291	10	131
16	292	node141	6	23	292	node141	745	31569	10	131
17	131	Trub	27	103	131	Trub	970	107887	10	131
1	10000001	root	7204	1882677	NA	NA	NA	NA	10	132
2	152	node1	2647	391089	NA	NA	NA	NA	10	132
3	154	node3	667	99502	154	node3	51	441	10	132
4	155	node4	515	51497	155	node4	20	120	10	132
5	156	node5	2349	135569	156	node5	14	94	10	132
6	157	node6	666	31539	157	node6	241	1947	10	132
7	158	node7	4311	138045	158	node7	42	325	10	132
8	247	node96	200	7261	247	node96	3997	82849	10	132
9	248	node97	78	3744	248	node97	2046	53393	10	132
10	249	node98	47	3319	249	node98	1197	58905	10	132
11	250	node99	279	16784	250	node99	503	32032	10	132
12	251	node100	813	30641	251	node100	121	4433	10	132
13	252	node101	319	7152	252	node101	201	6148	10	132
14	287	node136	291	2735	287	node136	1905	87644	10	132
15	288	node137	175	1439	288	node137	302	21291	10	132
16	292	node141	6	23	292	node141	745	31569	10	132
17	293	node142	13	131	293	node142	127	5554	10	132
18	132	Onil	65	425	132	Onil	349	24070	10	132
1	10000001	root	7204	1882677	NA	NA	NA	NA	10	133
2	152	node1	2647	391089	NA	NA	NA	NA	10	133
3	154	node3	667	99502	154	node3	51	441	10	133
4	155	node4	515	51497	155	node4	20	120	10	133
5	156	node5	2349	135569	156	node5	14	94	10	133
6	157	node6	666	31539	157	node6	241	1947	10	133
7	158	node7	4311	138045	158	node7	42	325	10	133
8	247	node96	200	7261	247	node96	3997	82849	10	133
9	248	node97	78	3744	248	node97	2046	53393	10	133
10	249	node98	47	3319	249	node98	1197	58905	10	133
11	250	node99	279	16784	250	node99	503	32032	10	133
12	251	node100	813	30641	251	node100	121	4433	10	133
13	252	node101	319	7152	252	node101	201	6148	10	133
14	287	node136	291	2735	287	node136	1905	87644	10	133
15	288	node137	175	1439	288	node137	302	21291	10	133
16	292	node141	6	23	292	node141	745	31569	10	133
17	293	node142	13	131	293	node142	127	5554	10	133
18	133	Olat	27	156	133	Olat	527	53775	10	133
1	10000001	root	7204	1882677	NA	NA	NA	NA	10	134
2	152	node1	2647	391089	NA	NA	NA	NA	10	134
3	154	node3	667	99502	154	node3	51	441	10	134
4	155	node4	515	51497	155	node4	20	120	10	134
5	156	node5	2349	135569	156	node5	14	94	10	134
6	157	node6	666	31539	157	node6	241	1947	10	134
7	158	node7	4311	138045	158	node7	42	325	10	134
8	247	node96	200	7261	247	node96	3997	82849	10	134
9	248	node97	78	3744	248	node97	2046	53393	10	134
10	249	node98	47	3319	249	node98	1197	58905	10	134
11	250	node99	279	16784	250	node99	503	32032	10	134
12	251	node100	813	30641	251	node100	121	4433	10	134
13	252	node101	319	7152	252	node101	201	6148	10	134
14	287	node136	291	2735	287	node136	1905	87644	10	134
15	134	Drer	118	701	134	Drer	1107	74332	10	134
1	10000001	root	7204	1882677	NA	NA	NA	NA	10	135
2	152	node1	2647	391089	NA	NA	NA	NA	10	135
3	154	node3	667	99502	154	node3	51	441	10	135
4	155	node4	515	51497	155	node4	20	120	10	135
5	156	node5	2349	135569	156	node5	14	94	10	135
6	157	node6	666	31539	157	node6	241	1947	10	135
7	158	node7	4311	138045	158	node7	42	325	10	135
8	247	node96	200	7261	247	node96	3997	82849	10	135
9	248	node97	78	3744	248	node97	2046	53393	10	135
10	249	node98	47	3319	249	node98	1197	58905	10	135
11	250	node99	279	16784	250	node99	503	32032	10	135
12	251	node100	813	30641	251	node100	121	4433	10	135
13	294	node143	27	130	294	node143	2275	119451	10	135
14	135	Cmil	19	82	135	Cmil	916	99962	10	135
1	10000001	root	7204	1882677	NA	NA	NA	NA	10	136
2	152	node1	2647	391089	NA	NA	NA	NA	10	136
3	154	node3	667	99502	154	node3	51	441	10	136
4	155	node4	515	51497	155	node4	20	120	10	136
5	156	node5	2349	135569	156	node5	14	94	10	136
6	157	node6	666	31539	157	node6	241	1947	10	136
7	158	node7	4311	138045	158	node7	42	325	10	136
8	247	node96	200	7261	247	node96	3997	82849	10	136
9	248	node97	78	3744	248	node97	2046	53393	10	136
10	249	node98	47	3319	249	node98	1197	58905	10	136
11	250	node99	279	16784	250	node99	503	32032	10	136
12	251	node100	813	30641	251	node100	121	4433	10	136
13	294	node143	27	130	294	node143	2275	119451	10	136
14	295	node144	75	226	295	node144	374	17644	10	136
15	136	Cpla	39	123	136	Cpla	332	53616	10	136
1	10000001	root	7204	1882677	NA	NA	NA	NA	10	137
2	152	node1	2647	391089	NA	NA	NA	NA	10	137
3	154	node3	667	99502	154	node3	51	441	10	137
4	155	node4	515	51497	155	node4	20	120	10	137
5	156	node5	2349	135569	156	node5	14	94	10	137
6	157	node6	666	31539	157	node6	241	1947	10	137
7	158	node7	4311	138045	158	node7	42	325	10	137
8	247	node96	200	7261	247	node96	3997	82849	10	137
9	248	node97	78	3744	248	node97	2046	53393	10	137
10	249	node98	47	3319	249	node98	1197	58905	10	137
11	250	node99	279	16784	250	node99	503	32032	10	137
12	251	node100	813	30641	251	node100	121	4433	10	137
13	294	node143	27	130	294	node143	2275	119451	10	137
14	295	node144	75	226	295	node144	374	17644	10	137
15	137	Leri	38	127	137	Leri	446	45646	10	137
1	10000001	root	7204	1882677	NA	NA	NA	NA	10	138
2	152	node1	2647	391089	NA	NA	NA	NA	10	138
3	154	node3	667	99502	154	node3	51	441	10	138
4	155	node4	515	51497	155	node4	20	120	10	138
5	156	node5	2349	135569	156	node5	14	94	10	138
6	157	node6	666	31539	157	node6	241	1947	10	138
7	158	node7	4311	138045	158	node7	42	325	10	138
8	247	node96	200	7261	247	node96	3997	82849	10	138
9	248	node97	78	3744	248	node97	2046	53393	10	138
10	249	node98	47	3319	249	node98	1197	58905	10	138
11	250	node99	279	16784	250	node99	503	32032	10	138
12	138	Ebur	55	244	138	Ebur	3678	304020	10	138
1	10000001	root	7204	1882677	NA	NA	NA	NA	10	139
2	152	node1	2647	391089	NA	NA	NA	NA	10	139
3	154	node3	667	99502	154	node3	51	441	10	139
4	155	node4	515	51497	155	node4	20	120	10	139
5	156	node5	2349	135569	156	node5	14	94	10	139
6	157	node6	666	31539	157	node6	241	1947	10	139
7	158	node7	4311	138045	158	node7	42	325	10	139
8	247	node96	200	7261	247	node96	3997	82849	10	139
9	248	node97	78	3744	248	node97	2046	53393	10	139
10	249	node98	47	3319	249	node98	1197	58905	10	139
11	139	Cint	199	724	139	Cint	4423	469512	10	139
1	10000001	root	7204	1882677	NA	NA	NA	NA	10	140
2	152	node1	2647	391089	NA	NA	NA	NA	10	140
3	154	node3	667	99502	154	node3	51	441	10	140
4	155	node4	515	51497	155	node4	20	120	10	140
5	156	node5	2349	135569	156	node5	14	94	10	140
6	157	node6	666	31539	157	node6	241	1947	10	140
7	158	node7	4311	138045	158	node7	42	325	10	140
8	247	node96	200	7261	247	node96	3997	82849	10	140
9	248	node97	78	3744	248	node97	2046	53393	10	140
10	140	Blan	564	2530	140	Blan	3289	187359	10	140
1	10000001	root	7204	1882677	NA	NA	NA	NA	10	141
2	152	node1	2647	391089	NA	NA	NA	NA	10	141
3	154	node3	667	99502	154	node3	51	441	10	141
4	155	node4	515	51497	155	node4	20	120	10	141
5	156	node5	2349	135569	156	node5	14	94	10	141
6	157	node6	666	31539	157	node6	241	1947	10	141
7	158	node7	4311	138045	158	node7	42	325	10	141
8	247	node96	200	7261	247	node96	3997	82849	10	141
9	296	node145	97	544	296	node145	3259	130228	10	141
10	141	Skow	153	707	141	Skow	2613	180013	10	141
1	10000001	root	7204	1882677	NA	NA	NA	NA	10	142
2	152	node1	2647	391089	NA	NA	NA	NA	10	142
3	154	node3	667	99502	154	node3	51	441	10	142
4	155	node4	515	51497	155	node4	20	120	10	142
5	156	node5	2349	135569	156	node5	14	94	10	142
6	157	node6	666	31539	157	node6	241	1947	10	142
7	158	node7	4311	138045	158	node7	42	325	10	142
8	247	node96	200	7261	247	node96	3997	82849	10	142
9	296	node145	97	544	296	node145	3259	130228	10	142
10	297	node146	150	749	297	node146	696	44553	10	142
11	298	node147	102	458	298	node147	560	28616	10	142
12	142	Arub	113	486	142	Arub	1728	112249	10	142
1	10000001	root	7204	1882677	NA	NA	NA	NA	10	143
2	152	node1	2647	391089	NA	NA	NA	NA	10	143
3	154	node3	667	99502	154	node3	51	441	10	143
4	155	node4	515	51497	155	node4	20	120	10	143
5	156	node5	2349	135569	156	node5	14	94	10	143
6	157	node6	666	31539	157	node6	241	1947	10	143
7	158	node7	4311	138045	158	node7	42	325	10	143
8	247	node96	200	7261	247	node96	3997	82849	10	143
9	296	node145	97	544	296	node145	3259	130228	10	143
10	297	node146	150	749	297	node146	696	44553	10	143
11	298	node147	102	458	298	node147	560	28616	10	143
12	299	node148	53	434	299	node148	496	38047	10	143
13	143	Spur	492	2442	143	Spur	1071	74752	10	143
1	10000001	root	7204	1882677	NA	NA	NA	NA	10	144
2	152	node1	2647	391089	NA	NA	NA	NA	10	144
3	154	node3	667	99502	154	node3	51	441	10	144
4	155	node4	515	51497	155	node4	20	120	10	144
5	156	node5	2349	135569	156	node5	14	94	10	144
6	157	node6	666	31539	157	node6	241	1947	10	144
7	158	node7	4311	138045	158	node7	42	325	10	144
8	247	node96	200	7261	247	node96	3997	82849	10	144
9	296	node145	97	544	296	node145	3259	130228	10	144
10	297	node146	150	749	297	node146	696	44553	10	144
11	298	node147	102	458	298	node147	560	28616	10	144
12	299	node148	53	434	299	node148	496	38047	10	144
13	144	Ajap	664	2815	144	Ajap	1254	123448	10	144
1	10000001	root	7204	1882677	NA	NA	NA	NA	10	145
2	152	node1	2647	391089	NA	NA	NA	NA	10	145
3	154	node3	667	99502	154	node3	51	441	10	145
4	155	node4	515	51497	155	node4	20	120	10	145
5	156	node5	2349	135569	156	node5	14	94	10	145
6	157	node6	666	31539	157	node6	241	1947	10	145
7	158	node7	4311	138045	158	node7	42	325	10	145
8	247	node96	200	7261	247	node96	3997	82849	10	145
9	296	node145	97	544	296	node145	3259	130228	10	145
10	297	node146	150	749	297	node146	696	44553	10	145
11	145	Anja	288	1224	145	Anja	2041	129923	10	145
1	10000001	root	7204	1882677	NA	NA	NA	NA	10	146
2	152	node1	2647	391089	NA	NA	NA	NA	10	146
3	154	node3	667	99502	154	node3	51	441	10	146
4	155	node4	515	51497	155	node4	20	120	10	146
5	156	node5	2349	135569	156	node5	14	94	10	146
6	157	node6	666	31539	157	node6	241	1947	10	146
7	146	Hmia	806	4001	146	Hmia	7268	611317	10	146
1	10000001	root	7204	1882677	NA	NA	NA	NA	10	147
2	152	node1	2647	391089	NA	NA	NA	NA	10	147
3	154	node3	667	99502	154	node3	51	441	10	147
4	155	node4	515	51497	155	node4	20	120	10	147
5	156	node5	2349	135569	156	node5	14	94	10	147
6	300	node149	136	1028	300	node149	3063	152743	10	147
7	301	node150	784	3357	301	node150	615	53167	10	147
8	147	Nvec	226	717	147	Nvec	1740	152847	10	147
1	10000001	root	7204	1882677	NA	NA	NA	NA	10	148
2	152	node1	2647	391089	NA	NA	NA	NA	10	148
3	154	node3	667	99502	154	node3	51	441	10	148
4	155	node4	515	51497	155	node4	20	120	10	148
5	156	node5	2349	135569	156	node5	14	94	10	148
6	300	node149	136	1028	300	node149	3063	152743	10	148
7	301	node150	784	3357	301	node150	615	53167	10	148
8	148	Aequ	2019	9029	148	Aequ	862	64317	10	148
1	10000001	root	7204	1882677	NA	NA	NA	NA	10	149
2	152	node1	2647	391089	NA	NA	NA	NA	10	149
3	154	node3	667	99502	154	node3	51	441	10	149
4	155	node4	515	51497	155	node4	20	120	10	149
5	156	node5	2349	135569	156	node5	14	94	10	149
6	300	node149	136	1028	300	node149	3063	152743	10	149
7	149	Hvul	263	1170	149	Hvul	3482	329397	10	149
1	10000001	root	7204	1882677	NA	NA	NA	NA	10	150
2	152	node1	2647	391089	NA	NA	NA	NA	10	150
3	154	node3	667	99502	154	node3	51	441	10	150
4	155	node4	515	51497	155	node4	20	120	10	150
5	150	Tadh	138	625	150	Tadh	4813	589722	10	150
1	10000001	root	7204	1882677	NA	NA	NA	NA	10	151
2	152	node1	2647	391089	NA	NA	NA	NA	10	151
3	154	node3	667	99502	154	node3	51	441	10	151
4	151	Mlei	451	2364	151	Mlei	4823	595707	10	151
