cval	avg_intersection
11	0.005842723393390699
11	0.007433113654890937
11	0.003515225020374776
11	0.008263501028344625
11	0
11	0
11	0.00985975287555162
11	0.00553542569365573
11	0
11	0.010343971472928195
11	0.004619778940427304
11	0.006959407475819156
11	0.006903683655294908
11	0
11	0.006453005630793174
11	0.00610261887795833
11	0.010278128682361864
11	0.0053460970175988765
11	0
11	0.007483926511423951
11	0
11	0.010329026012035919
11	0.005390463723894274
11	0.011665527835011501
11	0.008891364672809082
11	0.020471721723655946
11	0
11	0.010912798618113444
11	0.007585664126324108
11	0.008220161434280556
11	0.013660627105675838
11	0.008507622030146302
11	0.01278573591019158
11	0.006162790105882402
11	0.00748068079442638
11	0
11	0.005977012067524908
11	0.004492800169143913
11	0
11	0.011644107078781609
11	0
11	0.004773559627033284
11	0.005103339486042975
11	0.005208104149796061
11	0.006004540199191957
11	0.010890772090591663
11	0.006885066420632338
11	0.009735325917354536
11	0.003902779936704433
11	0.006543781175334079
11	0.009947177137004683
11	0.006379458780374352
11	0.023907180525594155
11	0.007446419181705673
11	0.005487672636208123
11	0.00459929449477133
11	0.003882144427950611
11	0
11	0.007051872471533283
11	0.009596394605589007
11	0.005919636164441383
11	0.006552517993217681
11	0
11	0.0077136023657834035
11	0.0066264863363947775
11	0.029752542893926332
11	0.006076117378515083
11	0.009703956567380217
11	0.005286768559173317
11	0.004458323408549234
11	0
11	0
11	0.004965662562946675
11	0.006168250115233385
11	0.00358623206998767
11	0.006958348887015199
11	0.014568561660432355
11	0.005719569875333018
11	0
11	0
11	0.009879889180602624
11	0.02531908725684836
11	0.005435613968209557
11	0.007439263214022807
11	0.007022550485294281
11	0
11	0.0042489406853452125
11	0.005820226948468727
11	0.007208605162296149
11	0.0061639015876021434
11	0.011646192436442493
11	0.007089304255695246
11	0.00902807123075272
11	0.007501134543902916
11	0.007454427008181159
11	0.00565991441736801
11	0.005583431873969446
11	0.00578702992306097
11	0.005468916656321909
11	0.007903368823397785
11	0.018772753630690055
11	0.008568552657088427
11	0.0051067590648664375
11	0.017302319558492738
11	0.006414782721713696
11	0
11	0
11	0.007923285483479826
11	0.0064695567078824085
11	0.00860636855539437
11	0
11	0.008049306593646369
11	0.006618838455663784
11	0.008413069519561481
11	0.00552032068896848
11	0.004286184329634646
11	0.008101380352116256
11	0.004408499014219532
11	0.004841115356020258
11	0.01020567490276235
11	0.004640995788164093
11	0.008874629695296642
11	0.006378397250158879
11	0.00895347239856384
11	0.011253164074969551
11	0.005652401137674818
11	0.011298875317227928
11	0.005014049567041509
11	0
11	0.012100864674304426
11	0.010886662727219108
11	0.006799754389068166
11	0.007417445836548105
11	0.0064765643699760305
11	0.006139654031961032
11	0.005971096635557144
11	0.015106314454099328
11	0.0080000219615695
11	0
11	0
11	0.014418589620274477
11	0.005513861202889949
11	0.0057924432756302465
11	0.009489133357052619
11	0.007864055936413136
11	0.012972124198428523
11	0.006492722804027108
11	0.015673308246488778
11	0
11	0.00650521853507495
11	0
11	0.007116923289068001
11	0.0064135919029889785
11	0.0058249348074612736
11	0.01013338208946039
11	0.004462362050779811
11	0.011887475643792883
11	0.005350612635018378
11	0.008441027929212584
11	0.01065221702629315
11	0
11	0.00488895967909209
11	0.010250140735002685
11	0.005677195122458187
11	0.004939429065821587
11	0
11	0
11	0.006132631971577506
11	0.007112629551737146
11	0.005793551811441126
11	0.009114980028504568
11	0.004126339173416881
11	0.008716729838855544
11	0
11	0.008044595524112685
11	0.0066734829652448854
11	0
11	0.00732184085038963
11	0.00504616654657193
11	0.005417206129273418
11	0.006513743562884277
11	0.005777748848629333
11	0.005136961907418597
11	0.006438427023587228
11	0.005799998565224077
11	0.006256624713603919
11	0.005848497273236178
11	0.0037310622795458646
11	0.007630802310980217
11	0.008225527991187382
11	0
11	0.011983337350906753
11	0.011869569554809778
11	0.007296434738775895
11	0.006950155219416414
11	0
11	0.004824176901704695
11	0.005550683428748329
11	0
11	0
11	0
11	0.004301898403834608
11	0.004425476641623097
11	0.005686267379553418
11	0.01624634334536699
11	0.011315768440483915
11	0.008756113100016755
11	0.01767513407559635
11	0.007242776924851125
11	0.010259575193355006
11	0.007131685249637535
11	0.006846154562671253
11	0.011844532682327902
11	0.005670919673345664
11	0
11	0.006104363039199742
11	0.008103962112599977
11	0.004689182143198978
11	0.007246593117160384
11	0.004870114905813464
11	0
11	0.006275771550671878
11	0.008820940321335272
11	0.0063452088960337305
11	0.004407308925703354
11	0
11	0.006799266921927773
11	0.009223267281264642
11	0.007725392839608489
11	0.0065593827789941755
11	0.005359241266768859
11	0.0114615626671624
11	0.005449609285820618
11	0.004175941645133167
11	0.01712131727628428
11	0.008556659130394226
11	0.010996081937817648
11	0.0039168391134041065
11	0.010295029916180769
11	0.01052953177099074
11	0.007915546879837962
11	0.0046007569171114485
11	0.003908793973142736
11	0.01798720113462939
11	0
11	0.010386711111591174
11	0.004582429448920126
11	0.005245021695973337
11	0.00494991178492131
11	0.009690655469223326
11	0.007319534082174148
11	0.005185875915027298
11	0.00709828798620708
11	0.00468727747689554
11	0
11	0.0038813416394219646
11	0.0200168468027691
11	0.005382941736485865
11	0.006140920365211671
11	0.008124975267419409
11	0.006660044650220759
11	0.0054838962388213735
11	0.0075575802791784325
11	0.007716806588017797
11	0.00622364790686546
11	0
11	0.00304884596341294
11	0.0057261622440480525
11	0
11	0.006925990922810698
11	0.007649281416546544
11	0.009941176158777196
11	0.003841312559680352
11	0.005282490389583061
11	0.0063451801588787
11	0.0071690895693000915
11	0
11	0.01008485819243206
11	0.005156911495256588
11	0.011047453367059885
11	0.006638422315506986
11	0.006868484469236399
11	0.009379365927360911
11	0.005312640639183542
11	0
11	0.005228768453467156
11	0.006803957540792445
11	0.007636140001747428
11	0.006767982114587643
11	0.01007877713632029
11	0.004736847055235574
11	0.008007670287200681
11	0.005674592608604627
11	0.0050081445132220005
11	0.010249606109989236
11	0.0062082668361234045
11	0.009690119560025762
11	0.005854260300422854
11	0.00986909786690204
11	0.008969483720629
11	0
11	0
11	0.02757274649063746
11	0.02009480819321989
11	0.013167331265100252
11	0.006393307445316212
11	0.003958176745220853
11	0.0055003098869685395
11	0
11	0.005008349697779935
11	0.006255053344498466
11	0.006280234324371969
11	0
11	0.00629720092793298
11	0
11	0.004751269619145777
11	0.005808428059043424
11	0.023646004845010254
11	0.00863123042972879
11	0.010577332778225444
11	0.005951594874763256
11	0.007241047105369312
11	0.009529299292147032
11	0.010902834969123695
11	0.005498513627758157
11	0.012626142810636194
11	0.004862437640308162
11	0.003516304114095993
11	0.008979105995406692
11	0.019028258302894074
11	0.006213715651678687
11	0.009654094339942828
11	0.007150884284909541
11	0.008086266998800922
11	0.007031408257259644
11	0.013539763585382284
11	0.007328707401270081
11	0.008280990046588398
11	0.005874333057524453
11	0.010031368594318968
11	0.008876617110972812
11	0.009993462947272286
11	0.007007375858965338
11	0.005544824450391629
11	0.007020094219526157
11	0.008341042429338221
11	0.006176815857635209
11	0.008475246040452874
11	0.009246519902126406
11	0
11	0.00766300872774131
11	0.00834767600412578
11	0.005655308130312169
11	0.00430876627438782
11	0
11	0.004881325317856591
11	0.005436923260233583
11	0.007084460106932687
11	0.005589588563966932
11	0.008115420740560052
11	0.005762723780111688
11	0
11	0.0033468869942879067
11	0.006804944586297197
11	0.005562390055236574
11	0.01026890338827692
11	0
11	0.007184170316988767
11	0.009858123232345535
11	0.00398975287406927
11	0.005279928272806028
11	0.00517006037862033
11	0.01075552903909608
11	0.007932530243229284
11	0.008047225016103771
11	0.0052063004899889145
11	0.005438973098219467
11	0.010803051130759078
11	0.020378593821197825
11	0
11	0.004603163030743715
11	0.011154441554354452
11	0
11	0.0036645161589105475
11	0.004859601368695404
11	0.008007395374364736
11	0
11	0.00885407862723502
11	0.00920144694986494
11	0.00826389465389014
11	0.0061910400061963395
11	0.007597095161714772
11	0.006552779977383914
11	0.009353656345466616
11	0
11	0
11	0
11	0.011007058496199828
11	0.014395419267970081
11	0.003453873001876225
11	0.011803075442847
11	0.005017128055797738
11	0.0043115974111503
11	0.00536951074769831
11	0.007882609783125103
11	0.006755403325839759
11	0.006079269142818597
11	0.005648030731024176
11	0.0048149348638004165
11	0.011115528832401533
11	0.0047298781322852
11	0.005588528531485279
11	0.006449793395117682
11	0.007991256443035106
11	0
11	0.007423804292250459
11	0.011053053386733368
11	0.00544771736791406
11	0.011112819398005354
11	0.0056231715733451445
11	0.004136613617186723
11	0.006074108903183874
11	0.024047800667670403
11	0.004813514395173813
11	0.0063979548450540345
11	0.006158897570050369
11	0.005552486760508291
11	0.00607415585017697
11	0.011739602609206572
11	0.004272110490211881
11	0
11	0.006668805039747151
11	0.01022953834201997
11	0.010520145427704476
11	0.005355837304333891
11	0.007340705904698253
11	0.003885591753250564
11	0.005774267975210231
11	0.006551765309638994
11	0.009371974585947806
11	0
11	0.012749259324810566
11	0.00410572255157051
11	0.005090933790673842
11	0.0036445084002802927
11	0.0050348647192371
11	0.003832961268373592
11	0.009888424651028483
11	0
11	0.009430620457354497
11	0.024944412086299828
11	0.005386404533469307
11	0.017782754944139098
11	0.010675729206552026
11	0.006274016364696063
11	0.0149777934150601
11	0.006226707874558949
11	0
11	0.005202848687421405
11	0.0066491015531236096
11	0.009262531698409604
11	0
11	0.006243048072443612
11	0.007854351008868157
11	0.0042420504203083366
11	0.0139710741418962
11	0.00455882658239024
11	0.005704226305036648
11	0.003969627885391714
11	0.005470546620657616
11	0.006441972203926409
11	0
11	0.00356527600120595
11	0.008114967262842047
11	0
11	0.007219437405432627
11	0.0031973794129252107
11	0.01225167343811575
11	0.007068985361123652
11	0.010959832787590062
11	0
11	0.006887197746574003
11	0.009012109062309169
11	0.01508855431279097
11	0
11	0.003967354204328066
11	0.004924812233539977
11	0.007763262937108236
11	0.013180340564241505
11	0.00821798211064656
11	0.010383868231221234
11	0
11	0.005106206033215193
11	0.004017175691542341
11	0.006146066109988163
11	0.005310656439862489
11	0.007685336818910592
11	0
11	0.018573697167959185
11	0.010074019059939555
11	0
11	0.005207971828628992
11	0.009197769831194825
11	0
11	0.007961413689281816
11	0.00576193631689377
11	0.01137356669385479
11	0.004642299727030381
11	0.010685664726182102
11	0.011422637861616932
11	0.008109519136315189
11	0.012707038787798913
11	0.006482319657957253
11	0.01048223645347968
11	0.005595923631531946
11	0
11	0
11	0.0058385815959034765
11	0
11	0.00613433716074374
11	0.012494569313223796
11	0.0042918538736570816
11	0.0061910053489014
11	0.009618880579770311
11	0.012710999815300541
11	0.00397213337614802
11	0.0036763726308670034
11	0.005245145720800724
11	0.011484854851985384
11	0.004627147837089126
11	0.014129194644275618
11	0
11	0.005569766587463724
11	0.008050417016010955
11	0.0073771982299343135
11	0
11	0.005475706185273047
11	0
11	0.0055189627669354835
11	0
11	0.004157078727909614
11	0
11	0
11	0.0032971616806271352
11	0
11	0.006146057186008809
11	0.007041712605044298
11	0.006180163007223253
11	0.009620511686008422
11	0.008335132208287441
11	0.007750919527605725
11	0.007720696755495511
11	0.006360647492357122
11	0.004843165768522392
11	0.010909178099673272
11	0.008498652181240686
11	0
11	0.01622808062657661
11	0.006228523974131742
11	0.009564579667280759
11	0.004512150180612341
11	0.004424616266411532
11	0.0065183532987004925
11	0
11	0.006443890123422915
11	0.012914842005392767
11	0.009068443801705826
11	0.00630795609086211
11	0.008188011033313536
11	0.00428942782290103
11	0.0069386861300362816
11	0.007747499786295874
11	0.006419012733656064
11	0
11	0
11	0.007280909792334377
11	0.003977368932948561
11	0.005124374786584832
11	0
11	0.01008028789749333
11	0.0032182293578430945
11	0.01770971945604802
11	0.010631785758330433
11	0.011068319383354787
11	0
11	0.01351265748455966
11	0.008939684919370925
11	0.004771981832720843
11	0.005679580887583467
11	0.006383386157124197
11	0.0054106697542549076
11	0.006275329154114407
11	0
11	0.024176085867977006
11	0.0038916280530154174
11	0.0063268521302853944
11	0.007779239718915512
11	0.006328406589574505
11	0.006692658535385697
11	0.0042062674950990265
11	0
11	0.007621204712310801
11	0.005483727306100047
11	0.004903600222365741
11	0.007031780924088298
11	0.005285156322869273
11	0.004532790177824322
11	0.007072055100135472
11	0.004139243665426256
11	0
11	0
11	0.004859300532802682
11	0
11	0.006404653624507984
11	0.004864566373080632
11	0.014360659969337239
11	0
11	0.01320040484327658
11	0.010727895953738967
11	0
11	0
11	0.0048208098026656385
11	0.006377146862123468
11	0.007270042749874126
11	0.005547900932422036
11	0.0042709665814622344
11	0.0046857833450650605
11	0.006382885207356221
11	0
11	0.005837534465373514
11	0.0057853959163212424
11	0.006557030819090391
11	0
11	0.005750142402576011
11	0
11	0.01057441524430379
11	0.013423098350898714
11	0.007326193836132705
11	0.005220389487734872
11	0
11	0.01015621942876274
11	0
11	0.006298622987313146
11	0.016814427953716102
11	0.006924572524801226
11	0.0142282798843163
11	0
11	0.007946729516437384
11	0.006577002759002588
11	0.005913045589850471
11	0.017321361504399918
11	0.005253919566917566
11	0.011085409380029417
11	0.005313014818316186
11	0
11	0.006149695856999468
11	0.009687428669342277
11	0.007587713862869815
11	0.013811120594531363
11	0.005612202342650994
11	0.00890895566724228
11	0.004614590275023063
11	0
11	0.0069887111751383586
11	0.007455083238313729
11	0.00638850083572717
11	0.0043938318103038925
11	0.0058770985017352435
11	0.008221163652007167
11	0.005823645010971072
11	0
11	0.007402135436158801
11	0.005665886490708517
11	0.004996376740161391
11	0.004818048551732708
11	0
11	0.010559536495404663
11	0.012585380599815175
11	0.021662597443423977
11	0.006085574562000986
11	0.004390110762436222
11	0.007777078159093528
11	0.007448651212874625
11	0.004712701869320161
11	0.006044128911683702
11	0
11	0.004894788733246548
11	0.009918778857512751
11	0.00470597737784863
11	0.004743182821677358
11	0
11	0
11	0.007845381698504387
11	0.009432687217247807
11	0.005771997348784462
11	0.008320081011272955
11	0.0044017380268057725
11	0.009881495371105562
11	0.005873592916529266
11	0.007431554925400057
11	0.010709260096516918
11	0.0068280706346707425
11	0.016048926725029472
11	0
11	0.0067605612174665335
11	0.004879365347976264
11	0.007643688187942254
11	0.006781959206688875
11	0.005793642566838734
11	0.00796626036112646
11	0.0050728512006471575
11	0.014524320602576926
11	0
11	0.009477015400759493
11	0.008064729850298222
11	0.006906501043839341
11	0.00713688069745245
11	0.0087956695465961
11	0.006525975807588632
11	0.005625371853202997
11	0.008118406885351568
11	0.01205781415615025
11	0.00839386496386096
11	0.005577151514869484
11	0.003171861763681678
11	0.0077748184669742745
11	0.005141183266127598
11	0.005621148671125563
11	0
11	0.007559216311224815
11	0.013964786193093184
11	0
11	0.008391255756721663
11	0.0050403445201328955
11	0.0038916176850867785
11	0.007893528496647607
11	0.00592850533807758
11	0.006433462829213442
11	0.009056739771730687
11	0.015704232530524876
11	0.00941657792013749
11	0.006802256936891172
11	0.007091132422642742
11	0.006303742550624905
11	0.007798823347146677
11	0.0057680274598573954
11	0.007525801825178715
11	0.0070140101350739505
11	0.009296837967187322
11	0.0077184204982997575
11	0.004821354299739567
11	0.005767403322963759
11	0.008324489787980971
11	0.0056118592987345
11	0.005506818204182932
11	0.0065106518632989255
11	0.005536273839418821
11	0.0037928594785313838
11	0.00634953036898086
11	0.004898919507399647
11	0.022301342930794648
11	0
11	0.01068742256020745
11	0.006970821492614456
11	0.003934685881694113
11	0.006618045047281823
11	0.007814138167842467
11	0
11	0
11	0.008968889085873328
11	0
11	0.005638218976960568
11	0.006266519195568673
11	0.012421430698052741
11	0.003888637362357751
11	0.006446746517851357
11	0.005040555393322434
11	0.010765381611458732
11	0.006742913655472381
11	0.009374662240833533
11	0.009561895072930579
11	0.00454438759110086
11	0.004179972096228184
11	0.0051635224471039765
11	0.008461088400410082
11	0
11	0.025988260721401025
11	0.006320338967126278
11	0.003681715084459923
11	0.006737355430096375
11	0.004890866383118084
11	0.011485231563653322
11	0.009217157983607699
11	0.004104900491135179
11	0.008188773742658369
11	0.007033015495819582
11	0.010025846142938447
11	0.007744658520124139
11	0.011637553142751125
11	0.004461469295937955
11	0.022112607303896463
11	0.010885040255715845
11	0.0053060166986034765
11	0.010012371527925853
11	0.004498843798532307
11	0
11	0
11	0.005175835511782917
11	0.006087541025618048
11	0
11	0.006375154576540739
11	0.005882120522069007
11	0.006512832434369981
11	0.005611171461966346
11	0.007085200201026605
11	0.007551922509425219
11	0.0048915119790741875
11	0.008327035880721836
11	0.010949259742714759
11	0.0044982580482083225
11	0.005660135710495093
11	0.00664297525363582
11	0.007289690505866418
11	0.00969423384408936
11	0.005218172151613735
11	0.0052482817596156495
11	0.005370991971487569
11	0.005575055381666953
11	0.005652552126450463
11	0.008300034531929693
11	0.011678195288561309
11	0.004649464136071264
11	0.007229915395100187
11	0
11	0.01091219644553914
11	0.009975087167680367
11	0.0057793700134538524
11	0.0070068497605423816
11	0.0055817247278043755
11	0.007812453160001851
11	0
11	0.004452357590671612
11	0.005886135745064701
11	0.0038883789657225432
11	0.017053339433257472
11	0.02505707892947185
11	0.010308788458195215
11	0.005909079542797939
11	0.01167567618063857
11	0
11	0
11	0.0054056275423046765
11	0.005730457259305891
11	0.006618340864691904
11	0.005556180456523438
11	0.01542754528170793
11	0.0053938135504218625
11	0.008567548727964093
11	0
11	0.01966525049201195
11	0
11	0.0031402956341897072
11	0.004528053464875447
11	0.008878714495820575
11	0
11	0
11	0.005066042338519961
11	0.009982562914573273
11	0.003202191140393476
11	0.00636079637867615
11	0.006177350123757782
11	0.0053372100583354
11	0
11	0.005581853093469884
11	0.006651588634605806
11	0.005433191735164169
11	0.013471650104638416
11	0.0039051962324432405
11	0.009128684939099085
11	0.005821312903154495
11	0.00656048184760844
11	0.0076347453569859565
11	0.005942008182128145
11	0.008086768961256345
11	0.011067275608650964
11	0.005614003110987948
11	0.0067132794185942556
11	0.006303161928398824
11	0
11	0
11	0.01042395498022005
11	0.012480144395882102
11	0.004649254441273271
11	0.008839445741452743
11	0.009685238225965297
11	0.0033613411669205138
11	0.009566482604035509
11	0.021125892528274594
11	0.005954818954635776
11	0.003993282615740544
11	0.007412609500556801
11	0.009883054474970671
11	0.009831637500182702
11	0
11	0.013916488595782723
11	0.011115689406651868
11	0.0060410963048079126
11	0.006924603406963637
11	0.0029164632368217105
11	0
11	0.006280194186780123
11	0
11	0.009579943786542958
11	0.004249547729774444
11	0
11	0.0064263858924457455
11	0.011606279529194803
11	0.0075725835018778075
11	0.004837835365510513
11	0.008756923158339947
11	0.007698730488746109
11	0.00488676190689676
11	0.009886904563000927
11	0
11	0.006127771100569352
11	0.004178178954647299
11	0.008880707405613092
11	0.01045075008809599
11	0.004828114078728252
11	0.007015120293646678
11	0.010354829458188376
11	0.005120590972551763
11	0.005695872035719886
11	0.0064200848315757245
11	0.008165613317528618
11	0.00706185555771744
11	0.007600772090351186
11	0
11	0.007727175350701916
11	0.005496966036686083
11	0.004861106512249422
11	0.004449575978272608
11	0.0075317865626677895
11	0.017329889557411434
11	0.005416934988328646
11	0.0045407035942589226
11	0.009504778956243335
11	0.010167521963354093
11	0.004537973211157393
11	0.01392975329036928
11	0.007245505789503653
11	0.0046828693764450905
11	0.006471897040250469
11	0.00772574510260733
11	0.005969413963019511
11	0.012125999124015269
11	0.005926682115813372
11	0.007770655800154871
11	0.0038774205052119837
11	0.013694137118576487
11	0.011991222123765672
11	0.016473379799891257
11	0.0075176879753148075
11	0.0030507117760702213
11	0.006106312009962725
11	0.007254851935159804
11	0.006503282744713972
11	0.00530958614935089
11	0.007447781309342934
11	0.0065306038379039045
11	0.00462899072231566
11	0.007696331544027735
11	0.007578474054723561
11	0.007073447952032607
11	0.0059136518752351055
11	0.0071628811221638305
11	0.005335734781812412
11	0.006103097459962567
11	0.007664613759166005
11	0.007304617660150497
11	0.008559283252650905
11	0.007109080849647827
11	0.005795124372977964
11	0.007581339234600655
11	0.00647867982396266
11	0.010826360393079099
11	0.005021783588079326
11	0.010381121168810199
11	0.012462852611229546
11	0.0063014741932188745
11	0.004592207561507172
11	0.013424307105518132
11	0.003950632761618591
11	0.003915083398067712
11	0.010546111391050626
11	0.006306486130202184
11	0.009896513451974981
11	0
11	0.006283352147524476
11	0
11	0.007404832422577819
11	0.01317134305942609
11	0.006960226255489853
11	0.004857204355029267
11	0.014398398750381148
11	0
11	0
11	0.0041718221862016335
11	0
11	0.005228159775695758
11	0
11	0.007078231724228505
11	0.0060450619646114255
11	0.006547877862371307
11	0
11	0
11	0
11	0.005296783231004953
11	0.009704530603277788
11	0.005455693019268748
11	0.01066586616916473
11	0.0048555441504699644
11	0.01386649977388947
11	0.004327503470088573
11	0.005938396245637206
11	0.005569852961997094
11	0.009180283660099358
11	0.004142342091972156
11	0
11	0.004575258481336794
11	0.007180718230340721
11	0.005474679766868369
11	0
11	0.008505800305274985
11	0.007140993932424024
11	0
11	0.007355438223377358
11	0
11	0.0050308116143446295
11	0.006751557381097451
11	0.00561704776081788
11	0.009460721372951607
11	0.005384070496853146
11	0.005654058607959689
11	0.010644197863145084
11	0.008725891036784143
11	0.005337211516663067
11	0.00734384079047495
11	0
11	0.006139861051683003
11	0.004446537264883384
11	0.007325554078235021
11	0.006949026871538634
11	0.006134944192460033
11	0.004409850146303239
11	0.006812552073891854
11	0.005173751071198867
11	0.006599884779153234
11	0.007594424851334505
11	0.0054449399150632745
11	0.006170290569578167
11	0.006305257339868569
11	0.005675951589741118
11	0.004065064086715453
11	0.009755665475735939
11	0
11	0.011870114928886448
11	0
11	0.006904980542012382
11	0.009824913632601158
11	0.009701174771361822
11	0.004686766371294355
11	0.005346102140505396
11	0.009695418205818379
11	0.005966472134512464
11	0.005583790603624172
11	0.00522059261092103
11	0.012086909360594445
11	0.010561421882765563
11	0.006766177382075903
11	0.006776405217115526
11	0
11	0.0027749357725236797
11	0.00497096278324005
11	0.009348803772466543
11	0.008663533076068498
11	0.00996422592015232
11	0.007528567597511876
11	0.00842335032857918
11	0.007838173706691404
11	0
11	0.012702504755532156
11	0.00707753547178591
11	0
11	0.009707208272380268
11	0.005085580424912399
11	0.005324317565251322
11	0.0061323946416473015
11	0.005045861097505165
11	0.007446015141700437
11	0.005065106346344923
11	0.007517657046748628
11	0.00837305740050758
11	0.012548703838576114
11	0.0066598923391731
11	0
11	0.009731878584475486
11	0
11	0.010031167933904251
11	0.005156303352385631
11	0.00802080277871883
11	0.004926203975078584
11	0
11	0.004725497468319961
11	0.0038240821118237754
11	0.005729969932815993
11	0.004412109720225804
11	0.007993206117191827
11	0
11	0.005484509336321473
11	0.011037829282953618
11	0
11	0.008072198307065225
11	0.010571955188890168
11	0.014739077815733312
11	0
11	0.006876706338261308
11	0.005881486656991672
11	0.019502360846962656
11	0
11	0.012771919774330264
11	0.005725260409049855
11	0.011597878022024156
11	0.0042887578313088644
11	0.0086734171470895325
11	0.012753566174604247
11	0.007777557593751261
11	0.019127043587892717
11	0.005182998137754797
11	0.006978623716902604
11	0.005772242871302191
11	0.005165567262275475
11	0.012284225280787781
11	0.005785764529966961
11	0.006640280232916557
11	0.008809560146778547
11	0
11	0.004117274987707971
11	0.0048887683767771615
11	0.005241895780070319
11	0.006491580092584488
11	0.005164838511177425
11	0.006350039958727355
11	0.0066662663249094836
11	0.005094401514137324
11	0.003901344828822634
11	0.00775571956606534
11	0.006589399321547163
11	0
11	0.006219689004984871
11	0.004532078863939513
11	0.006747492882384374
11	0.004254672033142202
11	0.007879268492552285
11	0
11	0
11	0.004757584787048888
11	0.004023864274616258
11	0.010207187556383977
11	0.0066376082758585475
11	0.009522661046699427
11	0.005839293320128172
11	0.00614294597878211
11	0.01236147590085252
11	0.009947765589482427
11	0.005029848130461565
11	0.009786713224100201
11	0.0091729052483404145
11	0.010830240403310721
11	0
11	0
11	0.006187197126292653
11	0.0043500127583551785
11	0.0034670400603726216
11	0.0084501818064874
11	0.007854205566108835
11	0.01671945023365108
11	0.006191121986195894
11	0.009145319971736066
11	0
11	0.004001858670464547
11	0.007434751090787358
11	0.00418605600387734
11	0
11	0.00576169185318304
11	0.010651186869384509
11	0.005676049766508427
11	0.0039804666190511005
11	0.0054035128715667095
11	0.005390167166091409
11	0
11	0.009992271054598555
11	0.0052263343030123114
11	0.004773704316320513
11	0
11	0.0077133592750591165
11	0.010034053510431669
11	0.007198898507283457
11	0.005088660711312765
11	0.008721305988042712
11	0.005465244821360183
11	0.006198543430288701
11	0.01024856557085046
11	0.005039563815135564
11	0.022480770390714843
11	0.0068682740486022565
11	0.004405807718952107
11	0.0042696095054149535
11	0
11	0.008080313107525973
11	0
11	0.009392526449180582
11	0.010873813133782889
11	0
11	0
11	0.007621902747735873
11	0
11	0.006063843032832124
11	0
11	0
11	0
11	0.013679466653948896
11	0
11	0.004383801617892694
11	0.013136797279037512
11	0.010022214893266079
11	0.01079266876594826
11	0.008192963283320717
11	0.00714715048725081
11	0.005572979650155443
11	0.005020175608302381
11	0.006839521343487552
11	0
11	0.012890670927185502
11	0.006336204872434769
11	0.0055710808439802285
11	0.007308693428547207
11	0
11	0.007203167071493183
11	0.006313685896409867
11	0.005042307057876223
11	0
11	0.005472432880800965
11	0
11	0.004976151096318465
11	0.005045554277476652
11	0.010471722881553897
11	0.00713527871096741
11	0.005660257406229275
11	0.006294394389979073
11	0.009395640607572451
11	0.009703366902258155
11	0.007455073819012708
11	0.007046240741494628
11	0.00974999761159169
11	0.006636720213828284
11	0.008767340843945988
11	0.008990979167994973
11	0
11	0.008289266124179632
11	0.004391712642047105
11	0.007770530070181875
11	0.011739107510061714
11	0.008658189440951557
11	0.005240605093168661
11	0.0054763380149894635
11	0.0062213337495799935
11	0.0032305403710849844
11	0.010858321886123266
11	0.008078785107518164
11	0.004752132663256636
11	0.004629082508025248
11	0.007360345527104688
11	0.01104331139253575
11	0
11	0.005442923717604153
11	0.004767547817413706
11	0.00985251281178251
11	0.0038406793021891275
11	0.004635920591101709
11	0.003741319765654049
11	0.006633921217606082
11	0.004171393244578323
11	0
11	0.005167711942266519
11	0.004481897021777951
11	0.0087253668662223
11	0.0061910388283343484
11	0.01184963905965261
11	0.008101906114533819
11	0.005956469132604115
11	0.007515148269893214
11	0.01072063571159813
11	0.0044997414604201836
11	0.009488526089079123
11	0.010878010093129374
11	0.006044752347696239
11	0
11	0.005041627955624071
11	0.011498221781519762
11	0.006970758096003777
11	0.0070899228233394125
11	0.0114160542427039
11	0.007614408845649991
11	0.016278149400231673
11	0.004636082324782849
11	0.006588977810806427
11	0.003906701048825089
11	0.003735786989405628
11	0.005104788858004938
11	0
11	0.0057144583123235615
11	0
11	0.006796326747897893
11	0.012959971596484062
11	0
11	0.007083251262594206
11	0.00964624751782253
11	0.0035883578385278348
11	0.012033950444432734
11	0.004856196172948432
11	0
11	0.006614860247033829
11	0.004978754800351365
11	0.007749888040673784
11	0
11	0.006220269053814807
11	0.010860432945381745
11	0.00694434372783272
11	0.009347260744415723
11	0.01048676698531633
11	0.007636225957779483
11	0.005889792007664689
11	0.00928242455513534
11	0.009795264568263004
11	0.007504323235954959
11	0.004959657113923192
11	0.012646602334829912
11	0.0056104956684437015
11	0.005207918695958598
11	0.01255600771675549
11	0.007250556704475035
11	0
11	0.007566238350245787
11	0.004284017024476311
11	0.005232125764864419
11	0.009153738486245427
11	0.006321259448276183
11	0
11	0.005279315820066248
11	0.004841893732555578
11	0.011336626866368205
11	0.005135904226958248
11	0.004086096866013514
11	0.015178391303255176
11	0.007715365500446373
11	0
11	0
11	0.005702583349945845
11	0.006299373482270786
11	0.012735197863003514
11	0.006322105903815312
11	0.0054552055598573925
11	0
11	0.006685653474046568
11	0.006609045272405287
11	0.008136682299730361
11	0.0056125206402562
11	0.015943747975257987
11	0.005258928083702172
11	0
11	0.004508281705810578
11	0
11	0.0042154533479330115
11	0.008272913526908057
11	0.00957437843992455
11	0.003297178009556175
11	0.0053507105951074545
11	0.008373189949078028
11	0.004755802592280243
11	0.004727223818286954
11	0
11	0.007863837016334497
11	0.005448150720351657
11	0.005171466009290539
11	0
11	0.00508202216345434
11	0.012955692028198865
11	0
11	0.005242554049593634
11	0.005454456340688575
11	0.011051068283532108
11	0.010828925912762534
11	0.010058224781104562
11	0.008513257314678781
11	0.010977230917574798
11	0.008487536622377022
11	0
11	0
11	0.0070261340051108795
11	0.006582180932625543
11	0
11	0.010760790380655421
11	0.008540624974160308
11	0.005961210642719952
11	0
11	0.00460883467322527
11	0
11	0.007229292574608791
11	0.004968873943621514
11	0
11	0.005648124710020912
11	0
11	0.004598796844729036
11	0.006599578229467684
11	0.0065647605654680155
11	0.010013944193761769
11	0
11	0.011808094879190358
11	0.01223995154100903
11	0.007210940069724568
11	0.012828237160365161
11	0
11	0.0061316574282416405
11	0.0131483461928108
11	0.01512863162500882
11	0.0035540662548093757
11	0.005246692942105558
11	0
11	0.004842902153736206
11	0.013047827583380541
11	0.007829270831614846
11	0.00468399021025235
11	0.008229972281458454
11	0.0058710680589037926
11	0
11	0.011479390660334605
11	0.006312138506095656
11	0.007532842227066365
11	0
11	0.006345140644384175
11	0.007462212272990832
11	0.008202313289471545
11	0.007600857735689683
11	0.004622023153583775
11	0.013551766857339961
11	0.008145484161375866
11	0.006696944019143735
11	0.010754217289427187
11	0.007210685145708602
11	0.011477767037193188
11	0.005395037173840683
11	0.01230117777241153
11	0.005695854764839798
11	0.006838058922344011
11	0.003912823869814059
11	0.004341455820722723
11	0.005391645816218856
11	0.010954291747725976
11	0
11	0
11	0.006262721610224988
11	0.008525998775240292
11	0.005074914869941297
11	0.006408811663202139
11	0.0069014347700761085
11	0
11	0.020042833993113147
11	0.005696540631807532
11	0.005596041264554659
11	0.005983664755340397
11	0.005145687551321107
11	0.004614216065753545
11	0.006333787086752283
11	0.011369720546075057
11	0.008651149200442632
11	0.005306616118424988
11	0.003987284916699857
11	0.005417502508359236
11	0.008494083922873498
11	0.015008560922693787
11	0.0038866371305559654
11	0.005404699717463864
11	0.008634097788052355
11	0.007352481789493886
11	0.011096640240458965
11	0.006368465273139107
11	0.006526154175623874
11	0.006384537369028639
11	0.0107239528949584
11	0.0054611600204863345
11	0.004470439200084843
11	0.01190549035572066
11	0.009027681724176272
11	0.007672700718678268
11	0.005112121012503181
11	0.007576458353016179
11	0
11	0.005464218749101868
11	0.007977683248733557
11	0.0043820152477497785
11	0.0072597599412855315
11	0.004257641310980371
11	0.008493433311204154
11	0.0066442048812780955
11	0
11	0.005681390420082775
11	0.012018112509898139
11	0
11	0.008645797193705668
11	0.008096645821622022
11	0
11	0.004092099882052091
11	0.011967724043185595
11	0.022290487462856792
11	0.009631261334016643
11	0.011731111986924066
11	0.008361826835699228
11	0.010183138562557488
11	0.006351376950565914
11	0.01826417790098703
11	0.004515247044948695
11	0.005897137566656697
11	0.005281523641616226
11	0
11	0.004986883856316406
11	0.007355615759990423
11	0.008961134947856874
11	0.007586737869852883
11	0.0073026094206072876
11	0.007313009197324771
11	0.006055997314918966
11	0
11	0.010729950108115022
11	0.006909971676202149
11	0.0066280008865924455
11	0.006541400158302323
11	0
11	0.005075389141690961
11	0.0075657271757492185
11	0.007000808084233411
11	0.004656094470289179
11	0.005726250274047876
11	0.005421719827932294
11	0.004230304203197852
11	0.00743895837003535
11	0
11	0.02207501656289583
11	0
11	0.007029101778899195
11	0.00882213310301005
11	0
11	0.0063978192752836135
11	0.009455543970415937
11	0.0067614933664287905
11	0
11	0.008056711824169813
11	0.004629424977188609
11	0.004923031364012773
11	0
11	0
11	0
11	0.006950701043730429
11	0
11	0
11	0.011566759479328854
11	0.015223679777033386
11	0.013120754475951592
11	0.004538055664269796
11	0.007320154558849939
11	0.018013505141587345
11	0.005762569773419598
11	0
11	0.010404083783213093
11	0.011057173951021498
11	0.00838030784673026
11	0
11	0.005221450438284598
11	0.003706245637933696
11	0.006581455145234673
11	0.004481499384954257
11	0
11	0
11	0.008193650918100617
11	0.007461523910921442
11	0.010450647555244674
11	0.007895436764879495
11	0.006113985055516697
11	0.011253700789752626
11	0
11	0.005733827723045614
11	0.004402523495315445
11	0.004756200131446997
11	0.006819218990885798
11	0.013771266076604156
11	0.0065065250737466225
11	0.006204630104280492
11	0.008245308090566126
11	0.0053055053073480735
11	0.006458023724055585
11	0.018062983265322383
11	0.010142449827604108
11	0.0038533446709036736
11	0.0069254516794168795
11	0.008197674687609784
11	0.003362730937445932
11	0
11	0.005374323524142676
11	0
11	0.011303513249597472
11	0.007710899885629571
11	0.01416859522470161
11	0
11	0
11	0
11	0.006509332381748257
11	0.008270838724315577
11	0.009842968149076814
11	0.010286637439626378
11	0.005171535912325686
11	0.009093289444496788
11	0
11	0.004934971073937875
11	0
11	0.007521528533631885
11	0.00516528064256994
11	0.006288099127489035
11	0
11	0.005610401064941299
11	0.004231755243681191
11	0.013818671492688624
11	0.006784002649361955
11	0.006106576651482797
11	0.004669022835754728
11	0.0038179484096142937
11	0.00642994931194282
11	0
11	0
11	0.005748910375437717
11	0.007721342231063041
11	0.012727832788592762
11	0.00476161807205768
11	0.007482421292712231
11	0.005366781353358745
11	0.006239789004639231
11	0.0074818790552874355
11	0.0049054219709093
11	0.008700127459033724
11	0.006709538555153506
11	0.006598337325426219
11	0.003999521092042742
11	0.006103179836499804
11	0
11	0.008350151005588127
11	0.00754875327263938
11	0.005278226263986385
11	0.010924090375720763
11	0.005681102968773855
11	0.006713365177464254
11	0.009609402158791903
11	0.014077768376355196
11	0.018852595058089592
11	0.006113750185118341
11	0.009551044543721509
11	0.01288122254936675
11	0.004478703168346364
11	0.008084751123264218
11	0.02036764456426463
11	0
11	0.005512915227495186
11	0.00733836006362168
11	0.010436559501614245
11	0.006073857084174694
11	0.003661070872957671
11	0.0059317377123995945
11	0.005723127879867704
11	0
11	0.006750188284389616
11	0.004893410948015281
11	0
11	0.00724165053437908
11	0.006063072690882498
11	0.008774530229154831
11	0.014475580803250461
11	0
11	0.006369219986745137
11	0.0058576260963857756
11	0.0071029153202150355
11	0.004692302073764172
11	0.006223311260930761
11	0.008116306577575077
11	0.008035872393847024
11	0.005023421796871761
11	0.007922911574141132
11	0.005311708942889934
11	0.010379165811811435
11	0
11	0.005237615142714007
11	0.005066898364053793
11	0.008576870520360191
11	0.006423217118058401
11	0.007864201455996988
11	0.005105092717727569
11	0
11	0.024278964336150437
11	0.01077479289262101
11	0.006766676315731489
11	0.007562249303237203
11	0.0034270800093108957
11	0.005199621554802495
11	0.003731450747527653
11	0
11	0
11	0
11	0.004003328615207382
11	0.01340858485183349
11	0.005226598206464149
11	0.010196615905551877
11	0.005710326581259385
11	0.007838159796407547
11	0.003458309341496908
11	0.006626005466706628
11	0.007413910622650913
11	0.012119373049860728
11	0
11	0.0061458525894847685
11	0
11	0.007118423480124121
11	0.006190002868116205
11	0
11	0.0066087045201833165
11	0.0045752088989894175
11	0.005951677619624618
11	0.005743110397534089
11	0.008835661617594803
11	0.005769554612752874
11	0.00811631212303469
11	0.003235153337270275
11	0.005295519909354403
11	0.005096967307150047
11	0.01124207216084767
11	0.006252048347106427
11	0.006849797024028996
11	0.004805591234081225
11	0.004509653217001039
11	0.009609124813726503
11	0.006223585601665509
11	0.007660735253088647
11	0.0047294954181687325
11	0.0055905647091481535
11	0.011399028955947367
11	0.007176038272478388
11	0
11	0.004339717915791035
11	0.003910032500973744
11	0.004810602441218941
11	0.012769221678000422
11	0.009129721209754709
11	0
11	0.005108114809474385
11	0.006582135903976053
11	0.010427423349925573
11	0.009373844081328773
11	0
11	0.006040404306809239
11	0.005171505001920273
11	0.01271418653653186
11	0.006455082781844403
11	0.005389440447247805
11	0.008986130640607052
11	0.013062435383631341
11	0
11	0.005611374840903504
11	0.006106918579763039
11	0.00601444929565666
11	0.005403856434895696
11	0.007941136598669104
11	0.00762112727571398
11	0.00998587861276491
11	0
11	0.008604544049637645
11	0
11	0.006833758446606614
11	0.0048243490119844155
11	0.013121866833650608
11	0.010204466904039254
11	0.0064722782578432985
11	0.0066853726913416065
11	0
11	0.00517923393517845
11	0.005681117094785859
11	0.006250266676269896
11	0.008048701589858969
11	0.008301561957164113
11	0.004259945841802163
11	0.010165425134899715
11	0.008608818982943424
11	0
11	0.006740460673119889
11	0.008009194005240068
11	0.007016901564958619
11	0.00886007788360543
11	0.0075633954929991264
11	0.00806432766760366
11	0.007228536020102681
11	0.008849619811558322
11	0.007661727086787445
11	0.013029354285115037
11	0.006478270138525115
11	0.005308551278435582
11	0
11	0.00774698060889089
11	0.016844540093453014
11	0.0049794320826806494
11	0.004720957078165405
11	0.008173110843161161
11	0.00527806359905712
11	0.004144399905598668
11	0.006344806259435252
11	0.015115091521318524
11	0
11	0.005567363933261783
11	0.009413267456564376
11	0.007828884841944906
11	0.007812359573003544
11	0.007300039052231063
11	0.005195935708448377
11	0.009974623180353574
11	0.0059696982729196615
11	0
11	0
11	0.003437229060528045
11	0.018040913307971928
11	0.013155014695461608
11	0
11	0.00951245426331896
11	0.009387917242050776
11	0
11	0.005119586208730127
11	0.007570443504749319
11	0.004706475248129815
11	0.007912992434165792
11	0.003913350253689682
11	0.009595566451623426
11	0.00594476047025411
11	0.0066519431866010085
11	0.011959219405911815
11	0.005691858429743673
11	0.011789864616505398
11	0.009573554167841008
11	0.005568298992740995
11	0
11	0.005799381245022256
11	0.009642224866855571
11	0.004226360009032592
11	0.012550737643124019
11	0.004504624711980184
11	0.004748982638667214
11	0.004712884111902963
11	0
11	0.00594388043884873
11	0.015067086331751722
11	0.015292940850723354
11	0.004175891638960258
11	0.010118687273592311
11	0.009069219117887545
11	0.010306294662852617
11	0.0049684000558275305
11	0
11	0.008978923891634943
11	0.0055855043471462855
11	0.009460443298527799
11	0.009705814181816711
11	0
11	0.009778687589961168
11	0.0127722457571358
11	0.007182473556052925
11	0.006248842683554792
11	0.016054145696096745
11	0.011880492686930219
11	0
11	0.006956648304269657
11	0.00742172040683274
11	0
11	0.006002200845183542
11	0.006838030212114838
11	0.007796543360574394
11	0.006399313138996438
11	0.006380079283508782
11	0.010885337866736143
11	0.00558007490926806
11	0.007528886561339878
11	0.018444085616126028
11	0.006326462944104587
11	0
11	0.00929902402762769
11	0.0038285375632844563
11	0
11	0.021054832926794758
11	0.005732256478904141
11	0.007718794849696633
11	0.0052327860249642985
11	0.006188155715530793
11	0.007561513409511403
11	0.006048001562177973
11	0.006123338680633975
11	0.0059564829164050455
11	0.008989063181962298
11	0.007036040159619087
11	0.006734377935245453
11	0.0045761314118455765
11	0.007843937326539771
11	0.01410359124682641
11	0
11	0.006605170473118519
11	0.007248564459907087
11	0.004353977669942208
11	0.005021366852961156
11	0.004070269205860709
11	0.005716811908282714
11	0.00709067129155929
11	0.013358148727956026
11	0
11	0.01031054132023972
11	0.013824795733981158
11	0.0039038056979986777
11	0.007950135633928863
11	0.012065722452841775
11	0
11	0.005108126710756286
11	0.008272077080435774
11	0.008509600363347476
11	0.011164614264157099
11	0
11	0.0037933444997998262
11	0.005160892036037987
11	0.005695989077985058
11	0.006699447276809789
11	0.00458256859343616
11	0.005282635373283689
11	0.005862116418545055
11	0.009961674894793621
11	0.008374881095162065
11	0.00956945831110649
11	0.007703443901753743
11	0.010448827818149214
11	0.008650743978672354
11	0.0035766372348160907
11	0.009107936701972314
11	0.005958189765930353
11	0.006784995825251542
11	0.008301926825043817
11	0.007868944770205819
11	0.0078016818769363625
11	0.00353882696656449
11	0.006522815092668477
11	0.004773668427002332
11	0.005915022946557146
11	0.005493476525507788
11	0.014236681221489559
11	0
11	0.0038684513349507388
11	0.008189201142400166
11	0.005393508388842221
11	0.006853027350219716
11	0.002947530500411333
11	0.010603398894832753
11	0
11	0.006107624767011084
11	0
11	0
11	0.009509284807511752
11	0.007299465367033399
11	0.007454367972351469
11	0.006857340993093037
11	0.006753674637401721
11	0.005600845085742526
11	0.0070008936266356524
11	0.006101762522873326
11	0.0073796272976381526
11	0.008685324834656095
11	0.004043797424231839
11	0.007273980964303107
11	0.006990562061958172
11	0.008924424223121315
11	0.008706830815351275
11	0.007267351063731593
11	0.006975000489751565
11	0.00595638273352892
11	0.005518153775895759
11	0.006444715379122053
11	0.006308055301706202
11	0.015008487959969454
11	0.0055647520745854655
11	0.009055620066829972
11	0.005324848254782992
11	0
11	0.005825003351892746
11	0.004570002631418866
11	0.007770249035953796
11	0.007468012157202846
11	0.008611205865266314
11	0.009926631604513802
11	0
11	0.02259122441375443
11	0.006534377141733436
11	0
11	0
11	0
11	0.014157826482671651
11	0.00652486013959365
11	0.004871507703737647
11	0.004537439174919418
11	0.007794920449257577
11	0.004487660598294873
11	0.004091891768711407
11	0.007981191775591125
11	0.006606813131059081
11	0
11	0.008365694737868693
11	0.006227860277132824
11	0.005479505994142629
11	0.00588978784787447
11	0.009451470114212653
11	0
11	0.005408960230716969
11	0
11	0.008529837489476317
11	0.008726904191578507
11	0
11	0.007881977457930251
11	0.008780199904931604
11	0.011324947722869167
11	0.006432797485332388
11	0.009170385888585852
11	0.013095535858280011
11	0
11	0.00662741587822056
11	0.007219742819115201
11	0
11	0.01895855869072464
11	0.007119330062716941
11	0
11	0.003804067339677271
11	0.010151283464686283
11	0.008263548201981274
11	0.005784889179604893
11	0.006956968465914427
11	0.004168655792880741
11	0.00549561097071156
11	0.002875940711302823
11	0
11	0.005836359535075526
11	0.0036751667465789533
11	0.006445150712839816
11	0.005599583916860288
11	0.007877727262891699
11	0.005780629701951692
11	0.017239533180904605
11	0.0069770276515091325
11	0.006787321919987421
11	0.0046846185914291745
11	0.004235759511256923
11	0.00424981751014533
11	0.02378406664827188
11	0.008390544185581805
11	0
11	0.011177049348261164
11	0.005437944256224428
11	0.007443596808759611
11	0.004473739644826979
11	0.0048354760443741025
11	0.005008837676456929
11	0.006909773220249993
11	0
11	0.006250547037071942
11	0.00725051645678743
11	0.004665881891559012
11	0
11	0
11	0.006418110174147078
11	0.005971862896008296
11	0
11	0.007857472059225162
11	0.010818686169533897
11	0
11	0.006091152281843735
11	0.008707733091091002
11	0
11	0
11	0
11	0.00962843626494044
11	0.0059093321084055525
11	0.006347356940912522
11	0.004937851684534235
11	0.006583384617241154
11	0.011971365765797345
11	0.008752702285764878
11	0.005636827447656712
11	0.0050050722553683915
11	0.00797912555339668
11	0.013111692049210337
11	0
11	0.007688745875730119
11	0.004835156623203651
11	0
11	0.005536822872659513
11	0.004672135657897407
11	0.010704537664358695
11	0.007005685011589037
11	0
11	0.007866819701016983
11	0.005587968361159738
11	0.01983013886554323
11	0.017329578858226353
11	0.007790352352829615
11	0
11	0.009507860294744472
11	0
11	0.006304648699065257
11	0.005008526746959343
11	0
11	0.017489056913939507
11	0.009461538809439752
11	0.006429310208492276
11	0.008051752804434995
11	0.013198995281787057
11	0.017371866642483528
11	0
11	0.009794052895055388
11	0.008326281992522333
11	0
11	0.005191631389035374
11	0.008918613693019255
11	0.007347761223990273
11	0.004134447412058256
11	0.009612073918795478
11	0.004429411253961778
11	0.007095230912931211
11	0.011758543158667329
11	0.01202347753567905
11	0.006993942321508369
11	0.009778392370906268
11	0.00823649599646265
11	0.006942115675074111
11	0.006345763723317984
11	0.006797252907955422
11	0.006604115459614606
11	0.0029534439488521497
11	0.006203963600119824
11	0.012769659979401849
11	0.005288207349000311
11	0.0027099011155813342
11	0.003208317919006602
11	0.005338984623533747
11	0.013401195309119934
11	0.005694833180670712
11	0.008286592827707167
11	0.006397773480302467
11	0.007791127198399197
11	0.005859550276361218
11	0.0035593977826611856
11	0.014774356967432437
11	0.00733241442293423
11	0.00457620954537739
11	0.007581556290845559
11	0.0042012239073536215
11	0.006706942881333182
11	0.004675337894012249
11	0
11	0.007932247875608348
11	0.0057323091698225056
11	0.004814686182371219
11	0
11	0.009922082189667308
11	0.004912561179762063
11	0.004537674649102142
11	0.010190684898097128
11	0
11	0.004792307416883173
11	0.004877641901853851
11	0.005472218563066064
11	0.0059082578502302405
11	0.005017745224322094
11	0.004618002290436203
11	0.007470320680658864
11	0.005422902842458346
11	0
11	0.0054766478843451104
11	0.006191495018831703
11	0.0071899404417412995
11	0.010112334563231282
11	0.01195654102632863
11	0
11	0.004824245457808103
11	0
11	0.006827517103046537
11	0.01007203535519443
11	0.006880205607890465
11	0.006665978536169863
11	0.005478265574556155
11	0.007233762949429148
11	0.010553145084525237
11	0.005378312010134515
11	0.004958196904994039
11	0.006665911876987887
11	0.006016169074134398
11	0.0069432428039800246
11	0.0062128039782416945
11	0.006624251496278227
11	0
11	0.006931297269748475
11	0.006055676413823124
11	0.014649106511535013
11	0.0059186374636626335
11	0.0053808464578812745
11	0.0062752348061486775
11	0
11	0.01216829723133147
11	0.021300823542945723
11	0.007364991838221514
11	0
11	0.010002114388882448
11	0.0037820340979979497
11	0.004806236921665396
11	0.006637297848256538
11	0.003268266309957692
11	0.01135961435863538
11	0.01269980961777318
11	0.0068746670152672355
11	0.00690184173744122
11	0.007096256630049289
11	0.005252772153548689
11	0
11	0.004850706548330187
11	0.00570907999652726
11	0.005429169407307572
11	0.010598452664803543
11	0.008088312633666333
11	0.006292005680885938
11	0.006945649613276638
11	0.005522785585652277
11	0.0056669092623674675
11	0.004091654914008714
11	0.007652248414977797
11	0.0076159799690173795
11	0
11	0.006983751332370505
11	0
11	0.009973089874197144
11	0.02003292631760243
11	0.0051673595786953744
11	0.005488357478969563
11	0
11	0
11	0
11	0.007306013299483707
11	0.007334611391193556
11	0.003498713928183517
11	0.005611662213472441
11	0
11	0.004881879135217312
11	0.006633352917535747
11	0.006933674385496438
11	0.010023074425173034
11	0.004744902409948714
11	0.006498891911980115
11	0.007035741383838309
11	0.0043281204137105124
11	0.009290301957657798
11	0.004354414813386054
11	0.004803679142348312
11	0.006257285666677799
11	0.004968694768742063
11	0.007433946980505847
11	0.022313499206436632
11	0.007963115384248301
11	0.004830707258720268
11	0
11	0.007612539952802159
11	0.0070159931616696775
11	0.00579319344739236
11	0.011299263161748363
11	0.013672253496801113
11	0.01054671051204204
11	0
11	0.01108394999790684
11	0
11	0
11	0.005276726689363213
11	0.004638460498723268
11	0.019015130493704437
11	0.006906073024314439
11	0.006007179092343624
11	0.01418351992672822
11	0
11	0.019167795162554447
11	0.012597387346187702
11	0.003933713622097883
11	0.004358555969195265
11	0.009768230205229978
11	0.007378842271204502
11	0.007351513421596273
11	0.011278896416498891
11	0.005680988870240803
11	0
11	0.005593177067081541
11	0.004156336053958564
11	0.006064176499534389
11	0
11	0.00926194979736839
11	0.004867863968709259
11	0.014356826037526223
11	0.005470889276154541
11	0.005627096268135208
11	0.004637285679323233
11	0
11	0.005010374761290506
11	0.006319505059230093
11	0.006872005447871676
11	0.005032315557893833
11	0.007724059094141392
11	0.007373219640531318
11	0
11	0.007405866685208597
11	0
11	0.009154089166692662
11	0
11	0.00593381921317673
11	0.003823496719117608
11	0.007891745722505495
11	0.013012484920639836
11	0.004424268449969577
11	0.003967356368217822
11	0.0051235246499036595
11	0.006746298814132125
11	0.007303882522225724
11	0.0037224354108340682
11	0.011471920651052004
11	0.010127823033889037
11	0
11	0.006731223428376508
11	0
11	0.008283433618578197
11	0.01614345094113301
11	0
11	0.009224709364993672
11	0.00743733255566476
11	0.0059248314674913765
11	0
11	0
11	0.006827949637576233
11	0.008059783229507188
11	0.005257103393202973
11	0.005612754478568705
11	0.006409830212448031
11	0.005408131591619264
11	0.006026613098823042
11	0.009786412964274783
11	0.004433417043335414
11	0.010171779135726606
11	0
11	0.008694012728788681
11	0.008728738063104651
11	0.004033585949628484
11	0.005176897438501913
11	0.0077534618398360546
11	0.004939025132581987
11	0.005626685892520528
11	0.00560264281791081
11	0.006803749157733036
11	0.003957447108430341
11	0.0074369633473666645
11	0.004914824317836754
11	0.003808123886039204
11	0.00963277889294892
11	0.006238178558084911
11	0.010251143214341712
11	0.005415092529842746
11	0.012546205666972262
11	0.005223970121486178
11	0.008784208759904629
11	0.005429544141423349
11	0.011638238702982856
11	0.010760123285244763
11	0.006142804789240813
11	0
11	0.004890740243563122
11	0.00789653207581925
11	0.007158796412148706
11	0.006148905860958122
11	0.011406688257136912
11	0.008958126761980245
11	0.00790116968025458
11	0
11	0.005540842661607466
11	0.0038960375546194708
11	0
11	0.007266073770647666
11	0.0038085081554268645
11	0.01465227109187717
11	0.006558154122431205
11	0.006565310706604208
11	0.01353446343166655
11	0.0040144741330941335
11	0.006404764246673168
11	0.012417262247304613
11	0.005930781366927794
11	0.005999696206601409
11	0.0052851640515457965
11	0.008696845188079925
11	0.0055773381640195595
11	0.00688346893542449
11	0.005973719599029533
11	0.0077954437689540645
11	0.005570456461164647
11	0.011165306075958581
11	0.004382950688282253
11	0.011779815627853438
11	0.00856151983942228
11	0.008863336235267283
11	0.005086846554146028
11	0.011936556458029247
11	0.0046626551975492885
11	0
11	0.009408210011041761
11	0.007586786804603157
11	0.0056021937390217475
11	0.004712701950776634
11	0
11	0.005388511412953047
11	0.006675034035600048
11	0.007638862986754626
11	0.005560689149780164
11	0.011373349453593518
11	0.005225550569752481
11	0
11	0.008386922579378685
11	0.003927721674486748
11	0.009743279846872909
11	0.0083080389037881
11	0.006341026813668738
11	0.005644265168656436
11	0.009676089343538379
11	0.007453163468296293
11	0.006457180168772845
11	0.012011202307253338
11	0.005019350216263536
11	0.010482440092255395
11	0.008596937674218262
11	0
11	0.009428893679946126
11	0.011768705736790916
11	0.005508204708954216
11	0.008632137322936752
11	0.007636701859470421
11	0.006303451585165182
11	0.004171107693003846
11	0.004281206148837623
11	0.006479924445882029
11	0.005064895936647767
11	0
11	0.005773959687780976
11	0.0035948223454180125
11	0.008151563440904593
11	0
11	0.005437240152422283
11	0.011219198544271584
11	0
11	0.012646158721312629
11	0.007666351634046588
11	0.00426248853136769
11	0.0041679741153012855
11	0.005964004621987796
11	0
11	0.01143216844396349
11	0.010240601342093076
11	0.005347006778946944
11	0.009193804257343957
11	0.014862604847437958
11	0.012782162741587567
11	0.005715371288385686
11	0.01957628866478018
11	0.0034678710546665057
11	0.013482738711626566
11	0.0037335268944325775
11	0.004121508141217323
11	0
11	0.007428363097034422
11	0.00969368536884171
11	0.008934761558761122
11	0
11	0.004174265516948699
11	0.005970133265604929
11	0.005035630674900253
11	0.00537850110146198
11	0
11	0.011090262956803428
11	0.00695291844235203
11	0.00423396862783664
11	0.004256351198617506
11	0
11	0.007742261316967223
11	0.004964145079621431
11	0
11	0.007983933596806204
11	0.006727702595712462
11	0
11	0.004192414867982699
11	0.006708483311804462
11	0.005706808578811239
11	0.01756298640937394
11	0.00488346290006954
11	0.008151700720727423
11	0
11	0.004464063466243609
11	0.006865530078698972
11	0.0055024328842361355
11	0.006187994404792677
11	0
11	0.007234261930177151
11	0.0043283098681070435
11	0.004277508830427965
11	0.005333541786399265
11	0
11	0.006590007282320261
11	0.005823780406212068
11	0.006146397935361601
11	0.009620647988411222
11	0
11	0
11	0.006344289593737636
11	0
11	0.004179786314884913
11	0.00774471643236098
11	0
11	0.010156380820655524
11	0.009630737273439962
11	0.005236433389729752
11	0.014007338193799216
11	0.010527412771132783
11	0.008229132394510525
11	0.0053090626649716375
11	0.010725532783969755
11	0
11	0
11	0.006861648191299864
11	0.004481180104088826
11	0.00585032981655445
11	0.0053289923869069755
11	0.008276868065240419
11	0.004200999410138084
11	0.0064186308175341895
11	0.008812591949695029
11	0.005399482009842753
11	0
11	0.006072547478997494
11	0.006517282315180326
11	0.00950849288137001
11	0.0056702088616703466
11	0.00901361208904864
11	0
11	0.007914042650091864
11	0.004546334020069776
11	0.011501374847163591
11	0.007028181743246607
11	0.007523107507721288
11	0
11	0
11	0.0048357831195845686
11	0.004795380257552497
11	0.003142161886956507
11	0.008281558929431164
11	0
11	0.008152784484486005
11	0
11	0.008060256966001805
11	0.0061067954312496705
11	0.013672927923970419
11	0
11	0.013044430855650211
11	0
11	0
11	0.006278275247416073
11	0.012037214480610245
11	0.004495616551155368
11	0.00455741502383417
11	0.00660737922271426
11	0.008749275784378622
11	0.0052146504763852415
11	0.004786417654185382
11	0.0036407687088115003
11	0.005467471947464635
11	0.00833079506426736
11	0.0047852060846601254
11	0.021536106656975095
11	0.004428414894296671
11	0
11	0
11	0.007522790024504211
11	0.007985243953934493
11	0.008141053183109141
11	0.007365565081514756
11	0.010056481147929576
11	0.004821755389238663
11	0.006379737291949938
11	0.005273742024313965
11	0.0051740353411774825
11	0.006019709152674526
11	0.007649778750036796
11	0.011429109232869729
11	0.0049340135825737645
11	0.007996289915155134
11	0.007093954776614117
11	0.01037707746122855
11	0.012120751002732947
11	0.006749814585724558
11	0.0047420774617634685
11	0.004195737399161222
11	0.010355896423354513
11	0
11	0.007198544845219642
11	0.010057354293428678
11	0.008202497131394119
11	0.00766499164335281
11	0.005255413290696814
11	0
11	0
11	0.004984602969130299
11	0.008445321046846699
11	0.01855078517414951
11	0.004112601173577108
11	0.005089236499077208
11	0.00610671887355862
11	0.007331577236645981
11	0
11	0
11	0.008561180175683355
11	0.004141662737142314
11	0.007358313377713396
11	0.0037652635710154585
11	0.007936356723589187
11	0
11	0.00796083644710421
11	0.0067895525144930375
11	0.00554032544338449
11	0.007476985731338995
11	0
11	0.02051436020815836
11	0.005019200886402151
11	0.0066646023355512625
11	0.006225144208569307
11	0.005174272739308167
11	0
11	0.0067514766629726015
11	0
11	0.021205276075672165
11	0.004951643206913612
11	0.015161961883605832
11	0
11	0.006669912249092317
11	0.0046596006131298245
11	0.00750541039705704
11	0.010497904817088845
11	0.006018206227028986
11	0.008932821635621285
11	0.005249715084641039
11	0.006746136564785397
11	0.00543909092625299
11	0.011031685545206175
11	0.007193899541023474
11	0.00606029256864893
11	0.011079008244343163
11	0.00429102334835777
11	0.011072885763577362
11	0.018152546795022925
11	0.00517312186483837
11	0.005799767630385099
11	0.004374851741356494
11	0.008441132197137404
11	0
11	0.007060653127426018
11	0.006358003642998789
11	0
11	0.008337179242621718
11	0.008192904180772018
11	0.005167657940393375
11	0.01097808587389951
11	0.006948718935866756
11	0.00615937160466812
11	0.006569828196789416
11	0.006388334709133477
11	0.004998477337373568
11	0.007884894856883288
11	0.0036180513483296916
11	0.005925861910882013
11	0.008499220240080084
11	0.008398743336435576
11	0
11	0.003636245056147316
11	0.006444346141897143
11	0
11	0
11	0.009922677758258553
11	0.005159073521957349
11	0.005727044478393571
11	0.0026468161206228834
11	0.007129702464425364
11	0.012185268996383102
11	0.006629305402127018
11	0
11	0.010148608053611036
11	0.0054910588391098225
11	0.0054473471664830304
11	0.008064504614060223
11	0.005567804749604179
11	0.0069502807290055
11	0.011098737688204657
11	0.009071928839355824
11	0.010268921665492434
11	0.005662522915133367
11	0.011782488340518506
11	0.008805054427051217
11	0.016164060886486007
11	0.010203048981219456
11	0.0032020064338633145
11	0.008221593847164782
11	0.009752848039416439
11	0.0064317108682384145
11	0.003384196980725636
11	0.0043378595542992535
11	0.0045949958330029125
11	0.013751976490471413
11	0.006846074445695152
11	0.004631142567456983
11	0.0062189542917234645
11	0.011706300585323683
11	0
11	0.00764861966053663
11	0
11	0.004999107781426
11	0.007126609577793022
11	0.005553678119207233
11	0.008948930619080055
11	0.007640243468859691
11	0
11	0.004685530062754815
11	0.004163359833070412
11	0.006742288035117863
11	0.005704383443695027
11	0
11	0.007416187393155163
11	0.00778639464809613
11	0
11	0.0060411642807375885
11	0.012200568692411401
11	0
11	0.007472335859616864
11	0.006516960645949292
11	0.009171356348626725
11	0.009676846413975624
11	0.007773249874070898
11	0.004396381653772006
11	0.010681896471808732
11	0.010294124192342814
11	0.004640795549609274
11	0.005898463810041858
11	0.0047813266431873305
11	0.013020796813360762
11	0.005544671852341844
11	0.005658917919378851
11	0.0048622488397630365
11	0.006097595024030913
11	0
11	0.007516277651098948
11	0
11	0.006629392689791132
11	0.004830333436661235
11	0.012708045697749693
11	0.008537558063814782
11	0.008175446449333022
11	0.005917215327952512
11	0.00583796533958773
11	0.010536861635902145
11	0.011752536485889004
11	0.004604551252650393
11	0
11	0
11	0.0050298745996481655
11	0.005943074428669874
11	0.007004375041574327
11	0.006948179119314551
11	0.011498124151080695
11	0.007888139400362808
11	0.008852613857638239
11	0.009051473215023666
11	0.00869842950593971
11	0.004408535729022785
11	0.00402392102972365
11	0.008481531280601898
11	0.005987219451150799
11	0
11	0.0046858569868719665
11	0.006218130582416246
11	0.004979969960022299
11	0.005536971716159717
11	0.006757119800790569
11	0.004167524969084303
11	0.015118852022487198
11	0.012322633377104753
11	0.007006316462391426
11	0.00582448192924006
11	0.012220071247889947
11	0.009496500241336274
11	0
11	0.003970864483365714
11	0.007157602148075278
11	0.0030993671978652
11	0.004313461988310992
11	0
11	0.0037375273399038564
11	0.007856375149582092
11	0.013231229181377039
11	0.0048590830806172864
11	0.003363882128503322
11	0.01678440149172746
11	0.003135715259042327
11	0.0059980975209762005
11	0.008762680398812141
11	0.011882980350879943
11	0.007350965978642796
11	0.008233628069605451
11	0
11	0.007363347188238858
11	0.004637369464388112
11	0
11	0.00863661648152901
11	0.0087512362757338
11	0
11	0.007030150907282407
11	0.008945180768556153
11	0.008890680307565865
11	0
11	0.004266862904153644
11	0.01232723612003557
11	0.0078124323378168095
11	0.0055382694267614085
11	0.01234957366964911
11	0.007984919666502307
11	0
11	0.007196349542356745
11	0.007973617264339443
11	0.011102743980291188
11	0.009619323933210657
11	0.005975737627805288
11	0.007043427346220527
11	0.005684549108774859
11	0.0045618359396516345
11	0
11	0.0048559612381715595
11	0.005391110532482856
11	0
11	0.0036208050410690513
11	0.008528877203909255
11	0.01342718726446219
11	0.0069857481837047024
11	0.004448824764735366
11	0.01202957685963038
11	0.007605839591188003
11	0.00586111527410905
11	0.005243807569122858
11	0.008074048789628344
11	0.008315166265801128
11	0
11	0
11	0.003488441249422514
11	0.006765511761795098
11	0.0051767591839442725
11	0.00967428136881975
11	0.005030755024434953
11	0.006164715916714342
11	0
11	0
11	0.002904866948636547
11	0
11	0.003545528187279261
11	0.01603038378416258
11	0.005570525765854009
11	0.003839819117925996
11	0
11	0.0041870493310162075
11	0.006288221032680491
11	0.007407223183773065
11	0.0074272051090364735
11	0.011344716697233935
11	0.005245171521500748
11	0
11	0.005034538876400069
11	0.014030647814870248
11	0.010850017801643895
11	0
11	0.009665938360380365
11	0.010157205096438436
11	0.007899067791718995
11	0.006638795205751765
11	0.007259333716225867
11	0.011450035263938315
11	0.0061405599600172205
11	0.0059635410395119555
11	0.010473043277175898
11	0.01149032345897863
11	0.009944946139653264
11	0.0062741655927126706
11	0
11	0.007041066529520052
11	0.006183628730806715
11	0.025287037598469012
11	0.005011250080016216
11	0.01123801727546317
11	0.008940514876735809
11	0.007595322697118378
11	0.005834411899389803
11	0.004625954648854326
11	0.00422466842178183
11	0
11	0.005479232683894709
11	0.007737125909022314
11	0.017825322024826597
11	0
11	0
11	0.004803629297686018
11	0.01016473084820803
11	0
11	0
11	0.004595533329620498
11	0.006239802464713428
11	0.004450632304606105
11	0.005641438223907541
11	0.00850949816520509
11	0.007763583619655164
11	0.005171438671740336
11	0.008009239055502467
11	0.005581696366735392
11	0.011067925363423417
11	0.0063637890829151035
11	0.009938373252638702
11	0.005453920676106264
11	0.008969001072171167
11	0.005414808597632429
11	0.00835626259558442
11	0.00546194419444962
11	0.01287161735582206
11	0.002595873367779694
11	0.011153672760044088
11	0
11	0.008684335107414417
11	0.0034556675107875827
11	0.0048411582246950064
11	0.006590556053950522
11	0.006342562716080264
11	0.007480845974202872
11	0.00736501354782137
11	0.004953006488355842
11	0.0074920281165820396
11	0.005998813143622983
11	0.005187122921462823
11	0.006659772394956424
11	0.005946092986915574
11	0
11	0
11	0.006696938680070262
11	0.005154332257736703
11	0
11	0.008244662206124145
11	0.006989688248507136
11	0.0064881118289184005
11	0.008260748805496668
11	0.005191512416691873
11	0.005931562028059053
11	0.00908416410628712
11	0.02038081775811566
11	0.005381648259017362
11	0
11	0.006672427255736848
11	0.005058834658821759
11	0.008990662640352726
11	0.01354274394367921
11	0.006932791473234501
11	0.010593813758519192
11	0.003841717710350236
11	0.006005131259096011
11	0.005796662997857061
11	0
11	0.008986663667418326
11	0.015588607759870112
11	0.005091241506152797
11	0.006523611805206333
11	0.014723617528275742
11	0.007401611351410424
11	0.006121155645779427
11	0.007639071365114423
11	0.007518525185043078
11	0
11	0.010186222096031306
11	0.006023350565553717
11	0.004942901222815075
11	0.005594388829416259
11	0.007019951303805595
11	0
11	0.009338920293562194
11	0.006165690397849918
11	0.009460688981941287
11	0
11	0.006490092235725605
11	0.0053425151607815686
11	0.0072711632586489345
11	0.003932017934654294
11	0
11	0.009875626794419475
11	0.009830865061954018
11	0.007049280107987691
11	0.006834481363462854
11	0
11	0.005701074419854895
11	0.011336839404792768
11	0.006720076496349115
11	0.004851952013776308
11	0
11	0.013461599730850557
11	0.011007029240887683
11	0.011820544067746078
11	0.007403649027299359
11	0.004867558716435942
11	0.002838919641822371
11	0.006302498937524772
11	0.005497237990318971
11	0.006653258570027171
11	0.004741363659093285
11	0.005627314211102513
11	0.004214176660407071
11	0.013608211173687882
11	0.0064603356001374955
11	0.007734226625396534
11	0.0056614394844828105
11	0.006897126268477524
11	0.011338812864324376
11	0.004668739347884248
11	0.013349490922963633
11	0.004853077020930375
11	0.006575776146607861
11	0
11	0.00869789729161999
11	0.004351113173423736
11	0.008147729305718153
11	0.0034083502825962503
11	0.008224285345952773
11	0.004126313345119348
11	0
11	0.006209551842334383
11	0.008893629796251905
11	0.010618740910334193
11	0.004807289035332707
11	0.0037981488230019907
11	0.0030757826802650257
11	0.006891012524952318
11	0
11	0.0077631481025347265
11	0.007951398719947492
11	0.013528038470931697
11	0.006755778834917511
11	0.0038284469266551494
11	0
11	0.004623152099723278
11	0.005995774489116236
11	0
11	0.007204853150066639
11	0.011293222099957213
11	0.010578224967801444
11	0
11	0.007670997363375345
11	0
11	0.011308115656190332
11	0.009690673347342929
11	0.004596028600482898
11	0.007462667097421254
11	0.006846527249105622
11	0.020858778278614362
11	0.00982447840111506
11	0.006761604965993358
11	0.005727166196566166
11	0.004659588276802435
11	0.008097873242795827
11	0.005757565204185925
11	0.004895982897812416
11	0.0057204289349015
11	0.015517841243024692
11	0.008495479911980519
11	0
11	0.004991123189903117
11	0.0036604936984595696
11	0.01095148222799903
11	0.007434801279537273
11	0.012964179172821033
11	0.003861732951485468
11	0.007221376560661226
11	0.006827439777531961
11	0.0052190507868312575
11	0
11	0.004164481210239448
11	0.005702982444585079
11	0.008844719058524821
11	0
11	0.004514528298364114
11	0.008270891305033085
11	0.0057958574428607235
11	0.009435657022254705
11	0.005614269209191195
11	0.006864421198614377
11	0.006050764276219108
11	0
11	0.010890647719300362
11	0.00753064671789006
11	0
11	0.005533754161303013
11	0.00608527163133894
11	0
11	0.011504204896531707
11	0.004138640530242591
11	0.006499870015193629
11	0.008062770336340251
11	0.008169303251615283
11	0.009091600458097853
11	0.009688560793956063
11	0.009874124292371236
11	0.00785585888648057
11	0.005114434564645766
11	0.0036847346107294126
11	0.008865996923538018
11	0.017109506822533153
11	0.0036933740855571245
11	0.008201835614850468
11	0.008344613559297638
11	0.01050349979608958
11	0.005522316165197565
11	0.005636814643874917
11	0.008196345702370525
11	0.005924672501203091
11	0
11	0.007743406066557212
11	0.012685300027996919
11	0.008421039229238036
11	0.005375218062117262
11	0.006547565013801139
11	0.003812711423604967
11	0.005044238953432119
11	0.0053563761027050055
11	0.004687214462382644
11	0.006172586241342438
11	0.01578076897341197
11	0
11	0.004869645812819834
11	0.007069714030103498
11	0.004230711960038104
11	0
11	0.009875124896614459
11	0.0064880581696288965
11	0.01087938748710898
11	0.007704567202004209
11	0.013259387747105243
11	0.011583907429659037
11	0.004221462241141342
11	0.010423054179230342
11	0.011870060032290467
11	0.009749607330241935
11	0.00917706208244945
11	0
11	0.007437531049826879
11	0.015907944248890426
11	0.004785713784938579
11	0.005022023716412333
11	0.006150519823796098
11	0.007738349661334401
11	0.00784512598374196
11	0.006807264110427756
11	0
11	0
11	0.0066682961682432845
11	0.012908515908425367
11	0.021162817803780598
11	0.013992794865261154
11	0.006386986506442997
11	0.0046359241504995196
11	0.004781186327541455
11	0.012499027589166354
11	0.004646463586362998
11	0.006723784864697025
11	0.014674416236356567
11	0.008163673592194363
11	0.011788546630290577
11	0.0057197483898916756
11	0
11	0.007688280732839765
11	0.0054682966222658665
11	0.010890339708718465
11	0
11	0
11	0.005063811256072324
11	0.004274188532267943
11	0.009642985873686479
11	0
11	0.011113683391661163
11	0.006619338718749594
11	0.004114327069017989
11	0
11	0.01047938620074933
11	0.00402681706480526
11	0.005245701017361573
11	0.008447886772230816
11	0.007062064435098936
11	0
11	0.00791633281013644
11	0.005279545511999272
11	0.0052103980643872635
11	0.004140102479750683
11	0.004660269378144088
11	0.005450301981359943
11	0
11	0.008465800995268195
11	0.0054021284357187995
11	0.009393382214549193
11	0.005765228981817048
11	0.005388719270900075
11	0
11	0.011564465894113857
11	0
11	0.009158786501856215
11	0.006439202582463759
11	0.00859760118001043
11	0
11	0.005929740354155893
11	0.010346806617826616
11	0
11	0.009716568059471176
11	0.006363221947990095
11	0.009460505696828691
11	0
11	0.006304567551685781
11	0
11	0.00881504510597025
11	0.011173812533169309
11	0.005484735417059421
11	0.014646588255151211
11	0
11	0
11	0.005288622500089213
11	0.007030257813520992
11	0.004534010451322343
11	0.01855545249454115
11	0.00453130809871236
11	0.004650793208733682
11	0.008003152267876344
11	0.0033381633156741213
11	0.008277140946953475
11	0.0052166274747350305
11	0.017754319611819832
11	0.006770370308193975
11	0.009256127242849958
11	0.01796184819090739
11	0.006996353064654254
11	0.01193468650709352
11	0
11	0.006234532471278746
11	0.005024577888927882
11	0.007660323911238122
11	0.011502085859796993
11	0
11	0.005390301813176831
11	0.010647081814451875
11	0.007799627144796732
11	0.00902679262636687
11	0
11	0.007289779442578643
11	0.013623295148080536
11	0.013398441213317921
11	0.014121933532550989
11	0.005383366261580422
11	0.005465160229063606
11	0
11	0.00596697131641857
11	0.00585355297305593
11	0.0057546227586134846
11	0
11	0.0064086290893219594
11	0.008271187707991907
11	0
11	0.005912343725250679
11	0.007332985866074968
11	0.0036763923913792932
11	0.007417162345213567
11	0.006288789022127135
11	0.008647320168573757
11	0
11	0
11	0.008104292349432607
11	0
11	0.0051851173518596225
11	0.006038336486230307
11	0
11	0.004587952551734689
11	0
11	0.009918800008796965
11	0.005292273150039333
11	0.006253090486997836
11	0.006087363867899158
11	0.004284064874093638
11	0.0066083834341913615
11	0.005612680538322796
11	0
11	0.004123896268627392
11	0.0033305227126933586
11	0.0095236080127377
11	0
11	0
11	0.01883214965088009
11	0.005696656364669263
11	0
11	0.008048423105534422
11	0.007768321323450552
11	0.00867752448068887
11	0
11	0.0050739074048459735
11	0.003675967040423924
11	0.005798981093384788
11	0.006689017804361467
11	0.008653288123227642
11	0.006824749945154862
11	0.006000744048319034
11	0.004629439276292554
11	0.005834534758568507
11	0
11	0.006635652325428061
11	0.004591396865015247
11	0.006912631521246127
11	0.007157434918759658
11	0.0064208039607274725
11	0
11	0.01086583990582211
11	0.018991276576731848
11	0.01953340029546977
11	0
11	0.00875208207366154
11	0.007803413828685053
11	0.007391655006385965
11	0
11	0
11	0.006112825983052371
11	0.004374142119722054
11	0.012502410493554897
11	0.006663350179302326
11	0.004653430864303852
11	0.014561639567557324
11	0.011476662547982176
11	0.0035920634335131867
11	0.006825634390210231
11	0.019407698607339142
11	0.008002426538776577
11	0
11	0.005567876460832429
11	0.003981524387960621
11	0
11	0.0056570482821322885
11	0.00837935310897546
11	0
11	0
11	0.007795737987037733
11	0.006446185504667896
11	0.0037190287590872294
11	0
11	0.00963071386247372
11	0.006980077114370216
11	0.007169247475119206
11	0
11	0.007147158606632119
11	0.006469787989833635
11	0.011132617427311841
11	0.010456496967848455
11	0.004111969336405316
11	0.012695761879698814
11	0.006255634595382417
11	0.00458705731630487
11	0.004845148571008647
11	0.01186160345904734
11	0
11	0.009807634071745196
11	0.00607131545524822
11	0.004092857108467364
11	0.007146256281227035
11	0.01238131394767533
11	0
11	0.005425081928287396
11	0.0068787152170515405
11	0
11	0.004725183176638939
11	0.00748585847166581
11	0
11	0.005312630218860073
11	0.007406719104173909
11	0.01200516766895616
11	0.013735650340314445
11	0.005054644091692707
11	0.005197823139731815
11	0.0056889555557785776
11	0
11	0.012878493206604986
11	0
11	0.006397216201705397
11	0.00510048276423728
11	0
11	0.01186877788525571
11	0.008366337575077423
11	0.004738288015967329
11	0.007214676571529148
11	0
11	0.006727107918741839
11	0
11	0.006852606475808119
11	0.007342344015130748
11	0.008359011805296232
11	0.00489691011635434
11	0.009873148433262917
11	0.008444198743588895
11	0.008757788946755142
11	0
11	0.006719604740007725
11	0.00660660192924169
11	0.006297854348322673
11	0
11	0.004927985187754932
11	0.010891178709920629
11	0.01336134238371158
11	0.004462263360912626
11	0.013796994159764745
11	0
11	0.012421961245074841
11	0.006265854437094172
11	0.0066608040068820915
11	0
11	0.005139652512789689
11	0.012361516283560402
11	0.005959699869954945
11	0.007212584574701224
11	0.007253899674486152
11	0
11	0.003907279701899368
11	0.004388397468273318
11	0.011510641787004007
11	0.0034506760056966404
11	0.007455388911958778
11	0.00594856335832836
11	0.005058060382095616
11	0
11	0.006854318919359644
11	0
11	0.0038991304776435217
11	0.005271853504413206
11	0.00320301779408394
11	0.006979047019203127
11	0.008215200672415027
11	0
11	0.01932702151558495
11	0
11	0
11	0.007820275410024197
11	0.005058522621364035
11	0.01385502919149965
11	0.00863685543550227
11	0.010220002614645986
11	0.008432620484562838
11	0.00678795640944494
11	0.006759264605961011
11	0.0060725203708189126
11	0.007847684922806294
11	0.004934567487215059
11	0
11	0.008321758671228642
11	0.0036829075675591247
11	0.005688822701033018
11	0.007124209748066126
11	0.009818484016103666
11	0.01020273456157972
11	0.006156362682212274
11	0.005785224588526668
11	0
11	0
11	0.004648087470107959
11	0.0036159561558553395
11	0.004346850597861176
11	0.0052399730480131145
11	0.005218561214599107
11	0.00959967172919575
11	0
11	0.007577400473287503
11	0.010462074783323227
11	0.004030365763889591
11	0.006360005412257315
11	0.0069943297733941895
11	0.0041743434648040525
11	0.00866148183827397
11	0
11	0.004427329024936331
11	0.010681403591181447
11	0.011325667869599198
11	0.008885193335984507
11	0.005391813998400474
11	0.009752400179881281
11	0
11	0.006715869673769104
11	0.009662528016227244
11	0.0066312360192402305
11	0.004409878062216228
11	0.004831424429110378
11	0.0075875560694280446
11	0
11	0.008866554026252839
11	0.007958274328251825
11	0.005875888810827099
11	0.009306234427074192
11	0.018276288156887414
11	0.00651736485515593
11	0.011269219118405454
11	0.003944760503519357
11	0.006057817147003879
11	0.004484529075980404
11	0.013714471066995694
11	0.006630309929946797
11	0.005339485165061786
11	0.00405154164011512
11	0.004509893558891152
11	0.009686715206650261
11	0.005647203917641477
11	0
11	0.00462729598378469
11	0
11	0
11	0
11	0
11	0.008236330941911953
11	0.005576602202801537
11	0.0065023796484631686
11	0.00603818563577608
11	0.007283493794105395
11	0.0072616434389490316
11	0.006357523284080372
11	0.015304183136218912
11	0
11	0.006462266423473855
11	0.006391417507749942
11	0.006959013972370339
11	0.008575118419198505
11	0.00637508227292993
11	0
11	0.0063661524635434666
11	0
11	0.0038964349944453497
11	0.01605523874630864
11	0.005844570406683966
11	0.01020133454930522
11	0.008328939031356702
11	0.007024253582390335
11	0.005479434840616327
11	0.00804119384455412
11	0
11	0.007952250036402092
11	0.008119425288157157
11	0.007072237751116387
11	0
11	0
11	0
11	0.005764819585066404
11	0.00564832049072757
11	0.004540874753293255
11	0.007345064933299049
11	0.009825975016917819
11	0
11	0.006999232573825508
11	0.007095447608650024
11	0.011651553633654504
11	0.009662875950293135
11	0.005964939177355604
11	0.009008541706781139
11	0
11	0.006450683089580015
11	0.0061011870276060556
11	0.007531498793964084
11	0
11	0
11	0.008907572043065451
11	0.0061780379882683395
11	0.00510084573657866
11	0.005786717628593792
11	0.003946348104506953
11	0.007096632005915468
11	0.006833504321987085
11	0.00271867678775162
11	0.0052572211923061765
11	0.011467990142476178
11	0.014784173361560723
11	0.0051427064685502
11	0
11	0.004256936381836892
11	0.008835479025088138
11	0.004947438072121393
11	0.0073707718798870815
11	0.005525303398514622
11	0
11	0.006965749795356124
11	0
11	0.014655375380977546
11	0.0038190811284435603
11	0.00291535066742479
11	0.0059689089187099816
11	0.006456355574274074
11	0.009777635475646258
11	0.008012598532734089
11	0.005729377989412677
11	0.006837055931346403
11	0.007283843882964859
11	0.005364611965057513
11	0.01526301705283461
11	0.003835262642887036
11	0.010331134348391915
11	0.006304324658381853
11	0.005723040954427988
11	0
11	0.006545291335286947
11	0
11	0.005987324802085937
11	0
11	0.01130897643862692
11	0.008420030123981815
11	0.0032971399083939514
11	0.006024774363322599
11	0.008086219272735956
11	0.010623359591991755
11	0.003096252816766416
11	0.009490363656405133
11	0.006215626147920863
11	0
11	0.011234687130745248
11	0
11	0.0064333348269416364
11	0.004639995453684671
11	0.009848759382650112
11	0.005252314583728621
11	0.005164200321826324
11	0.005154082357256039
11	0.01183936438126994
11	0.008667108636782352
11	0.010721928922969578
11	0.006724888991564661
11	0
11	0.007070890548656235
11	0.0048919689426614125
11	0.0078061660438520294
11	0.006441892213892084
11	0.008323448144277854
11	0.006867945000460374
11	0.0076714856299865426
11	0.007437924690103378
11	0.0078532507953224355
11	0.0032528345989683762
11	0
11	0.006460560512521418
11	0.011102161422967516
11	0.004378258447934353
11	0.005357999539375479
11	0.0059821418529349725
11	0.0051837431297239
11	0.00637800824864729
11	0.007696993356500169
11	0.00660891807982232
11	0.005589360799800198
11	0.006064351786180719
11	0.005724862228261283
11	0.013726490845051542
11	0
11	0.011085878454614671
11	0.006530825722075858
11	0.011316215391112678
11	0.005747413631506211
11	0.004001330587208248
11	0.010046043844682937
11	0.006536290057419161
11	0.006801663317011727
11	0.006698788612156547
11	0.007922490054730835
11	0.005605373324576001
11	0
11	0
11	0.009622878401722502
11	0.007850868623835874
11	0.006919738087437045
11	0.009710485173928654
11	0
11	0
11	0.008010678230874606
11	0.011187318420733495
11	0.004116805201577049
11	0.0051415392188423215
11	0.0038944297764039403
11	0.0106251859093131
11	0.005431383922063576
11	0.0031900212767718935
11	0
11	0.002562084830791592
11	0.017610907906256572
11	0
11	0
11	0.00584048340302101
11	0.010542883494263956
11	0.011273933347032989
11	0
11	0.004363891461752724
11	0.005393779514377261
11	0.005512682455862011
11	0.010529734337897625
11	0.004708211119508529
11	0.006172375639918658
11	0.012622614763411108
11	0.008263083554262262
11	0.005527645153310667
11	0.0071886684684633155
11	0
11	0.0063315955622486805
11	0.008033265359599258
11	0.008370869965048162
11	0
11	0.010860411410763288
11	0.008880190177895823
11	0.006562452020162684
11	0.012349724298905188
11	0.004077311078839037
11	0.007245969054322904
11	0.006166066002140446
11	0.005965925121954844
11	0.007674581746151751
11	0
11	0.011117060730657075
11	0.00838789669109343
11	0.006648840065509618
11	0
11	0.007285557275649334
11	0.004002858200825393
11	0.0041844195237665215
11	0
11	0.007816094073773398
11	0.008733278275820398
11	0.005397686434566949
11	0.006234029012479807
11	0.00414675378919552
11	0.010793670473331466
11	0.012694308782723856
11	0.01021092832893715
11	0.005303653334318259
11	0
11	0
11	0
11	0.011585699425873858
11	0.00575367846445047
11	0.006773932444856318
11	0.006408076472809335
11	0.010665597838708811
11	0.005089528512761732
11	0
11	0.009705168804252593
11	0.007375778950505183
11	0.004242720420481774
11	0
11	0.0058958744427631705
11	0.005686792707431515
11	0.010904438748256749
11	0.008864831811256815
11	0.005156111273344319
11	0
11	0.007587004404843141
11	0.005283469996867348
11	0.004622187712170946
11	0.010736400733135235
11	0.007624119186963016
11	0.004777619844036094
11	0.005685616996299742
11	0.004684693543810492
11	0.010424586366075695
11	0.006207890591774748
11	0
11	0.00660456584339978
11	0.014129445842174966
11	0
11	0
11	0
11	0.021188448352811383
11	0.006409844193681589
11	0.004754720746744094
11	0
11	0.006074213097022837
11	0.010779001283749718
11	0.006258680192153197
11	0.006788649536484167
11	0.0049877060713769536
11	0.007679017430915459
11	0.013876345640383172
11	0.0062110067942427565
11	0.014162269567087668
11	0.008849641820963615
11	0.006094524734240512
11	0.005834403137671627
11	0.006109312615504944
11	0.004627837869683013
11	0.011016093858776353
11	0.008930112912040475
11	0.006174263527996667
11	0.005773965626460629
11	0
11	0.011171516120833003
11	0.010154039403885222
11	0.005898317761273467
11	0.01200973487834544
11	0
11	0.007246276725678991
11	0.010569912972893256
11	0.017455788655917986
11	0.005846458318549526
11	0.0054276250873478375
11	0.008724865367379478
11	0.006071853153940628
11	0.005683383382410022
11	0.010345916857270609
11	0.004385899513547987
11	0
11	0.0036129044970087225
11	0.0073258180284150485
11	0.009861053798212446
11	0.015925249683542683
11	0
11	0.01431509196898821
11	0
11	0.004680054867956053
11	0.00893766339218616
11	0.016602041899639854
11	0.009125532119584109
11	0
11	0.00841720259921141
11	0.010217269648653873
11	0.006908617079541262
11	0.006386290242375964
11	0.005851481752853072
11	0.012499794247750447
11	0.0060515687051187145
11	0
11	0.0070169971801563
11	0.01770771902546494
11	0.006232049583891934
11	0.005416817795680082
11	0.008434554251956375
11	0.0042842432644656205
11	0
11	0.007667449295534017
11	0.006689273477235738
11	0.005082449607410675
11	0.0040638733205557356
11	0.008376381398040932
11	0
11	0.013083984666307143
11	0.007672899240808644
11	0.007214162758733268
11	0
11	0
11	0.00598904297490844
11	0
11	0.007176321960086432
11	0.006806004688443558
11	0.005883294859721557
11	0.004809875299216409
11	0.006200680311281689
11	0
11	0.020889253907467313
11	0.010089846538407714
11	0.015010073574182011
11	0.005961976275052687
11	0
11	0.009248287561802262
11	0.004456959285689282
11	0.00590150015503932
11	0.006282171008653808
11	0.005482196596734151
11	0.006240400425173585
11	0.005275890985189335
11	0.006300131304835064
11	0.0073289260496465
11	0.004685480241252089
11	0
11	0
11	0.006587135493979976
11	0.005573470348030361
11	0
11	0.005639387042490558
11	0.004447289989921014
11	0.006425554280454347
11	0.005414292462190823
11	0.0066750660191395705
11	0.006812201474879313
11	0.013709610908447321
11	0.005960347769821553
11	0.005389075545586565
11	0.00678593043032844
11	0.006028579157108362
11	0.011611556538837702
11	0.009860733075626134
11	0
11	0.013626517449887268
11	0.004960981849362192
11	0.004779528361036603
11	0
11	0.01085682140309748
11	0.006010432566790069
11	0.010692201475302096
11	0.007836509888136622
11	0.006198287757430631
11	0.017508678526843145
11	0.007992299482116029
11	0.006434916178597952
11	0.005495893174055388
11	0.00578288388574917
11	0.006391986222371565
11	0.008702146684686751
11	0
11	0.00945787456230357
11	0.004834907354354814
11	0
11	0.007265701975940597
11	0.006962775545102901
11	0
11	0.008230429851935497
11	0.0068960366430678354
11	0.0051860951322676005
11	0.011729687621367208
11	0.013130179813746375
11	0.0043451735624131195
11	0.009686412309128306
11	0
11	0.012140034550603331
11	0.007008526236977424
11	0.0052926465071547356
11	0.004621615048970955
11	0.005394475472858694
11	0.007749228077267641
11	0.004291206598338464
11	0.007398256696766309
11	0.004996041089645301
11	0.006319780038420798
11	0.00903459865917973
11	0.004050077918704606
11	0.012267331396666697
11	0.005882115802276614
11	0
11	0.004824663042273191
11	0
11	0.009214377917551943
11	0.004853438978976756
11	0.006292560035391597
11	0.004582528713098283
11	0.006736881097025988
11	0
11	0.005212225730815064
11	0
11	0.006273582648835898
11	0.007746434899880811
11	0.004281072656087817
11	0.008486809643116924
11	0.010981203571405099
11	0.006311862935941996
11	0
11	0.00694367435538538
11	0.006950015630885094
11	0.007649044434158653
11	0.005364281168465017
11	0.008116445427516009
11	0.008728737690042135
11	0.005785730529778164
11	0.005717763055148968
11	0.008005282189044593
11	0.0037353279826997706
11	0.00786026359925336
11	0.007404909771607885
11	0.005401455712075521
11	0
11	0.007423142554632251
11	0.0067368223461547055
11	0.004845697163852643
11	0
11	0.00706543216235685
11	0.011894578073157207
11	0.00629036216398779
11	0.011409236552298016
11	0.004930192867240345
11	0.0064557010523324755
11	0.005165499148406149
11	0.006080508374785357
11	0.007255451072346018
11	0.007751376154147656
11	0.004951306038994562
11	0.009234022552174436
11	0.004351866564605075
11	0.016279385512906714
11	0
11	0.0068481347025560625
11	0.0037699660766362924
11	0
11	0.013780932379330816
11	0.004891500193106494
11	0.006072277150308473
11	0.009106385431229326
11	0.008160943908879033
11	0.007558050590702845
11	0.004000476438895611
11	0.011075221716162124
11	0.005503138672445699
11	0.009408746174719195
11	0
11	0.007037770578492028
11	0.006360673981683769
11	0.006374567555647647
11	0
11	0.004500736462603934
11	0
11	0
11	0.011360991397763077
11	0.004470469883490821
11	0.012057510672928222
11	0
11	0.009977458823844767
11	0
11	0.007368734254473041
11	0
11	0.00794238799514481
11	0.005798273576325276
11	0.005746137153472341
11	0.0054901042010128825
11	0.0068084972162952544
11	0.007122807807460713
11	0.004677430119913459
11	0.005125914576337186
11	0.0079726946429678
11	0.005629813704684561
11	0.0035644080008468046
11	0.004933150437175558
11	0.015281939332056248
11	0.013683066516369115
11	0.0056704763248058305
11	0.004194033072032934
11	0.01024944766552961
11	0.006707648654616832
11	0.004079476014475061
11	0
11	0.003480460394217287
11	0.008540942620898464
11	0
11	0.006767937488495001
11	0
11	0
11	0.0056271295777945065
11	0.0115739564384723
11	0.017604691489032258
11	0.009655351152256424
11	0.018027243041588484
11	0.0043256449231315955
11	0.005042891927886178
11	0.008242387805114501
11	0.006448769374347764
11	0
11	0
11	0.008649890463739436
11	0.007124424903275315
11	0.009133666760398522
11	0.004590200137647134
11	0.003941943320726385
11	0.006438363208840631
11	0.011462806732346991
11	0.004265070394109127
11	0.0157620143470574
11	0
11	0
11	0.007162649552676232
11	0.010846002681197172
11	0.0077674373047414815
11	0.0057928239277000824
11	0.0069805082330542945
11	0.004823277884598323
11	0.007562193023880018
11	0.004846055389090466
11	0.005061504580730793
11	0.009083834273259017
11	0.005042002227497911
11	0.007709879175938178
11	0.007422640593685808
11	0.004951104526005675
11	0.008723097685340409
11	0.00864635373126626
11	0.009263352385729881
11	0.009213733754388578
11	0
11	0
11	0.005454468186821276
11	0.006650540770016238
11	0
11	0.006336867210622445
11	0.006872988599210394
11	0.006972545198756344
11	0.005155952134095402
11	0.018151476190444837
11	0.0043753035937145685
11	0.004965512463017763
11	0.005318401639942578
11	0.006226504212971529
11	0.008962583896338779
11	0.00598235798518479
11	0.005318255775494291
11	0.0065125939815301155
11	0.01290566135852346
11	0.007688474147385778
11	0
11	0
11	0.005269480983070707
11	0.005841320256927119
11	0.006022068588436746
11	0.005280923388846627
11	0.006863170988029544
11	0
11	0.008561369441531876
11	0.005859362014889409
11	0.006590319664739808
11	0.005823002557277764
11	0.00884787594256399
11	0.00578663531437555
11	0.005094039182572832
11	0.008925002025321371
11	0.005804893770414958
11	0.009522752303126799
11	0.007187357051339543
11	0.006446890684486917
11	0.009659005444863367
11	0.0063010996317823505
11	0.01603810071360255
11	0.012804666743608362
11	0.004811749822824293
11	0.00559662476735263
11	0.006512706257929386
11	0.009100706780488976
11	0.004940484403990752
11	0.004990151036517243
11	0.01607453175771487
11	0.005823130617846696
11	0.005564497046413808
11	0.004536670898280535
11	0.01757630071782147
11	0.006236160430614838
11	0.010395268677438358
11	0
11	0
11	0.0077572251806536435
11	0.013328662719860976
11	0
11	0.004686232510899731
11	0.0099533419550083
11	0.009785913795671113
11	0.005365874378708368
11	0.006510721730129641
11	0.008774468133621177
11	0.005830758158468022
11	0.004544896206374481
11	0
11	0.007318441231721473
11	0.008262254795311775
11	0.010673874887516501
11	0.00506017976727335
11	0.006383238538900858
11	0.00823158352217623
11	0.005017871078422738
11	0.005823621647834228
11	0.006784304257710704
11	0.005590244062350664
11	0.006349937029260762
11	0.006898976629590495
11	0.004661020405720211
11	0.004278457437400022
11	0.006358772253516544
11	0.012433201243022872
11	0.005920682685662042
11	0
11	0.0053538363101829686
11	0.009340039697530077
11	0.00615035701564058
11	0.004362305650088225
11	0.006953119430650551
11	0.008249079333160875
11	0.006356743430977712
11	0.013427764906442489
11	0.004248874033153388
11	0.004934476503850728
11	0.004798900998068293
11	0.0033368734257143372
11	0.00664135127301781
11	0.006277299916487592
11	0.004559585427781845
11	0.005471282794326777
11	0.004744080122738437
11	0.006109496695318555
11	0.005262037556678967
11	0.00426322887065657
11	0.0074340356043962235
11	0.003523940253222457
11	0.015704303441359542
11	0
11	0.008716098376148477
11	0.009332867165382234
11	0.006452627371094807
11	0.008070317614789869
11	0.013344781042238739
11	0
11	0.0042197177964422355
11	0.005030542339443603
11	0.007450379580161876
11	0.003973217422269964
11	0.004450014842712407
11	0.0056475163373078206
11	0.00914675696214059
11	0.009187844213605929
11	0.007331872924498188
11	0.007144643965308315
11	0
11	0.007265498031446706
11	0.012359731983044082
11	0
11	0
11	0.00542561419279016
11	0.02569283683153304
11	0
11	0.009746042397635301
11	0.008258023701831112
11	0
11	0
11	0.009474052549710999
11	0.014559259531102646
11	0.005011444720216537
11	0.006394808453265954
11	0.00453773988651176
11	0.012551086383344966
11	0.007229269479254906
11	0.006610463732104952
11	0.005566162077178223
11	0.005074001146681378
11	0.010979549249887966
11	0.0069737566896466135
11	0.004962368283876547
11	0.00478078087205386
11	0
11	0
11	0.00736052235981522
11	0.008058696225182094
11	0.008868574381623688
11	0
11	0.007357261223148871
11	0
11	0.0038647809995037874
11	0
11	0.007209755024941257
11	0.017000369339140103
11	0.004898278700286569
11	0.005661092717969815
11	0
11	0.0065049279599810545
11	0.0038931993887701168
11	0.012617522266757848
11	0.007742917023527016
11	0.0096274313279669
11	0.004205811159725778
11	0.009228865070035336
11	0.009365632280272748
11	0.006952069872605195
11	0.012393351073681459
11	0.016050878997621133
11	0.005629986835712977
11	0.006099026980760391
11	0.006387335119725879
11	0.005319514584807623
11	0.006378431678891293
11	0.005896968312235447
11	0.006365904571558096
11	0.0026974304445204996
11	0.0047163673998337685
11	0.006209129191377532
11	0.004311338010477672
11	0.005137289266207473
11	0.008410480398487196
11	0.005197844090378219
11	0.011029154632319314
11	0
11	0.007352475018429366
11	0.005613002169405457
11	0.008383919472880974
11	0.005908218781908689
11	0.007934462152458865
11	0.011342198095835513
11	0.02706017061994734
11	0.014594877077186758
11	0
11	0
11	0.00818366712330671
11	0.004268332518149944
11	0.01321256620226162
11	0.008189982677335055
11	0.010557202929743796
11	0.006649360845520992
11	0.006800710085177004
11	0.0072643313189605955
11	0.008473398185484567
11	0.01146465309199995
11	0.004991782774551832
11	0.012323355489863543
11	0.010421565769577788
11	0.0050160842469908025
11	0.009074026975297043
11	0.01611384151634083
11	0.010900323253359889
11	0
11	0.004043608627983928
11	0.006764628871333074
11	0.006239063784344024
11	0.008133886894829063
11	0.005452459033715295
11	0
11	0.010342738944612932
11	0.013426865752863032
11	0
11	0.019028389833092046
11	0.008135385927332268
11	0.009353993923574321
11	0.004544389401324852
11	0.01053205273737522
11	0.008186394906036459
11	0.005304722091732009
11	0.011865936967387667
11	0.004998466466320619
11	0
11	0.005772387815242501
11	0.007011071753363361
11	0.005460088761527546
11	0.0067011986763124125
11	0.006207642967250739
11	0
11	0.004067407601169635
11	0.004915290483281419
11	0.007420668703457937
11	0.007691134289811336
11	0.005933161196081486
11	0.005825432807417388
11	0.005066777728755218
11	0.021352030727594336
11	0.00427338910924104
11	0.005610301123565678
11	0.006984704533067376
11	0.005242783746466508
11	0
11	0.00509400647552727
11	0.0072593903945872
11	0.004409548387273307
11	0.004785725327963337
11	0.005455173967696737
11	0.008232421633835434
11	0.005358896871499482
11	0.0051423882688932466
11	0.005728307742202574
11	0.014439915023492952
11	0.008007516725460705
11	0.00708350255242669
11	0.008070721917976064
11	0.005269640615463155
11	0.008629698043764584
11	0.006748227914793188
11	0
11	0.00626378718284248
11	0.005631615782195498
11	0.005716620124854493
11	0
11	0.008769389607066963
11	0.008612427819120243
11	0
11	0.006012158390154355
11	0.012684476832251372
11	0
11	0.007995246975078021
11	0.006418525496242019
11	0.007699874555110924
11	0
11	0
11	0.008744086684242425
11	0.005964761352994443
11	0.005332940606092539
11	0.006528181883312066
11	0.00832440845956461
11	0.008847610803292605
11	0.00648469720992855
11	0.005562374135699865
11	0.0061461386691858255
11	0.005530016740618395
11	0
11	0.016522838370598876
11	0.008865892896104323
11	0
11	0
11	0.01034257211333978
11	0.0064992885180716635
11	0.006760854818855807
11	0
11	0.006192170311421665
11	0
11	0.007305443965570035
11	0.004634359437612589
11	0.01029495121381863
11	0.009446032536707737
11	0.01018709155886216
11	0.007580438836997057
11	0.008610815356481484
11	0.010665968102627632
11	0.013303105910179464
11	0.006424773999157482
11	0.006621504837322555
11	0.0042221869635564535
11	0.007562751153752733
11	0.011285423576146678
11	0.006799031439157936
11	0.004964538028672891
11	0.005233656381773799
11	0
11	0.006164419190542
11	0.005922068005986631
11	0.00804355715285091
11	0.005791915812009912
11	0.006013054159095251
11	0.00612279082072549
11	0.00470635258866757
11	0.0077789021126732005
11	0
11	0.005551291942599316
11	0.003953806304301545
11	0.005993733416630446
11	0.004728849986604804
11	0.0056893626378344405
11	0.005387727612750675
11	0.005817045781044285
11	0.00713996957874417
11	0.012442840168958247
11	0.005501861285401048
11	0
11	0.007108101252779532
11	0.0077407909729801955
11	0.005345293929578588
11	0.018844447397893954
11	0.006182055454854873
11	0.01388558482967991
11	0
11	0.010506688636832049
11	0
11	0.008187945710201348
11	0
11	0.006925650318797736
11	0.004075344791758649
11	0.015341027724404526
11	0.005521162435736818
11	0.010547749246958296
11	0.004854731990904491
11	0.004190411238391336
11	0.0032338010791105325
11	0
11	0.0049330510137110244
11	0.0071405735883317365
11	0.006036493707813149
11	0
11	0.0043452446474247005
11	0.005541575721520173
11	0.006409193131906055
11	0.006832627164451281
11	0
11	0.005960786094572368
11	0
11	0.011848102549476316
11	0
11	0.004576362392022911
11	0
11	0.006227199697354968
11	0.006511299978452469
11	0
11	0.007813393644561984
11	0.006587844532194602
11	0
11	0
11	0.00542928959809126
11	0
11	0.0077485148056971
11	0.005771254345190465
11	0.011895669659275594
11	0.006756028102317517
11	0.006462774618839614
11	0.005815886271271436
11	0
11	0.004121798693909594
11	0.006553197321124208
11	0.008872105486950601
11	0
11	0.0054193602175812775
11	0.0051757158546487814
11	0.007670369056055234
11	0.005995483005340655
11	0.005063622884880122
11	0.006078932915603943
11	0.0055180953190789184
11	0.005075805538020426
11	0
11	0.025629968896108718
11	0
11	0.005180554096766707
11	0.0049877785189842185
11	0.007196690682401275
11	0.0036410712060461693
11	0.006839862478988379
11	0.00866351508913876
11	0.00591287365083386
11	0.005493888846708117
11	0.006000170440454741
11	0.010049614767514694
11	0.005323244548198672
11	0.01185982501523239
11	0.007893187487614438
11	0.007413716573967652
11	0.02077707822371786
11	0
11	0.00880328129284734
11	0.005898038460816425
11	0.004532130931578055
11	0.011550917662486788
11	0.00559620163157887
11	0
11	0.0040024429653874654
11	0
11	0.005499581961642099
11	0.005844772988627479
11	0.007146220375359473
11	0.008883842398178273
11	0.005440838931017293
11	0.004881385993138237
11	0.030319477218234307
11	0.008066805702099942
11	0.00991359224785071
11	0.010034777562497653
11	0.006965669667051167
11	0.005721385994079973
11	0.005491493379111239
11	0.011574817822766632
11	0.011672480228026895
11	0.012091000618518605
11	0.0064932975830881475
11	0.006748354100583505
11	0.011464759003236883
11	0.007366529540735653
11	0
11	0.007550780695900436
11	0.002920595471748892
11	0.006217868152539466
11	0.004853388666317062
11	0
11	0.008967980995652174
11	0.009222732070150647
11	0
11	0.00797067357090704
11	0
11	0.006324265168189556
11	0.01172829402146477
11	0.007287205837025825
11	0.007261527860606524
11	0
11	0
11	0.0066792215870947295
11	0.010293852017336654
11	0.01027414732674927
11	0.006412130938289331
11	0.010149644793495822
11	0.005473951776090244
11	0.008601586088754904
11	0.008633034037936999
11	0.005311849409886272
11	0
11	0.00542686963937626
11	0.012674880226251323
11	0.0065327203321139775
11	0
11	0.009843630579228718
11	0
11	0.004481970051691187
11	0.007198095903973292
11	0
11	0.012271389668879498
11	0
11	0.017504015666400755
11	0.006933809290573732
11	0.004557821364787148
11	0
11	0.006680543474369518
11	0.005653379809441082
11	0.0067624040019868045
11	0.004398391799249017
11	0.008979390610651302
11	0.012174314048370969
11	0.02937124434916855
11	0.004044002220120724
11	0.005888505796327574
11	0
11	0.005242965828424062
11	0
11	0.008221128797754463
11	0.006133484340160719
11	0.0038274971432219504
11	0.010461820937260358
11	0.010236512303253273
11	0
11	0.007580493707087354
11	0.010831658399551247
11	0.005541179918785768
11	0.012100195000996336
11	0.0073835904557779854
11	0.009202491347646478
11	0.0086266504190398
11	0.005440299758444397
11	0.0070568094137063555
11	0.0065125475386199295
11	0
11	0.007840725631962132
11	0.006582448274684827
11	0.005737004038107499
11	0.007743432609881223
11	0.006693600808210022
11	0.0058167201654149
11	0
11	0
11	0.011968903584332245
11	0
11	0
11	0.004687767373219917
11	0.007166694625095113
11	0.011503268547827471
11	0.006557803991254457
11	0.0054846921333208285
11	0.008375796598092004
11	0
11	0.005464411379273756
11	0
11	0.01794882220549367
11	0
11	0.01348939198034458
11	0.0065716630768998755
11	0.00954760330202927
11	0.0048883583844727945
11	0.006377211982525183
11	0
11	0.006135735688586807
11	0.004384594793278121
11	0.00583898214032523
11	0.004804090271525547
11	0
11	0.005627044902892459
11	0
11	0.00569801846055018
11	0.00498545224670321
11	0.011477258328108125
11	0.00833545950951051
11	0.010736641481170834
11	0.008234337212598733
11	0
11	0.005270987014747825
11	0.007667513993144457
11	0.0036056512785843783
11	0
11	0.0047081680920806005
11	0.010034655355756986
11	0.006592247579942204
11	0.005141585776763187
11	0
11	0.00529805019464136
11	0.01009858550138704
11	0.012726620003031949
11	0.006497983303182865
11	0
11	0.005856596867752875
11	0.006161512769624003
11	0.00597394425381579
11	0.006220635249278866
11	0.006655699731760207
11	0.011538199103551625
11	0
11	0.006069344962959091
11	0.007446246107501623
11	0.006378475461034392
11	0.007020894819581703
11	0.011988725968203886
11	0.012635725961765296
11	0.008076320165497313
11	0.005580385872521684
11	0.006012789370641209
11	0.007998461797447108
11	0.008100294146810296
11	0.007780364089674333
11	0.004679231512146809
11	0.007833442628748886
11	0.004342459977478515
11	0
11	0
11	0.005020868397629874
11	0.005896236816609926
11	0.005040643787509077
11	0.0074387767410400854
11	0.008953122294257565
11	0.005086346523192073
11	0.004563549701162676
11	0.010979348719023674
11	0.00464535146330159
11	0.004724905168851296
11	0.013409334750736341
11	0.007056612524354156
11	0
11	0.005264889657609782
11	0
11	0.005838716423260604
11	0
11	0.004380869730002091
11	0.014037266650866855
11	0.0037191697047734237
11	0.012155602517424516
11	0.014895081092434965
11	0.004755765260712635
11	0.007121164282735363
11	0.012775741039323222
11	0.005850013339126837
11	0.01032723770928427
11	0.0053657498878159566
11	0.0035115808194523344
11	0.009679995153807042
11	0.005929577922262168
11	0
11	0
11	0.006144091676600247
11	0.00574094083641564
11	0.006411516223257467
11	0
11	0.007303432029745864
11	0.012096266886620698
11	0.017498664154544045
11	0.005205472375730341
11	0
11	0.008128425530360724
11	0
11	0.011627444081447625
11	0.017993036251364357
11	0.006086929210419083
11	0.005547669572360625
11	0.018597767950239923
11	0.007638395593222266
11	0
11	0.0034081730907651003
11	0.0053692559751983655
11	0.005410374652046228
11	0.00809978827283882
11	0.015531637454019333
11	0.003967438013037885
11	0.0054651765728327435
11	0.010563813341954921
11	0
11	0
11	0.009818547754009154
11	0.004791599998206311
11	0.007606788970874044
11	0.012490557361504702
11	0.007323865379548976
11	0.005898484300466158
11	0.0062843309665448046
11	0.005468356918006284
11	0.015326606281024575
11	0.005808640492715117
11	0
11	0.007352731663452812
11	0.005809909570345603
11	0.004325065448141015
11	0
11	0.005087131007339935
11	0.00561627951082083
11	0.00644150817082821
11	0.009022159039206813
11	0.010108071663078125
11	0
11	0.005150873197389328
11	0.006218344312476447
11	0.008133028037966963
11	0
11	0.005425527525644449
11	0.0062252056412301065
11	0.010774448905313856
11	0.0059059892565517785
11	0.004002920593835331
11	0
11	0
11	0.00429214769215314
11	0.007367526970849662
11	0.01181310241816633
11	0
11	0.007391197655667292
11	0.016644715640970576
11	0
11	0.007759588574499763
11	0.005502361878417724
11	0.007019793463569818
11	0.005252868491822138
11	0.005523990822912444
11	0.006991820725048752
11	0.012722362349371446
11	0.004429853508211989
11	0.012038139242300364
11	0.007228651535196901
11	0.003970286422230344
11	0
11	0
11	0.007199141390018772
11	0
11	0
11	0.008632923059603873
11	0.004583088217211533
11	0.0073311583575970864
11	0.005925203911838194
11	0.011477819110453823
11	0.010226373721899674
11	0.007360898767859036
11	0
11	0.0060261876144255995
11	0.006619317353011163
11	0.009003678407250136
11	0.010077042357242624
11	0
11	0.0047328589235947766
11	0.007169160018115627
11	0.007151167193263608
11	0.004990236983004384
11	0.0047165430139062495
11	0
11	0.0047682529238047035
11	0
11	0.006114600540778617
11	0.005108086364243519
11	0.006152561874778635
11	0.003908161609771044
11	0.008499222181765659
11	0.005257534366686565
11	0.0145109293028915
11	0.007913729626081025
11	0.007025352542957329
11	0.005284799972146252
11	0.0076150250131334606
11	0.006128193683049617
11	0.00581329129649785
11	0.006048854961562363
11	0.005084242994798893
11	0.024054649685558833
11	0.009116275782881687
11	0.009215915902492001
11	0
11	0.006624408101305727
11	0.008844437417831003
11	0.0053936034776206595
11	0.008264207112414495
11	0.009707128344489308
11	0.006723284044024123
11	0.006669885291552049
11	0.01714431332504975
11	0.0064237887537224965
11	0.0038818866245420316
11	0.0046256946124355
11	0.006606798664981559
11	0.0056056809904442
11	0.006572008738535085
11	0
11	0.005116418699586709
11	0.006838360425793193
11	0.013111031714377304
11	0.01179645154361575
11	0.011970840719254524
11	0.007474337970188777
11	0.005472938004613254
11	0.004862565668742741
11	0.008427440826133257
11	0.005249045909051396
11	0.01769075409863611
11	0.004406464195144292
11	0.007675802678082308
11	0.01660539938903977
11	0.004384507792521789
11	0
11	0.00560559858421214
11	0.010643389377358306
11	0.006245053778665145
11	0.004265056073549507
11	0.007940939221306823
11	0.01090952522540311
11	0
11	0.005795397564388229
11	0
11	0.005016277982039383
11	0.009617981277906274
11	0.007354395560480896
11	0.006681166659030324
11	0.012935379188485946
11	0
11	0.0066746339511325374
11	0.009059445047672867
11	0.0066783093306630615
11	0.005267146950933457
11	0.006106676745588722
11	0.009169369521069105
11	0.006708580404571824
11	0.005320927519218035
11	0.008810485101962815
11	0.006716615375878323
11	0.01002901669913251
11	0.005292608570585319
11	0.00801565382697035
11	0
11	0.00880531167996572
11	0.005536205048089117
11	0.007892357256105358
11	0.005870434874356346
11	0.004530503918706165
11	0.004577085989490127
11	0.008758577164834365
11	0.013489095582139208
11	0.008252531487607849
11	0.0051821000099697215
11	0
11	0
11	0.006569113668195388
11	0.006433098531922997
11	0.0027785569752419585
11	0
11	0.009656647007816497
11	0.007920581956992244
11	0
11	0.004991887968295521
11	0.005208874561074942
11	0.011031828063971143
11	0.00736815162165893
11	0.005592645664276676
11	0.004624738796178255
11	0.006055367965810462
11	0.006249989077860739
11	0.006723032138285864
11	0.005728883314186377
11	0.0058827128672637955
11	0.009613199841896616
11	0.018514607872512696
11	0.0052796959140011925
11	0.005010814100386453
11	0
11	0.009751760096049143
11	0.010558818167925504
11	0.006494222175053912
11	0.012435614107545508
11	0.005041733484412053
11	0.006849351398793246
11	0.009482133185210533
11	0
11	0.005648767232740264
11	0.005876812193674403
11	0.01632299729916082
11	0.00561321478431014
11	0.008838446956437167
11	0.013149129547882605
11	0.007955979057925949
11	0.009182011706006625
11	0.0058528200287351
11	0
11	0.00664851976494605
11	0.014138358903472027
11	0.008171270592809475
11	0.005398534143865701
11	0
11	0
11	0.006409824849357321
11	0.007341736397821276
11	0.00882176286707999
11	0.0057876692737258185
11	0.0040292335810629765
11	0.00518588719428977
11	0.004792254176445164
11	0.012233854276738223
11	0.006894490624724051
11	0
11	0.004188655870880597
11	0.006200602918823405
11	0.029943330710375308
11	0.009356171368040688
11	0.006617700488465538
11	0.005807508024660554
11	0.007673123213714932
11	0.005103682442235005
11	0.006162310862825244
11	0.005398054805909643
11	0.004968427768310608
11	0.008072771608070609
11	0
11	0.006868114679978699
11	0.006033687597958278
11	0.004720813767440701
11	0.007839033795657166
11	0.006035736055064484
11	0.006209666638633761
11	0
11	0.010582630914061518
11	0
11	0.016853496988460972
11	0.012242039531675068
11	0.013137252595303225
11	0.011202971294880982
11	0.018195035665499872
11	0.0054972758737825075
11	0.0070328604484273735
11	0.005873259840261621
11	0
11	0
11	0.010426005924280111
11	0.004587682534624157
11	0.013707174447290417
11	0.01646259386023318
11	0.004380028352268847
11	0.01831344776536938
11	0.007666683857800699
11	0.005538284540502887
11	0.005895791190183046
11	0.004634618621598319
11	0.004949620268069929
11	0.005191658275000213
11	0.006084160619405831
11	0.008691447329061647
11	0
11	0.00801633917992709
11	0.007981567476250397
11	0.003466043664738059
11	0.011301260424508994
11	0.010109957789833389
11	0.011610275464086614
11	0.007741225621843011
11	0.007475415468941387
11	0.004426192628959205
11	0.008463481755505795
11	0
11	0
11	0
11	0.006515209702681987
11	0.005110699887711714
11	0.009476474758936773
11	0
11	0.006435677567357851
11	0.004488286448194942
11	0.004235611287374047
11	0.004984929907090129
11	0.005815703523037245
11	0.00495897036503912
11	0.004751042625875087
11	0.00852379388376961
11	0.008542785510826474
11	0
11	0.005576725252325478
11	0.0030208406161396925
11	0.006418362830017197
11	0.008568816843928018
11	0
11	0
11	0.01072760441144685
11	0.011679829650752985
11	0.008289553739292453
11	0.02141064808316508
11	0.0061126837834147765
11	0.011304156761015568
11	0.010999309849092698
11	0.009530974411827701
11	0.011130942480535217
11	0.00470695164417557
11	0.007995365126020454
11	0.01012473719737162
11	0.007026181413668967
11	0
11	0
11	0.003809498724128793
11	0.004948029988995338
11	0.00789515071454752
11	0.005923214910091843
11	0.010031826665121134
11	0.007997520673817766
11	0.006119333192811484
11	0.006740019822721169
11	0.010228986850973072
11	0.008188720679681112
11	0.010813252666244643
11	0.008834728465315876
11	0.008408200043619633
11	0.006957237846835004
11	0
11	0.005692468484039837
11	0.004920925584266985
11	0.006106452231418332
11	0.00498368600678234
11	0
11	0
11	0.006486792375488605
11	0.00546149497546939
11	0.007197169336665299
11	0.008343624965062645
11	0.008143591335673965
11	0.00805319073115758
11	0
11	0.012087731122626923
11	0.006761484536963305
11	0.006809946169094623
11	0.009386042669761063
11	0
11	0.009312019150523177
11	0.005319888908365357
11	0.006773227260480232
11	0
11	0.008602921625745519
11	0.006573685908890638
11	0.005068302094233106
11	0.006658636537282692
11	0.011495762560304356
11	0.0073170384486550754
11	0.00831773415287041
11	0.004204208588549157
11	0.0034581637673205172
11	0.020234361792052166
11	0
11	0.013700289601609615
11	0.004960863505582301
11	0.004552600848184081
11	0
11	0
11	0.006097687135134212
11	0.015332178566733627
11	0.0041956804035404695
11	0.017936576680135034
11	0.00414012196260201
11	0.00876763113299891
11	0.004059638060610801
11	0.008991067247239333
11	0.010120864108020768
11	0.007149326779676542
11	0.009040188855485983
11	0.0066803619913574745
11	0.0052880209181211555
11	0.005388444882120016
11	0.0034017005776042627
11	0.005212481800916408
11	0.005661910700916418
11	0.00918684065412011
11	0.010294029147594714
11	0.006548078638938181
11	0.0044493293080975806
11	0.009094021391625677
11	0.008436222689313955
11	0.005581350107336882
11	0.008256329031334561
11	0.015155554956417124
11	0.008956339316339088
11	0.005239539835580649
11	0
11	0.004926873255065079
11	0.007430178627291079
11	0.005854373494999785
11	0.005112294720359924
11	0.008073118934696024
11	0.0052715267833664285
11	0
11	0.013598075349766899
11	0.005459473015774566
11	0.010829974573180612
11	0.005123545364937977
11	0.005396175502967078
11	0.0062469565591074415
11	0.003745682316974914
11	0.008911793374645366
11	0.004991691712508918
11	0.008735083954006339
11	0
11	0.006607942805379766
11	0
11	0.007026490431524421
11	0.010644596388747402
11	0.0034636733314480695
11	0.010122783983254988
11	0.005074971639900822
11	0.004431062168290744
11	0.006153190260189741
11	0.011033729298988305
11	0.005562343835949514
11	0
11	0.010568866684338929
11	0
11	0
11	0.011380578440102908
11	0.0037715971349237846
11	0.009213420104911814
11	0.008546818877346441
11	0.00955999256806902
11	0.008258006553871058
11	0.0038392980627370327
11	0.004994623736291638
11	0.006096800202186499
11	0.012581279109782819
11	0.005211869177898786
11	0.007327681762279344
11	0.00434024326259644
11	0.006197341613694769
11	0.004639780629903239
11	0
11	0.010402539047293864
11	0.01280093106284447
11	0.010042484585487794
11	0
11	0.005169141073082997
11	0.007661754653687081
11	0.007154956098858885
11	0
11	0
11	0.005426906281582362
11	0.008852027406103616
11	0.00862207218324626
11	0.007975137261642493
11	0.005599988096100406
11	0.00693303863877681
11	0.008725991018010243
11	0.005732411886722151
11	0.004528507181561812
11	0.005143398578228583
11	0
11	0.006994433553484681
11	0
11	0.004349885138324784
11	0.005856401113091504
11	0.00600242242088104
11	0.004662410011847031
11	0
11	0.010082212265383719
11	0.00467538377309871
11	0
11	0.010092878932748543
11	0
11	0.015263260489902111
11	0.005511692108578372
11	0.006470845781216761
11	0.007306872114385297
11	0.006527692940234778
11	0.008563888648404117
11	0.004490580528922277
11	0.012202911014235856
11	0
11	0.007125914449839466
11	0.006139039431988328
11	0.004633581562674918
11	0
11	0.009771275191180193
11	0.005234888695979006
11	0.010240184324307802
11	0.006495814566646915
11	0
11	0.0064599529794528735
11	0.004208817907056034
11	0.015623134397847346
11	0.026063623045207575
11	0.014770074282992715
11	0.01246752828423989
11	0.005656903484190736
11	0.005393321968836402
11	0.005283292772548564
11	0.005700503223449076
11	0.007169646477223643
11	0.005316940276233537
11	0
11	0.009873156061855813
11	0.005350032888483482
11	0.014405352839632476
11	0.006359432694517883
11	0.00646512965823019
11	0.005757752818479466
11	0.006084971078736961
11	0.007143294817064478
11	0.006074796125176745
11	0.00862561595835079
11	0.006629029160943541
11	0.007060517412461046
11	0.0058378888767572105
11	0.007277913773353064
11	0.004780533539940339
11	0.009590597410636122
11	0.007660545805936203
11	0.004004647575696296
11	0.006193344313113682
11	0.0036547178942006853
11	0
11	0.005455205919725842
11	0.003989191877239259
11	0.0064548429265801266
11	0.004840330248351615
11	0.0051875113424018765
11	0.006102326392353165
11	0
11	0.005780565715520594
11	0.0054840198112354865
11	0.005146661725689606
11	0.009140070562131149
11	0.007660657965116017
11	0
11	0.005195840780912633
11	0.004700673885282685
11	0.0093193067320579
11	0.006490578409961677
11	0.005524412678397249
11	0.011433072416895868
11	0.00830624545624941
11	0.007538763799968209
11	0.005971703136482575
11	0.004897148986975152
11	0
11	0.00829756617724589
11	0.006636015763405386
11	0.005186963225254512
11	0.007225983564104177
11	0.006500558931235927
11	0.0035607733634592355
11	0.008154561853898352
11	0
11	0.0045443011821936115
11	0
11	0
11	0.008757347599779227
11	0.0062588105789572026
11	0.011699104914988205
11	0.004452909751092612
11	0.0053677248341037044
11	0.005020515907185527
11	0.00745033372137502
11	0.007507574766169681
11	0.006209559983990572
11	0.008837151303027103
11	0.008490492942167485
11	0.004505648606209119
11	0.004147864817795611
11	0.00574257112712431
11	0
11	0.005562531731792703
11	0.00765268256494042
11	0
11	0.006803711194495622
11	0
11	0.008720426866946206
11	0.007309005277265307
11	0.005303499239164307
11	0.009424551957120499
11	0.007985103280848367
11	0.009439072974742717
11	0.007124421557246064
11	0.010017573596313008
11	0.004837385390629116
11	0.006420146948044
11	0.004462002274921222
11	0.0050541764947795356
11	0.01004896387025924
11	0.006638006424394319
11	0.005582736491079892
11	0.0038609190037516474
11	0.005406489335926994
11	0.0047891986699991245
11	0.0033904129103416425
11	0.0061451655503388675
11	0
11	0.006327949060165591
11	0.009739283158002711
11	0
11	0.005477685826862682
11	0
11	0.005829621976054677
11	0.004651577070651788
11	0.009025157317751841
11	0.006134801691253633
11	0.004124053917386624
11	0.010766262555929638
11	0
11	0.009023249777930419
11	0.0046633045901709105
11	0.004688077166298095
11	0.006938529895466048
11	0.006082600864608362
11	0
11	0.0057293189502428945
11	0.0060729799178430716
11	0.003885975947410103
11	0.010850656212211002
11	0
11	0.007405795605788734
11	0.006322011679194438
11	0
11	0.006925771110041507
11	0.0090027925192706
11	0.00479816301389136
11	0.021717873928336
11	0.006226734258423259
11	0.013438464727386239
11	0
11	0
11	0.0033981380695192946
11	0
11	0
11	0.005701423938922196
11	0.019422618908179774
11	0.0069729893911533005
11	0.004415284069969348
11	0.005414839211548609
11	0.003773359050979401
11	0.006322337708158672
11	0
11	0.00973329397422321
11	0.007658084364902522
11	0.006011424554953267
11	0.005278930384714053
11	0.004540753589816261
11	0
11	0.004436439661811707
11	0.004835440659338018
11	0.013265487446941445
11	0
11	0.012793910043394526
11	0.008180863305350287
11	0.005506815963703989
11	0.005693973507662451
11	0.008884615507741037
11	0.005152021623844884
11	0.007456231702951772
11	0.010909715046742326
11	0
11	0.00611750263269354
11	0.004755502014812586
11	0.002594547397648819
11	0.011885749082046622
11	0.008733671804472804
11	0.006710130638685683
11	0.005549737264798978
11	0.006557246663124421
11	0.027737905507540805
11	0.0043520475142426835
11	0
11	0.007604644472572949
11	0
11	0.0069781522646905755
11	0.005918427791266573
11	0.006428797758884873
11	0.011593789517532522
11	0.006387660921080831
11	0.0056257991478308
11	0
11	0.005669564957201326
11	0.005907941378436341
11	0.006247009236759852
11	0
11	0.0064028027642450865
11	0
11	0.010763090431738731
11	0.007300519344618626
11	0
11	0
11	0.011565049264785712
11	0.006635425056401078
11	0.00652011817140692
11	0.007416323575218131
11	0.016850163199471645
11	0.006572596442964802
11	0.006480599305605897
11	0.004512308294023875
11	0.005961961575284056
11	0
11	0.007725147155336459
11	0.00394133698838142
11	0
11	0.006084948527546496
11	0.004513791914454021
11	0.006551676088821531
11	0
11	0.007131056568727629
11	0.00861351071977134
11	0
11	0.007520748395542961
11	0.020266709499204404
11	0
11	0.004101740091734369
11	0.004780728595531596
11	0.019400912617662143
11	0.006994885467433735
11	0.007324380115467979
11	0.007748281748583041
11	0.005013614899809707
11	0.006219939823219875
11	0.007457243363845956
11	0.005784491541860181
11	0
11	0.0083564347660473
11	0
11	0.005333119652103892
11	0.010768127482292384
11	0.007153049109226248
11	0.0112415964084886
11	0.005917619300504913
11	0.018480009458045055
11	0.005196944674247592
11	0
11	0.008527983433648391
11	0.012273126250067328
11	0.012424838098612601
11	0.011711753754164557
11	0.011033794310391478
11	0.0052023858489150514
11	0.007263548406606935
11	0.008377576258938877
11	0.006793206067971047
11	0.004251704877934902
11	0.003847443262943397
11	0.00616762024509958
11	0.003245324356097509
11	0
11	0
11	0.0067879839640615095
11	0.004853531652582281
11	0.005670114878636768
11	0.005499249389407299
11	0.0070166447413823226
11	0.003862765051404577
11	0.003929175142031354
11	0
11	0.009007785015166631
11	0.0034316405763990345
11	0
11	0.007031412180896068
11	0.004522012967754433
11	0.007684877162043095
11	0.007504067026225489
11	0.006314974805440021
11	0
11	0.008445090369506613
11	0.008580196049716049
11	0.005212409043441399
11	0.007105425029880504
11	0.00639835022048621
11	0.009236408524221638
11	0.00405690121686414
11	0.007585387345908417
11	0.006875809329358607
11	0.004847880353265937
11	0.005413524959615917
11	0.007614113529287893
11	0.005091138914087527
11	0.0062171127054885655
11	0.004924960196775396
11	0.005750946697730211
11	0.004907415836687539
11	0
11	0.012790517279693981
11	0.01113082249921738
11	0.008222753688133737
11	0
11	0.004778164949408409
11	0.0031999014641520373
11	0.004971606300765655
11	0.006453764767143032
11	0.008215800474074162
11	0.013746422617050426
11	0.0047845849023717925
11	0.006349706718352608
11	0.007303781267167817
11	0.017683837981319117
11	0.007965943018220649
11	0.008634765023923146
11	0.007950489844088027
11	0.004960809506980914
11	0.005388188118579635
11	0.0049643302254505734
11	0.010515732473056844
11	0.0059125369641477
11	0.006166762193781377
11	0.009889519714327315
11	0.005035522940378496
11	0.006580158105996465
11	0.007584478493179805
11	0.007566212583294465
11	0.005049751940640717
11	0.013512608355576319
11	0.005809156880909324
11	0
11	0.007545440975057691
11	0.007456220236760556
11	0.00702670300852342
11	0.007156594351088053
11	0.005367060150187911
11	0.006311087708881564
11	0
11	0.004986026797017224
11	0.021106735953021972
11	0.013069645246418423
11	0.005730746989309034
11	0.008659154536793518
11	0.0035172198500235527
11	0
11	0
11	0.008467847723779879
11	0.005233208208523903
11	0.005279737522229852
11	0
11	0.010310959037591565
11	0
11	0.004864261139654722
11	0.016061259257386377
11	0.015825107133078546
11	0.009910095644688055
11	0.007524910387617199
11	0.0064283705793368486
11	0.007855908338802306
11	0.007821788059913768
11	0.00979655508274065
11	0
11	0.015059818188937571
11	0.005019685010489722
11	0
11	0.004815926554847218
11	0
11	0.005367036637026561
11	0.007190732021809327
11	0.028273863036225977
11	0
11	0
11	0.007709091425162208
11	0
11	0
11	0.004400926895178308
11	0
11	0.006676475584740911
11	0.008637390352367668
11	0.004992425710896465
11	0
11	0.004116224634792578
11	0.005571411087097117
11	0.01392889354525358
11	0.01234995949512927
11	0
11	0.00532761069879634
11	0.005567120342533207
11	0.008157068576326998
11	0.005211015211820234
11	0.009973735697563692
11	0.008494815496536766
11	0.0063423920916965
11	0.010518379927535756
11	0.006229300195040146
11	0.00471486163285596
11	0.003185912007150087
11	0.007907975244087748
11	0.005600693335953316
11	0
11	0.004586943719951502
11	0.007996293881396884
11	0
11	0.007037335747897833
11	0.008845094343935718
11	0.006244210120821263
11	0
11	0.005857491370813177
11	0.033115703899422595
11	0.010149005761344872
11	0.0058218314827586624
11	0.013736653281420824
11	0.014480178536823823
11	0
11	0.004369175169192364
11	0
11	0.005738961681356
11	0.015162057702872154
11	0.007307915366986375
11	0.010472723132516194
11	0.0038237664172450347
11	0.004962000472729416
11	0
11	0.012926518740098997
11	0.005623315329092056
11	0.012348403158658443
11	0.010673228471227238
11	0.004916374532481484
11	0.004889041789189953
11	0.006039800881980464
11	0.004455643037309336
11	0.004954054327192548
11	0.006062403832072481
11	0.007655713089861061
11	0.003421139014414413
11	0.007486832575756918
11	0.0038350933509638096
11	0
11	0.008218784583364239
11	0.008685487517783098
11	0
11	0
11	0.006390880582199988
11	0.010617679299408218
11	0.005079681086714884
11	0.008538768524960926
11	0
11	0
11	0
11	0.011029514232984303
11	0.021728199195520232
11	0.005195330552158177
11	0.009342210109479101
11	0.00411047912760271
11	0.007071192958177981
11	0.009853399276553166
11	0.006169392159730814
11	0.006687239365242557
11	0.003513442803510008
11	0.005231621355963025
11	0
11	0.02390453680814382
11	0.004356989455614804
11	0
11	0.0058898417965817735
11	0.006784575014919744
11	0.010779203297813162
11	0.006714974405113854
11	0.0162050000328559
11	0.0057630533668314625
11	0.007768945466366326
11	0.005894359868030194
11	0.003244483562561072
11	0.005341110814567781
11	0.01109521923265263
11	0
11	0.006393876733105027
11	0.005074971256568343
11	0.00641987974470773
11	0.004610482373191236
11	0.007071483254689755
11	0.012035279751556483
11	0.00492670754740587
11	0.007037298970120611
11	0.007495519681869328
11	0.008872851128509548
11	0.0058952847376146505
11	0.004326367717413602
11	0.005346127568379763
11	0.008777556554411363
11	0
11	0.0066236702097386
11	0
11	0.005041614164921253
11	0.006240654797534226
11	0
11	0
11	0.007408957659964186
11	0.0077393917965021194
11	0.006983848445949537
11	0.008540523123104571
11	0.015354948195679043
11	0.006458611930824648
11	0.008050800774177854
11	0.00492838929942397
11	0.007707129321868647
11	0.005834168276963984
11	0.008191729833468536
11	0.019058889259902113
11	0
11	0.004268485910944836
11	0.00772087053462959
11	0.0094867232020872
11	0.004276540327381011
11	0.002592216602642294
11	0.006973673418601607
11	0
11	0.006628909196846447
11	0
11	0.00642631734319991
11	0.0064877426082404314
11	0.004899576915736541
11	0.014007188104198048
11	0.005092341574350347
11	0.005286123592474722
11	0.01042709993320489
11	0.006041412226431135
11	0.0029271441402993204
11	0.003887356758609349
11	0.006144253549857909
11	0.005395141137814344
11	0.0036793859008217226
11	0.005359493283584706
11	0.005607507450798893
11	0.008442984693788283
11	0.00534461345734228
11	0
11	0
11	0.0064639396925600745
11	0.006666350813410498
11	0.009823016179447972
11	0.005951839814159714
11	0
11	0.007149198777710054
11	0.004408497465706589
11	0.018767309225186907
11	0.004149271672036979
11	0.00560567072115609
11	0.005891017041779698
11	0.005693780598019257
11	0.007260025701542434
11	0.00507174864674286
11	0.006807814867572007
11	0.010120852536742903
11	0.008725851294983331
11	0.006563475855846787
11	0.004281997482307898
11	0.0049846376010815
11	0.005552941286512859
11	0
11	0.007087169190859931
11	0.008007943830918577
11	0.007962833860703563
11	0.011588119947335093
11	0.005176383732605568
11	0.016206019007005728
11	0.005489321404749358
11	0.009008786204198167
11	0.010711508769252562
11	0.014840601927095999
11	0.00936564011913713
11	0.005362178818935183
11	0.005215311294828409
11	0.0047647046660052065
11	0.010799087440499622
11	0.00566036950621927
11	0.006167918048684786
11	0.005317667361759002
11	0.009784798432250032
11	0.004757998898503169
11	0.003642311088123963
11	0.007092720965353447
11	0.005245835007974087
11	0.005559044505718428
11	0.006410008826760648
11	0.008080129216022155
11	0
11	0.005511404788255207
11	0.004105433381598301
11	0.0051888233168486
11	0
11	0.007224774607818981
11	0
11	0
11	0.0050818898490021394
11	0.008241373715007383
11	0.0037489934720429693
11	0.00745847146536671
11	0.01068876380073455
11	0.01084219255734868
11	0.005412377999801603
11	0.008817217720335856
11	0.0035294558757411505
11	0.00444113756128051
11	0.005333793001839314
11	0.0055953497986038344
11	0.0075967167837794995
11	0.006987192635627196
11	0.004791229028027017
11	0.006480974640440449
11	0.0077108506944093234
11	0
11	0.009303489920721207
11	0.015924338836678775
11	0.01564058568501956
11	0.005595743028537908
11	0.006115729342091889
11	0
11	0
11	0.005915365546097191
11	0
11	0.011675787229831367
11	0.007009883321635913
11	0.010236020676901998
11	0
11	0.007956207516963788
11	0.0040971072128807885
11	0.005661809946227236
11	0.005565640116117514
11	0.006877747006511883
11	0.006517068699853461
11	0.010458876113774449
11	0.006281671397323396
11	0.009635701648148885
11	0.003825098063876253
11	0.009407557042147328
11	0.0036039398740294534
11	0.00636340670875345
11	0.008068105442053617
11	0.010299642863379381
11	0.0036664598128616833
11	0.0066375073745197286
11	0.004747876705252853
11	0.005381338464411182
11	0.006383524508094008
11	0.00558290400664644
11	0
11	0.006770841462532742
11	0
11	0.006660206360610325
11	0
11	0.005028215651017179
11	0.006277159826337724
11	0.006595525404386112
11	0.0052637806708618895
11	0.007787586959075398
11	0.015602909029491996
11	0.0046681111422610475
11	0.007306527938912131
11	0.005635199167749288
11	0
11	0
11	0
11	0.005964045322525825
11	0.006053469312011163
11	0.00899721316231611
11	0
11	0.006198911298574233
11	0.013082572492147884
11	0.0050695299112460766
11	0
11	0.005993287429855161
11	0.004382420726689208
11	0.008739309524968215
11	0.004969551100087867
11	0.010886589337559142
11	0.010267002924971586
11	0.006974833970939329
11	0.008147152746661038
11	0.007075833605444774
11	0
11	0.006744567011744113
11	0
11	0.013032544545067118
11	0.003776227899221604
11	0.005750184313485274
11	0.00993838099083081
11	0.005484390723627596
11	0.007500588160554127
11	0.004530362238437054
11	0.006032819813260985
11	0.00940566515542215
11	0.009114993529115633
11	0
11	0.005259653854987544
11	0.009850497139568551
11	0
11	0.005303544013354503
11	0.006318651138651268
11	0.006246039491679807
11	0.00787273768917185
11	0.005564974568653964
11	0.005223945730558316
11	0.0031162573704960088
11	0.006437226419931313
11	0.008022664143895963
11	0.009205965416750991
11	0.006062360194712343
11	0.004822253493032374
11	0
11	0
11	0.005701779777616069
11	0.011281431873578667
11	0.007931440516999025
11	0.0041680311474895145
11	0.007011046310235215
11	0.005453151533959544
11	0.004309915107561793
11	0.003859366258537272
11	0.00670029756678844
11	0.0029372496063373647
11	0.005703791038085786
11	0
11	0.003945683806237769
11	0
11	0.006723197780098953
11	0.01529461348788625
11	0.0039398217853149654
11	0.006553255387294716
11	0.009979963364270018
11	0.005127277447596093
11	0.006678837518795217
11	0.008577943150071047
11	0.006419007697436026
11	0.003912186526630379
11	0.004312834872823197
11	0.00463622272139511
11	0.018546874462430897
11	0
11	0.007571342212721095
11	0.011110341804191463
11	0.00824104998356586
11	0.008976404672647983
11	0.006136177966706683
11	0.009993305655118582
11	0.006275336798583606
11	0.010255575596646175
11	0.007270297284681649
11	0.005654538665506747
11	0
11	0.008197891153239616
11	0.0047750112989136655
11	0.006762007578942127
11	0
11	0.014350793907196725
11	0.008347599295296241
11	0
11	0.005178518966476878
11	0.00803252939236801
11	0.005395773464116415
11	0.0043322519904125684
11	0.005937193225574476
11	0
11	0
11	0.006666586378013522
11	0
11	0.003898459030386582
11	0.0052317041769733294
11	0
11	0.014725242791196174
11	0.004498431317722827
11	0
11	0.007390820143156002
11	0.01055246257481033
11	0.0034830379095403814
11	0
11	0.004467782627898453
11	0.00955670899282813
11	0.012309657245971335
11	0.00594749820359056
11	0.013530634647575472
11	0.012513502139432489
11	0.005020648991643426
11	0.0038614112982725693
11	0.009561633063148424
11	0.006909367945698809
11	0.014287792501886517
11	0
11	0
11	0.006874228748295996
11	0.015133278025064131
11	0.00456996273921154
11	0.00798639958594286
11	0.014840221279482453
11	0
11	0.010104224059823535
11	0.009861714740518352
11	0.005571876113756306
11	0.00604403176856465
11	0
11	0.009119588497217463
11	0.0064715797931927015
11	0.008386943271823684
11	0
11	0.005704377902777604
11	0.007365027904788401
11	0
11	0.006797399870086571
11	0.00964935179732512
11	0.006474934903251717
11	0.006552152478670927
11	0.008476363054378077
11	0.010849355678200785
11	0
11	0.007516445615834538
11	0.00664751101787483
11	0.009610486114604704
11	0.011474141267266345
11	0.020090865850734968
11	0
11	0.007472721925698121
11	0.00626767900109626
11	0.005788926463652591
11	0.005154555680407674
11	0.010400913986135551
11	0.0065177148243830375
11	0.010218960206089825
11	0.01082575623870925
11	0.008055881772938514
11	0.004740408801867648
11	0.007416854411599377
11	0.009536991276777247
11	0.006647694112948558
11	0.003488724715164259
11	0.0063171365702251875
11	0.0057948789350793836
11	0
11	0.008887203324054066
11	0.005852531917457637
11	0.007610803638319731
11	0.0034017023377594722
11	0.007913159131143143
11	0.008324605299512278
11	0
11	0
11	0.004905083980431915
11	0.0036449992114982303
11	0.005301361480114668
11	0.00956962663144169
11	0.008882418903627306
11	0.006588250794580346
11	0.0027170051093807113
11	0.008674083819510042
11	0.006932738057337412
11	0.005756380375329948
11	0.013489894456498222
11	0.008337357149228782
11	0.014304080530512953
11	0
11	0
11	0.009875634254692654
11	0.005128761140646065
11	0.01122696556619439
11	0
11	0.006388105216879965
11	0.0126921700132825
11	0.0064755354055664885
11	0.013087814400241265
11	0.004453590575435086
11	0.0036712703782250922
11	0.008520276347660317
11	0.00765126322842471
11	0.006919167310538668
11	0.007563611721483455
11	0.010872337135777826
11	0.011316490910084291
11	0.008825500527358773
11	0.005006357198691091
11	0.005102179166131443
11	0.008626706387518931
11	0.007444801848541618
11	0.005930236724921716
11	0
11	0.009560633465315263
11	0.00837439977441663
11	0.005817123860658904
11	0.006518391814006319
11	0.010433819489749476
11	0.005848527009123365
11	0.006202422800632143
11	0
11	0.005493162801754391
11	0.004382035403183432
11	0.01264996606907813
11	0
11	0.0067270443101333285
11	0
11	0.004487333894128671
11	0.01728269846433892
11	0.006579150303340932
11	0.012872461042064772
11	0.006948468089811407
11	0.01010034269617887
11	0.0035824571340299055
11	0.006329009276884194
11	0.00811487083386353
11	0.007462105225719177
11	0.004297152608752688
11	0.007107981102628048
11	0
11	0.005861632857279192
11	0.004958421137341593
11	0.005628238013867214
11	0.006167965771115139
11	0.004074406594724678
11	0.006411624710314789
11	0.007150659410476356
11	0.006216394727065245
11	0
11	0.011914246314011674
11	0
11	0
11	0
11	0
11	0
11	0.005915984451332378
11	0
11	0.008405065862504167
11	0.006796545983972802
11	0
11	0.006250836966562411
11	0.009461869394959766
11	0.006510300904930644
11	0
11	0
11	0.004228581582486029
11	0.0062437276913333215
11	0.007566076018635198
11	0.0039668828812096345
11	0.005128303664016987
11	0.004170470640123272
11	0.006361906555072462
11	0.004221405396322554
11	0.00588394186525647
11	0
11	0.0036830368322446115
11	0.005220661731620455
11	0.0045901644343095465
11	0.006513157051762784
11	0.007372444280514333
11	0
11	0
11	0
11	0
11	0.005988930844025871
11	0.005125674948810194
11	0
11	0.005281459042509368
11	0.013017351357837369
11	0.006878101137238585
11	0.013031258408265087
11	0
11	0.006686202409780119
11	0.0072219567842900035
11	0.005847870797843465
11	0.0057965864023313725
11	0.008178851656097271
11	0
11	0
11	0.006404683183308682
11	0.0052530085222367035
11	0.0077571731305569255
11	0.005818855004119478
11	0.00700354661577905
11	0.009732532643873042
11	0.007234914847895039
11	0
11	0.005396018878758913
11	0
11	0.005942618359178577
11	0.005358375699130773
11	0.006477477853114836
11	0.006341701825649646
11	0.004890181155227272
11	0
11	0.008582880053524613
11	0.005468349721646717
11	0.005506287924816811
11	0
11	0.020379374186501778
11	0
11	0.0060188905370740665
11	0.007498714174886146
11	0.0065405002564762164
11	0.011336493011494846
11	0.003261996563584086
11	0.005056556848857011
11	0.006744945384218469
11	0.011544358887149027
11	0
11	0.005999940693600579
11	0.008761499227133849
11	0.004608861543971179
11	0
11	0.008655370702416048
11	0.006138511216445546
11	0.01031152278539999
11	0.010120852259008153
11	0.005502764947206064
11	0.013417165649681505
11	0.005948147767947753
11	0.005942142539104718
11	0.008547388809669071
11	0.004376088496849338
11	0.006732085910323677
11	0.008170175049861745
11	0
11	0.0066545944254163625
11	0.007045229093076246
11	0.01573686282491303
11	0.00667889415448681
11	0
11	0
11	0
11	0.007391047418184969
11	0.00521839613885547
11	0.006117204121421493
11	0.006848975195916155
11	0
11	0.0068868727820328764
11	0.02379522380094483
11	0.009311496383294208
11	0.0062892012245029
11	0.006620263154551592
11	0
11	0.005502161281528715
11	0
11	0
11	0
11	0.007213798375971024
11	0
11	0.01820317014087463
11	0.012155767466994098
11	0.006874427044456009
11	0
11	0.010005076367082161
11	0.00811474470543812
11	0.006198173358412767
11	0.007222658809294913
11	0.008960521410309945
11	0.0053446886919561514
11	0.004199194003628937
11	0.0066666630927851335
11	0
11	0
11	0
11	0.005544246026622798
11	0.006144103334029207
11	0.005678160874706924
11	0
11	0.007651890934564308
11	0.005661910940805287
11	0.007759580500692932
11	0.006315717906130552
11	0.00633147079523089
11	0.009740336420903703
11	0.006430753307136887
11	0.007738580002333982
11	0.009917048901180689
11	0.01385427115732278
11	0.011028805991348383
11	0.00483664136454841
11	0.004956508247546601
11	0.00800912976887608
11	0.004084352089750828
11	0.011482429629694734
11	0.010511512008852286
11	0.007161354753642076
11	0.00479432741323616
11	0.011886166423026865
11	0.005602785404687632
11	0.01615465734160636
11	0
11	0.006200928541091603
11	0.006080879934916504
11	0.010404837254217524
11	0.013782166674576563
11	0.01047562470626574
11	0.008812835834331588
11	0.006386949832342546
11	0.013168949067092714
11	0.00945013007629371
11	0.006558994824318405
11	0.004537733090985771
11	0.00854873807809751
11	0.013332794973023471
11	0
11	0.008750019831900381
11	0.0062213969100484365
11	0.0100275846412344
11	0.00913779082434115
11	0.007229113601255428
11	0.0044445815590434135
11	0.01087432200302044
11	0.022731192223947354
11	0.005406334262515098
11	0.0060569934614672786
11	0
11	0.003168557637119874
11	0
11	0.002995624318704417
11	0.00415034159504544
11	0.006225306872664923
11	0.00749402204935695
11	0.007939350581273454
11	0.005941397798747838
11	0.005799358601956552
11	0.005550824226257525
11	0.004606230531091152
11	0.004530569052038964
11	0.007356945549391013
11	0.006479762651781069
11	0.011331913386073212
11	0.00834855302331126
11	0.0055836426690959165
11	0.008055995418452684
11	0
11	0
11	0.017581608943497216
11	0.007218922709046658
11	0.0066948195626268855
11	0.00686219051622051
11	0.011699658177095121
11	0.0059880745453585295
11	0.006160207821940654
11	0
11	0
11	0.006916841579441609
11	0.006875908249450583
11	0
11	0.005111688491916556
11	0.006763145239824426
11	0.004189193986263797
11	0.005208020755587913
11	0.003973065740070439
11	0.005807362849605545
11	0.01668442204145203
11	0.009704620779792469
11	0
11	0.006951532310705579
11	0.007364317346521563
11	0.005202858206675329
11	0.011101436063418716
11	0.004887926818514934
11	0.005274033875873576
11	0.007803595488571511
11	0.006597539395343561
11	0.00572011383510536
11	0.018351251266123813
11	0.0069611899821221184
11	0.008350992677695433
11	0.006957162289212259
11	0
11	0.0110667500816258
11	0.0032869995693183387
11	0.010215499697482143
11	0.0082153257634551
11	0
11	0.008662433203030223
11	0.006200268987632618
11	0.005491759157971783
11	0
11	0.005523964714376549
11	0.006759150814291731
11	0.006800807693986321
11	0.008819335452179385
11	0.006215875598296412
11	0.007299306700546876
11	0.0070750218987207306
11	0.012356200424008305
11	0.011866296466902593
11	0.005611905836362004
11	0.007964406458699478
11	0.007095185470400767
11	0.006080361275800729
11	0.0036400606201535345
11	0.011399238685475595
11	0.017139605303297528
11	0.004345501586489905
11	0
11	0.0050310400440682235
11	0.0052039083023797065
11	0
11	0
11	0.003998396835821299
11	0.006283186639513058
11	0.0047040282400057426
11	0.012912452588181479
11	0.005159752849973063
11	0.007017517858204887
11	0.005691922717669926
11	0
11	0.008412237212536075
11	0.005094353749850321
11	0
11	0.008823340705220523
11	0
11	0
11	0.005198111492024106
11	0.010054394155134842
11	0.010241880613716517
11	0.012173015188277164
11	0
11	0.01013692802595286
11	0.0051868560240769844
11	0.00806834937300174
11	0.0059603723443261
11	0
11	0.014164828744643192
11	0.005614369167079861
11	0
11	0.021953380732141016
11	0
11	0.004016837079973107
11	0.006088803156610626
11	0.0037711224134874518
11	0.0052841732906994884
11	0.005567223734016026
11	0.013384361483543253
11	0.006718585435267579
11	0.007213465685047112
11	0.01600959917245679
11	0
11	0
11	0.012873722235981521
11	0.007193573899816462
11	0.006804489869441443
11	0.006846987362949554
11	0.0057920508662724765
11	0.005808053743044449
11	0.006357287976403896
11	0
11	0.02682921289573062
11	0.010705238096175526
11	0.0029075501768281715
11	0.005119954441686956
11	0
11	0.013659129565572083
11	0.009090040332317044
11	0.009512361594456672
11	0
11	0
11	0.010510729877681277
11	0.007866698301725126
11	0.015498552655564796
11	0.01111793423567807
11	0.005377416508297062
11	0.0026209293086691438
11	0.0060588100221833
11	0
11	0
11	0.004674708486448648
11	0
11	0
11	0.006477985766564682
11	0.0027848002409898843
11	0
11	0.0041878210198697955
11	0.003766692161117717
11	0.008879708417785223
11	0.012585496232047712
11	0.005518563535346558
11	0.008097894132435543
11	0.006076753167917986
11	0.005625202815879416
11	0.005410727782970263
11	0.00589342024351056
11	0.008039373645757582
11	0
11	0.005710759922659817
11	0.011769745937012549
11	0.0069252062469390314
11	0.007298719738354729
11	0.005203727679245624
11	0.00441501110883045
11	0.004289334578610588
11	0.004519808002646497
11	0.004384246396923834
11	0.005499459927112683
11	0.0048125697335575646
11	0.003948188302811934
11	0.004465268522944769
11	0.006422332808268559
11	0.013994163437788512
11	0.01154619222688155
11	0.007380281107730125
11	0.014841604211878136
11	0.00970821281838961
11	0.007394557905788216
11	0
11	0
11	0.008547619088220678
11	0
11	0.005769799834774621
11	0.008250160862768481
11	0.0032550698179780136
11	0.00693647417572738
11	0.006737471290617968
11	0.004230219706364768
11	0.014975336555226005
11	0.008833755470114689
11	0.005571419753138539
11	0.007824441548763186
11	0.007675889060620658
11	0.0038394557934274716
11	0.006421382532763549
11	0.010879144454741184
11	0
11	0.00766513600833401
11	0.014607711729366653
11	0.0049032352510890885
11	0
11	0.006307340215237869
11	0.007572999110218032
11	0.006759570685187881
11	0.005109361141324796
11	0.011106106168670077
11	0.004692394925837943
11	0.00626588053651918
11	0
11	0.008656421107593496
11	0.006428707452106254
11	0
11	0.00947962916236858
11	0.0207811562547221
11	0.00501861580508926
11	0.01133451802599558
11	0.006291060120024775
11	0
11	0.003832727134051129
11	0.004817915161473937
11	0.006409757451276036
11	0.0037707897465574327
11	0.010120734226798128
11	0.0051518416178977745
11	0.006074498251829395
11	0.0056873886194148265
11	0.003932272418424442
11	0
11	0.006499580763864762
11	0.004738557720942928
11	0.008097152364365777
11	0.005243134017760381
11	0.006518988953021457
11	0.013257986345413286
11	0.007873451242848072
11	0.010198752259613494
11	0.007717706453295845
11	0.0040231566381423054
11	0.01243578937176789
11	0
11	0.004934166608638649
11	0.007215515947475119
11	0.007731599235585609
11	0
11	0.0047224053798655356
11	0.01061102257046213
11	0.006762196473182662
11	0.006920918227357686
11	0.011089572906756455
11	0
11	0.007079932975646703
11	0.006432747040300468
11	0.006797444016694454
11	0.006495503334296928
11	0.0035818183484119816
11	0.01988132650150502
11	0.010906941420371527
11	0.008851200601006571
11	0.007110745495273544
11	0.006845775928930277
11	0.005361331033566264
11	0.009396358057174913
11	0.0038998824206910023
11	0.005256842757941041
11	0
11	0.007255542127873686
11	0.006480624388918106
11	0.009438227993167216
11	0.008031563130139464
11	0.007831340291616773
11	0.004160695219466963
11	0.0085460893061158
11	0
11	0.004852480518034826
11	0.008360743383295408
11	0.0056545186408571285
11	0
11	0
11	0.006825744741847437
11	0.009334841498002113
11	0.005690383800355583
11	0.004891856721869391
11	0.006574194387664681
11	0.00570756597077725
11	0.00657395777892077
11	0.0058711662113127
11	0.004356143333940406
11	0
11	0
11	0
11	0.01121323777483588
11	0.009144605332302637
11	0.005609610910089986
11	0.007767723335597974
11	0.00979462009606938
11	0.004864553587541245
11	0.0053445819142708215
11	0.00778889793223433
11	0.0055626235248146085
11	0.004040164853236104
11	0.0063434714941462585
11	0
11	0.0057281870443814595
11	0.004634398171868523
11	0.005939320392793975
11	0
11	0
11	0
11	0
11	0.004408390030099289
11	0.009861092099557234
11	0.012259373999081868
11	0.00676418153502013
11	0.0063248411600386025
11	0.006500838794471035
11	0.00544842382771466
11	0.005048569926539385
11	0.013035325706924266
11	0.008410239667197486
11	0.015095905653377257
11	0.005712882440165181
11	0
11	0.0049158057376095686
11	0.005763716179086182
11	0.0029970582390970502
11	0.012669486558165171
11	0.005124198650371813
11	0.007200329960664155
11	0.00863654481822557
11	0.004135998562377113
11	0.005316155523799712
11	0
11	0.004538396304263338
11	0.007194902152366201
11	0
11	0.004440365375759904
11	0.0054631084477107725
11	0.01582660553923741
11	0.011287070711191522
11	0.006402986622560894
11	0.005897710722096067
11	0.006795827984806553
11	0
11	0.00654701652452909
11	0.005574352203665703
11	0.014263725272751647
11	0
11	0.005751206257319499
11	0
11	0.008719727106107314
11	0.0034503645861021213
11	0.004728549337950299
11	0.007279528237247144
11	0.005204471903124843
11	0.007523781129118259
11	0.010065801263749796
11	0.005046292702944332
11	0.008273037730447382
11	0.006648276954190317
11	0.012203844807418318
11	0.007050847495667433
11	0.005278570222228248
11	0.007039458176505392
11	0.008445752828179687
11	0.006746632932060538
11	0
11	0.00942371747656915
11	0.0066382700741463505
11	0.016582202438855897
11	0.013283077401828589
11	0.004782969392214145
11	0
11	0.014505829202936402
11	0
11	0.011189477943196443
11	0.010237175619295947
11	0
11	0
11	0.00586987615600022
11	0.006341429619383602
11	0.012868257368526117
11	0.005708882379353629
11	0.009308423469811155
11	0
11	0.00568378338788886
11	0.019194566108050953
11	0.006559600127219273
11	0.0055640966644253664
11	0.0063111387398230995
11	0.006520539185412942
11	0.010611652262928923
11	0.008097907003671337
11	0.0035043329953171054
11	0.006002597649093791
11	0
11	0
11	0.00776909786378558
11	0.006413309843020043
11	0.0056168019931042085
11	0.005952946498305139
11	0.00664751163553942
11	0.006240484260899579
11	0.006268409381211823
11	0.006405226967431564
11	0
11	0.0042752157572881234
11	0.010481460022406037
11	0.0051096579931305085
11	0.005862148830613448
11	0.006057901616766661
11	0.005804314717882113
11	0.007605580481719026
11	0.0054243493918591035
11	0.005258307605602543
11	0
11	0.01356199715071467
11	0.00698519791283909
11	0.005035762659039162
11	0.006684802366841183
11	0
11	0.005625240295824348
11	0
11	0.008178389758856484
11	0
11	0.00635807825965954
11	0.006500897004783277
11	0.007454606117669539
11	0.006591509372723293
11	0.0047686073077730365
11	0.01704065323068696
11	0.010216697832655774
11	0
11	0.005656954176049492
11	0.009349987187904786
11	0.00891618788284578
11	0.005645054182005154
11	0
11	0.008722855773538396
11	0.005042563857646138
11	0.007656447495198896
11	0.003889940177607668
11	0.02227537713860498
11	0.013122008662829105
11	0
11	0.005796626259971264
11	0.029013652445968936
11	0.010066643444504005
11	0.009407037449327268
11	0.005110367395108038
11	0.007902224445615412
11	0
11	0.007108267258322577
11	0.0037895391279537016
11	0.006907779112827645
11	0.006079370901772478
11	0.007045379626370286
11	0.005034425316455125
11	0.006546271057272959
11	0.007271201305634336
11	0.005470443140119009
11	0.006493276698754357
11	0.00518122003865287
11	0.014583815847218694
11	0.006987872144012824
11	0.007317487142435055
11	0
11	0
11	0
11	0.004527364753665624
11	0.004653174493674398
11	0.0049140053265691
11	0
11	0.009725666312444951
11	0.005813697177561079
11	0.004975089794186805
11	0
11	0.012476661927764785
11	0.005522382816359171
11	0
11	0.005172278736890696
11	0
11	0
11	0.008165552401514236
11	0.0061245584388221405
11	0.004683812352429768
11	0.01233406860712788
11	0
11	0.006403964028922974
11	0.0056790333471077245
11	0
11	0
11	0.004477622907692125
11	0.008123259002658248
11	0.006726610953794012
11	0.011070079401704142
11	0.007170164205439055
11	0.008415089080759535
11	0.007671844340390687
11	0.005814255081254133
11	0.004232963090231742
11	0.005917134903555494
11	0.006811993383159233
11	0.003802478660735303
11	0.010381025862353958
11	0.009606113199548565
11	0.004834779177714418
11	0
11	0.005173478507164114
11	0.009264983712189537
11	0
11	0
11	0
11	0
11	0.005052751795322738
11	0
11	0.007749598449535916
11	0.0035296649697654997
11	0.008850926919146865
11	0.005334017930049054
11	0.00419829783973175
11	0.008008535423486623
11	0
11	0.007299282949020955
11	0.007513651298087709
11	0.005767397175476146
11	0.005388940203032603
11	0.006310171240020441
11	0.0039715357551734646
11	0.006768121319894045
11	0.008164936754376628
11	0.0052088279519393104
11	0.005483607445243817
11	0.010355895964741593
11	0.006844161014822755
11	0.006601015669702636
11	0.010353153130405024
11	0.01579514451805071
11	0.007103585290877972
11	0.006192313426072275
11	0.0035725900603327454
11	0.0078104484409075485
11	0
11	0.010724176867575637
11	0
11	0.007660577424089421
11	0.008492011037444779
11	0
11	0.007267584760853542
11	0.003985182207432671
11	0.014537526274585433
11	0
11	0.005673100038603256
11	0
11	0.007757346975701847
11	0.004818009354743401
11	0.00881889554807402
11	0
11	0.005619120330431688
11	0.006339223850832774
11	0.005901052630982247
11	0
11	0.007487317603135496
11	0.011933897586557652
11	0.006551546853327498
11	0.00425686390103324
11	0.006055988980791657
11	0.0064457632895587825
11	0.003852432006222033
11	0
11	0.010439059025937465
11	0.003218262558939215
11	0
11	0.009272043486914502
11	0
11	0.007219123049209198
11	0.006554513471004304
11	0.007653071214416692
11	0.00439435872027126
11	0.005254548070116563
11	0.0060402434807263735
11	0
11	0
11	0.009288400138928761
11	0
11	0.004075429421568477
11	0.005927757409448896
11	0.004623071216904003
11	0.0042085683629955505
11	0.005715263799520977
11	0.005195053894119606
11	0.00385336653480418
11	0.0048748182993113695
11	0
11	0.007597405596553139
11	0.012321713275900991
11	0.005163554927466223
11	0.00427271693030568
11	0
11	0.009345181438290308
11	0.006213751320387454
11	0.0062067997585627255
11	0.00874320362333862
11	0
11	0.007321290093300824
11	0.013941933312509957
11	0.010667223348300267
11	0.00603060554057863
11	0.0044326719895645406
11	0.005407268614376311
11	0.005218663411046169
11	0.004549437711888491
11	0
11	0.004461903938926132
11	0.004195650662659215
11	0.005588714285904599
11	0.008430850372586542
11	0.005627400345578099
11	0.0035196000015104995
11	0.013180053898548084
11	0.006327145998143162
11	0.0050295661688816
11	0.005001545142016503
11	0.020782155728195296
11	0.0070964971308029095
11	0.005354374663630154
11	0.005860728138353693
11	0
11	0.006396614140900329
11	0
11	0.005779857641074295
11	0
11	0.007440905657010494
11	0.01164134215788104
11	0.014090542306216416
11	0.013049008323199184
11	0
11	0.007698425104119348
11	0.006050085773119565
11	0.006581511326328233
11	0
11	0.009128681173482811
11	0.0066450633486889
11	0.011628339496811508
11	0.0076947467283437175
11	0.008221825944288953
11	0.004707161583194603
11	0
11	0.006641454519558393
11	0.009698674417221904
11	0.007186503059374629
11	0.004804584984521789
11	0.007753612643449882
11	0.0071657394401502695
11	0
11	0.008873748101839735
11	0.00562313521938376
11	0.0062933906880231144
11	0.006919533246656113
11	0
11	0.004401200554940155
11	0.008471525306984397
11	0
11	0.01176008813167775
11	0
11	0.004217877600402851
11	0.008929946042206151
11	0.00518310698257252
11	0.0057116155760273
11	0
11	0.007461910439380025
11	0.018973405514871446
11	0.0064434019270216015
11	0.006512393217712641
11	0.005472505863874127
11	0.004684011650916292
11	0.0109991162434551
11	0.0036705705902802532
11	0
11	0.005467446123437876
11	0.003506704120092299
11	0.00796376897867243
11	0
11	0.007742547767922596
11	0.013828922965275254
11	0.002999273919784983
11	0.005633925072319551
11	0.007235539811676431
11	0
11	0.012914475669252905
11	0.005937191789211718
11	0.009763546870112652
11	0.00974218932405876
11	0
11	0.005155114832376913
11	0.007079873739383483
11	0
11	0.004946277381581668
11	0.004973024168483801
11	0.005743430884390493
11	0.010220099127171325
11	0
11	0.01050929125380112
11	0.009613565479846868
11	0.0051205465087267405
11	0.008982770820872383
11	0.022887592701817117
11	0
11	0
11	0.007785116084520222
11	0.006454610440333395
11	0.004371456857548571
11	0.005430061569100936
11	0
11	0.005224596291848306
11	0.0030147753344921236
11	0
11	0.011537159738940688
11	0.0055172573509609515
11	0.009696325486646843
11	0.012623120889428182
11	0.012096399814661762
11	0
11	0.006131508560814602
11	0.0043771269690410135
11	0.008003545404309462
11	0.007958533162343054
11	0.007703341639869505
11	0.004747121673197758
11	0.003508670839849403
11	0.009996132481548159
11	0.005726055219655921
11	0.003657049181056168
11	0.006524713040652112
11	0.006583533263503808
11	0.007349914303913023
11	0.007440441510686067
11	0.008197510457251029
11	0.007564729147119538
11	0.01110393161048628
11	0.004943277586162785
11	0
11	0
11	0.011742083834396249
11	0.01339075136963258
11	0.004441227265177927
11	0
11	0.007407079448338776
11	0.0038219363676139967
11	0
11	0
11	0.008454945256453942
11	0.00753139863758777
11	0.003863351225580581
11	0.003865983693000438
11	0.004052511917446704
11	0.00625279500443868
11	0.006089394193796944
11	0
11	0.006790327640665165
11	0.006017816703685808
11	0.007659319676667325
11	0.007195727688069206
11	0.00350350222581544
11	0.005541009074464488
11	0
11	0.00729441253373751
11	0.006999449325455172
11	0.004600079094106488
11	0
11	0.0053421171321039315
11	0
11	0.007496933685385606
11	0.012386355074264827
11	0
11	0.005280365635753651
11	0.011416596475962777
11	0.015244068542883545
11	0.004990332245521389
11	0.00790952654953299
11	0.00446330599164601
11	0
11	0.006375137931950102
11	0.004317411030368438
11	0.004582510193427088
11	0.004798124749770422
11	0.006000909777417783
11	0
11	0.0034181817671275166
11	0.005813028172611974
11	0.00627583309684867
11	0.0054314482409531
11	0.006567858444263328
11	0.013741226634868348
11	0.012853377019641699
11	0
11	0.018489741405882068
11	0.00454412610715531
11	0.009485274727802667
11	0.009358093188019289
11	0
11	0
11	0.009100577579158222
11	0.004653912822123144
11	0.005501981681971654
11	0.005876690940889717
11	0.006912892251820828
11	0
11	0
11	0.00569469839101309
11	0.005581112874529007
11	0.007644346254211941
11	0.011000937385831088
11	0.007631574531704709
11	0.006116432119241822
11	0.004217712957098272
11	0.00776552290613221
11	0.014000378654479964
11	0
11	0.007302611177892276
11	0.004114312820013816
11	0.0058289423232549395
11	0.007083448055407037
11	0.024310953984228265
11	0.008627391903516204
11	0.005213505270198933
11	0.007810487900717842
11	0.0056874587043054155
11	0
11	0.009576312094699235
11	0.008385723137543325
11	0.002803844570231932
11	0.00791501207986959
11	0
11	0.0054569923488564905
11	0
11	0.004883523037673997
11	0.003862751354320872
11	0
11	0.005678042844755816
11	0.010122224047847824
11	0.004588116643244682
11	0.0068996445536816265
11	0.005995968285781049
11	0.011612310403325502
11	0.006014912918203213
11	0.013455234183085805
11	0.006196827700969573
11	0.019982143603366778
11	0.005582559340112906
11	0.006993033455493609
11	0.0046484708614191635
11	0.0070788500402576065
11	0.0039035783843412333
11	0.014599636564854822
11	0.007400917339973918
11	0.0314418008480079
11	0.013351011239811974
11	0.010090370096227647
11	0.003988081737159503
11	0.010298416056580812
11	0
11	0
11	0.010061868641074062
11	0.005159756349917905
11	0.006905174895381165
11	0.007588312399755768
11	0.007927637014544154
11	0.00722992356245468
11	0.006666736136315348
11	0.005334895196414051
11	0.007972904957606143
11	0.010547663391018265
11	0.005616252640483361
11	0.009131874446403287
11	0.006478058137509066
11	0.004896645886653337
11	0.0033149499229715865
11	0.0042985836101783305
11	0.004856141282144504
11	0.010863476455577697
11	0.0065773836971410446
11	0.0058355289092292114
11	0.005249889578180029
11	0.0063026302174444245
11	0.00999840334073242
11	0.0057160610584426255
11	0
11	0.01011310421471436
11	0.007450160915197494
11	0.00581419632422696
11	0.0110907557977883
11	0.005413717539902662
11	0.006245427721723175
11	0
11	0
11	0.003975474823007992
11	0.007327369995756434
11	0.011834435260375312
11	0
11	0
11	0
11	0.011020714219369857
11	0.003436914405031913
11	0.005184706600401811
11	0.006709591004843574
11	0.004848007113939319
11	0.00434968720674639
11	0.007016288622761147
11	0.006969732364121966
11	0.026354414857466063
11	0.005233559281586291
11	0.004854509637769062
11	0
11	0.01197013476593862
11	0.009358213231117083
11	0.0062500399694002465
11	0.007080622573611358
11	0.006091780313767839
11	0.004491276840051385
11	0.009416431200220229
11	0
11	0.0059230682250870845
11	0.006734728434347293
11	0.008608416703015034
11	0.006569945005737687
11	0.003750186908880938
11	0.006579709132841725
11	0
11	0.0038528884681537363
11	0.007178311857155888
11	0.008402542091790765
11	0.005944220912233112
11	0.005990285666657855
11	0.006594172693558647
11	0.005502202999490652
11	0.012390487856072448
11	0.00699319826606498
11	0.004113207643155938
11	0.015809768791222107
11	0.006504684900501657
11	0.01484091995219645
11	0.005496599789567131
11	0.0034963506517001856
11	0.004179524127275097
11	0.004605533152758458
11	0.01690621248110668
11	0.007123276625230257
11	0.003771994539001527
11	0.011771140274424906
11	0.005070506282669258
11	0.006530524295159991
11	0.005208182562426081
11	0.004769016519222089
11	0.006306745705258991
11	0.007949870764538064
11	0
11	0
11	0.005658028889645726
11	0.006180923356545525
11	0.004345678132868384
11	0.005426694288925925
11	0.007846415311575978
11	0.005468508189478828
11	0.008669599977044553
11	0.004408847033236487
11	0
11	0
11	0.006784756442838892
11	0.0052596411698228596
11	0.010072950961177654
11	0.01059409059343292
11	0
11	0.013713481038884517
11	0
11	0.004596104423471417
11	0
11	0.006664989941279856
11	0.005812419649185814
11	0.004217815202465032
11	0.006146767004127047
11	0
11	0.006638991161837511
11	0
11	0.005743248114088876
11	0.004613901000628363
11	0.006724506951341012
11	0
11	0.0102843420082755
11	0.005569077179714236
11	0.006224765460357794
11	0.006239498260898799
11	0.006071675314617474
11	0.003656710150039651
11	0.006990190662438039
11	0.0075489721395889265
11	0.005308188946693086
11	0.0069216557607636
11	0.014089799867367988
11	0.007832460572539772
11	0.005925576392937507
11	0.005267842259329808
11	0.011776863579009308
11	0.00681780749474927
11	0
11	0.00670000673155861
11	0.005820425723085422
11	0.005905892489576218
11	0.007267022497065389
11	0.006042151402337307
11	0.00761549172866516
11	0.008574829905292495
11	0.006113866471678211
11	0.008578919765390044
11	0.007146025328513924
11	0.006472710655769507
11	0.007036520161177723
11	0.006463672002307726
11	0
11	0.0067970003870961955
11	0.009865966012494577
11	0.010281952988042195
11	0.010381115533762713
11	0
11	0.009871104088249899
11	0
11	0.006921219955805071
11	0.005695822678589654
11	0.004104559141901226
11	0.004976966956490023
11	0
11	0.004233384186010079
11	0
11	0.006508772111484939
11	0.023173447782841045
11	0.008093470405663768
11	0.008335995480919524
11	0.008784859774224085
11	0.005744591088210385
11	0.014695569132692404
11	0.004073510800236215
11	0.004565843907537985
11	0.008639666299276458
11	0.006342320147270453
11	0.0058099900628061215
11	0.008445595507616276
11	0.006230549900972931
11	0.007617351200184809
11	0.00753966414692381
11	0.00743391856153757
11	0.00862197134304362
11	0.004612082742438182
11	0.007895237165185788
11	0.006789965773837038
11	0.010820946034353997
11	0.006012193049081147
11	0.012139557529601162
11	0.00601908062968104
11	0.005548582999634798
11	0.01449840338692163
11	0.005046094594953248
11	0.0045654495060923495
11	0.006819684911860304
11	0.004307687764882815
11	0.004433539406251066
11	0.007537725188112545
11	0.012061074785712292
11	0.008275050730548178
11	0.010228454185360142
11	0.006981842615261396
11	0.004927579227287789
11	0.0068077538029405376
11	0.014992805006144064
11	0
11	0
11	0.010883766317714013
11	0.005232312564953006
11	0.00552028515477214
11	0.006148546195067213
11	0.008410617944715641
11	0.006846048705738103
11	0.010305140383641049
11	0.007032016905466759
11	0.009055221942915685
11	0.00727806478649989
11	0.007732674486629233
11	0
11	0.005133307940410021
11	0.007613387377873459
11	0.005342068912310004
11	0.004679832303268996
11	0.013637424698470806
11	0
11	0.004414501964010394
11	0.00665562735059225
11	0.004827709956577258
11	0.006538920195469029
11	0
11	0.005210354347792648
11	0.0075851868293809206
11	0
11	0
11	0
11	0
11	0.0040461859933068525
11	0.00403929316860606
11	0
11	0
11	0.007833892416376727
11	0
11	0.008009165167215691
11	0.00863188035724971
11	0
11	0.004579167434182668
11	0.00798221548744079
11	0.007258571507926097
11	0.006294586810586283
11	0.007583740107965958
11	0
11	0.011240008972966554
11	0.011860010970900565
11	0.006270297013869125
11	0.008148432199334404
11	0
11	0.0062306842640257425
11	0.00664202910362302
11	0.008280736941249367
11	0.008052894990541492
11	0.0056358816577734205
11	0.013743763041705081
11	0
11	0.003448185586694855
11	0.00823892458716734
11	0
11	0.007495985628366293
11	0
11	0
11	0.018258999016994428
11	0.006621486793902033
11	0
11	0.004990464944379669
11	0
11	0.005865458494296128
11	0.00809758787501237
11	0.008010984272211485
11	0.0055523575259345615
11	0.006946761504151154
11	0.0079471351004039
11	0.003624392826443056
11	0
11	0.005736034030663958
11	0.019183844767812104
11	0.00721378177204832
11	0
11	0.007762182142956188
11	0
11	0.00469687090211768
11	0.00727162560676747
11	0.004971317034205915
11	0
11	0
11	0
11	0.007227704071039328
11	0.011624991583075372
11	0.006337200648384732
11	0.013156060878812402
11	0
11	0.009023188499054422
11	0.005611725385298003
11	0.012218667528022354
11	0.008324222526551524
11	0.006630884796928714
11	0.007648799895937287
11	0.0098701670367428
11	0.00805335860781732
11	0
11	0.0040443041875602315
11	0.007429316555879675
11	0.005673259193567486
11	0.00540393302495944
11	0.005549644609317929
11	0.010620827131386516
11	0.007424491801258708
11	0.007608856363759656
11	0.00802772023389191
11	0.005818304660758353
11	0.004876485774106458
11	0.0098858972417306
11	0
11	0.007959708060004754
11	0
11	0
11	0.008713289329354312
11	0.005788651103806863
11	0.005695054659097848
11	0.009900225425025751
11	0.012396052994052081
11	0.014027589164270278
11	0.01944765042599776
11	0.020114395663585475
11	0.0045244456854366955
11	0.008916134922889079
11	0.008909959526317927
11	0.01060296095445797
11	0.0035610911044920293
11	0.004359769327652086
11	0.007432732024972851
11	0
11	0
11	0.0208170168713226
11	0.0051665697975449105
11	0
11	0.0053786732042228605
11	0.009934439004628079
11	0.0081127957433845925
11	0.010013040864994124
11	0.005245238527192045
11	0.00805987081697237
11	0.00782140678192937
11	0
11	0.005626080483150443
11	0.00932875346901988
11	0
11	0.008722199075121673
11	0.006593330090798563
11	0
11	0.0061341766209410745
11	0.006033484523766241
11	0.007761112199275849
11	0.010944231206694872
11	0
11	0.017480942345061572
11	0.004000800732198662
11	0
11	0.005423941107874763
11	0.010630484661563177
11	0.00467443386936055
11	0.011278563455481448
11	0.004214260654226202
11	0.006179316888261843
11	0.008614147020899163
11	0.00330327400785202
11	0.0066460187757258525
11	0.009135823685432927
11	0
11	0.005920429410875644
11	0
11	0.006621499680304045
11	0.004234962159388122
11	0
11	0.008746013972946245
11	0.009239795286224432
11	0.014689732994239733
11	0
11	0.0042149797490615495
11	0.009718210457895986
11	0.008339241874729566
11	0.0036460144773405923
11	0.006120277494673727
11	0.006619151291114608
11	0.011799875641543982
11	0.004087221060088477
11	0.00465080958635891
11	0
11	0.011172182261781557
11	0.006471807323755606
11	0
11	0.00445640469195223
11	0.02059308067060221
11	0.009345207938930048
11	0.006961663997524708
11	0.005419675217955778
11	0.012707025229916092
11	0.01067473217881436
11	0.005993600728410949
11	0.002895601415498046
11	0.0055852305636380035
11	0
11	0.006722278034484874
11	0.005362720815391922
11	0
11	0.018079246569242317
11	0.006685318093067796
11	0.005826936272093665
11	0.005709962970208655
11	0.009884404033650181
11	0.010361214416334981
11	0.004993062567480832
11	0.003081664940093451
11	0.00648404949885694
11	0.0077335192780586684
11	0
11	0.004104863950941215
11	0.003913037815102689
11	0.006884601353865703
11	0.008688409662174861
11	0.005303889120536696
11	0
11	0
11	0.009854902126525502
11	0.005561981216440622
11	0.004893006962071662
11	0.005893699894121097
11	0.005930852642340154
11	0.006046665716997235
11	0.009102814391806744
11	0
11	0
11	0.006182152007106312
11	0.006351574744986764
11	0.012388725911857471
11	0.009897866818132022
11	0.011805055690736192
11	0.01311044137190176
11	0.0071452237042109274
11	0.004173212634528377
11	0.007190750593225304
11	0
11	0.008092305893512787
11	0.006327411594183718
11	0.004319737105830739
11	0.007637823706255489
11	0.005728002938220383
11	0.005245594575243119
11	0.016963927160724084
11	0.004722436519542684
11	0.0039021194415849495
11	0.007417606035660615
11	0
11	0.010777107380475257
11	0.0055222299843019
11	0.010382844604755553
11	0
11	0.005646033435663591
11	0.006181807516835898
11	0.007276024749084134
11	0.01173077846547776
11	0.004420299506329474
11	0.005781399732641842
11	0.0077437385817718234
11	0.0068711231934284606
11	0.017535106294843058
11	0
11	0.01053771559528659
11	0.008876223710455872
11	0.005810154897659102
11	0.004382406015394334
11	0.006160286871993162
11	0
11	0.005449976991618607
11	0.00634240121451215
11	0.0030537922712791576
11	0.005256010142374224
11	0.0067822400216854236
11	0
11	0.006369261664661958
11	0.005862130934527322
11	0
11	0
11	0.006079624120558461
11	0.013718705463903748
11	0.005081620115820931
11	0.005464304367362912
11	0.00949270763167582
11	0
11	0
11	0.007231887956982784
11	0.009601898515107812
11	0.00478057256793308
11	0.006755042369958843
11	0.007852911046918508
11	0.003932991585215918
11	0.007293583411750658
11	0.011597297432747499
11	0.0047585976402588735
11	0.006599902322876803
11	0
11	0.007734305280477316
11	0.009176947188130544
11	0.0065876369573269885
11	0.006374401226022331
11	0
11	0.005272132818855034
11	0.007603264497960854
11	0.006681939191779967
11	0.004622811229443136
11	0.00492351451405779
11	0.01016243370150896
11	0.019865744864793054
11	0.011179065050495906
11	0.005719169700258765
11	0.007946246425696276
11	0.005002820840400837
11	0.010397951521825844
11	0.00362199931592201
11	0.006371919134529779
11	0.00480127321725746
11	0.005967733354481201
11	0.006163084407227164
11	0.004668514249862652
11	0.00975460921469111
11	0.009934284821448222
11	0.005030912698573546
11	0.0071374190457983685
11	0.00643463832901139
11	0.006668450468734262
11	0.009277994939841909
11	0.007696206218619888
11	0.008471014527361554
11	0.012154867866704451
11	0.007505500539034762
11	0.007455368988590268
11	0.007546542730949268
11	0.007483238007755811
11	0.008286976753626218
11	0
11	0.007343847577616443
11	0.005762769482510075
11	0.012615590943927744
11	0.011599477436305329
11	0.004963921657940928
11	0.005191913588366981
11	0.006485538122161831
11	0.00540340632274827
11	0
11	0.003874573741411524
11	0.004059726120763647
11	0.005777812186300941
11	0.007278688473471755
11	0.010069277155874443
11	0
11	0.007382195053368786
11	0.014465338094050744
11	0.005253169738164249
11	0.00880768381024055
11	0.008686686801724738
11	0.005237780365581374
11	0.008154435718541391
11	0.010572298595538083
11	0
11	0.0075170150455912835
11	0.005148178539608244
11	0.003568817622015693
11	0.008768285416448323
11	0.01045703970544537
11	0.01079586648561947
11	0.008828492367662663
11	0.007105498685999054
11	0
11	0.005813027216536819
11	0
11	0.017069194818684155
11	0.013830921565466465
11	0
11	0.011417787770494858
11	0.004926173802026672
11	0.005467665110452458
11	0
11	0
11	0.006076068077279746
11	0.012997331184820602
11	0.011017793996047501
11	0.0053691590007945095
11	0.004812098070403672
11	0.004296334401325721
11	0.00692786766144271
11	0.0066403427528682205
11	0.009367390467637175
11	0
11	0.016118626040484196
11	0.006579043143816699
11	0.004742477957179266
11	0.005984165515106021
11	0.003225182560910331
11	0.00940010230945742
11	0.030963452724889814
11	0.005260573208828014
11	0.022096000093455463
11	0.004265684713607835
11	0.006599747502064412
11	0
11	0
11	0.013027993647098382
11	0.011320237464310209
11	0.00520760960964658
11	0.005406549544342985
11	0
11	0.005795389707961456
11	0.007991424496595841
11	0.005640965322878532
11	0.006793930414806377
11	0.0073176619029707846
11	0.027551518511306404
11	0
11	0.004470962353274121
11	0
11	0.009552882855094213
11	0.012971913657501506
11	0
11	0.011998194036166143
11	0.015213793518920146
11	0.005027231861789172
11	0.013419069756198321
11	0.004825807284802665
11	0.009301153425151061
11	0.007908764759947262
11	0
11	0.004855608564614785
11	0.004799600306541773
11	0.007372632499537475
11	0.007229425617930694
11	0.005975948277933068
11	0.003715907601228126
11	0.010430256349472198
11	0.006666410813070864
11	0.006617781082150991
11	0.012296045355301906
11	0.008916370045974458
11	0.02063764215542624
11	0.00971595468957897
11	0.011438286113431107
11	0.011857061709312793
11	0.005698063350926178
11	0.004245742375809432
11	0.006270528884353073
11	0.009712725999237155
11	0.006474221195388927
11	0.004545448388778236
11	0.007766383197547089
11	0.004333211832807734
11	0.0042602264067790685
11	0.011398268049214419
11	0.010780930968526413
11	0.005469300588347448
11	0.008714857014567513
11	0.008036181860324489
11	0.009379683052892992
11	0.004969745215349566
11	0.008172967507314605
11	0.00829981628626756
11	0.004435378219086441
11	0.0052143639157726535
11	0
11	0.004969215420646151
11	0.007285733932989526
11	0.00546937741093895
11	0.007684286591546586
11	0
11	0.006581234804070558
11	0.007320914672173754
11	0.008031224822429144
11	0.0037992645043177257
11	0.00813759039249143
11	0.00667322697820555
11	0.003385173815461583
11	0.014420952021735007
11	0.006023878098392851
11	0
11	0.013424593410099732
11	0
11	0.009278242213778539
11	0.004386431536281124
11	0.00545028298060784
11	0.004061257853532587
11	0.0072639679091426905
11	0.011254261196078407
11	0.010915611369336444
11	0.006030886624415595
11	0.005265783125601776
11	0.0047121021206010145
11	0.010429455931863006
11	0.0078571608184916809
11	0.008069999532657194
11	0
11	0.005090013069820613
11	0.015104815636412484
11	0.012123149426273317
11	0.01591412277389868
11	0.007932845298336428
11	0
11	0.010461197908754293
11	0.004731084763415819
11	0.007008668851507829
11	0.0058067425848146136
11	0
11	0.011805349852811748
11	0
11	0.0081193750291527
11	0.007362501362322428
11	0.010610456887384908
11	0.006115877498881409
11	0.009584237731051425
11	0.0069778637580004115
11	0.008570453898147522
11	0.008464854361366722
11	0.00913074731306429
11	0
11	0.007094889789869865
11	0.012004671130944689
11	0.00923480874806454
11	0.010077920396827046
11	0.009585904163984213
11	0.006269151137341656
11	0
11	0
11	0.007833732180991562
11	0.006611839722622413
11	0.01920686697237731
11	0.005171639168582606
11	0.007920568797012487
11	0
11	0
11	0.007325780692298452
11	0.012133132039999755
11	0.010375390503237814
11	0.00879249217808883
11	0.002973791361539107
11	0.01774591050390821
11	0.007678584458808291
11	0.010990707178256051
11	0.006616673583173394
11	0
11	0.016644618502697328
11	0.00824259935476451
11	0.010830752355798674
11	0.009904308739631473
11	0.003578439075232025
11	0.006813768647159654
11	0.009144070913001004
11	0.014044996728753173
11	0.008200712515310873
11	0.009428440726294602
11	0.004915067303582858
11	0.006444481328178871
11	0
11	0.004403917298477904
11	0.009267833151816063
11	0
11	0.007270755870374544
11	0
11	0.009742814439917553
11	0.007664961105549472
11	0.011386592798754477
11	0.009593450961960962
11	0.005786809802690545
11	0.01030365453937184
11	0.008005503444908002
11	0.005376301071671538
11	0.005026933797370912
11	0
11	0.007180973548227708
11	0.010574749124745299
11	0.006499094082567961
11	0.008399899377416115
11	0
11	0.011046288083908904
11	0
11	0.006939555550156868
11	0.006550568348875226
11	0.011284668697476696
11	0
11	0.015625593265281092
11	0.007894993358476161
11	0.007587217870999829
11	0.007455639456656829
11	0.009785888556846162
11	0.006380997516777692
11	0.013950804638187389
11	0.005189113181339127
11	0.005455791091149534
11	0.007244919432999617
11	0.005098132647369034
11	0.006452741662076272
11	0.013888123215163362
11	0.005012402021118337
11	0.005222374646535022
11	0.005598331738307414
11	0.005976260480110135
11	0.007909503077440634
11	0.004783042352662787
11	0.009689590354921
11	0.007783315461984481
11	0.012233392937698442
11	0.007308043312218318
11	0.008103905771161029
11	0.024043082124874614
11	0.005108360456301372
11	0.014541336695969225
11	0
11	0.005181885370525994
11	0.010132830288933328
11	0.006595977232569613
11	0.005699430884883673
11	0
11	0.004217245673861854
11	0
11	0.005764309272561941
11	0.005197381865728999
11	0.004967498096348901
11	0.006925060836864462
11	0.007431745289213273
11	0.005598895812401343
11	0.007160775613884883
11	0.005171314589252609
11	0.004625700401838346
11	0.004985214925205304
11	0
11	0.008676094858671726
11	0.006436389014662895
11	0.004331469255411973
11	0.005890168677746907
11	0.005703777065578799
11	0.005854499913455444
11	0.00626849290610665
11	0.005133133392775587
11	0.0058478120909046
11	0.005717155780522603
11	0.004419662478765406
11	0.019772307706604972
11	0.00542361134754551
11	0.009306479625087375
11	0.004621081959790209
11	0.006487229199859877
11	0.007259460871045608
11	0.004334072963818828
11	0.006205171316989778
11	0.006706019067331301
11	0
11	0.006690906016972484
11	0
11	0.004360367251244895
11	0.007665267618816192
11	0.004782114518675046
11	0.006926598806059447
11	0.007232865667826958
11	0.004798780493801572
11	0
11	0.006431559610055962
11	0.007371304338419763
11	0
11	0.01323426921087213
11	0.006197172560469346
11	0.005077150763024997
11	0.004896819237625247
11	0.005267521761930948
11	0.013106488798871708
11	0.006107312415905132
11	0.004295682083562741
11	0.007220721680477116
11	0.008706907395932434
11	0.008190231207294688
11	0
11	0.008525258217658808
11	0.006721586977404653
11	0.005916261431643226
11	0
11	0.009514467111948765
11	0.005236578197797355
11	0.016812975024611748
11	0.004526397544713907
11	0.007805733110646515
11	0.004428602151229135
11	0
11	0.015464122213108958
11	0
11	0
11	0.006431647919770897
11	0.013194014244112812
11	0.010791190770130705
11	0.0095542984603161
11	0.011043664384420332
11	0.005614920115582047
11	0.013527643342132913
11	0.006541621361246589
11	0.005250581462635468
11	0.00891600078678791
11	0.005620555537468143
11	0
11	0.006037063255033089
11	0.011574816496981792
11	0.00531164763573816
11	0.004850512738551896
11	0.019559060645983013
11	0.0047645491819323415
11	0.009595003788277141
11	0.007157067645094232
11	0.004517572450361317
11	0.007298151722408807
11	0.004909384938665375
11	0.00437276042233954
11	0.004935865933247234
11	0.004254825549128948
11	0
11	0.005219746537333914
11	0
11	0.003412337109043165
11	0.007890088882713822
11	0.00656728035461379
11	0.006863198158076537
11	0.015479959138086644
11	0.005755931576294048
11	0.007972665752425442
11	0.009399944947727836
11	0.0072874703428603554
11	0.01783793829869141
11	0.012444307318115902
11	0.0069133467746454146
11	0.010001215701823099
11	0.005882368957178364
11	0.013483912551075249
11	0.011074705323014036
11	0
11	0.00808484684460245
11	0.008759316110762331
11	0.004134625576243927
11	0.004374709371345909
11	0.004503917338189404
11	0.0029923359846592036
11	0.006372120882533531
11	0.009180589819073706
11	0.005541833261720164
11	0.0077960824739394235
11	0.006871537570642357
11	0.010010556814300579
11	0.0052975483385990845
11	0.014317174698083347
11	0.004972310378172473
11	0.004477715043754248
11	0.013907631833118952
11	0.003983679567886506
11	0.02235401412739197
11	0.013863438836206029
11	0.0064274805533618
11	0
11	0
11	0.009442771169887084
11	0.008501058926474016
11	0.004564963518245767
11	0.007920412289874397
11	0.01082708744315647
11	0.00605583887619197
11	0.006728701572976545
11	0.006520434358442527
11	0
11	0.0029809790709631277
11	0.006609491238042584
11	0.00867343141496658
11	0.004538365417801261
11	0.006333422802624644
11	0
11	0.006073910487480521
11	0.004329946087678128
11	0.010745927706644256
11	0.008675542890651741
11	0.008859888704853982
11	0.004963994780231171
11	0.02959950857103842
11	0.014555835238354433
11	0.0064532610152748015
11	0.006812547066027572
11	0.006599452977403666
11	0
11	0.0053664083558934645
11	0.011626048436588463
11	0.009247080096030919
11	0
11	0.00576897440260758
11	0
11	0.0034078045402588567
11	0.008608152930521527
11	0.004062715208076451
11	0.0059202629934204274
11	0.0078119342672492795
11	0.011651640473143066
11	0.004313372643738074
11	0.02394658908305479
11	0.00571778937928487
11	0
11	0.005715941371614939
11	0.007908827835669527
11	0.00408435336485134
11	0
11	0.006154383578649581
11	0
11	0.005663364761154669
11	0.006381433551283394
11	0.004767740490289245
11	0.00478737546053489
11	0.006917193406091541
11	0.004732105489162782
11	0.005621664698563358
11	0.003526150516926705
11	0
11	0.005939534563204637
11	0.008592951338574675
11	0.005590214664362777
11	0.005117978742779247
11	0.0037411795655345175
11	0.0171382266367287
11	0.013161034856558167
11	0.008027944090301704
11	0.006888169689969134
11	0.006054688250646506
11	0.007665065608811079
11	0.007164682432441014
11	0.004188366720779136
11	0.005570851263789854
11	0.005632838832660113
11	0.004332569916006988
11	0.004995529196466704
11	0
11	0.007925482372176938
11	0.007712754104781684
11	0.018420923579592328
11	0.006409520189841975
11	0.005372150205042192
11	0.005369337698850509
11	0.0060634448561091665
11	0.006699639588681025
11	0.008036480038283845
11	0.010284790529287855
11	0.00714420496933618
11	0.00961793646705778
11	0.005879471738238129
11	0.004754417282108511
11	0.006518849837806628
11	0.006395616457309739
11	0
11	0.009747931868573676
11	0.012732026597801364
11	0.01561640792818755
11	0.006016043436286736
11	0.008059438579440657
11	0
11	0
11	0.005003380602022776
11	0.010541665054558344
11	0.009314712914549496
11	0
11	0.006590617592171403
11	0.013454775063976377
11	0.004076338403043339
11	0.004084186577209933
11	0
11	0.0042420887410061165
11	0.00527777965446012
11	0.005795005837004979
11	0
11	0
11	0.00441113592092525
11	0.003007331531942653
11	0
11	0.007402991375604691
11	0.00498395530130851
11	0.011585098944125734
11	0.005625774071996014
11	0.007986510408506524
11	0.010805919879611497
11	0.0068330451643322755
11	0.00942323238346838
11	0.008927203775142426
11	0.00998784933326369
11	0.008996896756844983
11	0.008899282321169094
11	0.007392398538473284
11	0
11	0.0035287443158487078
11	0.005420826633008769
11	0.011979490771773536
11	0.007595742054991526
11	0.028692950398591696
11	0.009552266212406327
11	0
11	0.007171704347167713
11	0.012993573126685202
11	0.006263329794755329
11	0.00451016171231737
11	0
11	0.008084416175518454
11	0.009587516340329524
11	0.007305349608471303
11	0.005426048281142747
11	0.005434063629391765
11	0.007920074652177407
11	0.005742770290681296
11	0.013145090657425168
11	0.009263579316879787
11	0.009356458288399464
11	0.00867977169282049
11	0.006386225689492122
11	0.0062323448927776685
11	0
11	0.009725479939003058
11	0.006461461957015022
11	0.010664160767115972
11	0.006043574514707412
11	0.004876313847073372
11	0.009476634561478943
11	0.009281492117079964
11	0.0067626038885445095
11	0.006265835979010327
11	0.006443993502550176
11	0.006001855863894766
11	0.004050062679000386
11	0.005129993738624833
11	0.008488117316138941
11	0.0062887443046782485
11	0.01394473410198908
11	0
11	0.006246791827066933
11	0.007142035211350891
11	0.0057867376057931215
11	0.00618144958384582
11	0
11	0
11	0.007439377385277487
11	0.004214166709299789
11	0.006782736945362388
11	0.005977650894274731
11	0.006495245241261667
11	0.013000736840777575
11	0.006569809483484327
11	0.008790271686009972
11	0.00374672316213716
11	0.012945215182612607
11	0.006366703180604116
11	0.01287037296797939
11	0.005541907055853953
11	0.007226581868200795
11	0.00702686780589195
11	0.008166408958001775
11	0.007263723432870789
11	0.004830073869385729
11	0.007112727938500676
11	0.009237635841648271
11	0
11	0.004149663303428035
11	0.008436710897944483
11	0
11	0
11	0.0068803808270770294
11	0.0045726651674225
11	0.007576793512820667
11	0.01509331145986752
11	0.014912371122902302
11	0.009196421715746798
11	0.005205304216009835
11	0
11	0.00838024599678712
11	0.006399197417186813
11	0.004519134323653512
11	0.005890243861604276
11	0
11	0.0068046674658544136
11	0.00922064291349981
11	0.01988129144351612
11	0.00613029795793101
11	0.006167137817476397
11	0.00591465935122885
11	0.006333751046609669
11	0.004737198494984756
11	0
11	0.0056999263672790025
11	0.00905855644140367
11	0.009101029546118303
11	0.00632634151500074
11	0.016586447066472665
11	0
11	0.00669314708598028
11	0.007096531152121778
11	0
11	0.009035562522021597
11	0.005106409906066634
11	0.006433238211491751
11	0
11	0.00868996793738485
11	0.006147539821171317
11	0.00783692214477533
11	0.006590290370921369
11	0
11	0
11	0
11	0.005052298481071044
11	0.0029609451715210027
11	0.006222961901458125
11	0.005603292298216046
11	0.003420779957863153
11	0.0052364667719599755
11	0.003832720617954328
11	0.007555388893528797
11	0.012619409167843335
11	0.005519589487509256
11	0.007850997988402254
11	0
11	0.005895564832805989
11	0
11	0.004921068677610902
11	0.005516139437426436
11	0.007815987261435071
11	0.006808337242027941
11	0.006929371123973066
11	0
11	0.005815588514507958
11	0.005641949895564688
11	0.005157987801380719
11	0
11	0.007835675710435318
11	0.0060764859860372
11	0.006063470835369083
11	0
11	0
11	0.011739709411295011
11	0.0045415547107126595
11	0.006107228497907507
11	0.004936219549312805
11	0.00818949387671865
11	0.0034042412580901956
11	0.004753510290979795
11	0.004922943163940602
11	0.008139388302957724
11	0.007231035504166886
11	0.0055455526694210165
11	0.005896759156792936
11	0.008425873401278795
11	0.006551084682287278
11	0.016047597589928672
11	0.00865695708556316
11	0.008113073698688258
11	0.007937560803758245
11	0.007341499748238058
11	0.005461698208456012
11	0
11	0.003982281467402872
11	0.00846640324030362
11	0.006256816006233537
11	0.006151174268747502
11	0
11	0.00644445658841977
11	0.013321199238744239
11	0.004642675236081912
11	0.004874778815296105
11	0.008220000455894123
11	0.00783141273920559
11	0.008826936410200504
11	0
11	0.005691683333853682
11	0.010912702617883081
11	0.010116108276272955
11	0.006682485084019156
11	0.01099633990197124
11	0.00490989940526178
11	0.004894932181384243
11	0.0049523737905943785
11	0.004713144002611047
11	0.00614864352225766
11	0.016852889846049966
11	0
11	0.005882881363564523
11	0.008188753113982325
11	0.005675241484627514
11	0
11	0.023252334542422846
11	0.010123321867914441
11	0.007534506715156785
11	0.005039503538571099
11	0.008269362860504212
11	0.004567576722956856
11	0
11	0.01783143762651293
11	0.006916361793527916
11	0.006650271408096968
11	0.006679480909956186
11	0.005154642714096033
11	0.007324765663097104
11	0.015088375967247462
11	0.007758793489648791
11	0
11	0.0036261271426525437
11	0.006598045974610248
11	0.005262691666778502
11	0.00946158106176075
11	0.0075500993330130705
11	0.008368558222857609
11	0.0032513608136974337
11	0.008371044903699101
11	0.0042907077581302785
11	0.005375497150510523
11	0.008214750171998585
11	0
11	0.006702901730211577
11	0.00600199276051467
11	0.005833781617526396
11	0.012143994785628099
11	0.007420024319499669
11	0.005028864620297279
11	0.006666992891613327
11	0.007367503000920393
11	0.010193512598234393
11	0.007038286915876348
11	0
11	0.005320911312892908
11	0.003926982182330762
11	0.005212265656584629
11	0.006322145300435411
11	0.007730767707488057
11	0.005294764460160766
11	0.010351025172198715
11	0.009778925368877327
11	0.00506489475158168
11	0.004636940273032471
11	0.004569169491627275
11	0.008742208614286661
11	0.005974092816979195
11	0.006487744251999369
11	0.007703543927798321
11	0.00821626653116037
11	0.005302682112734285
11	0.0033107389895310757
11	0
11	0.005479733953391399
11	0
11	0
11	0.005239557174842589
11	0.011776768632340489
11	0.0037106439462368784
11	0.007933320020097162
11	0
11	0.005894996400673505
11	0
11	0
11	0.013188273120853512
11	0.010653404945053789
11	0.0053898890487055024
11	0.004582768839425849
11	0.004083924562329264
11	0.009312957590753419
11	0.01117049180971803
11	0.006527179880899915
11	0.006528554281791544
11	0.009213724221977106
11	0.0036793512205918768
11	0.0096055842188525
11	0.019683281262325367
11	0.01152515251710725
11	0.005473675667695525
11	0.004332681785261829
11	0.010945155817240811
11	0.008777585183110365
11	0.009144231301502853
11	0
11	0.005658798605632233
11	0.007347606785119398
11	0
11	0.0043056465858082515
11	0.008426530560712698
11	0.00814427695926262
11	0.00957164482783519
11	0.01148830439503407
11	0.0027663589313151856
11	0
11	0.004586043667590117
11	0
11	0.016933649595084296
11	0.004712518336942934
11	0
11	0.005175406623458601
11	0.009250089550883099
11	0.0070304116690260805
11	0.004800787465223017
11	0.007149186558122971
11	0.0056256808420392605
11	0.005052929465832756
11	0.005148887648402161
11	0.008594859550928093
11	0.005463767059049478
11	0.004946408826972162
11	0.007411280934849446
11	0
11	0.00357549719717771
11	0.005711255941182862
11	0.004564331306924749
11	0
11	0.00852825184041013
11	0.00874553084487587
11	0.005630074049859786
11	0
11	0.005240387166842361
11	0.00633707843262587
11	0
11	0
11	0.0033606926033203483
11	0
11	0.0091703291499920965
11	0.007426361963565964
11	0.007916678039292961
11	0.004169496759081299
11	0.010158451296536463
11	0.011334662689081117
11	0.010133800199741165
11	0.017870594892144397
11	0.005968336625742462
11	0.012490241796031875
11	0.006045241316609354
11	0.005846779709697194
11	0.010029926539664396
11	0.004258884488804072
11	0.005079646625549787
11	0.003566432653809356
11	0.004111108763931306
11	0.006522880784727006
11	0.007280704621709979
11	0.005642074650344417
11	0.008922091392126918
11	0.005401164921515046
11	0
11	0.004802379619585988
11	0.003992461938201183
11	0.003982251125500626
11	0.004162943480554986
11	0.007490982379374624
11	0.009404915654894153
11	0.00672501437880209
11	0.0071940753261732
11	0.010439238319764434
11	0.006837735563993441
11	0.007433246403903074
11	0.022349254206510478
11	0
11	0.0054285368401526535
11	0.004342049927639757
11	0.0035993690432309187
11	0.004103539970474861
11	0.01393057816269477
11	0.012677174718983107
11	0.005304994991091034
11	0.005701923894683863
11	0.003818188838193517
11	0
11	0.0074651283423444
11	0.0038852137789802243
11	0
11	0.003850229263853991
11	0.00413612463466056
11	0.006345135314517151
11	0.013300756778449985
11	0.009280023650187704
11	0.014221414915713255
11	0
11	0
11	0.006646052547793594
11	0.008001677231974418
11	0.018313863318690955
11	0.0061819853368692505
11	0.003305909976344367
11	0
11	0.005987131469518954
11	0.008098065971274384
11	0.009602769962290668
11	0.006329518551387721
11	0
11	0.009946948007342662
11	0.00911738576225406
11	0.005637085674623308
11	0.010591648142823833
11	0.00544358928067993
11	0.013328280959984706
11	0.012079039451592263
11	0.0054193058627873165
11	0.004713045515205577
11	0.015800649607815624
11	0.00978358740689474
11	0.006409966338149778
11	0.02173082486368614
11	0.007877260038677239
11	0.01379056020530534
11	0.005171319969458886
11	0.012300629797807461
11	0.006129239449228781
11	0
11	0.0044689224880908075
11	0.006438377268309449
11	0.012173014987130689
11	0.018125041745276356
11	0.01184523686899163
11	0.004842607710768511
11	0.007157129697432619
11	0.009995229345982636
11	0.005756238072132246
11	0.006238555634520244
11	0.015534784654210366
11	0.004380332087395889
11	0.005208076732400079
11	0.010974034489898424
11	0.009281494469705722
11	0.006552485061231576
11	0.007146052692566977
11	0.008720552438827592
11	0.005305996772813308
11	0.007741716457854591
11	0
11	0.005431966224682611
11	0
11	0.003982900815486445
11	0
11	0.005487458845397312
11	0.005753102199348428
11	0.011660578952787895
11	0
11	0.0071897977353899915
11	0
11	0
11	0.011683742829259786
11	0.007835119552109646
11	0.006186664787050382
11	0.006881350606789888
11	0.003968496578164833
11	0.0077881274495932105
11	0.009232811015727782
11	0.005625904768314705
11	0.010130586505971737
11	0.004688016884464408
11	0.004167520728697099
11	0.0069046336190042605
11	0.006925032158327402
11	0.005433303288004018
11	0.004694380896961899
11	0.01024665195078319
11	0.004206609289852117
11	0.00613784227149742
11	0.008990079465740566
11	0.0035802875778253146
11	0.005707479285086489
11	0.006635859248753828
11	0
11	0
11	0.006971959230952228
11	0
11	0.005013458864879705
11	0
11	0.015893296971250144
11	0.012663565478071348
11	0.007565519531903232
11	0.008480550024625257
11	0.005191721573927595
11	0.006448258491922348
11	0.007284388550598123
11	0.004890483051623283
11	0.010171933958906476
11	0.005589968350302093
11	0.006395259681306407
11	0.00459339283646556
11	0.008359284699737431
11	0.007715767142147011
11	0.006609928719836039
11	0.006445034294462916
11	0.004358289975532813
11	0
11	0.006075654927785321
11	0.011148528760421153
11	0.006371886493915292
11	0.006400467132404016
11	0.005264484911369106
11	0.008254389282752427
11	0.005526776896768835
11	0.007668657810236807
11	0.009238592788927072
11	0.0076420005148880475
11	0.011484721071387462
11	0.008090343755879381
11	0.006074157435457301
11	0.0038990431386097626
11	0.006735575351355053
11	0.005458988027636399
11	0.007240794160984209
11	0.008967210535101636
11	0
11	0.005239597910906796
11	0
11	0.005786552144823009
11	0.005570482244095715
11	0.00931427313466828
11	0.0067299154933364354
11	0.009066796280313852
11	0
11	0.004971468957484242
11	0.0073300381889742664
11	0.009119615600414365
11	0.010070148739448968
11	0
11	0.012566746378749029
11	0
11	0.0046565138483887275
11	0.003965243624473888
11	0.0038363342822944433
11	0.013530167722321617
11	0.007855194019685732
11	0
11	0.004490982372888527
11	0.010693186591387436
11	0.006634710228665038
11	0.007224665006645843
11	0.015833011564355067
11	0.00418766476097854
11	0.006159180910763758
11	0.01243691129526639
11	0
11	0.008709138589589951
11	0.008759045638495102
11	0.004466863949138523
11	0.009683360894741823
11	0.003474746205010388
11	0
11	0.011015093789145801
11	0
11	0
11	0.010855571810252405
11	0.009009783512660768
11	0.00789609200072399
11	0.003238303480411802
11	0.008685895061892306
11	0.02322426794894802
11	0
11	0.006594166787016502
11	0.005746469140898114
11	0
11	0.006104518525496428
11	0.0083358582028207
11	0
11	0.005522092720035335
11	0.006439196335750829
11	0.00813500406491234
11	0.010155164703333892
11	0.005302451259793273
11	0.006260942844948969
11	0.004717282864540983
11	0
11	0.007390536206241825
11	0
11	0.008038046446749332
11	0.012272938521800393
11	0.013988972539287528
11	0.011785157641326724
11	0.0120929097441984
11	0.012459083749013842
11	0
11	0.008881247973910442
11	0.008280102959292086
11	0.012565875192231164
11	0.006099547692608203
11	0.008323374252895841
11	0.00586672314968875
11	0.020739316304616978
11	0.0035507327579039037
11	0.005799810781868575
11	0.008460025133320353
11	0.006914046324059288
11	0.005716306691686162
11	0.008507039871617375
11	0.005865396890714665
11	0.0059129843320921745
11	0.005098189303456595
11	0.005548280231272406
11	0.008411108989357024
11	0.006460456591891208
11	0.007101278513081205
11	0.011541687001935216
11	0.009404738760190524
11	0.02082640572646492
11	0.009124927736944595
11	0.004826015276035892
11	0.004914724587832243
11	0.010270944243167835
11	0.007514660938618052
11	0.01144389123219655
11	0.005506677487585743
11	0.004666281039301219
11	0.007222774532587039
11	0
11	0.00590722487859511
11	0.004356190281029518
11	0.007626361508596887
11	0.007714657514065967
11	0.011193343367435351
11	0.005668601529728817
11	0.007034339008648753
11	0.008584478996422359
11	0.0050146207972773865
11	0.004404739430634481
11	0
11	0
11	0.008684541137212332
11	0.021315561927072416
11	0.0075750622311184885
11	0.005786306890719384
11	0.009457844799240125
11	0.006386999155570934
11	0
11	0.004318046147004719
11	0.005013116949003339
11	0.007833222411909282
11	0.007416178475672729
11	0.0099672761147476
11	0.0068552786535612115
11	0.0045530560465201365
11	0.004594014497683335
11	0.0052966597323230126
11	0
11	0.007908479121185055
11	0.006268725450734525
11	0.004588614852307744
11	0.004346717707395289
11	0.012690344682240716
11	0
11	0.008219606858407575
11	0.006079138377137676
11	0.010776356273842628
11	0
11	0.005360341573665234
11	0.004945483462765807
11	0.005915327423104509
11	0.007280803612404803
11	0.009812932038529013
11	0.006646572106835601
11	0.011767386453667249
11	0.007100182952723925
11	0
11	0.007960352125360897
11	0.00449788933331666
11	0.007353851041810519
11	0.0091090280035231435
11	0.016858260111552392
11	0.010825066149972506
11	0.00800002728722673
11	0
11	0.009205050421107504
11	0.006425942970886568
11	0
11	0.004803471552338926
11	0.006971240122849409
11	0.006361255482471189
11	0.008738938477517725
11	0.009761095956845805
11	0.00488125452461264
11	0.005804011010307255
11	0.007176787489273284
11	0.016379875650798896
11	0.007244709069405927
11	0.004690308887220547
11	0.008369360143166154
11	0.005653431121376228
11	0.005319818581656468
11	0
11	0
11	0.011176967172330072
11	0.004402514511113713
11	0.006479038822112571
11	0.015193533260279089
11	0.0075146497101142
11	0.006132540635122003
11	0.010792495590660731
11	0.006762782430336099
11	0.014974973573131342
11	0.009511990785837508
11	0.0038260282831175225
11	0.007990743036671006
11	0.005801670926776447
11	0.013955265676085429
11	0.01085354278065383
11	0
11	0.005936495265924242
11	0.008919853896363378
11	0.005316878397483433
11	0.004886706016347884
11	0.006499091049458491
11	0
11	0
11	0.006049588133256377
11	0.009261554079628743
11	0.009018539848458221
11	0
11	0.007616344285065327
11	0.007433501658466632
11	0.008597618939274963
11	0.003671393648924747
11	0.007552249854626811
11	0.005900687946404607
11	0.009154776940687717
11	0
11	0.004670659528688555
11	0.010098971702993363
11	0.006424066765925278
11	0.004924453973042137
11	0.014218425016148553
11	0.0078070188312184315
11	0.0066489130676560555
11	0.008335940582905115
11	0.0061628884623523925
11	0.006517420188025637
11	0.007543454003528318
11	0.004670703402548617
11	0.00676562247051086
11	0.006391144585224397
11	0.012885861126004669
11	0.008257592384003644
11	0.006726907422877443
11	0.0104038648519759
11	0.006461667683874926
11	0.008613570072020063
11	0.005359376583090677
11	0.0036315632245476287
11	0
11	0.005113320710655742
11	0.008701329846209636
11	0.006749549245838543
11	0.01895940109562622
11	0.011351911821655401
11	0.007115777421959619
11	0.006557730852540664
11	0
11	0.004726490259423732
11	0.0030481742404166196
11	0.009895948833251034
11	0.004588745864721265
11	0.0072580558174606576
11	0.010487531183918257
11	0
11	0.0030840982512483728
11	0.007984539306991015
11	0.0035684540332734916
11	0.0048282543004401325
11	0.006897603068812485
11	0
11	0.00791458706800677
11	0.006112728916982274
11	0.00706676100262142
11	0.01004352971651089
11	0.006296526096471059
11	0.008633864125639532
11	0.010742347650683874
11	0.009528758905915962
11	0.004393800698730162
11	0.0058537058593973075
11	0.00630394962421167
11	0
11	0.004583267214240815
11	0.003165746238753426
11	0.009022287888918339
11	0.005353968351611242
11	0.012096448516271386
11	0.009149024161075684
11	0.005204068528827884
11	0.005765602720426786
11	0.00545243765318759
11	0.006295148932767137
11	0.01880887576137394
11	0.004420740797729139
11	0.013165167779486673
11	0
11	0.006909029117864331
11	0.006716788350390642
11	0.015424437837186365
11	0.00649580741887398
11	0
11	0.003502778191794519
11	0.011854667130311154
11	0.004888172370382657
11	0.009104130248669753
11	0.0070695363064567475
11	0.009698270355693525
11	0.007378737725339945
11	0
11	0.011613681980623283
11	0.007285174666590434
11	0
11	0.008017353813228718
11	0
11	0
11	0.014675635288819466
11	0.012992973295305209
11	0.009543181343828932
11	0.006955262501342537
11	0.006415508903998064
11	0.008665170107715392
11	0.008223356924499967
11	0
11	0.009978419252754058
11	0.006120060180318287
11	0.006871634245844645
11	0.0058602834408983335
11	0
11	0
11	0.005169728224088885
11	0.00913069124538661
11	0.004826156106343921
11	0.008086056371781702
11	0.005596813199197286
11	0
11	0
11	0.00574734934319052
11	0.004911300386099968
11	0.008748169272937924
11	0
11	0.005226748718969709
11	0
11	0.007187932636786412
11	0.007616438752723331
11	0.007221175398368272
11	0
11	0.005243542918900114
11	0.004647771990141075
11	0.008536377347093624
11	0.005366605301047645
11	0.015316344741343255
11	0.006721511357128369
11	0.010769828935782984
11	0.011220972366813915
11	0.003256768670671147
11	0.008290249816621905
11	0.005802861226738457
11	0.0043882636301827
11	0.011013587070678144
11	0.00602510449190875
11	0.00453213860120936
11	0.028477656846668056
11	0.003343812895756417
11	0.006310990016099138
11	0.0045000016303626674
11	0
11	0
11	0.008725303168824267
11	0.012747747010611304
11	0.0048962074019099425
11	0.017631127999048795
11	0.006375953170276855
11	0.0055571250482397486
11	0.003913473978583677
11	0.007637209040921139
11	0.009907722620680764
11	0.0058172303967620135
11	0.005753096414646813
11	0.005633194650514847
11	0.006304733629790813
11	0.005978381530088454
11	0
11	0
11	0.01077924201847008
11	0.005270605077109526
11	0.006975550083052125
11	0.006633368413794149
11	0.006017319989934142
11	0.005396506862191637
11	0.005512951296605199
11	0.009115745744284247
11	0.005327792266526783
11	0
11	0.004310546130493421
11	0.007335109776013695
11	0.005054670018532425
11	0.007311994840071695
11	0
11	0.007209217814632304
11	0.007539305430644626
11	0.01372874179350608
11	0.006609680180280894
11	0
11	0.006517231192867331
11	0.006164449126037111
11	0.006843474453222836
11	0
11	0.007007925722342526
11	0.006850837644398006
11	0.006023749526387158
11	0.007863046627881757
11	0.005402103401443567
11	0.005831461176223584
11	0.005639229342231616
11	0.008166579814707845
11	0.008132927262219706
11	0.00975988745823494
11	0
11	0.015091900481268123
11	0.009321793332147874
11	0.004815136904768452
11	0.00496922906037644
11	0.014140129158923619
11	0
11	0.00920519105537015
11	0.0049925712219504115
11	0.005537537918179293
11	0.0054413791678773115
11	0.0054554396267615275
11	0.008548155166537647
11	0.0070505007015153566
11	0.014024290910587638
11	0
11	0.00559106765006446
11	0.006263493516778029
11	0.008384216115323181
11	0.006718940666387685
11	0.004001696960559299
11	0.011224671867144057
11	0.010992407643836296
11	0.005716346538476113
11	0.00994764234049315
11	0.005492854410435816
11	0.006958815823151763
11	0.007790339238320473
11	0.006815831903326023
11	0
11	0.008017128089863884
11	0.004887283687347937
11	0.006125114125853164
11	0.00904413945335039
11	0.011749301726256217
11	0.0051066042475606185
11	0.00597395481177027
11	0.006308478953455041
11	0.019674851431053374
11	0
11	0
11	0.018570534501798804
11	0.006530255862644709
11	0.009593316030858461
11	0.0068111136357882065
11	0.010211403418805616
11	0.007582335599713595
11	0
11	0.007675517647982295
11	0.0071676475921920065
11	0.006372447070494878
11	0.014150023775748623
11	0.011888747583872069
11	0.010104869112954011
11	0.0036098875563603666
11	0.004126804744378168
11	0.004130360196780636
11	0.005627582776013298
11	0.007172145168247415
11	0.00807747128717171
11	0.004409037333347132
11	0.007713553584151651
11	0.010909684735513764
11	0
11	0.010301951105078904
11	0.008597586786514668
11	0.0126366136389552
11	0
11	0.006360419760048102
11	0.007245615401176878
11	0.0052558780071860975
11	0.0064658925239667216
11	0
11	0.012659202161031237
11	0.009584167932252509
11	0.005555793953519872
11	0.007764687759474821
11	0
11	0.004947691833818805
11	0.0065774919593131346
11	0.012388486692772028
11	0
11	0
11	0.005458158192310707
11	0.005530278906774158
11	0.008777156151040088
11	0.006113172159615414
11	0.023306148294647677
11	0.007800098029996013
11	0.0032037773679695963
11	0.007732851291788253
11	0.007343446288748369
11	0.00684440506157763
11	0.008233655090492516
11	0.004762317187101585
11	0.0042626876389847655
11	0.010107874425340006
11	0.008078045866799475
11	0.010228488693741383
11	0.0066075484379009486
11	0.00435830182047088
11	0.011724592625002233
11	0.010257304714032382
11	0.0049192680562858936
11	0.006489419779091134
11	0
11	0.007002438084572762
11	0.0032195906885427307
11	0.00585451080975155
11	0.009387349009291496
11	0.013607118366564905
11	0.007886991630046055
11	0.0039358076781575825
11	0.009780078093547584
11	0.0050655295001511445
11	0
11	0.009589482953237208
11	0
11	0.008144870518468942
11	0.008335617173478926
11	0.009132349789031711
11	0.004551013464486843
11	0.007799520122858678
11	0.004866070211089895
11	0.003166786924425798
11	0.011958810460359393
11	0.0037421546586819633
11	0
11	0.009712072859825276
11	0.010007912540954917
11	0.019761594640704892
11	0.004482324875846707
11	0.00559747717857653
11	0
11	0.009447895349395783
11	0
11	0
11	0.008227664267140037
11	0.004357141446072169
11	0.010304457930839086
11	0.02261659015274468
11	0.0038018577283392813
11	0.006543391505888661
11	0.0072512778914930465
11	0.005472364474026654
11	0.015050428249801025
11	0.008529533572484904
11	0.013537052580694348
11	0.01722751857956209
11	0.0028543992513917964
11	0.0037545803969263655
11	0.006292518646556237
11	0.009930927583475826
11	0.010682331651461005
11	0.012156690902202208
11	0.007239910700446555
11	0.0063506810922516555
11	0.004678743361045937
11	0
11	0
11	0
11	0.008689157874895381
11	0.006286518932607855
11	0.021736360493722715
11	0.010360855452394747
11	0.006383528749611764
11	0.005590595377114591
11	0.005018440944417728
11	0.009349377424471011
11	0.008443645189770884
11	0.008042546115532167
11	0
11	0.0030011216974739218
11	0.0076937907403947904
11	0
11	0.004849105130372746
11	0.006075719392590779
11	0.007188963783912169
11	0.009838068307774282
11	0.005148649875534729
11	0.0048552132649862904
11	0.020886110111691218
11	0.003567118725544372
11	0.008278317979408843
11	0
11	0.005962559235577093
11	0.0107659368617443
11	0.005361206061796735
11	0.009249952310107994
11	0.006191823877983468
11	0.011983280831409506
11	0.005888019140336751
11	0.006563552413856172
11	0.0063316213684437
11	0.006938765418302985
11	0.01069090579177713
11	0.019698781623558526
11	0.015340292380628603
11	0.011656617887966557
11	0.008862884628570033
11	0.007781773738423302
11	0
11	0.006076524088393073
11	0.008912062556291036
11	0.00713831405393708
11	0.012338034341250947
11	0.006292073957829975
11	0.013315224584365928
11	0.006628695253627944
11	0.0036021606133969045
11	0.010783116834718066
11	0
11	0.00518168849695394
11	0.01350346324681298
11	0.0056711541412868514
11	0.010668524836771543
11	0.005648338653234247
11	0
11	0.002680112694053785
11	0.009965734632817691
11	0.004118907071935084
11	0.004421865466771032
11	0.010498242517003016
11	0.004669435693869779
11	0.006340614990621987
11	0
11	0.00587739389224391
11	0
11	0.007782176409153076
11	0.004683716456684047
11	0
11	0.005979641066626473
11	0.006130731988629629
11	0.008349772481141654
11	0.0074835178465309385
11	0.005847339061678515
11	0
11	0.007466148754390244
11	0
11	0.0077073141071283754
11	0.004776671660761914
11	0.014907588231769462
11	0
11	0.006270107742778821
11	0
11	0.005060870771957587
11	0.005839421519795296
11	0
11	0
11	0.006367509435196198
11	0
11	0.005673755973732161
11	0
11	0.0042682191580057415
11	0.00689927789209971
11	0
11	0.008342372080122064
11	0
11	0.0062076837365192495
11	0.0057869640443907935
11	0.020035499321023387
11	0
11	0
11	0.010498333643756649
11	0.009619481548426446
11	0.007307261194674412
11	0.008479832605469218
11	0.01058562887839559
11	0.008278115482323477
11	0.006760916294947394
11	0.005592239774079676
11	0
11	0.0034405607692447305
11	0.012064929014027951
11	0
11	0.006276844972019585
11	0
11	0.004084778669886819
11	0.0036162401601528447
11	0.004388350018479424
11	0
11	0
11	0.002890472187012232
11	0.007306812003243851
11	0.004186541008085022
11	0
11	0.003660395277201568
11	0.007313420325084302
11	0.010040645412624704
11	0.009472185424115247
11	0.004286925319973045
11	0.0073548936741573935
11	0.007506070970738499
11	0.0069870508238413336
11	0.007446671301149091
11	0
11	0.005120858076679361
11	0.012920868345806427
11	0
11	0.006514056686716863
11	0.009037393343454058
11	0.003377636052912421
11	0.005460860093732551
11	0.005290758403602557
11	0.004810869480497159
11	0.006834055841955105
11	0.011452343382679434
11	0.008830322596984281
11	0.010808683283079506
11	0
11	0.007270631727611852
11	0.0047186625790925415
11	0.004245035630404519
11	0
11	0.007523337906976326
11	0
11	0.0050116906696094955
11	0.007569283890023807
11	0.008455661961918125
11	0.00402315874413468
11	0.01020071598320892
11	0
11	0.007397825931158563
11	0.006299998488495168
11	0.012103277934096596
11	0.004224418824857188
11	0.009993245717140805
11	0.010241611749930981
11	0
11	0.005269872014949813
11	0.008413043814725778
11	0.005627281107013078
11	0.006115608782566831
11	0.007057354729296126
11	0.005925486027069595
11	0.009519052765075208
11	0.004722040846144347
11	0.008177831916752752
11	0.005230761117579736
11	0.007442930996084511
11	0.006682410290278043
11	0.004693233820335588
11	0.008210224524422417
11	0.00815603431261025
11	0.00730206531170724
11	0.004235050361937138
11	0.005392180257807391
11	0.020436131361233525
11	0.0076829134352809515
11	0.009744982722571086
11	0.004768117444654285
11	0.011162837342474407
11	0.004502859573964182
11	0.008568615796114858
11	0.004897142075216243
11	0.0027997350432334045
11	0
11	0.006874827412431916
11	0.004567942598838028
11	0.007575437222796479
11	0.006809589498211689
11	0
11	0.004787687652897985
11	0.015138796449738236
11	0.00280606345040487
11	0.007968612010234844
11	0.015744685241938245
11	0.009006773510467535
11	0.0075739993460178425
11	0
11	0
11	0.0073950257563037206
11	0.00897920010977984
11	0
11	0.007659322147200683
11	0.0037213389379427576
11	0.004971629890207247
11	0.004958082902796009
11	0
11	0.010755552256353504
11	0.0062874896523371065
11	0.004228389508888638
11	0.005634660676885915
11	0
11	0.009601805293377416
11	0.00480086919569478
11	0.01088466489552429
11	0.007648354774565559
11	0
11	0.005170675890815138
11	0.008655695846677296
11	0.005109682907920397
11	0.0044673692109526335
11	0.00483274370877953
11	0.012297503789626053
11	0.00674619465391812
11	0.008123389488076652
11	0.007205813866307434
11	0.004033257269172031
11	0
11	0.012114494856791967
11	0.005599740331572146
11	0.004362842222173282
11	0.024509092226292665
11	0
11	0.004783026018735247
11	0.01055897597285533
11	0.010681958976154766
11	0.0064541154917425805
11	0.003491186618440001
11	0.006098493926534814
11	0.013349311468691524
11	0.007215048887183684
11	0.006939915643702377
11	0.006562123610541418
11	0
11	0.006881614520956517
11	0.006093048511067788
11	0.006414466396332616
11	0.006040611316993383
11	0
11	0.007673496947223352
11	0.013272259521776261
11	0.005493556027039724
11	0.006353389292978574
11	0
11	0.003952928987534447
11	0.009827958383051233
11	0.004627664412907799
11	0
11	0.011025474272686145
11	0.004586171882281171
11	0.006265325866325111
11	0.005616210433697549
11	0.006826212174811974
11	0
11	0.007937225721583238
11	0.010266499975464836
11	0.006305534034529586
11	0.004788794311673156
11	0.007222003838480554
11	0.009813629649793678
11	0
11	0.007924400027153153
11	0.006060322905605243
11	0.004316005429649273
11	0.006714886313946076
11	0.0061976874145760075
11	0.005679612885531358
11	0.0072528134419869725
11	0.008092237645613485
11	0.006873109170545555
11	0.004660450758398143
11	0.0055064020422380825
11	0.010588656777327204
11	0.004618653098047236
11	0.008365529043998465
11	0.008775080950177271
11	0.0041685507901990364
11	0.0054990465142872105
11	0
11	0.01081613209835208
11	0.007576648934071644
11	0.007175014719747779
11	0.01140248228539027
11	0
11	0.00632098292857268
11	0
11	0.007081750925206223
11	0.006859382281930707
11	0.005401055142224458
11	0.016881148277791705
11	0.007788394144540592
11	0.007632534513612646
11	0.004272262020831835
11	0.009592854911794088
11	0.004889227796429744
11	0
11	0.006493764511092216
11	0
11	0.00518855924880037
11	0.00536361741542225
11	0.017835052365097553
11	0.00493564652649266
11	0.005501866657506656
11	0.005058002760346732
11	0
11	0.010945631856212628
11	0.005756558635730074
11	0
11	0.006489135212298033
11	0.005735116608957518
11	0.008470051295261908
11	0
11	0.004065258300591498
11	0.014544188294009759
11	0.01674194295756521
11	0
11	0.009623073572326312
11	0.003360515000880479
11	0.007726880879453415
11	0.0086981934275316
11	0
11	0.00960244369581027
11	0
11	0.00851110326186321
11	0.009367316001197612
11	0.00540143197819505
11	0.005808985346228484
11	0.007613397564948916
11	0.011754434816245746
11	0.012010313309232374
11	0.004785795482375997
11	0.009094427837704571
11	0
11	0.004070317712684875
11	0.004062865911158104
11	0.012781522662889268
11	0
11	0.005874786074578707
11	0.0038019140117038276
11	0.007905470315982557
11	0
11	0.005967249712470663
11	0.008051646907590136
11	0
11	0.006178805225488945
11	0.004258807138500897
11	0.009261830078145619
11	0.006209811971024107
11	0
11	0.009699243873807047
11	0.010313729942771613
11	0.006703092482969782
11	0.009296928900319936
11	0.008139185038773407
11	0.006054880488399635
11	0.009324276951787683
11	0.021808433811278553
11	0.004096940198801472
11	0.005549886269271369
11	0
11	0.011201119555783746
11	0.0073001754088524995
11	0.006511046283179891
11	0.004531544288243946
11	0.008992321668277408
11	0.006497072053700616
11	0.00600958315093106
11	0
11	0.005979193950979285
11	0.006814018848545147
11	0.006546687086079541
11	0.0043730093189053324
11	0.014191596278400337
11	0.013570883924150744
11	0.004539090448844127
11	0
11	0
11	0.019922852678759824
11	0.005174494735320007
11	0.006672223049910307
11	0.011289882681900109
11	0
11	0.0059509557590716345
11	0.007214138636569384
11	0
11	0.00537942186912108
11	0.0058828775060038195
11	0.009441779150550087
11	0.0032228086894011744
11	0.0036277272478072962
11	0.008745573470833663
11	0
11	0.0067325687278397515
11	0.008984353107221912
11	0.005441237808761361
11	0.003427247057281117
11	0.00687696542296704
11	0.012384459225045295
11	0.0031717541375444643
11	0.003226639506634585
11	0.013205878218580713
11	0.007672527230077426
11	0
11	0.004792782114154141
11	0
11	0.0038720391014953324
11	0.012627815126839217
11	0.01137457413764043
11	0
11	0.00566261030375667
11	0.0027086064146690622
11	0.0085931348330061455
11	0.005010834557483477
11	0.002877484603238871
11	0.006754071943529262
11	0.005565190347504323
11	0.01225413746319894
11	0.0064351853757639065
11	0.00723673111345819
11	0.00812345727041472
11	0.006295145109985716
11	0.006892199641938609
11	0.008290041841506076
11	0
11	0.005278433861377965
11	0.00717074709232677
11	0.009795819142921913
11	0.006632134350235268
11	0.007772845200696919
11	0.0063918518226292916
11	0.005357437391349104
11	0.006641974412459128
11	0
11	0
11	0.006384900317082286
11	0.009180796097579803
11	0.009079934381128564
11	0.00926451873900303
11	0.005106169948503246
11	0.0056786235255142925
11	0.008148040022692551
11	0.007557928491917749
11	0.004466515836481655
11	0
11	0.012666143020020244
11	0.004866887626300991
11	0.007199881719623829
11	0.0035724697962118517
11	0.01207646000017205
11	0.004689288018886434
11	0
11	0.006910405318592856
11	0.006749078692646904
11	0.00407780775512926
11	0.007126931856324876
11	0.003327969059992683
11	0.010730850397686093
11	0.003425787669009998
11	0.012363325667826795
11	0.008003666036021003
11	0.005030413415168857
11	0.005767057807487038
11	0.005000085458889732
11	0.005301769928727782
11	0.015606433837597593
11	0
11	0.009605051041469652
11	0.006015437773916788
11	0.007832606032765376
11	0
11	0.0034041097556314396
11	0.009395519002140048
11	0.008572591429978559
11	0.005781615805810185
11	0.008723118267815853
11	0.007729141484735808
11	0.007003098668930414
11	0.011153032167557309
11	0.00788334951060517
11	0.009226223952930889
11	0.006038459652593141
11	0.013222489150423867
11	0.004300359631440145
11	0.013282624302142202
11	0.004783001838467247
11	0.007496177247821856
11	0.0059682562539139115
11	0.009379961185317717
11	0.0069858441932772125
11	0.009034560857011029
11	0.01428345522867195
11	0.006700898727902626
11	0.00545838431759025
11	0.005206742191780601
11	0
11	0.006145108147516995
11	0.00670645781258336
11	0.0036184021154162475
11	0.0046654076921356985
11	0
11	0.011310060702533896
11	0.006901787277215382
11	0.007407466246334595
11	0.010604622252609063
11	0.009023262029447214
11	0.004531208538162101
11	0
11	0
11	0.01329814391343272
11	0.010970761162440452
11	0.007669705219863661
11	0.006605547972569998
11	0
11	0
11	0
11	0
11	0.005024929232883365
11	0.009338844010782377
11	0.007271734070093342
11	0.014187554346761147
11	0.008561674167342681
11	0.005524550825408933
11	0.00382975681782572
11	0.008767326154585968
11	0.014667389699102477
