cval	avg_intersection
11	0.032146984780234825
11	0
11	0.11550397312528017
11	0.011339091246782229
11	0.01958421099819365
11	0.031332930518436275
11	0.01822702793315084
11	0.04178377647569852
11	0.02406921254995727
11	0.05400645542574483
11	0.04465098324567575
11	0.053670709789342894
11	0.059401178776137764
11	0.027287208580402896
11	0.0369001944254187
11	0.059579809973227794
11	0.06911304965453556
11	0
11	0.044879897856495994
11	0.011763995178763711
11	0.04253165209253984
11	0.03666735874024153
11	0.016296068873262196
11	0
11	0.009292675267204302
11	0.04036684097157984
11	0.049164034114403406
11	0.043404091675865245
11	0.03152121592039649
11	0.05766566058456567
11	0.030862709760594593
11	0.03261707111117659
11	0.043464612982562247
11	0.06036292046766198
11	0.04162867560720542
11	0
11	0.029114681516393584
11	0.028100272295531865
11	0.029480372842110282
11	0.019739770657417204
11	0.03286064527628433
11	0.02310088376446352
11	0.036860814824660554
11	0.04117532369210044
11	0.041401851739422436
11	0.0403570102115554
11	0.01886331933664053
11	0.022221253380777805
11	0.04698041925703714
11	0
11	0.05224433294285181
11	0.036048262998088186
11	0
11	0.05389549465275298
11	0
11	0.02407640802472243
11	0.020059592973913267
11	0
11	0.10097609050479278
11	0.06111011918016539
11	0
11	0.052228097349107966
11	0.041928372345502875
11	0.038525704916235526
11	0.02177647841217148
11	0.016885187750444418
11	0
11	0.04297257947315627
11	0.04524219960208476
11	0.047695081825222876
11	0.06031821765737383
11	0.03056186502963291
11	0
11	0.03190591674399401
11	0.047485226567052716
11	0.015961751968699207
11	0.027758505487630643
11	0.048133101272166044
11	0.03933249658977107
11	0.033791659273229205
11	0.032736419559551255
11	0.049617425869814755
11	0.06450532503875828
11	0.016115622996544763
11	0.022373454093174056
11	0.029789508020158735
11	0.0435260120553523
11	0.015334225812532465
11	0.03776315488934999
11	0.030194292818051978
11	0.0652234611716142
11	0
11	0.04765042819958704
11	0.030358201416901404
11	0.056110365950203966
11	0.037339009595386184
11	0.02616007041475241
11	0.05715829073231589
11	0.07634265302846499
11	0.03875723841447107
11	0.0599116037358412
11	0.04997822370329875
11	0.04675609216631155
11	0.022800856755992107
11	0
11	0
11	0.03615187487878059
11	0.03449332609706023
11	0.04251852815233571
11	0.03546429663631252
11	0.062051557419667724
11	0.04887977704242337
11	0.029497816495717276
11	0.0479034396218474
11	0.03446193891130048
11	0
11	0.04954364224558209
11	0.05104144062852103
11	0
11	0.057008264695956885
11	0.07288601010628937
11	0.049946088439224406
11	0.037435587903951836
11	0.06028433756690662
11	0.012758658814667992
11	0.05921868812993515
11	0
11	0
11	0.034111718122932726
11	0.029024468913612367
11	0.03395208889691583
11	0.018719694066313686
11	0.03322927032281197
11	0.02492310819646304
11	0.035005158484796184
11	0.02484487974167583
11	0.04440108500074867
11	0.025858317935921738
11	0.023901731510974675
11	0.016332991613841663
11	0.03215269722698553
11	0.0345714550430847
11	0.054776029598885875
11	0.0179172397672825
11	0
11	0.05170957735018551
11	0.06002284727892157
11	0.058194404267916
11	0.04289611984357742
11	0.024665322584440173
11	0.014617224359004245
11	0.030874319937067893
11	0.05780774236377105
11	0.08530618007978025
11	0.04971841891363636
11	0.01597154907293405
11	0.020426742379881062
11	0.022408813694521974
11	0.02032805575167096
11	0.06024822156359771
11	0.04684277380266469
11	0.01930366731653446
11	0.011869233431933855
11	0.030573076170491032
11	0.045282970341643705
11	0.05549098277566389
11	0.035139615448044184
11	0.0412011370146653
11	0.020352867116645492
11	0.04472690791122165
11	0.04321327513360887
11	0.024301886732062496
11	0.018729027116875564
11	0.031395041326592356
11	0
11	0.051068093951682915
11	0.056408331112766885
11	0.06657641109633619
11	0.0861882260583553
11	0.05428503224327796
11	0.03916409279138881
11	0.015167268921052884
11	0.025723561534873915
11	0.049245857815151894
11	0.022820242326069138
11	0.04611761862181684
11	0.04361270724179392
11	0.028504274648848988
11	0
11	0.01490594411451559
11	0.027271409544095137
11	0.01839759721819533
11	0
11	0
11	0.01958496935523456
11	0.06720491859155273
11	0
11	0.030182514747208202
11	0.05003459089908499
11	0.049484289517941996
11	0.013429453465590742
11	0.014826507559098454
11	0.0728614281275892
11	0.02330768878504491
11	0.0653063007040328
11	0.035883030400195914
11	0.03986334629004216
11	0.052114139680038994
11	0.04681179775192067
11	0
11	0.059582277137477074
11	0.04290937288081334
11	0
11	0.02664839000313295
11	0.04969190505620942
11	0.03007353462441598
11	0.02663427310716361
11	0.062212226008519673
11	0
11	0.05438970838652061
11	0.0501663876472521
11	0.028261238413357367
11	0.05922858631949224
11	0.046075146177408946
11	0.03771983173722998
11	0.028344763404529676
11	0.017935609924901702
11	0.021121444737566334
11	0
11	0.019707696596528414
11	0.033551564935242854
11	0.01522437076115132
11	0.04446409859061865
11	0.01814139836460568
11	0
11	0.04609314177735964
11	0.04214847666841732
11	0.05648784214578436
11	0
11	0.028521462328904082
11	0.05485860260886141
11	0.04793361935058001
11	0.026667328936641737
11	0.01599287300573469
11	0.03766956061126512
11	0.03662391611596904
11	0.03305286982780578
11	0
11	0
11	0.05976313461709957
11	0.051880345298313396
11	0.06481332662559917
11	0
11	0.030376305918720713
11	0.07896038969342717
11	0.0855870793944687
11	0.018761382574190487
11	0.05630488395243709
11	0.021150512289753738
11	0.04021526823245532
11	0
11	0.04634077466975374
11	0.060080854071804565
11	0
11	0
11	0.08729727853768593
11	0.03748276575064385
11	0.052490695015604376
11	0.016406393699557674
11	0.0310432011566677
11	0.03266806083262165
11	0.052964484730063335
11	0.027196524652721484
11	0
11	0.07322685431005217
11	0.04090604753832126
11	0
11	0.05260939616936653
11	0.022377739520908716
11	0.018853882355027083
11	0.02602990083469054
11	0.0825113920274617
11	0.03059839921993363
11	0.026704662094710546
11	0.06248114296398036
11	0.027814716066933313
11	0.019452530704928823
11	0
11	0.04050254319459767
11	0
11	0.033192648291075065
11	0
11	0
11	0.04126571019598291
11	0.05242337214414068
11	0.03311368089024048
11	0
11	0
11	0.06035779093274914
11	0.027860956759695795
11	0.04879968618873158
11	0.027666484891791444
11	0
11	0.017718814720903243
11	0.026151149337349418
11	0.06152569148162626
11	0
11	0.02319231283236715
11	0.03714170228186978
11	0.024534704610399458
11	0.022537661217691494
11	0.02712985139075509
11	0.018894712729554255
11	0.01425723143402494
11	0.050855730557327145
11	0.051433633542538326
11	0.015114510949565702
11	0.06446227858551305
11	0
11	0.028613647804718024
11	0.0479895273800567
11	0
11	0.030312626610160258
11	0.04183860858742326
11	0.028569012575511265
11	0.0382975080384932
11	0
11	0.04595550802313486
11	0.04129669147984677
11	0
11	0.0097755990324778
11	0.042079348416721396
11	0.057181654334497
11	0
11	0.03805782485715722
11	0.07814717130626896
11	0.06097718556788924
11	0
11	0.025342801140902524
11	0
11	0.013693917156782138
11	0.048747528984867075
11	0.043541046848622235
11	0.03878234580409461
11	0.05626362211134445
11	0.011751429109508538
11	0
11	0.022827054872565495
11	0.03568387492913005
11	0.052428458727282565
11	0.025304713477801402
11	0.033671638301533434
11	0.026253910043194384
11	0.06781206780601723
11	0.03255318943260693
11	0.02141497034466373
11	0.02739865105078353
11	0.049129539751637225
11	0.05427556802462323
11	0.021693865160379907
11	0.03559016824712763
11	0.02500718162605891
11	0.03615402325815101
11	0.02053985687575549
11	0.05557052459964182
11	0.041434310264706925
11	0.031810822602733616
11	0.050658388223282946
11	0.06599453839716259
11	0.03257110068803674
11	0.04043521464174306
11	0.05122741971755864
11	0.04476055423028591
11	0.03393513761014547
11	0.033852700212173695
11	0.040536195761366564
11	0.0169194472010935
11	0
11	0.04562090924173358
11	0.08019922816973733
11	0.02245899605343346
11	0.01890680946003683
11	0
11	0.024363291943090542
11	0.02582720175687218
11	0.021798837980300127
11	0.04765911345314015
11	0.019278803670862262
11	0
11	0.04872399965075154
11	0.05372303694515913
11	0.06300151034968252
11	0
11	0.024506320221781522
11	0
11	0.0372514341931727
11	0.04406313483340536
11	0.03475012598223292
11	0.028852226083616817
11	0.04309321272195896
11	0
11	0.03641164159222007
11	0.03421300104659532
11	0.050222937171910634
11	0.034468444024130386
11	0.029542064682960098
11	0
11	0.07802576193513257
11	0.023039529117674047
11	0.03535405289994927
11	0.04026083284080938
11	0.07626836968242212
11	0.03840755776496278
11	0.04051532830658257
11	0.04589721110753205
11	0.040922860987910814
11	0.03149811679854562
11	0.034238727497748624
11	0
11	0.0600249008988779
11	0.02269353606205087
11	0.042712806179303
11	0.09669399555319505
11	0.09641615151300761
11	0.016878788926919044
11	0.08761184059462167
11	0.015115960394438835
11	0.02561540795765642
11	0.029706404960197046
11	0.05219021809690292
11	0.027220187977378952
11	0.036898368388766194
11	0.09148754663091879
11	0.04556068060860163
11	0.020259832385810334
11	0.030738083572036685
11	0.06241572195244138
11	0.04263427873726314
11	0.031377707796294556
11	0.029137277574474613
11	0.042563590055770095
11	0.03946459870982233
11	0.028811065860577544
11	0.01981118211565371
11	0.026167340680440684
11	0.023615717726987916
11	0.03795118240630302
11	0.04235132063402652
11	0
11	0.04797082729306876
11	0.04864543802409625
11	0.023062830138464708
11	0.05392356709178283
11	0
11	0.02438151375727315
11	0.029119709143705673
11	0.04427796980544968
11	0.046670131437093594
11	0.0424735777335622
11	0.025885477623734617
11	0.050028825523475914
11	0.06273796993141312
11	0.04963103104490538
11	0.029705184531279693
11	0.026997011303343733
11	0.04229878986294352
11	0.04094474489705677
11	0.09199962558299085
11	0
11	0.039930126578176676
11	0.03963828642122093
11	0.03510882793406821
11	0.03826485587819111
11	0.0732725694737516
11	0.03929442796484569
11	0.030769611868120723
11	0.03071352145992914
11	0.028717727547792223
11	0.039004811726253065
11	0.0356270257998497
11	0.01654547620413433
11	0.03905049420862483
11	0.06351154897403805
11	0
11	0.027003684129711606
11	0
11	0
11	0.0375626562238552
11	0.016603048249101606
11	0.060818539550908456
11	0.03125913864170912
11	0
11	0.03702636590395733
11	0.03679133174178891
11	0.025658566903603696
11	0.03464989347013453
11	0.03016293132123468
11	0.048814558496752855
11	0.01909054394068562
11	0.006738795304871441
11	0.012282487677259426
11	0.026759797927339873
11	0.027207316764380252
11	0.03177893261862936
11	0.05183881189541111
11	0.04581591706126204
11	0
11	0.04763905701823089
11	0.052222670587714716
11	0.0949139476229472
11	0.037007344264424084
11	0.020074853894950825
11	0.07991932220046982
11	0
11	0
11	0.035445205708730804
11	0.03453856604005544
11	0.06578262894091175
11	0.03169749585925993
11	0.03994970086447856
11	0.07256326559590053
11	0.05611771228742722
11	0.03129940672336901
11	0.06488910604728738
11	0.05343662524815797
11	0
11	0.03802312368129068
11	0.01294950412377384
11	0.02537011920282538
11	0.016961107082327998
11	0.04829999789745433
11	0.06818566766361195
11	0.01113348467536087
11	0
11	0.029094158865229376
11	0.019196299108073477
11	0.029171513802799653
11	0.04852045574005463
11	0.05063719900978512
11	0.04761789731848211
11	0.04854650361698123
11	0.029975729561553872
11	0.041747625977880835
11	0.11179851125521383
11	0.03276597671509314
11	0.016758260518664057
11	0.021463052594237447
11	0.01858712148251437
11	0
11	0.026250172706599437
11	0.11313309612006438
11	0.035857174780857856
11	0.029317969413639573
11	0.06882308413812716
11	0.02156319990795919
11	0.08545355415071126
11	0.048659542360117214
11	0.04906655500390444
11	0
11	0.0182472492013398
11	0.05305003905100673
11	0.05083604728224995
11	0
11	0.029039991739352636
11	0.03625680625107701
11	0
11	0
11	0.019430155034952296
11	0.014737384636093868
11	0.049950668090562006
11	0.009073692123306687
11	0.02550620037857126
11	0.03073575329989275
11	0.023554664871897755
11	0.04604815125561778
11	0.0646291943768668
11	0.05516801732119533
11	0.05771961403228286
11	0.026175761974994265
11	0.08707087340882999
11	0.017308394988509408
11	0.06694581148005194
11	0.022970087514061877
11	0.03527052173830237
11	0.06235590157541119
11	0.025539472905386183
11	0.06680654820069688
11	0.019691833270802532
11	0.04629105426275529
11	0.023250388478478545
11	0.047299683926083344
11	0
11	0.03586645694106627
11	0.020739524898374165
11	0
11	0.09910990769652529
11	0.055556124461637206
11	0.048521209987971485
11	0.021980155020447756
11	0.028973433395087254
11	0.011593314200688008
11	0
11	0.05299193583949683
11	0.04954801653660517
11	0.01852742144927605
11	0.06216256194485778
11	0.04670466258495319
11	0.04312791924323065
11	0.05658097441217925
11	0.023672063140494193
11	0.05158055752509721
11	0.03491214181887206
11	0.056660655802452504
11	0.027878511892422922
11	0
11	0.07145594317459864
11	0.028317607849456562
11	0.08925906441624469
11	0.05813719736977596
11	0.06832855296257981
11	0.021231426035230438
11	0.033060415146594364
11	0
11	0.06307430424049458
11	0
11	0.03266502001563158
11	0.0318440605483262
11	0.06478065557680646
11	0.03255827921310313
11	0.04598435041993744
11	0.04922529937443091
11	0.06753659963930138
11	0.03297175202357482
11	0.031152838820994597
11	0.03682014475648717
11	0.0519536412221642
11	0.05563312580500153
11	0
11	0.03438680540301864
11	0.054804761757759904
11	0.024423664227483943
11	0.030022449499140843
11	0.03056072071899208
11	0.05326985960032795
11	0.020387756510252146
11	0.030916797669513295
11	0.05684333774824453
11	0.10193758692946145
11	0
11	0.022321635377567112
11	0
11	0.036169967173314777
11	0.030358314378792273
11	0.0815951311444113
11	0.009705458303151551
11	0.03413068509445941
11	0
11	0.05206450559495337
11	0.029232366629609638
11	0.07278606437626907
11	0
11	0.0234475738364483
11	0.012817490266315765
11	0
11	0.034902140251412916
11	0.08816461571044527
11	0.06484675237546966
11	0
11	0.02285542149192751
11	0.0355175023208596
11	0.012015413358778652
11	0.0297681324582716
11	0.01921947773011563
11	0.04300386261871054
11	0.0183342521957022
11	0.023129485443208548
11	0.024517652025901795
11	0.016252123303233064
11	0.02835485846915299
11	0.06250483441994492
11	0.025270122881150166
11	0
11	0.06298575756884948
11	0
11	0.03113745057472129
11	0.022165714268558696
11	0
11	0.03683141238795608
11	0
11	0.04046279146073722
11	0
11	0
11	0.03366293072801061
11	0.06031682962518241
11	0
11	0.050300832518554786
11	0.02678747065612122
11	0.048790383678979324
11	0.04510145088514976
11	0.04071360170683729
11	0.027115109862802425
11	0
11	0
11	0.0552559186849482
11	0.00918034271062395
11	0.018714193344168455
11	0.05545432244720817
11	0.019888318646108245
11	0.05795804844374148
11	0.022368662928963966
11	0
11	0.04240541556345428
11	0.030088374025611674
11	0.06439176186087116
11	0.035149609438543575
11	0.054532783504018974
11	0.02183402871822272
11	0
11	0.04639628463687925
11	0.05280317121471849
11	0.036328548260899346
11	0.043845831372209
11	0.05080104809098772
11	0.06450822086640863
11	0.04615116421260808
11	0.021568404227132548
11	0.05338172358232685
11	0.047851322196382655
11	0.025889020781336564
11	0.04040508418316774
11	0.11084726903913453
11	0.041573916301511214
11	0.03675238644380056
11	0.04538918717870418
11	0.05450665622229042
11	0.0647932534423589
11	0.0256084392335625
11	0.0242065691996444
11	0.01621333846614055
11	0.020711852162852824
11	0.0862487144654294
11	0.04497161035181256
11	0.09380367022700967
11	0.07295966291730642
11	0.0333088945468063
11	0.04582558407339642
11	0.0781364858739314
11	0.027689553765487065
11	0.04923521452176622
11	0.028011598262098248
11	0
11	0.021268164716282737
11	0.037849426282059125
11	0.05620092356885634
11	0.03924399023823589
11	0.045798640766765805
11	0.02074912811569788
11	0.022177164416342602
11	0
11	0.021395344690783642
11	0.04793331943904619
11	0
11	0.03242983015412916
11	0.026774264851215465
11	0.02459229485446869
11	0
11	0.06257669367921373
11	0.020894407048225594
11	0.03263313353169385
11	0.056555222974373834
11	0.04100858205566235
11	0.039911394507261506
11	0.030918606011729608
11	0.03860955434882641
11	0.07321614807541477
11	0.03665980896681224
11	0.038470828938773384
11	0.04678609791441404
11	0.05001862758379552
11	0.019815511882968997
11	0.048815672354318995
11	0.031762577877979634
11	0.024963685400139088
11	0.027151680300126445
11	0.0427861603547964
11	0.054093966350754155
11	0.027563413635521384
11	0.05102088221824381
11	0.02838851323382967
11	0
11	0
11	0.029427170581461406
11	0.07794376479356314
11	0
11	0.06531978131852256
11	0
11	0.019256632769278345
11	0.05187768031556077
11	0.033270080688562825
11	0.036595473297973045
11	0.019980543534113684
11	0.019987386327010553
11	0.04503957601635767
11	0
11	0.0616409279563307
11	0.02274741946994512
11	0.014478065695989178
11	0.05469787781483467
11	0.05597720150616847
11	0.02901139498282388
11	0.07102798032169315
11	0.021767243326862775
11	0
11	0.06912376043474547
11	0.05176829164037648
11	0.047953661498414735
11	0.06622211074550707
11	0.03060629178372586
11	0.06535205606640725
11	0.04594692746308796
11	0.027718760762593244
11	0.08475788241506857
11	0.032509931776470664
11	0.04114957999124296
11	0.014004091822915992
11	0.03366345359700224
11	0
11	0.02719660834079837
11	0
11	0.05921463099042934
11	0.044023035899343886
11	0
11	0.03937588580735918
11	0.03445609518167029
11	0.02782363090714673
11	0.0330645481600893
11	0.024800599254868855
11	0.034591554802964074
11	0.05161710595519975
11	0.04971854774074637
11	0.01642297704226302
11	0.01287678143901377
11	0
11	0
11	0.06160131274386628
11	0
11	0
11	0.04490126334869707
11	0.016788877126031825
11	0
11	0.029421254235262307
11	0.049410914961245445
11	0.038543258626271164
11	0
11	0
11	0.04670837675286927
11	0
11	0.05501387581858204
11	0.02687359319395833
11	0.031074552130897014
11	0.029920056465250998
11	0.033382006571914286
11	0.026267559273905863
11	0.019452112057629267
11	0.045176704314972636
11	0.028421790309843657
11	0.024472029067724724
11	0.06831285950393688
11	0.03118402511388269
11	0.01654416653251141
11	0.020421456957701672
11	0.02022939966526854
11	0.02844492390518593
11	0.03522391869548877
11	0.03210540242442262
11	0.034237510401465235
11	0.02518376917480316
11	0.06390807043408202
11	0.03612310671223995
11	0.0325905039111743
11	0.04423177639674619
11	0.030465217802361985
11	0.021792096884790654
11	0.020538049455403037
11	0.03776828511340624
11	0.02839749024356689
11	0.043522346585844
11	0.03125996586998202
11	0.027908681579905177
11	0.027448584177296113
11	0
11	0
11	0.05275847821090701
11	0.058130515704854085
11	0.02202352176489293
11	0.0506380990876071
11	0.04615390166087434
11	0.03248599045058465
11	0.045287024225605
11	0.0686338255295513
11	0.036469724652790976
11	0
11	0.023471154786404394
11	0.05450953031529963
11	0.028533513005779547
11	0.04665410793401682
11	0.040435852587604466
11	0.019133457810225022
11	0
11	0.043009150968734214
11	0.06631319219405891
11	0.05925891034118055
11	0.02557419862613092
11	0.057847069762572985
11	0.04630197331801108
11	0.025422154447385655
11	0.026176088646670852
11	0
11	0.05288913196407859
11	0
11	0.011217039159233392
11	0.07676768888877458
11	0.03399818628077014
11	0.03513253653529068
11	0.04115761424686109
11	0.040292884850546794
11	0.050796569055229134
11	0.02649317742817851
11	0
11	0.021494057729796852
11	0.062001987971940384
11	0.035734152283499444
11	0
11	0.02276635598001
11	0.059554810775211076
11	0
11	0.013139407311054105
11	0.03686954540506053
11	0.018789280235240576
11	0.0165064401790975
11	0.028484540389429235
11	0.03352811779367575
11	0.05317338517664508
11	0.07529854593137315
11	0.06190804432519296
11	0.07255101889046953
11	0.03769468537593176
11	0.036629487960970666
11	0
11	0.03918456316033319
11	0.03060922100580563
11	0.031316701775116945
11	0.05639362182850197
11	0.04482465956580299
11	0.032248550295510645
11	0.06752865766181015
11	0
11	0
11	0.03636221308663468
11	0.030065915012395358
11	0.021363281587563534
11	0
11	0.09545584496673087
11	0
11	0.10223333631645447
11	0.0282626415870802
11	0.04491543058535375
11	0
11	0.03349717744547324
11	0.047413235473657736
11	0.02540139278914432
11	0.10356575934364276
11	0.024517896900952012
11	0.08396467635689817
11	0.03162522956620246
11	0
11	0.06070172031761598
11	0
11	0.04001934341643698
11	0.1002623759545442
11	0.04364953996456532
11	0
11	0.03517453398120571
11	0.03697388476923381
11	0.02059640834522904
11	0.030651112298271006
11	0.03093506042240962
11	0.0439627480727127
11	0.02864936478071116
11	0.033012814182350886
11	0.03691322440243226
11	0.03572735856734409
11	0.04849020047734267
11	0.048397544835839704
11	0
11	0.0366314963544687
11	0
11	0.02874724729696496
11	0.028931488264579475
11	0.028841752289256298
11	0.04577393282641005
11	0.06722964632820269
11	0
11	0.020132720437986026
11	0.07142541176285518
11	0.038660883014878675
11	0.028690567143014142
11	0.07245060453134694
11	0.03546816715409773
11	0.03954446366510624
11	0.0581842834901911
11	0.027340131558768407
11	0.02537238528627271
11	0.039066440309276494
11	0.039067534675699164
11	0.028753545476940937
11	0.056705045305741865
11	0.073053055917121
11	0.021104027000643028
11	0.013211334701537734
11	0.038184994469551425
11	0
11	0.0674910698717537
11	0.028102581867096875
11	0.023138632653354013
11	0.022574859077565377
11	0
11	0.05458919065310789
11	0.019538314798764358
11	0.013596328596087075
11	0.04659584300682647
11	0.05221546831567364
11	0.04722619805888182
11	0.04098344855814391
11	0.049725022407865735
11	0.042485083097393316
11	0.041062352912067446
11	0.03698682001578181
11	0.04732268935487911
11	0.02337247102681478
11	0.04031773701087769
11	0.03587188176752247
11	0.014180616064138514
11	0.03071423838111199
11	0.017390835881362466
11	0.028678651128989832
11	0.03520864456879815
11	0.03827243949841427
11	0.04057461572487984
11	0.06523911024995563
11	0.025970432710189166
11	0.036694965469586754
11	0.03150885387518303
11	0.05887825708825842
11	0
11	0.04824979513100137
11	0.031874556914022086
11	0.039452841577607985
11	0.05768022798296625
11	0.03994334491683919
11	0.018344697240319698
11	0.010257915612782328
11	0.05732285906971615
11	0.0690857830443543
11	0.019278451381934236
11	0.019981588981079507
11	0.02926085930650622
11	0.03930225532362954
11	0.027736295250290702
11	0.014458706578452316
11	0.032705235514868466
11	0.029014327568795364
11	0.05753286172677619
11	0
11	0.024204822732298948
11	0.02619183027648844
11	0.04650624043550085
11	0.021928834669438332
11	0.045392734088800187
11	0.016620272989281187
11	0.042297774793518386
11	0.05445771261864369
11	0.047867072775134314
11	0.022041094147057738
11	0.021914724235769106
11	0.02628617211294692
11	0.028078363286723546
11	0
11	0.027640899046700307
11	0.05558551231677805
11	0.01842513027610595
11	0.02364241084778392
11	0.019114886602349217
11	0
11	0.025782085640994337
11	0.03801509793768808
11	0.03898899384589645
11	0.03605724181838735
11	0.05354694228945517
11	0
11	0.057496366569871254
11	0.04889003190086687
11	0.027900067672105604
11	0.03648452340962309
11	0.04263794508003537
11	0.019163967951182467
11	0.049812671752075155
11	0.06429597098364316
11	0.018069662133998535
11	0.04564417599726048
11	0
11	0.035547688279830306
11	0.017109200380887517
11	0.023801635120725136
11	0.1028975377555197
11	0.03251537994162519
11	0
11	0.03661225518270388
11	0.09172366399540988
11	0.03874729896469361
11	0
11	0.02666688820071769
11	0.016106913940415798
11	0.025613307325543486
11	0.07802924815497526
11	0.016990422069466
11	0
11	0.016747299995199756
11	0.022629581921740093
11	0.04019151738914805
11	0.01980687947710636
11	0.024866891643653338
11	0.03987748626375953
11	0
11	0.03250858094064845
11	0.027675662324143247
11	0.015038971146840191
11	0.031263918121875234
11	0.02034493891954775
11	0.05544230749339496
11	0.03744951616733847
11	0.023120014213430958
11	0
11	0.0904616126417094
11	0
11	0.04633762646702828
11	0
11	0.01424617525241293
11	0.04152873561555459
11	0.029122021064687125
11	0.037008799584608676
11	0
11	0.02636138763535201
11	0.021613717963663865
11	0
11	0
11	0.04223242735985844
11	0.03758782858901753
11	0.03867161073994503
11	0.011895017596998235
11	0.024398247636355928
11	0
11	0.06540588397868635
11	0.05884015005506686
11	0.036874571733349244
11	0
11	0.022866357097997426
11	0
11	0.02397236430465774
11	0.06198500556385605
11	0.03900101739895062
11	0.047810161621068714
11	0.021565870601075492
11	0.02482254789722558
11	0.016328738524746325
11	0.02806866928045246
11	0.035105713426093164
11	0.028187859568852298
11	0.07788290240743255
11	0.016233722510009697
11	0.0472458460702249
11	0.0333568722342008
11	0.08330027116240456
11	0.03175247662598931
11	0.02319624654289129
11	0.036371278688763956
11	0.016309501891882273
11	0.032540318851017346
11	0.010604689383419021
11	0.025052989814084953
11	0.044688454717368375
11	0.039127437388099325
11	0.0181473435163769
11	0.025986625212465694
11	0.10615829842986566
11	0.021931392095224825
11	0.04124431556177133
11	0.021280042537522137
11	0.03644474813158764
11	0.017415768909308748
11	0.01946520456294676
11	0.07114964129397677
11	0.04447100256207246
11	0.028986361588753888
11	0.07285270881910014
11	0.0701482225796066
11	0.032338392544712144
11	0.08017290897425723
11	0
11	0.041613355597111795
11	0.02846731041943592
11	0.02793281823450868
11	0.08695839197603349
11	0.021129872340192955
11	0.041841456841517737
11	0.018742904670517164
11	0.062027259606850786
11	0.03225441860151229
11	0.049548865149432374
11	0.042719090969896394
11	0.04857228010868701
11	0
11	0.02075404631867564
11	0.03471049605527502
11	0
11	0.01403604551365883
11	0.05297644764955365
11	0.03203098996558541
11	0.053545336615186685
11	0.06676651638812914
11	0.017729149479860363
11	0.04538996216458587
11	0.04836337212971301
11	0.053597976479794224
11	0.04191555263288971
11	0.0443286172355439
11	0.05687161231113423
11	0.09431991040986468
11	0.06928735017420201
11	0.012147972729589437
11	0
11	0
11	0.02365961525617527
11	0.02767762290764282
11	0.016908336595358876
11	0.04867743934061255
11	0
11	0.0372192136443515
11	0.027903074178612746
11	0.04868428005336977
11	0.019088713076358767
11	0.0193692248258817
11	0.03872807681085744
11	0.07979230312413138
11	0
11	0.014384254641581079
11	0.05754661996581932
11	0.023704001773114304
11	0.025331176182301587
11	0.04111846688158018
11	0.029126583255342096
11	0.02966902465106131
11	0
11	0.027775077851611346
11	0.06367301277969492
11	0.04061230626910249
11	0
11	0.03795179974987744
11	0.018016568148486622
11	0.022265714277821255
11	0.04791513825557834
11	0
11	0.012043844406351863
11	0
11	0.015031643374583637
11	0.02374300266099095
11	0.0374667477339309
11	0.0439067547600467
11	0.029854213560648525
11	0.08315245049729855
11	0.04480086647385879
11	0
11	0.04317109568568244
11	0
11	0.04317109607681949
11	0.0520556558215548
11	0.034667145279811774
11	0.027887909185160917
11	0.03257914238683603
11	0.04340565524317796
11	0.05223659070668689
11	0.03709358961518259
11	0.04196134864369198
11	0.02967382210508393
11	0.04260582855586609
11	0.03772624988075971
11	0.033909933662207
11	0.056414308782886766
11	0.034866833766831244
11	0.022103107587285536
11	0.05169182549247603
11	0
11	0.021755148474043477
11	0.05177349069978029
11	0
11	0.02263524502882629
11	0.05152734671407586
11	0.028627968956224648
11	0.026080071654755666
11	0.039660257466325816
11	0.016699397772299066
11	0.028644401437250503
11	0.04785766563395244
11	0.05123033545474459
11	0.018941851939514292
11	0.016196510713776608
11	0.036951641029911844
11	0.023224836891029575
11	0
11	0.03942692155948097
11	0.040049322550065346
11	0.03391881433395829
11	0.06822986885526544
11	0.017317276375017034
11	0.02955459700583718
11	0.04449595406100515
11	0.03655359727164963
11	0.045579978912970394
11	0.0675989122415718
11	0
11	0.04101954496100886
11	0
11	0.02325256423465255
11	0.030375481993728474
11	0.037807911414394144
11	0.020302337094272035
11	0.03289383009873792
11	0
11	0.037948288044515346
11	0.03351277767443989
11	0.01880457924216426
11	0
11	0.025099831868511897
11	0.05199236356063159
11	0.024744605516300987
11	0.01528141240392278
11	0
11	0.02879583626922389
11	0.011738813366778887
11	0.04932536728035422
11	0.03771680951265744
11	0.03616537109196183
11	0.02268164271871001
11	0.06192727879174663
11	0.0591666382197607
11	0.04103160525072308
11	0.03140083507240815
11	0.04283396219785372
11	0.03328409492959457
11	0
11	0.033730473848763466
11	0.05613528767448519
11	0.04459198377509229
11	0.02555316714586482
11	0.06756343888742106
11	0.02528330158804546
11	0.04101570378037654
11	0.07412613590724168
11	0.07463072503090684
11	0.0403086259224097
11	0.024999550531388585
11	0.04270956203387856
11	0
11	0.024856526615920777
11	0.049108585858794004
11	0
11	0.04063418942950993
11	0.06936216746794556
11	0.017057045933190802
11	0.04668219111437217
11	0.037579189154065405
11	0.03091905892314972
11	0.010802259742665035
11	0.022731133018422174
11	0.045247011002752115
11	0
11	0.057344833196584157
11	0.02984318024853165
11	0.03789741202297099
11	0.0336139694370196
11	0
11	0.03801600318079213
11	0.03365441249454304
11	0
11	0.023781446243384373
11	0.0381155455280332
11	0.018131036736650126
11	0.025549200428442043
11	0.06787409825397829
11	0.01257423742286577
11	0
11	0.01734345400993502
11	0.038866234141778845
11	0
11	0.016014727339531982
11	0
11	0.04826320014523377
11	0.03964686711802628
11	0.08552185730711945
11	0.026882457767158193
11	0.01667038736704203
11	0.037029362414434594
11	0.04824760098956615
11	0
11	0.042122979481904195
11	0.025835460567266856
11	0.03052359772696329
11	0
11	0.020788031414570547
11	0.013176928957207007
11	0.06987656896663062
11	0.03010640598088474
11	0.06942181140106583
11	0.04042574428437725
11	0.043395634896861726
11	0
11	0.07460692062310274
11	0.04308914252386599
11	0
11	0.030943267718598514
11	0.08720999590906997
11	0.031385587631766125
11	0.04555918086716491
11	0.03624729606967434
11	0.04059399473694382
11	0
11	0.04544959005828649
11	0.057112682708873964
11	0.027424376325217194
11	0.051210126710195036
11	0.04115215263971021
11	0.12222940493066871
11	0
11	0.01933363730020504
11	0.04473274920817793
11	0.02880144373213913
11	0.026237444991473513
11	0.0515278315777256
11	0.048948242817191026
11	0
11	0.024216948344042213
11	0.014545819445256267
11	0.06640209295634972
11	0.07495584539555844
11	0
11	0
11	0.05857294961576982
11	0.04157080729101403
11	0.058036805521366544
11	0.05369955883251774
11	0.01914824446221981
11	0.022938066592939593
11	0.026576909138783432
11	0.07007858718862481
11	0.038467693025708356
11	0.07880176928504533
11	0.03607125883301838
11	0.04742666749513608
11	0.040745279600369146
11	0.034335536808277944
11	0.030464234458437146
11	0.04341606319734923
11	0.03585378563791142
11	0.0204168678236456
11	0.054356669950128916
11	0.06302462646439815
11	0.06143099906381369
11	0.02453646683008506
11	0.06688566101811487
11	0.02416938604720423
11	0.016632834346494266
11	0
11	0.03972524240201274
11	0.060175958661806174
11	0.02668893360168508
11	0.028170296488459368
11	0
11	0.056759115116948575
11	0.024130350855452558
11	0.02167264178088272
11	0
11	0.048134805731979265
11	0.029248866187960354
11	0.049296483959945465
11	0.040433595016008364
11	0.04600560143041554
11	0
11	0.026247112157837236
11	0.038673427299755106
11	0.022529637077901735
11	0
11	0.03821185240898856
11	0.06214921243176366
11	0.029747393452033866
11	0.056603978826179124
11	0.02386110070463899
11	0.024432145463081627
11	0
11	0.04356135566142803
11	0.04998689889201076
11	0.056504901125860256
11	0.02295990422276215
11	0.04925155294976514
11	0.03940049609833299
11	0
11	0.047299899724227074
11	0.02442697946304169
11	0
11	0.043154456512718084
11	0.05343039656928834
11	0.033572024354260085
11	0.027203637970107275
11	0
11	0.027096930189159065
11	0.043762933441963296
11	0.0443731893237492
11	0.020353954142385472
11	0.020402896476908013
11	0.02390227221627934
11	0
11	0.0179905395309456
11	0.0568709106624498
11	0
11	0.023826690277988057
11	0.0650342384332592
11	0.026359199174067673
11	0.018265089766309556
11	0.036251566954264534
11	0.061298817987117615
11	0.06326216169375355
11	0.02922655280766366
11	0.041233631132889956
11	0.044982277363494035
11	0.038737655523079555
11	0
11	0.040216970084052235
11	0.02365574478215185
11	0.06988769793525368
11	0.03673747568497352
11	0.01740513768667248
11	0.017467154487563207
11	0.030755097748205746
11	0.03765665660724601
11	0.029850864409053622
11	0.05402681164413996
11	0.030718914495785822
11	0.04681400835034946
11	0.07206924748429282
11	0.04261926727759585
11	0.036542620703675255
11	0.02504631139318292
11	0.042835651178286124
11	0.04605746806325581
11	0.025394547960601855
11	0.02293406739227444
11	0.03840273029869411
11	0.027319652292262485
11	0
11	0.020352808150619142
11	0
11	0
11	0.009761374816631795
11	0.07475231047375772
11	0.027522399052560598
11	0.02095640267220182
11	0.02029308021695054
11	0.07057816078881991
11	0.025728724410687544
11	0
11	0.031056073566703382
11	0.06426017321416111
11	0.033800547675000125
11	0.04188031553657419
11	0.06969351817328952
11	0.02659364705692192
11	0.05018559496138715
11	0
11	0
11	0.015593726849587316
11	0.06538882975889172
11	0.044703088428310285
11	0.10788966379875288
11	0.039725497282021696
11	0.04776434573737123
11	0.022616797944203144
11	0.04696903340952398
11	0.026227457019615413
11	0.06615525930470219
11	0.03629039020822323
11	0.03879384210927418
11	0
11	0.03577672173338828
11	0
11	0.017638628035504728
11	0.035926756787370506
11	0.06659564897243299
11	0.04101153055746479
11	0
11	0.023777476336632596
11	0.05932030447780036
11	0.02117918048704523
11	0.04876779692930447
11	0.03288138585316254
11	0
11	0
11	0.011719272177599471
11	0.022705014411194793
11	0.09396815282930007
11	0.029224008396406802
11	0.03042076122742257
11	0.050761027354977034
11	0.04379050109793106
11	0.05234587878925062
11	0.03127009927884725
11	0.047801828354123346
11	0.02590676696640066
11	0
11	0
11	0.028524168385127623
11	0.05161538281792282
11	0.03160551817808348
11	0.024483984974396585
11	0.029010313408452917
11	0.0452225002289541
11	0
11	0.0395717258427577
11	0.03141651632437957
11	0
11	0.029709719996022486
11	0.0254567903417445
11	0.008962275197590295
11	0.049717510849812
11	0.027224797516816977
11	0.040737849116892315
11	0.04136037926066623
11	0.022394081222357323
11	0.036586503907697965
11	0.036624471817900274
11	0.020768485126648098
11	0.024224718553104464
11	0
11	0.05634131712658735
11	0.016059527132635927
11	0.025415009611633916
11	0
11	0
11	0.05250129625322179
11	0.0455737824704163
11	0
11	0
11	0.028799952971650007
11	0
11	0.02490733866021413
11	0.05618256085024417
11	0
11	0
11	0.06934825977538804
11	0.03921800521276758
11	0.04935090153297307
11	0.041779917987366945
11	0.03288062882139327
11	0
11	0.032349105643141335
11	0.043257800334068335
11	0.02378287182423491
11	0
11	0.02175119445276178
11	0.05395704361120365
11	0.09274552970839128
11	0.049097528429943485
11	0.0456714740623249
11	0.0455702629414913
11	0.016020641182268147
11	0.05881867190234515
11	0.04502679285054146
11	0.020738412372536544
11	0.02660273610344008
11	0.06778926985861987
11	0
11	0.049969497414180816
11	0.04867795711992857
11	0.014941499579378695
11	0.03651371934263051
11	0.048987603125743455
11	0.043201378812592596
11	0.019575467073068627
11	0.016061069004115962
11	0.05871494309189406
11	0.01881873149961384
11	0.041892305651260855
11	0.03180526099292203
11	0.045731728724746824
11	0.028066302944232947
11	0.02015996380236197
11	0.025011192936694918
11	0.014320612389145332
11	0.026745560649204646
11	0.039759942531565076
11	0.06717024155293562
11	0.031236802849960093
11	0.048696165181840265
11	0.02047188803195362
11	0.03235291815186614
11	0.057743332923216
11	0.03058989904422698
11	0.022874735665557793
11	0.019287185954284487
11	0
11	0.028063929656258833
11	0.044400387546589565
11	0.032481226133729155
11	0.022993926897179176
11	0.051030359035472726
11	0.036938555155055605
11	0.022297515794622712
11	0.043785138731971734
11	0.025741667305801165
11	0.04552357663339618
11	0.03399546518957598
11	0.03450682479438044
11	0
11	0.04226560602874247
11	0.04139584242224556
11	0.06572869098455271
11	0.026728857233425538
11	0.038508699969179064
11	0
11	0
11	0.13325186366130345
11	0.037296139728474724
11	0.02973880707946652
11	0.022956010260414154
11	0.045901746735546346
11	0.020609606741649873
11	0
11	0.030418295812659625
11	0.024187566886681333
11	0
11	0.04129446475877175
11	0.03280232455859237
11	0.0352567429690284
11	0.04011751016640042
11	0.061187636685041485
11	0.04028920163920583
11	0.029544443059761494
11	0.01675614882811468
11	0.057121920018137415
11	0.04625740773985602
11	0.02662389102922279
11	0.04349535321000142
11	0.025548301109008163
11	0.02742930346863488
11	0.043274632686178156
11	0.030315604687060484
11	0.04098047357298708
11	0.009912986603210001
11	0.03839999314608102
11	0.03205660923557388
11	0.03844901647800798
11	0.05050845191528806
11	0.045977135374454595
11	0.03603762841803029
11	0.050986809869666055
11	0
11	0.035360623843018024
11	0
11	0.05958968707602359
11	0.03028794237763975
11	0
11	0.059508207136987755
11	0.049726367095312224
11	0.08439192078718331
11	0.0349904283393318
11	0
11	0.028714025772387426
11	0.04033829970257591
11	0.046303017283520743
11	0.04581505931265814
11	0
11	0.02938053926563752
11	0.014752936147700573
11	0.0316182025980536
11	0.01608333441652202
11	0.02826720788433608
11	0.07346608647352401
11	0
11	0.10324685451037446
11	0.020025160098410946
11	0.03357808686586528
11	0.070356911965347907
11	0.04508902648692549
11	0.095204496051424
11	0.03122976609032442
11	0.014963659524584142
11	0
11	0.040782493052497204
11	0.01682515058386188
11	0
11	0.02710240625919125
11	0.02889615135402597
11	0.0907510558986274
11	0.050929643349940996
11	0
11	0.020759240104334713
11	0.02450909040325317
11	0.05602649735029365
11	0.029751297365244598
11	0.05128602940107176
11	0.02097626356659359
11	0.031134027910861544
11	0
11	0.049956664821583494
11	0.08319709376545717
11	0.045060628942657555
11	0.028991013882963344
11	0.02490426337257448
11	0.03542723042607801
11	0.04212662614792056
11	0.05236059156529878
11	0.03426508097201815
11	0
11	0.028227459333211677
11	0.07257369189979337
11	0.06308991922135261
11	0.032382589146892175
11	0.07949428400710269
11	0.03519768608299679
11	0
11	0.04953990977965554
11	0.025320582400833402
11	0.030108291552699673
11	0
11	0.026952438294551212
11	0.03967447295864122
11	0.026455404270619605
11	0.048863583238397366
11	0
11	0.06438308939047058
11	0.031308642646948576
11	0.029640767215399298
11	0.02452451689829331
11	0.019516972085755892
11	0.06300874577630632
11	0.024695797163628238
11	0.08282465383108507
11	0.06031390464005274
11	0.04602252961581541
11	0.02384851845568825
11	0.03686821637594019
11	0.05044765820680899
11	0.011383017937467866
11	0.031297298895449285
11	0.020889738683463003
11	0.03700091011680438
11	0.05584321305770881
11	0.04065722274175784
11	0.038215121436541204
11	0
11	0.06287437433298262
11	0.04802768849235902
11	0
11	0.04177532952531209
11	0.04364337248196588
11	0.028564594850728615
11	0.03784162015289293
11	0.04466740974861291
11	0.09160751671262012
11	0
11	0.06552759587148585
11	0.038182810796454345
11	0.02453946071231629
11	0
11	0.05600000143867199
11	0.06581537873316937
11	0.03745440811697078
11	0.037307402646174964
11	0.06787646948069942
11	0.017806131883433975
11	0.03367310833072861
11	0.0680180726484638
11	0.023944982985568436
11	0.04390551668442879
11	0
11	0.044829184903645194
11	0.07399701911187655
11	0
11	0.05365281313215323
11	0.023683437569941474
11	0
11	0
11	0.07185177421871884
11	0
11	0.08565449550484402
11	0.025466223232072063
11	0
11	0.0403852378828688
11	0
11	0.017988438907412252
11	0.04697112041327777
11	0.04177345307492698
11	0.05139986167740611
11	0.040713046989908075
11	0.032564565588093446
11	0.05331079175135368
11	0.032177232675988814
11	0.022789966084367758
11	0.03679817977780958
11	0.021968869086082025
11	0.05965511721795881
11	0.016503742520350483
11	0.019431330190778442
11	0.022618648759690996
11	0.04104057899375513
11	0.03782127121049073
11	0.030748118240030518
11	0.018501767154330932
11	0.019763348924944704
11	0.10229894168882751
11	0.025580136995060114
11	0.012551851242068304
11	0
11	0.02870050378197329
11	0.03850889893836581
11	0.039338137463834216
11	0.04743990176390521
11	0.04614892341403763
11	0.012410400090460133
11	0.04018254514683233
11	0.022282562919467196
11	0.05965843049911404
11	0.01659652908977484
11	0.05777745264074408
11	0.012807402523103483
11	0.09483746301695248
11	0.030977402778787546
11	0
11	0.014206673979979009
11	0.06333422577698956
11	0
11	0.038640961649570156
11	0
11	0.023559634765950795
11	0.02516521888737887
11	0.03174891636857895
11	0.023711217444521024
11	0.0365061439863793
11	0.052446308929277485
11	0
11	0
11	0.03879987607357692
11	0.023421682119048038
11	0.023751301911401786
11	0.05499631217899158
11	0.0479252919023382
11	0.056687608034341114
11	0.041988348738198386
11	0.05374551296644512
11	0.040405031276276454
11	0.050119034787255295
11	0.03499516545422494
11	0
11	0.021020917437947362
11	0.09969411237309547
11	0.0159492540736882
11	0.04558787947198964
11	0.02177746180530966
11	0.02416705772574142
11	0.027688034887803498
11	0.03176535629858559
11	0
11	0.017454465222352146
11	0.02099229407892959
11	0
11	0.049122143266465836
11	0.026683724250285566
11	0
11	0.024503656187767328
11	0
11	0.07829766579669058
11	0.019115637523010296
11	0.05426122107019948
11	0.030571280276187243
11	0.03309211751291209
11	0.0264271749244947
11	0.06998175799465779
11	0.09043749022652214
11	0.015294032997364048
11	0.0556758170985013
11	0.03097764370603368
11	0.07656841346824873
11	0.015523712246999374
11	0.10406332201429809
11	0.023354226479879298
11	0.035094728190142276
11	0.025148112221878374
11	0.039070391815528883
11	0.03841781000611728
11	0.034978659185019224
11	0
11	0.054573607966445385
11	0.015004360847809017
11	0.03467889748078076
11	0.03416683343730945
11	0.03254571957095355
11	0
11	0.07109072532124301
11	0
11	0.041537042379880144
11	0.029271279439783738
11	0.09687387728253265
11	0.036135477673953635
11	0
11	0.061340082116882196
11	0.02803242085454129
11	0.030374038091290037
11	0.035166924622944816
11	0.0501824769582527
11	0.030519022626649957
11	0.018368080073627415
11	0.02872384968203239
11	0.02840230621727674
11	0.04273116640554502
11	0.05312083290868671
11	0.06233676816656058
11	0.02686927403514905
11	0.017147661244219636
11	0.053976650625045135
11	0.07943320085377231
11	0.0848557054823036
11	0.024540654198391562
11	0.059901874461942874
11	0.11798457334523138
11	0.009362841075921299
11	0.03179003002739785
11	0.021062947517741334
11	0
11	0.026922030594372846
11	0.055463901739329906
11	0.042519779076873473
11	0.024023762052648685
11	0
11	0.029875956424650837
11	0.025836242148295215
11	0.03525830164321296
11	0.03270776444453988
11	0
11	0.05392602678718782
11	0.03287979758879732
11	0.03578990585983478
11	0
11	0.03653240946697901
11	0.023100575789141604
11	0.04103343855485904
11	0.05326278970299751
11	0.015299433017095751
11	0.03380995781753447
11	0.07723967494207501
11	0.0629751043531972
11	0.03295450459515203
11	0.07061922487579386
11	0.011241927412863392
11	0.04872170878095908
11	0.010235730178918103
11	0.03085849609526096
11	0.04453931637701255
11	0.05933523139313318
11	0.01563047085331147
11	0.0416521201970402
11	0.017093836915143643
11	0.025293779123985498
11	0.024507661378608676
11	0.030203220505520652
11	0.04271637546303281
11	0.0508472797002067
11	0
11	0.026870196483885864
11	0.022963441162818947
11	0.02795613142631408
11	0.0173549790212874
11	0.06926205889515435
11	0.0551447663623617
11	0.06720850560194123
11	0
11	0.06635025893245744
11	0.020650135047438404
11	0.0701662297871813
11	0.046306572100883375
11	0.02620060378649714
11	0.024088781050398234
11	0.06078249099719775
11	0.06673706021655663
11	0
11	0.04584075831641791
11	0.026013818028449
11	0.04734155450977413
11	0.06804417622922512
11	0.061469908924250756
11	0.023450475589309096
11	0.01026982422772791
11	0.02590522546323668
11	0.0737262089133453
11	0.019011153893562296
11	0.019051211643635615
11	0.030517472897570452
11	0.012614973346372956
11	0.021470638006808616
11	0.04554734966362966
11	0.02927469064248935
11	0.04664570345657468
11	0.03709054038982454
11	0.05716471844679874
11	0
11	0.024150231477831446
11	0.043746077772919514
11	0.03295805190721949
11	0
11	0
11	0.06711985678530837
11	0.02128497501977729
11	0.03329365630061707
11	0
11	0.03995951615198157
11	0.049974709608622256
11	0
11	0.03989243877063085
11	0
11	0.08255946068135155
11	0.04106063407429064
11	0.04206860595513612
11	0.041564435753784504
11	0.016821013685249964
11	0.022082639298429727
11	0.041852179433857405
11	0.030679496985165523
11	0.03896296882103448
11	0.018646005439175346
11	0.03290779630126159
11	0.0319704764386472
11	0.051554777523239656
11	0
11	0.10261889920517121
11	0.02484297478973329
11	0.020080749542470803
11	0.029414337655043494
11	0.04034173542546951
11	0.022614820545645082
11	0.01852856816061961
11	0.030056079874266527
11	0.06306180379287049
11	0.02328154906542824
11	0.012603774033785521
11	0.046888696166840674
11	0.029009840694126442
11	0.03935467874416333
11	0.053623282679659164
11	0.05111098343525601
11	0.04982665505895483
11	0.04589466790509032
11	0.04390533141083811
11	0.026698942986825392
11	0.028846986460020627
11	0
11	0
11	0.03782517823805579
11	0.06592683143860734
11	0
11	0.02662930208388155
11	0.05503896830395109
11	0.041083933718158154
11	0.0460938355753472
11	0.023557122962653866
11	0.09343495381085373
11	0.024644990710453816
11	0.03780604610509621
11	0.03323437352558689
11	0
11	0.0808913542027929
11	0.04984999861634471
11	0.027090061999716697
11	0.03003710479329199
11	0
11	0.09478862791860368
11	0.02938353329983156
11	0.060206446989735374
11	0.016497364509323303
11	0
11	0.04446097456305509
11	0.08578570770751051
11	0.0426027597366992
11	0.0321214120828791
11	0.021300047578697516
11	0.03611532024499208
11	0.02089175873987973
11	0.06088747810589061
11	0
11	0.04158511485226496
11	0.03622213710286431
11	0.03449539580373435
11	0.04643172130416848
11	0
11	0
11	0.036554103212749774
11	0.03820387392326286
11	0.031172244009595857
11	0.029522242855632767
11	0.0424737726066118
11	0.06080119928083277
11	0.04284554981964991
11	0.037348058042379215
11	0.02647906625055761
11	0.03204554002886568
11	0.08566919461552111
11	0.035664873093149294
11	0.04510809389125067
11	0.031049107397771697
11	0.05427885466202186
11	0.05246461291159599
11	0.03969707582733171
11	0.057753684410397466
11	0
11	0.023774306032516044
11	0.025046706300062723
11	0.035166105793553254
11	0.058625839489896
11	0.030661351068795053
11	0.031447655300685454
11	0
11	0.06426220853676823
11	0.04853079848847831
11	0.026379829899173625
11	0.038775953775439104
11	0.020104856201802756
11	0.038015069755699585
11	0.06308108919551611
11	0.031100437123741168
11	0.03855206454990621
11	0.014885760638190809
11	0.030635715206157776
11	0.03900113138516657
11	0
11	0.09015708084090471
11	0.0623055074806714
11	0.02146486753457193
11	0.051243155602395944
11	0.0443724512266157
11	0
11	0.04924866790087183
11	0.02564388056100801
11	0
11	0.050674123353873585
11	0.04476630192859301
11	0
11	0.0860607004663573
11	0.050479064577597446
11	0.06480800673200081
11	0
11	0.02015348848936335
11	0.020733292781530875
11	0.017545015119919447
11	0
11	0
11	0.017009437381640475
11	0.04714295501856208
11	0.046237587658423396
11	0.03895390944846698
11	0.04375730845847918
11	0.019307411902658392
11	0.027110808630108885
11	0.0471613161462902
11	0.029229026196590437
11	0.057422102192990425
11	0.029452005153929307
11	0.016227525823437308
11	0.10132765581906436
11	0.036834445656612695
11	0.06091406571407286
11	0.07324786510180024
11	0.026786201886522056
11	0.054467089014584844
11	0.04330944112475777
11	0.03324558240822404
11	0.03898313953934426
11	0.03485886874105308
11	0.07022172789512986
11	0.051631510034759964
11	0
11	0.03527624491366705
11	0
11	0.05321019010257525
11	0.03097174355464508
11	0.06950516761110348
11	0
11	0.03941161940334818
11	0.053812303416543444
11	0
11	0.035481825914500206
11	0.04027920964475482
11	0.017786177160097637
11	0.034107545090723036
11	0.032926583038480284
11	0
11	0.028586536750863596
11	0.04263524127602045
11	0.04819729659435645
11	0.022507769175465316
11	0
11	0.030767797591811304
11	0.012322184486102611
11	0.04710228441625424
11	0.04098207437988178
11	0.05369275973715678
11	0.020433624921419254
11	0.043505063886072705
11	0.051857706798714265
11	0.03025697753488094
11	0.02297398454217673
11	0.021808388114419982
11	0.05414305441668108
11	0.027615680297888297
11	0
11	0.06055515512023862
11	0.011876249867656322
11	0.034757853428288424
11	0.05580089065868224
11	0.02354360733650853
11	0.029848151785353775
11	0.013623990235142809
11	0
11	0.030657487348002655
11	0.016811349040889618
11	0.04017250877876024
11	0.029622645781841345
11	0
11	0.035322875656619915
11	0.015988277636456924
11	0.0651049014336176
11	0.04746252719816656
11	0.11461432385785694
11	0.026269050082459666
11	0
11	0.013399720248428908
11	0
11	0
11	0.021666346649770976
11	0.07137673494717492
11	0.07351073358663693
11	0.025495998658561465
11	0.041822401952983444
11	0
11	0.05399167412718186
11	0.032639888892253235
11	0.03478785634443337
11	0.03331526058899386
11	0.0358283387105203
11	0.03174088337858968
11	0
11	0.043488688619039366
11	0.056005896550961415
11	0.047953133947969094
11	0.027218331606755377
11	0.04179266371130197
11	0.030623105061128128
11	0.0428638851558467
11	0
11	0.038862170447132346
11	0.07224731893193995
11	0.034739735364636634
11	0.01690746712861052
11	0.040802027210314396
11	0.09678427580515753
11	0.01295527596501403
11	0.028010251077852634
11	0.02692180378035229
11	0.04290175373595402
11	0
11	0.040164765632838086
11	0
11	0.024580425563735814
11	0.04242818104535617
11	0.025515167769443917
11	0.026884045198879505
11	0.029556534479136174
11	0.043980938446912955
11	0.087957755778764607
11	0.03336103447083564
11	0.08668994449840846
11	0.07490527897524515
11	0.07982039777716979
11	0.020704336032903375
11	0
11	0.03214503396906856
11	0.07406876720779276
11	0
11	0.04563946312003911
11	0.020070394491873235
11	0.017473598066500635
11	0.04282064434806082
11	0.027115223027053496
11	0.04542979790410448
11	0.017791670778936466
11	0.037572730055494954
11	0.025178117467195463
11	0.018210717110307202
11	0.019456289163632394
11	0.030497776880783017
11	0.03053988054641682
11	0.06999707660581637
11	0.054432067229185234
11	0.016018194392436597
11	0
11	0.05084194645860333
11	0.029438248417634108
11	0.014101065410062083
11	0.04595636295460007
11	0.0159659288138926
11	0.02732713799878496
11	0.008663902378477294
11	0
11	0.09162307127439755
11	0.04897191188974607
11	0.06891618709212895
11	0.04069838254060612
11	0.028842828277585865
11	0.06313289452565478
11	0
11	0.0618561554832274
11	0
11	0.037538284725575646
11	0
11	0.02683094320029402
11	0.020345363969402737
11	0.04793236585502274
11	0.06924143282149056
11	0.04370637039485499
11	0
11	0.0565588407789137
11	0.033775251709021445
11	0.027975935775083043
11	0.04231583940941437
11	0.06269335408211826
11	0.02973654864492168
11	0
11	0.047242619281615494
11	0
11	0
11	0.01944806827853833
11	0
11	0.016823807838253366
11	0
11	0.03657998254081213
11	0.035134434108621465
11	0
11	0
11	0
11	0.03790033884647256
11	0.04320148569876351
11	0.04691523565511564
11	0.033721574595235775
11	0.05786575264792709
11	0.013782263434842157
11	0.045115100729232714
11	0.043225497814497846
11	0.05205345930477665
11	0.013576686496263342
11	0.04004250357964145
11	0.03249475363851537
11	0.03519981311865916
11	0.05675427535592878
11	0.029672449766136557
11	0.029898534601435437
11	0.0669409891107153
11	0.0497069385260859
11	0.030099396458629708
11	0.03274193551009068
11	0
11	0.054250422994053506
11	0.08498613295336957
11	0
11	0.022769080660511483
11	0.035043960236643794
11	0.0301416740163562
11	0.06897659772765441
11	0.031021828276820287
11	0.02651465990540628
11	0.036814541319269437
11	0
11	0.05053849952435267
11	0.05777748008296313
11	0.035220481430633645
11	0.04389099733642918
11	0.024865112645968416
11	0.03393446610276916
11	0.014015814781578706
11	0.03632628899094692
11	0.027335360448257996
11	0.04647762293286638
11	0.02361581768988864
11	0
11	0.0332007767733969
11	0.011549316641212061
11	0.029267695225672276
11	0.051499330050520105
11	0.04977431144890489
11	0
11	0.05343270662286997
11	0.053570423212329285
11	0.037143938607465767
11	0.03326145059115614
11	0.07308471058803925
11	0.04310513223984192
11	0.03356642430596645
11	0.07134956798625759
11	0
11	0
11	0.021558595316119616
11	0
11	0.023556369870435544
11	0.03282556599327312
11	0.028832288013149715
11	0
11	0
11	0.02625579097896269
11	0.022405580628882718
11	0.02880752729246401
11	0.0691623180438147
11	0.027071215475166565
11	0.03604372132722702
11	0.03613672838737032
11	0
11	0.019983000434433237
11	0.035013200107139965
11	0.09495684762468629
11	0.02258822011611061
11	0.02749038504274689
11	0
11	0.02340161183007483
11	0.050991708125453075
11	0.04345934154281751
11	0.044392986594711026
11	0.0636445122588997
11	0.04842164961241071
11	0.02380691798730173
11	0.01792999934503913
11	0
11	0.021246402220373536
11	0.026569609736087216
11	0.0692411519240255
11	0.08208895968396408
11	0.03189371610002902
11	0
11	0.029734854981205608
11	0.020016053314768318
11	0.07628297600434501
11	0
11	0.037983982658995115
11	0.030847221280900783
11	0.028948078664094153
11	0.03191116144259004
11	0
11	0
11	0.04931294564569291
11	0
11	0.030794957353685978
11	0.041533967958438334
11	0.027947961402355843
11	0.012570545767162227
11	0.01645525130039722
11	0.04651018561914674
11	0.035477174107636913
11	0
11	0.01545179563552479
11	0.059800977393415986
11	0
11	0.03567675672027239
11	0.06810807700706455
11	0.07145895920444834
11	0.05266404744175972
11	0
11	0.033248962808366554
11	0.03678188564048234
11	0
11	0.02070104192047426
11	0.023530894626198468
11	0.031195438117136556
11	0.04917092045506802
11	0
11	0.1099949024699503
11	0
11	0.04868095141965483
11	0.04419806365010127
11	0.03751832292409181
11	0.01486569160141653
11	0.040649494839808446
11	0.043336837539958345
11	0
11	0.049872313528329965
11	0.013052095166015833
11	0.02625115974940828
11	0.04773177001696408
11	0.04224622950318474
11	0.020441053704963276
11	0
11	0
11	0.03350424818262766
11	0.010721387976113383
11	0.022489109010295695
11	0.06456568943009447
11	0.039221520462793084
11	0.036084895890579206
11	0
11	0.026887268044271516
11	0
11	0.0210611346535772
11	0.03338092477829069
11	0.0634137168130178
11	0.11416964854850364
11	0
11	0.0407508478128263
11	0.007214591736012767
11	0.0382777178632348
11	0.06618980982004061
11	0.041897855107318874
11	0.04199144748763197
11	0
11	0.022580727587741947
11	0.054382354824900406
11	0.010023057814916058
11	0.043116346923589156
11	0.05787183778628527
11	0.051584578202642124
11	0.013488140313193503
11	0.037477486690499634
11	0.017960283416499
11	0
11	0.04418168515743903
11	0.04005033304694868
11	0.031630270935270884
11	0.02085841571267643
11	0.027837100345659917
11	0.06045045741459147
11	0.07652802444997515
11	0
11	0.05955352630006393
11	0.04064412684042862
11	0.01818189714169425
11	0.03720948210432454
11	0.03853297036870959
11	0
11	0.02668417341805034
11	0.034295608707197264
11	0
11	0.04522375538052728
11	0.04450079251231286
11	0
11	0.015621686310197228
11	0
11	0.05528174070360403
11	0
11	0.024612460105755726
11	0.02364471776806073
11	0
11	0.028115204798478573
11	0.024121782149566826
11	0
11	0.011487203479253411
11	0
11	0.034089407740905325
11	0.04856051685437381
11	0.02733495068111129
11	0.0368502068552553
11	0.05698040215395256
11	0.056928948729027457
11	0.030047271435257778
11	0.040898492593073245
11	0.04971157432586298
11	0.05706173846672873
11	0
11	0.017584902881279986
11	0
11	0.0384058707847777
11	0.034738585263547624
11	0.029878118740805315
11	0.04607901938325032
11	0.018727041486354602
11	0
11	0
11	0.05996550862123436
11	0.05705410407053694
11	0.035575925073519504
11	0.07118855055729549
11	0.04839262936922027
11	0.04596162634159243
11	0.03713104103369508
11	0.056528091746725004
11	0.07301866927624656
11	0.03190845967209572
11	0.02414836552586666
11	0.023446640165592638
11	0.019370632753924904
11	0.018746077391846302
11	0.08969662971336298
11	0
11	0.05440303349529588
11	0.02517574042638563
11	0.10316494711640051
11	0
11	0.020349727139888817
11	0.0528408439704509
11	0
11	0.03435428636364511
11	0.07798010430837354
11	0
11	0
11	0.03322918750734631
11	0.021169992340447117
11	0.019069793831528035
11	0.013197220833878935
11	0
11	0.07210426172129016
11	0
11	0.05865911775441943
11	0.04012136029585893
11	0.02366631522345443
11	0
11	0.08787853566745239
11	0.03501913283322995
11	0
11	0.02741548417887384
11	0.05023136301021849
11	0.03849569797091578
11	0.07388344061474252
11	0
11	0.06889924389098252
11	0.02991686968806216
11	0.022966620660127713
11	0.025372362094114198
11	0.04225291693529877
11	0.10184117531702204
11	0.08593544147572556
11	0.01296550773572164
11	0.0766260203882447
11	0
11	0.026911597729997735
11	0
11	0.04427030386610898
11	0
11	0.021768747366608228
11	0
11	0.037824084979673336
11	0.03607040597325182
11	0.028265855488952874
11	0.01014041318081205
11	0.031026136248549115
11	0
11	0.02641424083002058
11	0.1507128647844152
11	0
11	0.044691308293278276
11	0.03500215448800125
11	0.04052738620228838
11	0.05723643773668151
11	0
11	0.04484266327807956
11	0
11	0.08167266680575416
11	0
11	0.0393788372312523
11	0.03065399430723784
11	0.03251596972383522
11	0
11	0.05607786533880507
11	0.051867925076519224
11	0.023841958577300194
11	0.03146197774157757
11	0
11	0.02037884851229968
11	0.033404966934926304
11	0.06884016288623179
11	0.02382769884816914
11	0
11	0.014878534241076295
11	0.022223964470814275
11	0.049131231322698574
11	0.02850788662059016
11	0.026260495252031578
11	0
11	0.04932768767725023
11	0.02049476199748129
11	0.018399446542617947
11	0.070746802007756
11	0.05483512933571308
11	0.06313495452083193
11	0.048994463649072166
11	0.022008305340941357
11	0.02373426278482882
11	0.035814308547376814
11	0.022009193388003122
11	0
11	0.061099674818587295
11	0
11	0.02934154660953142
11	0.07051182934951093
11	0
11	0.05671303628241551
11	0.04850285244796068
11	0.04507283686755935
11	0.04113657534861609
11	0.04101897819854947
11	0.08945692542178751
11	0
11	0
11	0.044189016049322204
11	0.03601300312360646
11	0.04759350568639892
11	0.022445853560255573
11	0.03883629608924772
11	0
11	0.04117653410591987
11	0.044448830825518384
11	0.023494868821724933
11	0.04715374480310113
11	0
11	0.013415588258603827
11	0.029257637220862238
11	0
11	0.06849042772869611
11	0.0344588713945469
11	0.07758203356486529
11	0.023420411769805527
11	0
11	0.06872571450360143
11	0.05389177992076892
11	0.03370498301273009
11	0.031178113720816057
11	0.038469698224125735
11	0.029447052898947623
11	0.063921988007463
11	0.01407717901120461
11	0.018739097850977274
11	0.060991099452770065
11	0.05582683865537991
11	0.03546679836964116
11	0.012185777338343794
11	0
11	0.038375020064924166
11	0
11	0.03596674018070108
11	0.02618524220698474
11	0
11	0.032487246006837854
11	0.053906389667400044
11	0.04227086592040787
11	0.06463071544692428
11	0
11	0.03659823800987538
11	0.033722883887612326
11	0.02354425480844967
11	0.05482314710854577
11	0.023506495672064358
11	0.036718454580816816
11	0
11	0
11	0.03935977820740327
11	0
11	0.07524408518152835
11	0
11	0.021774466245989624
11	0
11	0
11	0.06101430988344568
11	0.03380049127515203
11	0.02548095444912835
11	0.036918765715485025
11	0.06209026283943857
11	0.028057339990764922
11	0
11	0.02350159224441065
11	0.014065779101010386
11	0
11	0
11	0.020778612527644777
11	0.01962998296171993
11	0.023116563134319774
11	0.03922881559103973
11	0.038969160907184726
11	0.0737265553439893
11	0.018282406962979128
11	0.014933499407132721
11	0.033274252101010315
11	0.03122681391171848
11	0.04113198924395534
11	0.047074943594912995
11	0.030965877310420966
11	0.08694548509203853
11	0.016966701596014953
11	0
11	0.09475354619372094
11	0.13283263767758113
11	0.058364072963947196
11	0.029172190969202948
11	0.023376972614525364
11	0.03215354864535027
11	0.02599480639252764
11	0.02557026378426455
11	0.05714532323131551
11	0.056695525767338946
11	0.02467108105022058
11	0.055953142766595805
11	0.04794504781205442
11	0.025912364069004094
11	0.020853070231397035
11	0.04722771808899679
11	0.05547023582800909
11	0.07241139047033043
11	0.037809167418381764
11	0.046067327689937855
11	0.023512647270960092
11	0.00961885209536222
11	0.04055420476453182
11	0.04374106503894465
11	0.022705538481794837
11	0.08359335548046636
11	0.03648741460091544
11	0.09661230493589909
11	0.024510311231432606
11	0.01593287183623695
11	0.04582292609269262
11	0
11	0.016803962052693355
11	0.06298960395600248
11	0.04860871186111248
11	0.023864250625901404
11	0.023222188546404975
11	0.020001737522838674
11	0.05617166075213877
11	0.05369333259186762
11	0.05938441533270288
11	0.04418372604335928
11	0.05623747303756627
11	0
11	0.04129123296058854
11	0
11	0
11	0
11	0.03150009187243889
11	0
11	0
11	0.05880213075461172
11	0.04097896645005706
11	0.03421529138513975
11	0
11	0.061112957453682004
11	0.023902238077139516
11	0.0213613434905096
11	0.038270164962293296
11	0.039864121025401045
11	0
11	0
11	0.042515654340858425
11	0.025179425467153023
11	0.03193372801838857
11	0
11	0.04312415818422109
11	0.031137970327698283
11	0.033211588960156836
11	0.028193167862161184
11	0.040487761787911795
11	0.03158647307647652
11	0.03499067650185108
11	0.037630625874504546
11	0.06009601666493522
11	0.019989619843506445
11	0.02288027619236776
11	0.012706908273003985
11	0.03080161567285355
11	0.02354456031839946
11	0.018252707750189587
11	0.03123568184809889
11	0
11	0.01815357829544996
11	0.023775841747518314
11	0.024345029463070534
11	0
11	0.01689566420946883
11	0.05681069417585313
11	0.042374439405653615
11	0.016328973767971888
11	0.024091784868132834
11	0.036552827737336625
11	0.013035009516769313
11	0.041509878908920494
11	0
11	0.03477577556193051
11	0.024037265756774527
11	0.033255845369166454
11	0.040370855348384006
11	0.03138641194168421
11	0.04931963065101784
11	0.01899439928418673
11	0.030990949145712446
11	0.032028686413685614
11	0
11	0.06875528386908873
11	0.026542197757870093
11	0.0408701709054696
11	0
11	0
11	0
11	0.02021378643159499
11	0.03602330807921284
11	0.023406675846191244
11	0.03958426847498973
11	0.034032345703719484
11	0.034304694625492495
11	0.031097918601274335
11	0.05582400600648199
11	0.02612658893931006
11	0.03468867261070353
11	0.03216536643807382
11	0.03375905185454747
11	0.015940260016247206
11	0.03447266698021272
11	0.03530643140989395
11	0.07869629897299579
11	0.036869299085877036
11	0
11	0.057345547284637796
11	0.073001981469926
11	0.019735713532095755
11	0.025422709762264874
11	0.031443469807059934
11	0
11	0.025658182234827957
11	0.026899186702481474
11	0.0638522211227651
11	0.04386612045303015
11	0.031701532432147426
11	0.0266911591235258
11	0.025591788846008528
11	0.03448430768124474
11	0.02868868474844538
11	0.036534948638099786
11	0.02753852537224261
11	0.04699900120923248
11	0.04788952674748563
11	0.018059930022361132
11	0
11	0
11	0
11	0.029357198711797556
11	0
11	0.0365313261005358
11	0.06968739994089246
11	0.01275700601658211
11	0.017058868511869302
11	0
11	0.025335173084903097
11	0.021175527105215496
11	0.012249167986959027
11	0.03550649870709574
11	0.044598222126264506
11	0
11	0.02086970558611925
11	0.0738698159640007
11	0.02840229446927913
11	0.03311253433914393
11	0.024126837723346953
11	0.07020897253272383
11	0
11	0.0418144329006546
11	0.03464175953615556
11	0
11	0.01981017942657588
11	0
11	0
11	0.0453400433630298
11	0
11	0.04118251046519424
11	0.04931452279804457
11	0
11	0.04861064094078349
11	0.03778814221347234
11	0.017291518585817414
11	0
11	0.06835480808096218
11	0.04982684331117557
11	0
11	0.02380465869488991
11	0.040545127944039035
11	0.061597512836144015
11	0.03166442970761686
11	0.019040084915285957
11	0.03483833637151189
11	0.03967135957334844
11	0.0374131214172184
11	0
11	0.04692484840270273
11	0.06298693241082826
11	0.04696983491748708
11	0.024672900138776065
11	0.05194781110720331
11	0.07630432609054572
11	0.026503786933044598
11	0.013705253703684427
11	0
11	0.019412315164085866
11	0.023217267559547
11	0.04149634068382898
11	0
11	0.03663212782866333
11	0.07047129263571136
11	0.016500132754697815
11	0.06048867663839996
11	0.03388543235234622
11	0
11	0.057800057926920834
11	0.02390511548979259
11	0.019329380187195513
11	0
11	0.030035878469116494
11	0.049795033608238976
11	0.016459112133646724
11	0.023993229251419425
11	0.029769712614184193
11	0.07797595037611231
11	0
11	0.04622709059147305
11	0
11	0.027327910533908772
11	0.06049225775388853
11	0.025190802924265857
11	0
11	0.03280894900308785
11	0.05685876191248812
11	0.024334489478820387
11	0
11	0.014014645816017385
11	0.028529987810435375
11	0.023965558871422068
11	0.05400691016871127
11	0
11	0.08802242629103484
11	0
11	0.059614934151811946
11	0.04319890819408347
11	0.05414602352882304
11	0.020272229256961843
11	0.039354416818938386
11	0.030791883788469504
11	0.06745528654524009
11	0.08272096133072185
11	0.09629089490307262
11	0
11	0.054167672999639864
11	0.051196347673435755
11	0.025029031919044455
11	0.029334363010063196
11	0.018859553488458396
11	0.026379891789427058
11	0.037153603818115166
11	0.03621487899394
11	0.05833961101488156
11	0
11	0.026157358722493557
11	0.0465185741960545
11	0.011635031686609211
11	0.019247694020584225
11	0.03824569480725896
11	0.027990083383340445
11	0.07144322169651024
11	0.01915254782224539
11	0.01683713368568797
11	0.019600227920183858
11	0.04870819360510299
11	0
11	0.026964519423208173
11	0.03567209159872799
11	0.043548453238533236
11	0.07268070593733894
11	0.027661685249781715
11	0.03479319030320921
11	0.02647716307236267
11	0
11	0.04402944471286133
11	0.043245515461340645
11	0.05547191918711998
11	0.029490181038754313
11	0.036565912229450374
11	0.020292976220339147
11	0.05343532216524519
11	0.05567235864330457
11	0
11	0
11	0.02286042095026789
11	0.04313161180562587
11	0.042403878288322205
11	0.028634348836149633
11	0.030010748776573063
11	0.04411255960501482
11	0.0441881150814028
11	0.020426389196942226
11	0.02966468924161518
11	0.06629913898616653
11	0
11	0.06950916776698554
11	0.0587265764954312
11	0.032677351704802446
11	0.018858000724826317
11	0.040176266683677866
11	0
11	0.02647022991260037
11	0.03877255566574266
11	0
11	0.022648907508305387
11	0
11	0
11	0.01909925527346141
11	0.030176776590029895
11	0.026106329366093597
11	0.025369825078911334
11	0.08382391697132138
11	0.07228622817598608
11	0.02433248255101946
11	0.024468864927921705
11	0.04733542132440017
11	0
11	0.024439231997553424
11	0.0534761284644526
11	0.04956360914908139
11	0.04479648057002708
11	0.061470314821532375
11	0
11	0
11	0.038871882650476995
11	0.055673952412047145
11	0.02541738831727272
11	0
11	0.04392418049487784
11	0.029745663536452673
11	0.03528466865516067
11	0.0308590943506694
11	0.019657309704388604
11	0.05107017267943912
11	0
11	0.031063717436083334
11	0.03664025868103291
11	0.03597303902432041
11	0
11	0.016965836908386944
11	0.03711527456062817
11	0
11	0
11	0.035766723186386976
11	0.05995059255352551
11	0
11	0.012938180488101646
11	0.03666495959425345
11	0.016981180432268435
11	0.036905569329151434
11	0.06013962509795104
11	0.05001145468519941
11	0.06685225209773936
11	0.03539285513334015
11	0.028674909689445704
11	0.04243218283707527
11	0.016511733457355716
11	0.061248032696453694
11	0.04366389483678261
11	0.02517357152572764
11	0.022609862469877808
11	0
11	0.025627933876209156
11	0.034531990803397916
11	0.023522105682276785
11	0.023177774959915524
11	0.06075597250246002
11	0.02257915941917351
11	0.03741685110804381
11	0.01933526510158765
11	0.04232138116424709
11	0
11	0.022131601395566938
11	0.051823696006093906
11	0.029786726621772612
11	0.03751012556106309
11	0.031117578100102333
11	0.01907287447091117
11	0.015111433394145344
11	0
11	0.05187641816830403
11	0
11	0.030850522974016564
11	0.04540407378372197
11	0
11	0.039432754772607256
11	0.03639396528374751
11	0.02417940809189903
11	0.024217663351441383
11	0.024133329222596027
11	0.04947301382316646
11	0.013048006059468875
11	0.031015368119229426
11	0.028908077319944752
11	0.028389552907787087
11	0.01680839156738067
11	0.011723388555049492
11	0.05183996612681106
11	0.021998834577361272
11	0.020068770133859586
11	0.018262026354975
11	0.024063495708184383
11	0.04183075922190539
11	0.03241155719264465
11	0.044134074607905055
11	0
11	0.030939530977939944
11	0.03433202195451752
11	0.04157674077209327
11	0.026962039711862458
11	0.07248694171327628
11	0.020360430103922633
11	0.0657663879226312
11	0.04681549611664824
11	0.035158220951319326
11	0.05734937171778692
11	0.033254567041988536
11	0.06804364060115979
11	0.03878355703879708
11	0
11	0.017901677508793307
11	0.01626142651631082
11	0.08889612901503752
11	0
11	0.034348019461700664
11	0.024924097871531138
11	0.03049460015367696
11	0
11	0
11	0.05542284466192894
11	0.017444271496462813
11	0.07824559440150461
11	0.03893205923798126
11	0.038722056110508225
11	0.08512083870034312
11	0.036023007110834296
11	0.0261904232022629
11	0.0670219156217864
11	0.02074900647248811
11	0.06377510551554813
11	0.03969031183209958
11	0
11	0.05613380340412893
11	0.05101251903635705
11	0.029878490391334275
11	0.022179269475397095
11	0.05772825937461124
11	0.025977632193908074
11	0.04967046727846216
11	0.06540592873627599
11	0.026200612918790934
11	0.05080358504717521
11	0.030267144304288514
11	0
11	0.07610702232261457
11	0.04426075405191599
11	0.04706557478835653
11	0.03476612786157768
11	0.05895632203864719
11	0.05215625673549531
11	0.08671185304489437
11	0.051553192837751984
11	0.06106494971023386
11	0.046008742993084405
11	0.03468364434188632
11	0
11	0
11	0.03459357504799683
11	0.018632488404708592
11	0.036822761348737014
11	0.043795904189150935
11	0.035399858234786155
11	0.03889261148064868
11	0.02621207924875793
11	0.027653579503009416
11	0
11	0.041835075504307886
11	0.020688945219393184
11	0.05989755705311679
11	0.045812773744448726
11	0.052768767037602395
11	0
11	0.02698246732998022
11	0
11	0.05829658596501425
11	0.015963047638809937
11	0.03948080517487528
11	0.02357828998022181
11	0
11	0.03683095401560034
11	0.027269860654432994
11	0.01719996388558835
11	0.056896023156612685
11	0.06755099706759247
11	0.03226196348963272
11	0.05577212020191039
11	0.054356019210042496
11	0.017749002004001244
11	0.06146416379422807
11	0.06259734956840282
11	0
11	0
11	0.056036723268775256
11	0.03665669418994017
11	0.032066205422441645
11	0.032845615717258816
11	0.05294508965869651
11	0.04046867101903638
11	0.02104497991689007
11	0
11	0.04662052610439025
11	0
11	0
11	0.031598358081545895
11	0.04468005050924898
11	0.0639428081353083
11	0.10937621339867762
11	0
11	0
11	0.035169211442580554
11	0.015235140080756462
11	0.024915420090871967
11	0.028271659869152522
11	0
11	0.05720528463576326
11	0.03778072608060014
11	0.09471061472760135
11	0.03934866163220592
11	0.048263473010277155
11	0.02641522210869987
11	0.037814738429509186
11	0.02117557134494411
11	0.03157823187609951
11	0.049339141020586716
11	0.045522122884102
11	0
11	0.020131098134479036
11	0.035721745551512016
11	0
11	0.06361415969340806
11	0.04257990584358884
11	0.04125461084473644
11	0.03728593991179013
11	0.0682570845639763
11	0.06381197347868575
11	0.031758153677733804
11	0.021260235465405636
11	0.01873353555353392
11	0.026954305453302435
11	0.03405757415759499
11	0.028582446344776143
11	0
11	0.023375540375578905
11	0.039284668107001805
11	0.018853660777815282
11	0
11	0.039568492384946134
11	0.02404719794882507
11	0
11	0.061330039859836684
11	0.03221932439396128
11	0.0479414877398033
11	0
11	0.02175650207377925
11	0.01839181751719725
11	0
11	0.06092230111600536
11	0.027450088499961053
11	0.01836613305511675
11	0
11	0.01173508938224554
11	0.03974622555377115
11	0.06261462567686243
11	0.03289846909291716
11	0.050669258420714486
11	0.024004214653659463
11	0
11	0.015285736463858765
11	0.025473151903581053
11	0
11	0.013732534460579813
11	0.02874221474804374
11	0.06150524519405422
11	0.007990410659336963
11	0.01914699633418528
11	0.02298304822987227
11	0.03289124834947399
11	0.030248662058279394
11	0
11	0.040204268232681355
11	0.018888828626270754
11	0.06419786465445478
11	0.043575454250025965
11	0
11	0.026038399504245843
11	0
11	0.026708429031260028
11	0.05194487802553978
11	0.026443644956988827
11	0
11	0.042832923874787154
11	0.04300002094701691
11	0.02332729850283882
11	0.0406575994810223
11	0.01937669111946955
11	0
11	0.05861363960734341
11	0.07861812663058323
11	0.014585952320443638
11	0.08218818160158778
11	0.06133678332228851
11	0.02726774651362466
11	0
11	0.044797063364087314
11	0.021070595497840378
11	0.017299756151798806
11	0.014042320870195794
11	0.049649819994600844
11	0.049046466222392136
11	0.03032144096831555
11	0.022027074910624587
11	0.0316685600527599
11	0.026764952739046874
11	0.04614585423160073
11	0.023866834512709958
11	0.009791469665923277
11	0.019889093075521336
11	0.06668054234862048
11	0.05441694812531214
11	0.03145893710832856
11	0.05826006193674707
11	0
11	0.04059184611106613
11	0.0843595173598472
11	0.019143591395912818
11	0.01869582441526896
11	0.0482896650329082
11	0
11	0.05460120638101378
11	0.05560015489346581
11	0.026277769366616733
11	0.03723175570537024
11	0.03722939410111515
11	0.03975931550955622
11	0.033983052501928915
11	0.018278565053978943
11	0.04230765218287622
11	0
11	0.032484975205408204
11	0.019619371921974566
11	0
11	0.029592953345904886
11	0.019422885749996337
11	0
11	0.0451007351801812
11	0.02271192900422494
11	0.03307960635842947
11	0.0397296897410155
11	0
11	0.031981676034999185
11	0.04075346590091315
11	0.03191231519113457
11	0.027346694702219728
11	0.04106340062641112
11	0
11	0.03838491250302999
11	0
11	0.0676318213002158
11	0.06392416825132347
11	0
11	0.024941008696294252
11	0.035359791863307476
11	0.025531029747846597
11	0.047683074856134815
11	0
11	0.1422118429650297
11	0.02735259479222518
11	0.03131925055813938
11	0.05191430097368051
11	0.016199179153427907
11	0.04846442724337968
11	0.047065121990824896
11	0.03583852691964014
11	0.03366394556672692
11	0.049409053176171634
11	0.040241816887104695
11	0.030698960592599175
11	0.030225286692613405
11	0.022699237090908427
11	0.020706344141760077
11	0.027277491743087755
11	0
11	0.0425306457133923
11	0.03343516773047015
11	0.043971687746527016
11	0
11	0.03380493471601906
11	0.01817117268409511
11	0.08255964354580074
11	0.0266823411725934
11	0.06390537114557729
11	0.06284693245722546
11	0.03604458472443106
11	0
11	0.027919807484362295
11	0.040254945893155876
11	0.03872888651290417
11	0
11	0.03587163399401032
11	0.043264480047799626
11	0.05004018726838691
11	0.01963858554608746
11	0.012848106192572123
11	0.016897338642446816
11	0.05143835381381043
11	0.029251984254863528
11	0.06656314579538557
11	0.05947893643809996
11	0.02243573420881158
11	0.06390664372509827
11	0.04780641795765129
11	0.05899920515187506
11	0.05651766560851505
11	0
11	0.02682055070393057
11	0
11	0.046150836716454376
11	0.031148548458872962
11	0.023717009135486796
11	0.0990093532936967
11	0.05339480167348262
11	0.024515344040006354
11	0.028586444616964628
11	0.01970102133439944
11	0.028245548774434588
11	0.04309916903450764
11	0.04924198095142995
11	0.017173053003456062
11	0.02380246077929448
11	0.020407602975699986
11	0.02290785005524979
11	0.05027527431508799
11	0.023996634785619003
11	0.04983406643785617
11	0.025698306091419217
11	0.0600078986070519
11	0.046657356351965336
11	0
11	0.021573682459070005
11	0.03561297095914079
11	0.03621843030658162
11	0.032377991272333276
11	0
11	0.08337846220019966
11	0.04599713204500316
11	0.028330871394732966
11	0.03801277110044849
11	0.03540043228353098
11	0.048528900047677445
11	0.08616456737806477
11	0.024520275639685507
11	0.01596847192647737
11	0.05160174415380204
11	0.04521212028214204
11	0.03698214456197666
11	0.01905991135703547
11	0.031578162918248866
11	0.07140911903852684
11	0.047279017217129814
11	0
11	0.09385267729790911
11	0.03257154084474293
11	0.04849967419082232
11	0.01396538266520731
11	0.0677115689001587
11	0.06888252062537913
11	0
11	0.04489974106606731
11	0.016702952869986434
11	0.06962898461618491
11	0.03738759145250622
11	0.03599232797587215
11	0.02352124142977908
11	0.020607474862557432
11	0.05439277598894589
11	0.029288717276780236
11	0.013906732065140292
11	0
11	0.02847810248129272
11	0.05578443861560002
11	0.030496969521766764
11	0.04880262113724622
11	0.03527475924131014
11	0.04096134018047353
11	0
11	0.027182818944746858
11	0.057178200984652365
11	0
11	0
11	0.031244709992010806
11	0
11	0.026082675211669456
11	0.027381122826083137
11	0.02980108584087906
11	0.037918351012261785
11	0.04788295521298866
11	0.03881818345795828
11	0.07021355760398608
11	0.05793037649532051
11	0.05698010247248269
11	0.03031982400544358
11	0.039371829925511116
11	0.06761512240142266
11	0.03846396570066503
11	0.03198965109046455
11	0
11	0.04711756709485589
11	0.024853536338146916
11	0.0202322765311707
11	0
11	0
11	0.045073986164788776
11	0.032146518349910114
11	0
11	0
11	0.03501576680229567
11	0.037363886318596815
11	0.0699616084583735
11	0.017189348076760577
11	0.04365680569806864
11	0.018777696618020392
11	0.024433622496253138
11	0.038609343005978417
11	0.0786891397192024
11	0.03449583739702992
11	0.03562251691158944
11	0.030967893006385642
11	0.03977339565026993
11	0.0466080844754736
11	0.07112847929316701
11	0.05519238689789802
11	0.04505970661601006
11	0.017139522412232985
11	0.020038982893614277
11	0.05079866268267524
11	0.04827140426031755
11	0.03478643566229756
11	0.09637510742953227
11	0.03506306778892072
11	0.024551953297606583
11	0.06434481999926396
11	0.03869482904392077
11	0
11	0.03994380898605551
11	0.016411479907948716
11	0.017791015908053296
11	0.06592784717201815
11	0.07575822199593911
11	0.027026835707611586
11	0.06036554119679159
11	0.027606726368279925
11	0.05969281278062257
11	0.029191457457876765
11	0.062421488022599676
11	0
11	0.01936120301499024
11	0.020123962012137234
11	0.034160909181282895
11	0.039537705498016655
11	0.03416703100258403
11	0.04242941069766552
11	0.04272558567810317
11	0.02187611910539187
11	0.055288631078914956
11	0.026490304210229156
11	0.021719791543156352
11	0.09521920726802402
11	0.03709428711045696
11	0.07395124260304291
11	0.022691960835129896
11	0.039321469979748246
11	0.023693716400548542
11	0.028729252289056043
11	0
11	0
11	0.10321431320247478
11	0.015876383229800412
11	0.02953159464111585
11	0.028485380395149248
11	0.018243042823377097
11	0.03126346504096559
11	0.05149105046373659
11	0.034418820313943346
11	0.03817939327370225
11	0.06833269221891304
11	0.009930278782553351
11	0
11	0.06512320691769181
11	0.03689586499785643
11	0.024760396092432392
11	0.03196384370234032
11	0
11	0.09707101185482943
11	0.023127311932220472
11	0.021585563728542027
11	0
11	0.029403624105897853
11	0.036481856450084706
11	0.04765589213636719
11	0.043994310898810035
11	0.0480971761590211
11	0.04366952723812564
11	0.053438147093214164
11	0.03786896487488172
11	0.06133693150967408
11	0.05385169038753192
11	0.031600328053731884
11	0.030944016589534062
11	0.042135947416163895
11	0.027849682586041535
11	0.05454917772479822
11	0.034416678596473245
11	0
11	0.052615149414022754
11	0.0340405395011678
11	0.09313501618405891
11	0.05268605561298938
11	0.02673245514281779
11	0.06083110345933006
11	0.028126716248372124
11	0.04155142383078656
11	0.03282820393243451
11	0.027688059194378205
11	0.04935414633741629
11	0.046091068724167086
11	0.06942657639423802
11	0.02734267062989558
11	0.044305100952687596
11	0.02339323391862875
11	0.04925804070290719
11	0.044087033201433166
11	0.016588280944862113
11	0.024544917323349683
11	0.0513819334507843
11	0.030524714713412126
11	0.030241677947310603
11	0.029255765059957077
11	0.025308227736366505
11	0.03789169837233016
11	0.03527571426654431
11	0
11	0
11	0.022747602952239467
11	0.028273744647076462
11	0.024997847879944333
11	0.034024137108382604
11	0.05931841286411825
11	0.08296287777765826
11	0.03385979427609256
11	0.024490181321410162
11	0.029664794531292456
11	0.017157500644078307
11	0
11	0.022917815461113974
11	0.032951269779439525
11	0.02826858869039257
11	0
11	0.017835873424280915
11	0.02924862499824861
11	0.029892098722971792
11	0
11	0.10983960146466686
11	0.024196970640651187
11	0.02421432048813107
11	0.03688030535018214
11	0.025081340400183345
11	0.036322346999601636
11	0.019100955115704626
11	0.020321827061439746
11	0.04465100826675278
11	0.028342823060211696
11	0.04579289810114194
11	0
11	0
11	0.03311392618758431
11	0.0612816144343159
11	0.04598534728683896
11	0.04890892426032478
11	0.02961012546561059
11	0.024929387463283208
11	0.043224707634798194
11	0.03180270958819632
11	0.02441181536988454
11	0.022161370315871565
11	0.06195029564936277
11	0.029872805198635277
11	0.01809540165484062
11	0
11	0.0182668542720332
11	0.037083385923659486
11	0.07896595171523027
11	0.02841159270499943
11	0.03057355631830312
11	0.04096854494760915
11	0.013338378183921385
11	0.03393588450790268
11	0.02184894465839266
11	0.017030313039245046
11	0.03997012249844379
11	0.06833306692126538
11	0
11	0.02409803256142123
11	0.04363928886716051
11	0.04844733778765971
11	0.06499033624477961
11	0.034786000420274875
11	0.035269812309955614
11	0.023018493706674976
11	0.019950161555418355
11	0.04076113205905254
11	0.012275437542896893
11	0.046230840944972984
11	0.03902731446597763
11	0
11	0.032299705527710346
11	0.027971548256051727
11	0.02738196002891386
11	0.02823161997336777
11	0.05341325304375488
11	0.04464362540042535
11	0.01090291215222862
11	0.029574411907124395
11	0.05305308357680576
11	0.016109348340605848
11	0.04772883935736177
11	0.02349259197049621
11	0.028870630913647884
11	0.027241861874175616
11	0
11	0.030932321747345146
11	0
11	0
11	0.033065375646820556
11	0.03183171559030763
11	0.0562777645457302
11	0.03421790131629196
11	0.030446492169938
11	0.03690326712707609
11	0.025898065693119185
11	0
11	0.07923930922886095
11	0.06292379744122607
11	0.046635320771799396
11	0.014269858716720806
11	0.06255460681782411
11	0.0327725920161026
11	0.05012077069715992
11	0.043201121457108166
11	0.04837011189235884
11	0.028983841660438117
11	0
11	0.01120038409256763
11	0.030900303686278975
11	0.03580181713303234
11	0.04549827476732157
11	0
11	0
11	0.02103469838122747
11	0.026359816078094105
11	0
11	0.026581304380200635
11	0.043550488482897116
11	0.01249983286785854
11	0
11	0.014155036838934485
11	0.035341831696122476
11	0.027046706206066917
11	0.024005336649075462
11	0.055703243236458956
11	0
11	0.04561475943712565
11	0.025129676108183976
11	0.02435579213219856
11	0.03416243805346693
11	0.050899372262221895
11	0.04476678983736817
11	0.061802279718875565
11	0.029050592258170294
11	0.04276420230751427
11	0.022099511215134753
11	0.04886250836413456
11	0
11	0.032950465558306434
11	0.04570020945402093
11	0.041047000850304875
11	0.03913770626825075
11	0.015708228759397275
11	0.02337930292626475
11	0.057835573750813045
11	0.05021319171758878
11	0.03413455641400501
11	0.03815101677545834
11	0.048648727524796154
11	0.03491055605423895
11	0
11	0.024412115316533665
11	0.03663884854544562
11	0
11	0.07121079878073604
11	0.02165420376693435
11	0.03647304915623572
11	0.02123518857155264
11	0
11	0.07060817039378456
11	0.056865008843649534
11	0
11	0
11	0.03277478971129306
11	0.02992084204467632
11	0.025856957647564717
11	0.06544853869049859
11	0.04611609650534576
11	0
11	0.027526739653135388
11	0.029620496301483216
11	0.03275161771501135
11	0.07710225918703378
11	0.02664427832983378
11	0.014828266365974238
11	0.0429551141739636
11	0
11	0.03545116240870898
11	0.018418532431742202
11	0.028938482602294792
11	0.04360853191198456
11	0.014233493615431646
11	0.018680324592597053
11	0.07904386676329157
11	0.03418026845645462
11	0
11	0.010823562754982051
11	0.0353210774679329
11	0.014320414433446975
11	0.036825982119875915
11	0.021749685837163052
11	0.031124412108661195
11	0
11	0
11	0.02965374067168481
11	0.026771157645864727
11	0.060159615082814824
11	0.045639617507250055
11	0.06322009117331227
11	0.05414863234756956
11	0
11	0.046034813417702256
11	0.018166585292596012
11	0.05350208111944014
11	0
11	0
11	0.025971480488972812
11	0.0324850731683472
11	0.03267656295439302
11	0.03804671301502236
11	0.03354915760373443
11	0.04562337666528968
11	0.028671166650338923
11	0.05144273357302053
11	0.03281064790557237
11	0.06386114951188185
11	0.07340766588081832
11	0
11	0.06336409183556037
11	0.015907992981355767
11	0.04011710026971122
11	0
11	0.04507865874499836
11	0.03070176506343633
11	0.04075076851896398
11	0
11	0.024113270034473763
11	0.04150232819597332
11	0.0425332011040679
11	0.04461216708753872
11	0.021833846712840423
11	0.02368266673354741
11	0.03216476407770368
11	0.030571327376763904
11	0
11	0.05958702291214727
11	0.027190390609397885
11	0.027301534164487162
11	0.01922161345437565
11	0
11	0.013909004692810232
11	0.08748459355945687
11	0.05031685518986641
11	0.046777420871520044
11	0.044312784398444174
11	0.031208117083500984
11	0.035488043549600765
11	0.0437867021511614
11	0.026790435884490288
11	0
11	0.025704357897860117
11	0.0694095552533626
11	0.04026810235578963
11	0.03669978421975537
11	0.05268958944533966
11	0.03197890652187173
11	0.030189422599217534
11	0.017335965799067734
11	0.033779138059505165
11	0
11	0.06324032868829334
11	0.05943347232114189
11	0.04582519743813475
11	0.04532634540541473
11	0.04156731967415123
11	0.046588861142988686
11	0.02864032628355074
11	0.055184336407699756
11	0.04631312478946037
11	0.01826516267943919
11	0.04652013395742073
11	0
11	0
11	0.0587266356709395
11	0.0320563518739073
11	0.09575427909016031
11	0.024628966246895326
11	0.025840176186021042
11	0.06279403929259056
11	0.055079114946312235
11	0.03844845502548212
11	0.055108236933528544
11	0.0483698857599289
11	0.05258262186244423
11	0.050848532027817646
11	0.045400694731373
11	0.031799209993960485
11	0
11	0.03490110873523091
11	0.0666863389477845
11	0.028717229095364012
11	0.05117958849381384
11	0.027578809759992693
11	0.02119668582101205
11	0.03382404465042655
11	0.07453392156596994
11	0
11	0.058956175209402134
11	0
11	0.050040799442591766
11	0.028916189863121812
11	0.02759065591852636
11	0.029384234761544073
11	0
11	0.04679268234697636
11	0.05987611507324083
11	0.03809220208081591
11	0.04799929884255624
11	0.0198074246853084
11	0.015799689008418754
11	0.016178930820495888
11	0.046102564005830605
11	0.03980700476556231
11	0.04206648968027043
11	0.019734857866818636
11	0
11	0.03056969994639011
11	0.029466186820951545
11	0
11	0
11	0.06821146638435488
11	0.029494922510786604
11	0.022080547191703798
11	0
11	0.01500126899698693
11	0.04227662144819221
11	0.040626085581614714
11	0.030099085277673143
11	0.04619107248777342
11	0.053075011539746676
11	0.06519472485530194
11	0.05026507659569178
11	0.029307044354764895
11	0.06030665288941593
11	0.021455503255540232
11	0.01305834118029502
11	0
11	0.05781015220659673
11	0
11	0.03714559068562805
11	0.028693856323817768
11	0
11	0.05009224597328564
11	0.034846454087021125
11	0.018690776420809165
11	0.03816735986756303
11	0.06908495278158207
11	0.05169655221128387
11	0.05317644627703866
11	0.025308330769164937
11	0.03400146026839561
11	0.03318644518448375
11	0.03125415593428749
11	0.043090431103587554
11	0
11	0.05024333326250143
11	0.01578778662645601
11	0.051637825016131206
11	0.03668033552314611
11	0.0248621548777838
11	0.03511969424420629
11	0
11	0.05997057317869971
11	0.04540967363285496
11	0.02559508371098103
11	0.03691631051632795
11	0.024690352282775163
11	0.026924675555893212
11	0.021046805464311643
11	0
11	0.03834398366210658
11	0
11	0.05267873050846936
11	0.0416918980617617
11	0.0357597211452387
11	0.01905695191214121
11	0.025387858324562456
11	0.02857520262563501
11	0.042833753159262355
11	0.055883398032157375
11	0.014660470100640982
11	0.022914733573830715
11	0.05487018936881246
11	0.02374915303923219
11	0.0332709436933191
11	0.030655170086694657
11	0.013805319139982402
11	0.03595494091658754
11	0.05292191022483966
11	0.09386687985820015
11	0
11	0.03606880289637115
11	0.027464815839072617
11	0.018464408491423372
11	0.06375313625437198
11	0.040953035151082395
11	0.028054933717849867
11	0.06163587652621325
11	0.04913920416072914
11	0.05766918815689837
11	0.007412322687098526
11	0
11	0.043140844730531244
11	0.025978247827993423
11	0.04544576859174926
11	0.013807274439309609
11	0.020954688389469334
11	0.0606894984330308
11	0.03585356680017723
11	0
11	0.03865305693858212
11	0.016817671787081743
11	0.011693221047636917
11	0.03738286210749526
11	0.01307641220271066
11	0.056735667230715534
11	0.06640329732479425
11	0.08076711762971495
11	0.056786707667202445
11	0.04878610134227273
11	0.03744376283489477
11	0.03603011924985351
11	0.04243789327788507
11	0.07409385136208668
11	0
11	0.0532378799828907
11	0.03886599786083003
11	0.035635656353890356
11	0.014617950312772132
11	0.050881881050755674
11	0.03833254986068842
11	0.046220395773274234
11	0.041466243406426434
11	0.0362593129158111
11	0.03032651204484503
11	0.030593259796486912
11	0.022763258663900873
11	0.023382980979732043
11	0
11	0
11	0.058921910476314794
11	0.06483892427126223
11	0.03265000616162039
11	0.06034024987590245
11	0
11	0.041067128089315785
11	0.020204238350945574
11	0.025797868742138498
11	0.056638228651243565
11	0.045639855859073805
11	0
11	0.041586220315393385
11	0.05523878192882095
11	0.06583631525638657
11	0.03079750911081877
11	0.024641970452235727
11	0
11	0.07390229999829688
11	0.043090384248787715
11	0.037134034423987126
11	0.0656469821428624
11	0.01057100857796817
11	0.09598424627720951
11	0.0463131915276621
11	0.045401918932060664
11	0.04228223365236264
11	0.029173481775422904
11	0.05553584482066262
11	0.04327454978492758
11	0.03337264175690481
11	0.012939566179657507
11	0.041646446504617324
11	0
11	0.0815564003272176
11	0.03057053179415677
11	0.05392799388885658
11	0.04338069187912
11	0.05395534590517072
11	0
11	0.04392492245541569
11	0.019376252924188736
11	0.03412843218836065
11	0.02995189881583942
11	0.04912136687880524
11	0.05055890885057102
11	0.02390453911298205
11	0.03160433640316945
11	0.03912528945073459
11	0.03429698423179102
11	0.034649627452897784
11	0.06184691213926041
11	0.015776736557383438
11	0.04048219599484928
11	0
11	0.027958383526753044
11	0.043498706455723735
11	0.030371023738271653
11	0.028508561876808662
11	0.04427320560176404
11	0
11	0.04654210033421232
11	0.042047556035239124
11	0
11	0.05335047393825264
11	0.021749544290564044
11	0.0062642976110038485
11	0.046376108356250674
11	0.027639244220158007
11	0.07548695164686073
11	0.048274866140399865
11	0.0168883742646122
11	0.041573174341477184
11	0.013730176963606625
11	0
11	0
11	0.0714092404135281
11	0.03283734654216611
11	0.04313862069992216
11	0.056055406984430005
11	0
11	0.029780582027206674
11	0.03289709839424612
11	0.03120952794154693
11	0.03477909908304692
11	0.02952183266412099
11	0.02042514572792064
11	0
11	0
11	0.023460354015334514
11	0.034577891429687355
11	0.036756708337807656
11	0.030489969990871
11	0.03944514252372979
11	0.0349961226832772
11	0.028971021409991658
11	0.06935087842613744
11	0.04308930440987273
11	0.04350455280394375
11	0.03524733223095853
11	0.1093610667065363
11	0.03567592107169068
11	0.022996592603052684
11	0
11	0
11	0.04766211963757081
11	0.030025585657107005
11	0
11	0.04412246362357017
11	0.02951493170669844
11	0.0484965785517561
11	0.04651762949717367
11	0.05746037997491947
11	0.01745324191860105
11	0.042853088215274525
11	0.01913551400960204
11	0.0489366711043385
11	0.03639675196734574
11	0.019396087784982852
11	0.03333665685221421
11	0.053889844417700616
11	0.03551165345336472
11	0
11	0.0518065916870181
11	0.04591794983363137
11	0.013040509986339467
11	0.024720624972134602
11	0.06798747970546325
11	0.026434976269225197
11	0.09402634047898965
11	0.0716314255710469
11	0.04507066827069341
11	0.03603306697845085
11	0.0211784730022782
11	0.017233173196722348
11	0.04674814359453046
11	0.039803004377716764
11	0
11	0.08398716458724714
11	0.06014717016229047
11	0.0572133054644214
11	0.05871445921409887
11	0.029586694440726542
11	0
11	0.05405300306096661
11	0.03369519924945742
11	0.07628318344062239
11	0.04674650039309801
11	0.05263110227056929
11	0.05556451304054835
11	0.09107609394685531
11	0.016331175554517567
11	0.0308905206571889
11	0.01901505763612526
11	0.04031458376364139
11	0.021667194895961663
11	0.01368812594160674
11	0.02893142964236792
11	0.01997147526453827
11	0.05551908481353904
11	0.046237644171915206
11	0.06194486638527278
11	0.025069692633756736
11	0.06536488584580424
11	0
11	0.03472908059707472
11	0.030122590462635268
11	0.03882097989711538
11	0
11	0.07316300394393231
11	0
11	0.03102738365433246
11	0.057236820369144986
11	0.030233979580002932
11	0.035348808433548165
11	0.026440494426523003
11	0.01992771026722153
11	0.02964085487388611
11	0.07713449204635753
11	0.024565848152943662
11	0.031191381035680244
11	0.044315495388388304
11	0.026974721559618508
11	0.036280694074045695
11	0
11	0
11	0.08995070272900633
11	0.029884521807871506
11	0.018350532941234097
11	0.01612520254959107
11	0
11	0
11	0.038824027272677225
11	0.01667361354524309
11	0.029102849168159466
11	0.03902012678769055
11	0.019572834615831387
11	0
11	0.03485287020612498
11	0.019239997485432526
11	0.047863680842287745
11	0.03468222994911896
11	0.07391869860790488
11	0.06114799266101125
11	0.03955429433354499
11	0.09703842166468896
11	0.017933078361738086
11	0.033427575190836153
11	0
11	0.03372187322731236
11	0.05256589288392352
11	0.040849513191664695
11	0.021555398512994248
11	0.03822167147521112
11	0.0586516190670003
11	0.029384168438541025
11	0.02489317384971619
11	0
11	0.02541019539152615
11	0.013384933185988705
11	0.047941141065704095
11	0.028175354952774984
11	0.038006855693799586
11	0
11	0.034727533120485175
11	0
11	0.05208091476514296
11	0.03601351452459938
11	0.04428110965411615
11	0
11	0.014630171023474095
11	0.07979850754705331
11	0.04457902728626684
11	0.01830058167348371
11	0
11	0.0702745135135032
11	0.033652453064375545
11	0.0389975931034356
11	0.030648156949396682
11	0.010394920721084564
11	0.03314009132289389
11	0.026392545231989424
11	0
11	0.04186187581220045
11	0.02672829249019112
11	0.041836112663914564
11	0.015075925699290244
11	0.0188874897469142
11	0.0417505392526871
11	0.017306033885252894
11	0.04772470499044634
11	0.03599426385487512
11	0.04406912000627704
11	0.039236245039340464
11	0.04324500258594793
11	0.027607869722015906
11	0.03251495996816432
11	0.06848870200217215
11	0.028678023775668138
11	0.038032379824206757
11	0.03693162069444081
11	0
11	0.04615998188183345
11	0.03626659543486276
11	0.05140715519913339
11	0.07950755146586655
11	0.04558698572287747
11	0.04534344230977999
11	0.03490586075830079
11	0.029334903606146937
11	0
11	0.03454560757730568
11	0.027085436780146032
11	0
11	0.03454607055085734
11	0.04665333497877551
11	0.037031706973226
11	0.023787040130266335
11	0.06456256806727294
11	0.03444624790231837
11	0
11	0.04221073905400537
11	0
11	0.04509039463252167
11	0
11	0.0317726671993266
11	0
11	0.03161760643480882
11	0
11	0.07008868232471312
11	0.05847866635044672
11	0.06216092280107184
11	0.052186343717281536
11	0.05575195578085501
11	0.03591808387972013
11	0.04643998199033854
11	0.01610208920981628
11	0.02445604027413311
11	0.02562212567515711
11	0.024275018291875835
11	0.02364915283277283
11	0.04358734780161985
11	0.030585269758224492
11	0.07167580335193201
11	0.054067892288069845
11	0
11	0.10525867588760338
11	0.025566866976348496
11	0.01220538321671067
11	0.04168457174573964
11	0.01767087317753398
11	0.047885968596708926
11	0.026855012140012013
11	0.04150996170893511
11	0.016024983593163213
11	0
11	0.040031839435391015
11	0.03860411311039204
11	0.0285216047040931
11	0.0712940368656945
11	0
11	0.034757270466076726
11	0.05635022823787605
11	0.026925897741300095
11	0
11	0.021765675917637457
11	0.0385284336136368
11	0.06001053390204492
11	0.07106122054208555
11	0.04496732840985188
11	0.03971804015408167
11	0.037219644190468665
11	0.029354126148083946
11	0.011632910922825916
11	0.02710841381477819
11	0.028533442559694595
11	0.043918481516402263
11	0.022360040253195622
11	0.026964979983769684
11	0.026476618402230468
11	0.036589108713477383
11	0.02913261783450998
11	0.03369029909621654
11	0.03631601358596531
11	0.01976603338970147
11	0.035219759573816026
11	0.0497221814906131
11	0
11	0.03273308706708601
11	0
11	0.04996301129367747
11	0.034338631010770684
11	0.058453739866808095
11	0.05274167614262543
11	0
11	0.03030016077678114
11	0.037106640086106354
11	0.04265283770299553
11	0.03770712471781336
11	0
11	0.04355810535916478
11	0.017670650545957123
11	0.04254909377863407
11	0
11	0
11	0.03885139441884098
11	0.04000015603447027
11	0
11	0.055259021272392225
11	0
11	0.02763199204200182
11	0
11	0.029268175463949817
11	0.05170054379427663
11	0.018519621105009442
11	0.015990959072222297
11	0
11	0.05571318457009513
11	0.05356329479954124
11	0.019380574491237094
11	0.02278994016947959
11	0.040293426386885246
11	0.02559822964642433
11	0.03590587059871538
11	0.03059226072142641
11	0
11	0.02189102255654613
11	0.027985985589123387
11	0.04592664265998109
11	0
11	0.03950691558722576
11	0.040682382898189345
11	0.03508797822275274
11	0
11	0
11	0
11	0.04672126279877714
11	0.017355715461261377
11	0
11	0.03578619116135594
11	0.03703628635161442
11	0
11	0.11878106581901107
11	0.0438690187228328
11	0.08135869245362667
11	0.04080707132633177
11	0.022935871201571482
11	0.03293165529327714
11	0.034950970769464906
11	0.04833819009883032
11	0.03629727208779156
11	0
11	0.030773276138843488
11	0.036852751840772295
11	0.026069783347198033
11	0.03241331663771306
11	0
11	0.04757503761240872
11	0
11	0.022169396279087608
11	0
11	0.037975610356179815
11	0.04129104527502115
11	0.05092154903983978
11	0.03328991529167749
11	0.05394154470395236
11	0
11	0.04019537384853613
11	0.045084598150435584
11	0.04503903449321327
11	0.05694547794840668
11	0.019746282951561913
11	0.028331246902951412
11	0.0419809764527022
11	0.045067617796293494
11	0
11	0
11	0.03594136528060989
11	0.0665558614573789
11	0.08009249433648788
11	0
11	0.03262878474123728
11	0.028440302393925088
11	0.030904650441636754
11	0.01737726559316816
11	0.02700707363630737
11	0.03780604519412261
11	0.05191528692791147
11	0.04975683663519694
11	0.04537472644152639
11	0.024008415440511695
11	0.03065546645274131
11	0
11	0.027638359652813756
11	0.030148817980112562
11	0
11	0
11	0.05737697973322568
11	0.04972023705816619
11	0.033448239531961174
11	0.013339449513474148
11	0
11	0.03612676488528525
11	0.0314287728165663
11	0.06301396319332293
11	0.024631930745208572
11	0.05139556269854785
11	0.016235285305069857
11	0.03306864491264118
11	0.0688395239332516
11	0.06865174089939997
11	0.024903599726497194
11	0.10070884190221026
11	0.025883906717929273
11	0.03715490438268969
11	0.02238091632361616
11	0.03385283592870174
11	0.03816538395830458
11	0.012906161783649468
11	0
11	0.03254073010902679
11	0.05402403371498015
11	0.04387224202379271
11	0.040773139739554244
11	0.025958313773306374
11	0.05234727534260716
11	0
11	0.0376753504780703
11	0.05554090107347142
11	0
11	0.028847196315571113
11	0.03151440487007904
11	0.026927779833374764
11	0.02928139948571335
11	0
11	0
11	0.03844722797160196
11	0.05893656199688884
11	0.028607222045011673
11	0.04063771448750099
11	0
11	0.020929842162172932
11	0.04256750459690976
11	0.0408661232239462
11	0.021963852029847606
11	0.03368859164204202
11	0.018879422737766546
11	0.040230691756395834
11	0.01462761203610795
11	0
11	0.04134654666667581
11	0.02038149787067022
11	0.04554828560050049
11	0.053839043634813795
11	0.03981740101964108
11	0.04241325743335039
11	0.04237291123133712
11	0.045391958256889325
11	0.019596040821695204
11	0.03556959563519324
11	0
11	0.014795849919014236
11	0.04812023595635361
11	0.036860834788539146
11	0.05423113174820973
11	0
11	0.0531148333614359
11	0.03160110515086753
11	0.03573351497014646
11	0.06202092208233579
11	0.029306055028497202
11	0.046646081279547696
11	0.021868591104535963
11	0
11	0.03893678958057599
11	0.03557647615035542
11	0.02119451430870007
11	0.013457598819591018
11	0.061196658322645245
11	0.03109739704581803
11	0.08745383211280466
11	0.053349430784554265
11	0.06630551165732183
11	0.04058206746877327
11	0
11	0.014944602126952854
11	0.026601544567776626
11	0
11	0.027997126094585323
11	0.059335955532116666
11	0
11	0.03212244724269493
11	0.04450295844108031
11	0.03729702335256186
11	0.04681535400820175
11	0.027891226322220887
11	0.02729264423207724
11	0.023528516733168435
11	0.014603453190219162
11	0.05551701130521129
11	0.05312369967730873
11	0
11	0.055376137993748964
11	0.02188506421360059
11	0.02851255824896138
11	0.020294972738989656
11	0
11	0.030551182670019016
11	0.06009408123790028
11	0.018533554457706235
11	0.043883245394326274
11	0.04748928179476906
11	0.05639242207563913
11	0.023105192163911523
11	0.014754317273513708
11	0.018171272874720465
11	0.031766250248042645
11	0.03593971109474692
11	0.057993223768329896
11	0.022950191115552968
11	0
11	0.059672748821469446
11	0.02283583791328812
11	0.031772003639627136
11	0
11	0
11	0.03288068495010763
11	0.050485987229376056
11	0.017926272303355525
11	0.028606942628735577
11	0.023042189318467736
11	0.09576316117347072
11	0.03256729995411614
11	0.02571847536241381
11	0.03411254163842828
11	0
11	0.0420406175909583
11	0
11	0.04614487952161802
11	0.031906555806697046
11	0.02773977694825657
11	0
11	0.040428526986262904
11	0
11	0
11	0.03815819569864128
11	0
11	0.033341286036336855
11	0.024701196729948072
11	0.028559530952539304
11	0.03697488136905794
11	0.02269035911083386
11	0.021688684026698372
11	0.0555607420358013
11	0.029312807360348827
11	0
11	0.061758876923981285
11	0.020326694609133604
11	0.04179917947677346
11	0.05147114916278918
11	0.08851279243301195
11	0.025162637307178506
11	0.04310326309008064
11	0.06225778803389745
11	0.053373927032971995
11	0.035210318452876234
11	0.009153032593956207
11	0.04968650110462687
11	0.025159621434961206
11	0
11	0
11	0.04863372875614086
11	0.030785177793604665
11	0.0323760897744894
11	0.036071117546667086
11	0.047180656116482825
11	0
11	0.03496189631724491
11	0.05027832579629252
11	0.038786382451606594
11	0.016715945962712628
11	0.023905202995537778
11	0.05271736237581948
11	0.03913349277346497
11	0.031668538986208944
11	0.02371441866596916
11	0.0208724856021258
11	0
11	0.048718255641251845
11	0.04388256950478203
11	0.04711292886121743
11	0.02342830131298585
11	0.026283372766278776
11	0.047418613750047724
11	0.03177760517212481
11	0.060618487911746295
11	0
11	0.03752940136315642
11	0.048163910807933315
11	0.0544182343580306
11	0.09380504454034516
11	0.047815611105375445
11	0.019170793736583588
11	0.015347782196637605
11	0.024377351362680384
11	0
11	0.026412296983635744
11	0
11	0.05199959750143287
11	0.030445122157211176
11	0
11	0.025223551667716868
11	0
11	0.03693800390826876
11	0.041826191884292846
11	0.04553693172542368
11	0.10613879591205388
11	0
11	0.03683076057905425
11	0.03589104370792593
11	0.07652034553341569
11	0.08730440653092511
11	0.06449500200717284
11	0
11	0
11	0.05703199946632201
11	0.026088177217555523
11	0.016963109009014064
11	0.02880423724446881
11	0.0630963899846451
11	0.0290975944295677
11	0.03573186416843699
11	0.02662559602349412
11	0.034936403961770265
11	0.022348270022698482
11	0
11	0
11	0.02330899673560647
11	0.0201938683946085
11	0
11	0.01638006566812527
11	0.035706208972423846
11	0.021574265260222887
11	0.04775952297937466
11	0.03549991777912313
11	0.025067480859472187
11	0
11	0.050321147985512495
11	0.1146229740835735
11	0
11	0.02712663918617011
11	0.008260951692606055
11	0.046264070757889277
11	0.02978557362251209
11	0.03042061508828846
11	0.03814678438243602
11	0.041370063162354746
11	0
11	0.04515938385927928
11	0.03016108861409283
11	0.018592232522813636
11	0.051935399005663886
11	0.021905121926755068
11	0.05570504893216317
11	0.042799185810375194
11	0.05235489746452544
11	0.025261252320314488
11	0.03342739722781045
11	0.030577401364334577
11	0.03986126798343004
11	0.0789381190782402
11	0.0741538174647835
11	0
11	0.02938574894452136
11	0.038185217598607796
11	0.05440570996982763
11	0.017492566932401983
11	0.037097255897427635
11	0.023027029330177744
11	0.018230127200535347
11	0.014606565325200676
11	0.03757083327238827
11	0.07309530644304776
11	0.011849449088118443
11	0.032544367146601076
11	0.03740713470942967
11	0
11	0.02380561262769201
11	0.032223279224705616
11	0.01977429141173936
11	0.0840386262019902
11	0
11	0.021539588334764163
11	0.03244464337517561
11	0.02102173157562637
11	0.04177842779389101
11	0.022480859692613105
11	0.021969112216584756
11	0.03703667648351918
11	0.027070303767579736
11	0
11	0.03516343339270931
11	0.04268665749990059
11	0.025430808538366403
11	0
11	0.03001945883472213
11	0.016770538933909528
11	0.029266025580723075
11	0.03238182083215974
11	0.037008039769255506
11	0.07150119064031853
11	0.03209820419205836
11	0.03110122535366553
11	0
11	0.056973860133948034
11	0.055409688846887344
11	0
11	0.029625837581903312
11	0.05167873599261591
11	0.0189554663166315
11	0.023359971985070282
11	0
11	0.02485818758724438
11	0.023687424926977414
11	0.029831055815749383
11	0.06306343292498998
11	0.0199876077228854
11	0.028055732905101178
11	0
11	0.020443591015795917
11	0.03825728302722675
11	0
11	0.03650284315447981
11	0.02336358105858238
11	0.03614553964554066
11	0.03271528720892337
11	0.03760085534783562
11	0
11	0.05167857177030309
11	0.04490565197742635
11	0.009068161199133857
11	0.017415279962696786
11	0
11	0.034901991688440194
11	0
11	0
11	0.05036265016664468
11	0.034748426959241
11	0.036306233110286946
11	0.022803917151109597
11	0.03797123001482797
11	0
11	0.0423907455642057
11	0.028016913222976173
11	0.05773901760839577
11	0.04491904061770193
11	0
11	0.0737617564728411
11	0.04597289113544231
11	0.023201217560431392
11	0.02052627586510911
11	0.04806299406815659
11	0.06867073999960117
11	0.009640359285810498
11	0.0342646366681959
11	0.06170345381536623
11	0.03083971457728188
11	0.037125407629037786
11	0.02569659307888464
11	0.02681691538823925
11	0.04832666578216076
11	0.09048704017322481
11	0.01088279424157847
11	0.020377306966380643
11	0.03386231087364976
11	0.029909677291416886
11	0.029849294385113904
11	0.0428982657594474
11	0.033851282700405674
11	0.02693231868121751
11	0.025752743752825626
11	0.04714522244160605
11	0.04584792669522817
11	0.0635775541309568
11	0.041095989933004264
11	0.039776759386583344
11	0.05581233363157317
11	0.035326350108017136
11	0.02119358236153208
11	0.013447074670599647
11	0.02981510728294658
11	0.02577725052024469
11	0
11	0.07944925864258852
11	0
11	0.04534321205556948
11	0.015641309217930582
11	0.02594683827599984
11	0.021774031461557014
11	0.05493896251154286
11	0
11	0.05274161618886636
11	0.027585362625125613
11	0.045685643103815815
11	0.03385032209213549
11	0
11	0.032805425985550495
11	0
11	0.027873357852277316
11	0.018932251433842077
11	0.039171865474372555
11	0.014320205058937161
11	0.0331340247399972
11	0.020127286440413023
11	0
11	0.029749254205731716
11	0.05577149117459093
11	0.020822853615685862
11	0.01940504622345728
11	0
11	0.03859111633113664
11	0.03282422778026198
11	0.03753559079719514
11	0.029076339836173914
11	0.033281444955105134
11	0.034347311554148864
11	0.05365712907398742
11	0.04864308040131129
11	0
11	0.04328514684151377
11	0.031380765537645294
11	0.045996193890452876
11	0.03181821687071014
11	0.04006000053718554
11	0.01968222615721913
11	0.023294212599466367
11	0.02112416540409012
11	0
11	0.013975820288804331
11	0.03529352254789657
11	0.03262730445671289
11	0.0573368155210126
11	0.024462186857580222
11	0.024652267042172923
11	0.017681368334084492
11	0.042280557843728375
11	0
11	0.03317180307652884
11	0.03383856008777904
11	0.008876276964894975
11	0.0301379120776755
11	0.03756369631199847
11	0.06350185857877708
11	0.022914343899936886
11	0.039995938910746424
11	0.02809150245101436
11	0.025685989947245767
11	0
11	0.02800388929054663
11	0.048704055603542774
11	0.03883609296981361
11	0.07763696838777061
11	0.023903990658920623
11	0
11	0.025606312402553018
11	0.032396037242226935
11	0.020496319518064087
11	0.03615220402211144
11	0.0462348603180063
11	0.043101351908805166
11	0.036802120578081486
11	0.030090851767446875
11	0.041001652540569866
11	0.03098497503494126
11	0.0581543196973221
11	0.03970848876882663
11	0.026118915440746737
11	0.03812737792497178
11	0.02345755039432305
11	0.05809298126182414
11	0.0700451431929856
11	0
11	0.027321797373399098
11	0.06036952417137242
11	0.03351162703588793
11	0.029610105797703234
11	0.04307756783035447
11	0.0277431881837811
11	0
11	0.03521642112465697
11	0.05134520804920448
11	0.08201039929239466
11	0.03661124030113348
11	0.03427222567581594
11	0.04959728755542734
11	0.06432144185894317
11	0.057545975301282574
11	0.07058501025122255
11	0
11	0.013464014213305685
11	0.02253515273463061
11	0.03882435706973786
11	0
11	0.022356492828109854
11	0.04719180483090136
11	0.060445647736553476
11	0.018174580973230242
11	0.06190014821414766
11	0.014908682677374002
11	0.05960311126395203
11	0.03501411564598957
11	0
11	0
11	0
11	0.04456353178045865
11	0
11	0.03272163241751227
11	0.04060641268068896
11	0.021022692317054583
11	0.04287338231701318
11	0.024585265195282174
11	0
11	0.026367936105531297
11	0.04254791269061807
11	0.03807665117830538
11	0.022618990859019587
11	0
11	0.12578788207378538
11	0
11	0
11	0.047463773514473964
11	0.030153280535206606
11	0.040907670360900185
11	0.08507390241568574
11	0.03936836252541015
11	0.02609759108841579
11	0.043647508565721777
11	0.029725378499387747
11	0
11	0.08361303951601709
11	0.031464786785775835
11	0.061636584060063906
11	0.09688669839309547
11	0.01864161078139449
11	0.028450679683415324
11	0.028735044256140197
11	0.025927827530410202
11	0.04500928017742141
11	0.023611479586897584
11	0.048634329141269556
11	0.028535545243373726
11	0.04631348721813287
11	0.030106644939126882
11	0.03066692723857465
11	0
11	0.05731615487293692
11	0.015411065712916103
11	0
11	0.032861588402240925
11	0
11	0.07031517282691957
11	0.01863952242696797
11	0.04935204403179029
11	0.01302693779028646
11	0.016978364204590903
11	0.051756635217108354
11	0.03714541963843653
11	0.03816305280379062
11	0.038789224907779946
11	0.037333366166636836
11	0.016597618369255194
11	0.03368334230092671
11	0.06608377325847768
11	0.025421746480584352
11	0.019393416433498296
11	0.03654062388606273
11	0.021291249861948268
11	0
11	0.028052867629540325
11	0.03633869312454685
11	0.0250611506534855
11	0
11	0.03986676182444334
11	0.038287978640536485
11	0
11	0.031653082929459106
11	0.02023026018471645
11	0
11	0.05669316763307195
11	0
11	0.04168439094015911
11	0.032138646878012225
11	0.03741950898086464
11	0.04148326711400837
11	0.04309556879557397
11	0.08189709074604123
11	0
11	0.0704622371519883
11	0.024774539604878486
11	0.05066598755655155
11	0.027548619685137544
11	0.047989578141772966
11	0.038980544439118525
11	0
11	0
11	0.033286866487259856
11	0.03203552181891982
11	0.024805617112504143
11	0.042311569601198445
11	0
11	0.02493902616020825
11	0.04992030286194561
11	0
11	0
11	0.044425002298218344
11	0.04820417518824521
11	0.012624528764233785
11	0.03422189615168107
11	0.020683297301296102
11	0.03982422593274591
11	0.0516019900157164
11	0.029190838061482823
11	0.047633783211014635
11	0.026474607601475915
11	0.023704494570857673
11	0.026581618684387687
11	0.05701203031388516
11	0.03268908234395606
11	0.024690567458611496
11	0.07563000600574217
11	0
11	0
11	0.04997364387863178
11	0.015241774728262335
11	0.024677032519884914
11	0.030015038378611743
11	0.027356300019510223
11	0.026503693127883615
11	0
11	0.058066853106961296
11	0.04047995927389422
11	0.023815601529678994
11	0.04027694452887151
11	0.07610601737797629
11	0.050569239823766064
11	0.02672153151944336
11	0.024315955636478738
11	0.03889537750479979
11	0.03428168462838027
11	0.01583877003523319
11	0.03067472863451411
11	0.036284810700834114
11	0.03482826503011398
11	0.03589584675774273
11	0.037016613022503864
11	0.04044058006865605
11	0.02888177498112496
11	0.14286794325010385
11	0.040021764806619314
11	0.03431413915860839
11	0.03649783959878531
11	0.019838746177589295
11	0.046624931707910294
11	0.016675478356486268
11	0.017049731105614023
11	0.017359317019093476
11	0.015290740970255179
11	0.04026848410425673
11	0.04411194784284937
11	0
11	0.023711035841157482
11	0.042606450311314714
11	0.021504883207715687
11	0.05038768152741964
11	0.026420060969531332
11	0.04934911180905133
11	0.05096637158311703
11	0.038581537948607234
11	0.02853825912350241
11	0.052837830458528225
11	0.023045386052718088
11	0.03661739230876597
11	0.013704302243607724
11	0.04088844769778481
11	0.0695852207312601
11	0.04499302006499015
11	0
11	0.08187017997256238
11	0.040129140912653793
11	0.05032874484782019
11	0.05652549614439908
11	0.017485184217153765
11	0.023994100194730958
11	0.0652757860417743
11	0.032590827528020956
11	0.026340151604413588
11	0.013197901517477613
11	0.03888325443402075
11	0.040965071788468845
11	0
11	0.1029614170303744
11	0.026905778172057918
11	0
11	0.02263407690259596
11	0.03890522057365998
11	0.0582190662138931
11	0
11	0.06943431173722563
11	0.027363405858203908
11	0.0509240980244489
11	0
11	0.042961218703599105
11	0.018783733390416536
11	0
11	0.03432518566789092
11	0.07457967370154277
11	0
11	0.039269530166453265
11	0
11	0.06140575201683161
11	0.01743146864277439
11	0.03446727345966928
11	0.051951703596564924
11	0.04563788745911874
11	0
11	0.15338226000439198
11	0.032406003194759454
11	0.07851402799131157
11	0.04401206294091176
11	0.049292513930753325
11	0.049264447678796876
11	0
11	0.03043039610598438
11	0.03715234555573036
11	0
11	0
11	0.0260572227155853
11	0.01785446521688417
11	0.03449537823186624
11	0.023392838589227333
11	0
11	0.013707428710125471
11	0.03269282811750512
11	0.045220646510495136
11	0.025114361499936694
11	0.028583660537237193
11	0.04228434633655177
11	0.030374438098645214
11	0.03422544879034919
11	0.030964134477164194
11	0.02613520885895813
11	0
11	0.037892110949319865
11	0.04498302122286582
11	0.03224689835772869
11	0
11	0.028281313397350148
11	0.03619349002301449
11	0.01723568748139617
11	0.03285674883684586
11	0.024397299129552578
11	0
11	0.02391597033650639
11	0.026791691823007016
11	0.01836757221858317
11	0.07229432088209456
11	0.043517693256172225
11	0
11	0.030620937450599205
11	0.037786757266376106
11	0.03090878328649356
11	0.028297402450589097
11	0.03267875627957633
11	0.023290385568702093
11	0.026525314771791694
11	0.08993985085837058
11	0
11	0
11	0.06595400123514707
11	0.041704597132757544
11	0.024157492781364313
11	0.029317563471054756
11	0.03979279244161581
11	0.04316273278947364
11	0
11	0.021034948950943357
11	0.031236378109601372
11	0.05088645296587453
11	0.021817749095989433
11	0.044562719878335696
11	0.016357118590326434
11	0.03762985503003464
11	0.03829450570297984
11	0
11	0.03431570318137618
11	0.056312954072211
11	0.03163736661899365
11	0.024370525864503334
11	0.02692454506306906
11	0.028912844765491646
11	0.04822899228084782
11	0
11	0.047225206610453804
11	0.05923785060582247
11	0.02630325447461063
11	0.03814336680508355
11	0.05326647081542912
11	0.04692636672814115
11	0.0264658885616144
11	0.04904183671273717
11	0.07415922882268043
11	0.027537622661086662
11	0.027432087524226687
11	0.02606636259707132
11	0
11	0.06974084680237815
11	0.06467497826194592
11	0.1281333288137049
11	0.016915298393725638
11	0.052796075449576776
11	0.037322560487926176
11	0.048186533469968686
11	0.022091030924644754
11	0.027997105153286374
11	0.024161411971445553
11	0.021505706142788145
11	0.02420084739720504
11	0.025190452815932924
11	0
11	0.03292044421618847
11	0.026183504277139245
11	0
11	0.08089472918135208
11	0.011139936289246699
11	0.05285832564452493
11	0.026613670978135398
11	0.01619880815124972
11	0
11	0.07088170674543795
11	0.05650139307934171
11	0.02025282980477318
11	0.04968777755977391
11	0.03866196933357754
11	0
11	0.07901326554044474
11	0.018470999399837467
11	0.03640379332067406
11	0.038106667037742625
11	0.03379198436866342
11	0.04107939488414369
11	0
11	0.02960266620679087
11	0.03933929828690949
11	0.10373497617781934
11	0.04437097973435222
11	0
11	0.09291485451138623
11	0
11	0
11	0.02147793392700509
11	0.03947278553346103
11	0
11	0.018563181981766173
11	0.02696377297058198
11	0.029848845953000632
11	0.02954735724819955
11	0.07873904267782846
11	0.024851477005202155
11	0.04150566605507463
11	0.03637091443764375
11	0.009445609348557111
11	0.05587713515636937
11	0.023058418297536087
11	0.029456938839254612
11	0.053133067282437746
11	0.046896318083111364
11	0.0524343591055301
11	0.027349658644586647
11	0.03445554656435842
11	0.06558419699777307
11	0.0368990553908309
11	0.01670960970581173
11	0.018267402846998244
11	0
11	0.023907448789970993
11	0
11	0.023400159860487893
11	0
11	0.027885107262336235
11	0.03232830595945677
11	0.03857363826974798
11	0.05906696899231655
11	0.025330513507712364
11	0.016021479225255306
11	0.03875394378240655
11	0.02510140112077622
11	0.02179147937156483
11	0.03937118521911043
11	0.0369430949594404
11	0.02977416402711915
11	0.026948356682438872
11	0
11	0.014192716953668003
11	0.04597067699202372
11	0.022926810722869676
11	0
11	0
11	0.05041748259903027
11	0.016314369495907602
11	0.02825440723988633
11	0.05403679108083612
11	0.057730700700663384
11	0.030797480639065653
11	0.050311469115920014
11	0.03690567557375794
11	0.017819185793591187
11	0.03709964685841438
11	0.030136815208008
11	0.014637408481489143
11	0.032211585614918554
11	0.01087561522724577
11	0.040736882329535665
11	0.04792996599039323
11	0.02059598951994031
11	0.043553643397692465
11	0.030786880903276796
11	0.028137493522571413
11	0.03793155220208961
11	0.026874639427017
11	0.0354193794624408
11	0.05686757335900001
11	0.026541858995481764
11	0.029707041984692057
11	0
11	0.07400450276696877
11	0
11	0.037927949902816165
11	0
11	0
11	0.029227886986563225
11	0.03697875192830571
11	0.039911748716950635
11	0.025607861584954057
11	0.07741306432232241
11	0
11	0.07246273400655069
11	0.043512152339433896
11	0.03669020263606606
11	0.03822304691673287
11	0.03482132709203858
11	0.022196649508185742
11	0.027196258165674995
11	0.032934995948083745
11	0
11	0.051792383643102444
11	0.039960902052503335
11	0.031459600347451225
11	0.026714231168135344
11	0.028844776739892896
11	0.02831390835045908
11	0.02059512915563326
11	0
11	0
11	0.029005104566331895
11	0.019813521295128048
11	0.027329876445852212
11	0.017915471243340517
11	0.017083690934311266
11	0.04637488972805903
11	0.03866206623431696
11	0.07381960916207739
11	0.06666984332877418
11	0
11	0.027403891277324705
11	0.015148388628483096
11	0.033779395148283965
11	0.06205670987301114
11	0.03650769923917692
11	0.044901170469736226
11	0.04329306352601278
11	0.04286650414804686
11	0.020134998071907974
11	0.03173420808903366
11	0.06729155018326954
11	0.10068620759778651
11	0.04120803767564629
11	0.017648295034108443
11	0.044120793834838516
11	0.057994095710792025
11	0.09066068522046687
11	0.026595426922409876
11	0.030791600846409084
11	0.03235931169941986
11	0.04892116860611988
11	0.031137248021606924
11	0
11	0
11	0.023261524313056905
11	0.0810831787951334
11	0.014250913214845864
11	0.05387856216144627
11	0.018678080449204087
11	0.046455286180429406
11	0.04575862140482612
11	0.03648004920536542
11	0.056719848134628284
11	0
11	0.0345695102267053
11	0.057725745274950335
11	0.0455159388226508
11	0
11	0.05546592972028187
11	0.01728985710921272
11	0
11	0.09116950553523041
11	0.029992330468917167
11	0.027529105080352945
11	0.03718447975763858
11	0.02309166209932033
11	0.01900593927971337
11	0.029428574997516485
11	0.0640001269174084
11	0.03607796284228157
11	0.021478849277363796
11	0.0539592221041653
11	0.04463944959413082
11	0.024667848216867665
11	0.03125604568084975
11	0.07690193843337291
11	0.017745506191843983
11	0.05566773843752492
11	0
11	0.02992420620149798
11	0.05124336972349363
11	0
11	0.029895395758334078
11	0.023836107394551467
11	0.04239128822127658
11	0.014912751734040539
11	0.01970915207967508
11	0
11	0.04822908251878348
11	0.02342734257754542
11	0.02843670105960232
11	0.022327487561380532
11	0.045911704265827406
11	0.05006965371019083
11	0.10779055616789351
11	0.023026341842072598
11	0.026373557428607336
11	0.0597547340199379
11	0.03707553811629932
11	0.02692847557080769
11	0.026361395028787704
11	0.03637362589087896
11	0.04787180638894472
11	0.048738821330186484
11	0.039289804449145385
11	0.03571638083457153
11	0.025139564348622537
11	0.06636052508755994
11	0.05213294127162792
11	0.041059093216993345
11	0
11	0.041495762251908444
11	0.019726661652373755
11	0.060725311884506535
11	0.04866033967156436
11	0.019665283298080163
11	0.09787352270903484
11	0.024396694091540955
11	0.02420930627610057
11	0
11	0.06456636228780356
11	0.028280729274520307
11	0.034230163937961466
11	0
11	0.021493617906265857
11	0.03489802939649289
11	0.05345321391862757
11	0.053642871077437544
11	0.019186285380804666
11	0.013394465620545162
11	0
11	0.05187913042669525
11	0
11	0.03667359381409427
11	0.027117892745338275
11	0.01792114242918653
11	0.05284320722646735
11	0.04008897325158824
11	0.04790308952924044
11	0.05721605715394795
11	0.02144863147687608
11	0.03184076686682981
11	0
11	0.02711049302714818
11	0.05271981204824876
11	0.02679630672731934
11	0.061519782073103296
11	0.02688154246973442
11	0.050919761675004886
11	0
11	0.05941008706991206
11	0.03510375985069994
11	0
11	0.025386359246211868
11	0.03195347184632714
11	0.022264797291071302
11	0.03441239422504326
11	0.03679482702030392
11	0.033089944296471066
11	0.09947880604505285
11	0.022494798559488438
11	0.022972672017795168
11	0.026138715841576756
11	0.0258053594818678
11	0.03155035125989897
11	0.028809317240086504
11	0.05367837302361838
11	0.022846406414140496
11	0.06363273032617672
11	0.033283448103895025
11	0.04507238600837813
11	0.03349996547898019
11	0.027783737796074973
11	0.05915672734924153
11	0.027720826198805996
11	0.043749682698015616
11	0
11	0.015132914013155224
11	0
11	0.04505472435541687
11	0.030020574954233634
11	0.017286201439011935
11	0.022330506022844147
11	0.055611096464340336
11	0
11	0.029743166215326182
11	0.028543540302640915
11	0.0911366741269731
11	0.01684621356613993
11	0.0486384537311972
11	0
11	0.08461897927198046
11	0.01243021818364475
11	0.057256369016041316
11	0.030153537941500635
11	0.007804564346207971
11	0.03559579059664785
11	0
11	0
11	0
11	0.05190299655332649
11	0.028906639426587874
11	0.036576441231407436
11	0.05362021014531154
11	0.05689809745470986
11	0.03268845518869669
11	0.027464469482979224
11	0.02534382248939022
11	0.03215424911173733
11	0.07209730553132794
11	0.04749171781243964
11	0.016301929301674453
11	0.026044071776500123
11	0.02444130574392974
11	0.02428965566478565
11	0.05436122344714611
11	0.03913171389976509
11	0
11	0.02467579765890588
11	0
11	0.04056879345332921
11	0.01923268687334792
11	0.05875877107424606
11	0.02195280074733833
11	0.04506856252100572
11	0.09011304212298951
11	0
11	0.04227107288423962
11	0.030020469314941844
11	0.031184588514873858
11	0.03431133720964115
11	0.03771599272882674
11	0.015035670267850599
11	0.08534963123678954
11	0.037000712661131786
11	0.024314101275179304
11	0.02362581526606521
11	0.010644360082997703
11	0.06341192522339338
11	0.03340662676734232
11	0.08356107862153904
11	0.03640104525756415
11	0
11	0.025873079625733993
11	0.013013017106808938
11	0.0558967840544559
11	0.0363934848719455
11	0
11	0.12114295919555823
11	0.034932385374426674
11	0.007355840791795251
11	0.06538511070741407
11	0.06791262406872853
11	0.019195560693471427
11	0.03946282628406139
11	0.015248488135967948
11	0.027668124874879102
11	0
11	0.040291579851518836
11	0.060101869581595364
11	0
11	0.033599032237677406
11	0.05138309434803354
11	0.03634988226708139
11	0
11	0.025713690201999394
11	0.07704556769596532
11	0.01850766046663046
11	0.04358146071384207
11	0.049275092787960856
11	0.018773712250263384
11	0.016818696351017716
11	0.022086137755442346
11	0.03481283730169972
11	0.04529672645026517
11	0.029818591929745467
11	0.036226942697735035
11	0.03855906791484179
11	0.03744443560556477
11	0.027420663491236355
11	0.02240012465551312
11	0
11	0.03741213376602656
11	0.01633489656037091
11	0.04898836963679215
11	0.013550114488454314
11	0
11	0.04128984286404205
11	0.038959240620363454
11	0.04066517664334582
11	0
11	0
11	0.015023630023554098
11	0.0716951163833873
11	0
11	0.017299814023967113
11	0.03480340044815813
11	0
11	0.021731524953341134
11	0.01860218347059654
11	0.03943762713402658
11	0.05291255565127332
11	0.022944616581707614
11	0
11	0.031806241957721866
11	0.03646900667005624
11	0.015127997833957985
11	0.08092776646677705
11	0
11	0
11	0.06420256641338423
11	0.04513823237508243
11	0.05644754254533963
11	0.07683858300942757
11	0.04518744623721823
11	0.07648417495612216
11	0
11	0.032606633656431475
11	0.06972971975838836
11	0
11	0.037206845583679905
11	0.02914793682058016
11	0.025663635419023362
11	0.053573965773335556
11	0.031072920867204257
11	0.024603380078960166
11	0.037849181480525906
11	0.011521746110263112
11	0.03947674327190936
11	0.12136394189275707
11	0
11	0.05994362666381053
11	0.05609865393689629
11	0.016837144261543927
11	0.05157890921562277
11	0.03149554138158513
11	0.024677104388843435
11	0.03293178020698746
11	0.049222293991701
11	0.05601481295194138
11	0
11	0.019132606414135698
11	0.027048489697849655
11	0.0531482175047065
11	0.024881696431375288
11	0.03539571982173828
11	0.017841899572749502
11	0.02133545502150188
11	0
11	0
11	0.022303277562730775
11	0.03093616323611669
11	0.021864808371647823
11	0.05844160775579848
11	0.052160738249156374
11	0.029256329153669436
11	0.05934069191079441
11	0
11	0.03830900777300215
11	0.10451670370377251
11	0
11	0.023293081478104237
11	0.02957084006903485
11	0.019297344732762154
11	0.030826852109988874
11	0.022842610513258366
11	0
11	0.019875203637003028
11	0.024355625727085516
11	0.03348396968572321
11	0.018329749396272247
11	0.03273884822696885
11	0.02026491906327563
11	0.011590130815919204
11	0.04741659293269057
11	0.03330032962619295
11	0
11	0.045544131455416616
11	0.07192439821129652
11	0.02761820358073109
11	0.027206342103937145
11	0.0409953923125798
11	0.026464861124033096
11	0.04836196185419113
11	0.026618931114837714
11	0.04424110508905129
11	0
11	0.06828629228606638
11	0
11	0.021546415245137913
11	0.03078168575879165
11	0.07452284482154453
11	0.02771340725748109
11	0.13208513307051675
11	0.08207280637760193
11	0.01677507706952535
11	0.015434725885035819
11	0
11	0.021338140215715003
11	0.0561105210246514
11	0
11	0
11	0.04449736178852571
11	0.06063110811689196
11	0.0404153046964452
11	0.030182948454463236
11	0.039163033148810034
11	0.02036507468417713
11	0.027649376455246583
11	0.03178980348917515
11	0.022274935708073176
11	0.02206877498618063
11	0
11	0.02258458067948071
11	0.05774139239366009
11	0.027127140572864545
11	0.02623080128235689
11	0.050621729728193655
11	0.029482541009607864
11	0
11	0.030090650121749347
11	0.06262739073617399
11	0.04842719552170433
11	0
11	0.11903516405497713
11	0.04638957825221408
11	0.02241422554107318
11	0.04220997780572021
11	0.03900744107335978
11	0.04865078095025535
11	0.01864465728608179
11	0.02134502868659429
11	0.03217027142681527
11	0.04849029016788484
11	0.03469215048649726
11	0.07517353249799835
11	0.018170345208723855
11	0.023039123957945547
11	0.053673330650955045
11	0.047649017877955537
11	0.03025144213751675
11	0.06497695380083297
11	0.05189802610524702
11	0.024318351412280954
11	0.030247694299446588
11	0.03620307024833508
11	0.022789085102438975
11	0.05510271752814259
11	0.022437030118588656
11	0
11	0
11	0.09374240769529597
11	0
11	0.023763985033502744
11	0.03957567142730668
11	0.03188668030065885
11	0.07085756048687473
11	0.037056054881190535
11	0.03369836733417549
11	0.007044099774571509
11	0.023122997629666485
11	0.05640138607737981
11	0.05740586926254379
11	0
11	0.013919153604796338
11	0
11	0.025299081774116952
11	0.02722806117900379
11	0.07394086261275457
11	0.020931019307836512
11	0.0628494713347906
11	0.033890118558156865
11	0.08123926675185084
11	0.014056301163531413
11	0.02048515350918785
11	0
11	0.02254247070673058
11	0.022729083886449696
11	0.0855976841313189
11	0.023568816647604615
11	0
11	0.0757406043750992
11	0.08004743588944123
11	0.014844600800192441
11	0.054495663749087854
11	0.02130678143187549
11	0
11	0.034551116861335926
11	0.020948811624058903
11	0.05198005030668819
11	0.046676383247697774
11	0.04463364846184066
11	0
11	0.03519578196752461
11	0.030553274166804673
11	0
11	0.03537859863207117
11	0.05169825888615126
11	0.05375358585978265
11	0.027489770435141406
11	0.013238815540317658
11	0
11	0.07945857639306139
11	0.024143258284877348
11	0.0379029007158149
11	0.025938030410666668
11	0.05224289556728607
11	0
11	0.03948425867710711
11	0.02310791584676933
11	0.034196644234835955
11	0.029067734364400775
11	0.036074916308794405
11	0.041515241669198996
11	0.039566817187009544
11	0.044500726634264666
11	0.05875039379046572
11	0.024851697283443778
11	0.05822061381892275
11	0.041527168895094245
11	0.03949454151499244
11	0.05369783666435361
11	0.026988880116900087
11	0.04721095858735794
11	0.038984622106078316
11	0.037022561243294484
11	0.03387445602653426
11	0
11	0.034257916451594025
11	0.015919381058067908
11	0.021881022486568865
11	0.04380399793537391
11	0.013354904951431846
11	0.019587516055574572
11	0.11484188997873788
11	0.030821548047616026
11	0.04162681010747646
11	0.03938961110575491
11	0
11	0.019987024031917686
11	0.053580121154196324
11	0.016836406205059877
11	0.06400855132845928
11	0.03658310918641596
11	0.024241949156005485
11	0
11	0
11	0.04378317389832245
11	0
11	0
11	0.031475465920533914
11	0.057546027690724935
11	0.05400764361210774
11	0.05958323054963281
11	0.023280391288647746
11	0
11	0.026297791744150895
11	0.04611405394784497
11	0.07448316625838008
11	0.09664322371283221
11	0.038415270446063146
11	0
11	0
11	0.020583120442898492
11	0
11	0.019445428420714787
11	0.024068996940295434
11	0.03958934975115637
11	0.0635327063631349
11	0
11	0.030938558898227553
11	0.0640305232654594
11	0.07237836758682308
11	0.021311323689080054
11	0
11	0
11	0.022782918079461208
11	0.017595376533955136
11	0
11	0
11	0
11	0.024354538162663128
11	0.03111497814518175
11	0.03154419292304756
11	0.030197153603767308
11	0.06615258729492828
11	0.0947365523543055
11	0.0364972864641841
11	0.01735784804071745
11	0.01203299790099189
11	0.08017156993916347
11	0
11	0.03406090618543992
11	0.04479200413772969
11	0.02149586684591149
11	0.025122323070439587
11	0.02440306940922258
11	0
11	0.059007633148016346
11	0.04137261143313345
11	0.010153805070048715
11	0.033664990986735706
11	0.027851903456747953
11	0.039020523717858524
11	0
11	0.031559986685501196
11	0
11	0.020094897482570588
11	0.08173000836355182
11	0
11	0.020120515084329132
11	0.04951239428846994
11	0.031146085152985732
11	0.03532885788312965
11	0.03815033512368655
11	0.05343306140837128
11	0.037143206100575615
11	0.04091372159967099
11	0.02376938768925557
11	0.03073444011033026
11	0.01915588879487768
11	0.013415195820110748
11	0.024568285927175575
11	0.05694789538232889
11	0.03733223545206492
11	0.027155403605087503
11	0.08163117332300172
11	0.053401592035855074
11	0
11	0
11	0.04026950177540193
11	0
11	0.09059355340144484
11	0.053666125676877105
11	0.033395379997641035
11	0.09200128649630193
11	0.03652370531419977
11	0.04832654540535482
11	0.07906657231870927
11	0.01864533232377583
11	0.021960229030806935
11	0.043456887395847237
11	0.02613084919349529
11	0.03144951056692246
11	0.04139687711091075
11	0.06590957149101875
11	0.03230984297687649
11	0.06850317677045245
11	0.0305410792841499
11	0.020270353512408183
11	0
11	0.07607574729491672
11	0.052751337095812166
11	0.04433151334578395
11	0
11	0.017011920357529877
11	0.061429215933548824
11	0.031761539130929
11	0.08142458876699304
11	0.03927866504104164
11	0.031838262447820176
11	0.030702401156337107
11	0.04347911205378984
11	0.035838668609196385
11	0.030359338607738203
11	0.03302851778145167
11	0.022278980515087383
11	0
11	0.035327089721869875
11	0.0323164871738629
11	0.04151706594355603
11	0.03519042316483803
11	0.034061956954586
11	0.046800892921763704
11	0.04234225353208661
11	0.008751261026092675
11	0.033395831530252065
11	0.02752280626133456
11	0.04257429770519331
11	0.04887731453223413
11	0.04629994729957525
11	0.01853953373831686
11	0.02129299483344066
11	0.0232504637807316
11	0.01725785534709932
11	0.028280004944031493
11	0.0548110921714802
11	0.019745711553009564
11	0.03041056104618161
11	0.04727697625550487
11	0.032251363107533196
11	0
11	0.04346420954887359
11	0.026179077435740137
11	0.05114388620525984
11	0.027613603781306378
11	0.018662432540697837
11	0.028319755828935228
11	0.034121944119444324
11	0.024966944977111737
11	0.030681776633740724
11	0.02104482123220939
11	0.02399724885101748
11	0.06335625451068504
11	0.07512908711144917
11	0.048017816688489985
11	0.03405059952293389
11	0.06106612516671637
11	0.04351990333436796
11	0.05114523590713596
11	0.040617411878884166
11	0.04009329697084382
11	0.03938637012820969
11	0.04029891436889234
11	0
11	0.03640880119178091
11	0.050453194110395456
11	0.040716894852022345
11	0
11	0.02935269658672442
11	0
11	0
11	0.024089782846112205
11	0.02288107649877747
11	0.03447546129602132
11	0.03268166672123169
11	0.037227190465691985
11	0.03497052141123705
11	0.022812687695313548
11	0
11	0.094625138602862785
11	0
11	0.06857427149261595
11	0.03543730650047109
11	0.049516637145579315
11	0.04443376796329041
11	0
11	0.024911236348277046
11	0.013225432800183677
11	0.043971879209460406
11	0.032974998291423384
11	0.025574900952571762
11	0.021726279395257543
11	0
11	0.072928566248781
11	0.07553592329627534
11	0.028265209984388917
11	0
11	0.053501321826712835
11	0.05553743987371721
11	0
11	0.011114560621347053
11	0.02472386596808168
11	0.03005626640660065
11	0.03740185785144565
11	0.040227519473673035
11	0.02999159625084028
11	0.03287354983217379
11	0
11	0.0422091563033795
11	0.013963057959229808
11	0
11	0.042534428140387354
11	0.04844002813036047
11	0.013903103012437409
11	0.06306576290952935
11	0.05323892308381213
11	0.025129392902449883
11	0.05100341304034825
11	0.06527979275978145
11	0.03586252595907946
11	0.06544783968135712
11	0.010028842878404956
11	0.09180240143829874
11	0.02891310963140023
11	0
11	0.03880343373310146
11	0.04945452103403126
11	0.018767056156312176
11	0.047741791171413445
11	0.04303086481801225
11	0
11	0.022566937193347878
11	0.031236830467155873
11	0.062306672809566935
11	0.01716686042538014
11	0.021101169511136803
11	0.030948792815958682
11	0.027546883539633693
11	0.02775800813665812
11	0.04372585566062982
11	0.044743494445945026
11	0
11	0.03852090260265484
11	0.05107973583390303
11	0.02927476483756483
11	0.012561457936061442
11	0.046510054874574276
11	0.035414661750288706
11	0
11	0.05345857108250077
11	0.05713899779192516
11	0.04191560966004435
11	0.037027615704055925
11	0.03914234233627617
11	0.03328413154154835
11	0.049027720323292785
11	0.01891342252113512
11	0.026016838916859793
11	0.022896857032198376
11	0.02905035797616436
11	0
11	0.01613294611526662
11	0.035832897251541394
11	0.016422882490191595
11	0.033505430931413345
11	0.03277376533616192
11	0.09175725869752564
11	0.017146287221639002
11	0.019358524404179244
11	0.049565851038989445
11	0
11	0.08976864500576433
11	0.05224873686847815
11	0.0381437229627386
11	0.03208039236479565
11	0.022269558967612135
11	0.022750451334382027
11	0.03756070537655524
11	0.03185059908027213
11	0
11	0
11	0.040017805197724306
11	0.01912909405339366
11	0.029023744462395657
11	0.04141692461651138
11	0.03454671771248115
11	0.03745283122769124
11	0.028591202744176945
11	0.07356414952433815
11	0.055760931862708814
11	0.035553525558662716
11	0.044145836279302915
11	0.020349217919797644
11	0.024691316945914688
11	0.018894112059583083
11	0.06496226498509783
11	0.05636055280455508
11	0.06335155768028446
11	0.036455333704404846
11	0.0560513146509414
11	0.09230029478626406
11	0.04289548778827389
11	0.028881369128247292
11	0.054024073291831835
11	0.020780823688948596
11	0.020913634960673083
11	0.01292146483264008
11	0.027369865874228745
11	0.03001911760932646
11	0.01841486771991961
11	0
11	0.011664503121112982
11	0.08205956457174014
11	0.030197030921926847
11	0.056615618773804735
11	0.09027213518665984
11	0.08110874621679168
11	0.014227436604880388
11	0.03340673396611335
11	0.02343715391660297
11	0.02152671887359994
11	0.040900990869073194
11	0.06276265664434384
11	0.02191319406762651
11	0.050546173013504704
11	0.03513130031425393
11	0.02078577428365754
11	0.06941684417908728
11	0
11	0.10817778921782832
11	0.034614476698475324
11	0.059855925742045374
11	0.05345624669038167
11	0.07967492547599285
11	0.04208690277112562
11	0
11	0.019924392844029346
11	0.03159485114897532
11	0.042747411238771654
11	0
11	0.07008193859156253
11	0
11	0.055722194102276
11	0
11	0.03880402950960986
11	0
11	0.030477632707478847
11	0.027841461852265558
11	0.07233705646903608
11	0.04978316991035547
11	0.0425873036576111
11	0.022930465023950977
11	0.030476184622572237
11	0.08745521676576078
11	0.042857159322276905
11	0
11	0.0577820181470059
11	0.06381149573612178
11	0.043334692829005234
11	0
11	0.06325012180978332
11	0.030856685257566574
11	0.021704980736253023
11	0.030545360333676982
11	0.0764848229955187
11	0.02728188226211787
11	0.049116617832933814
11	0
11	0.026942003795695498
11	0.041357857863129635
11	0.028782610414831718
11	0.03396623578834816
11	0
11	0.04543268880550378
11	0
11	0.024699691872089435
11	0
11	0.04276728289829601
11	0.0319427223249411
11	0.03673870326212113
11	0.0287599219706122
11	0.09975112326517413
11	0.049971644362507346
11	0.06165767410468586
11	0.05421761301510064
11	0
11	0.04041693098249123
11	0.039266148014296974
11	0
11	0.06481132734773666
11	0.0556644984388159
11	0.016659726223783266
11	0.02002347713558603
11	0.03566934695733283
11	0.041819921471903054
11	0.0462520388335172
11	0.10415522817350989
11	0.050751504226785316
11	0.036543185203084506
11	0.022309150977889096
11	0.050467649488572394
11	0
11	0
11	0.0625638667245007
11	0.01923435413219033
11	0.024047241730159423
11	0.03703760828839732
11	0.028811392155095046
11	0.05729956800944882
11	0.038942939387038376
11	0.03441401632571117
11	0.03677580411151797
11	0.09614118814734082
11	0.03135607583225697
11	0.03685117130550191
11	0.027584815552463393
11	0.02493884984569546
11	0.040766982442048155
11	0.04995521785469099
11	0.052041894079921755
11	0
11	0.056131433208942885
11	0.029767319669976564
11	0.021607941203187084
11	0.074325315252801
11	0
11	0.02283748395583557
11	0.019499422929598994
11	0.021039263342165448
11	0.014049253962161277
11	0.06665101778603362
11	0.019515103808141684
11	0.03347884779058938
11	0.06626591578904013
11	0
11	0.019363051472868986
11	0.04508851904284143
11	0.03985565192748963
11	0
11	0.031038130431317458
11	0
11	0
11	0
11	0.023544583889266744
11	0.07677564540749263
11	0.031782506467573156
11	0.037306937599397016
11	0.021129525593448516
11	0.042487426528771736
11	0.024021961472695662
11	0.018304158284051842
11	0
11	0.035568487724834535
11	0.06830975698086786
11	0.03828233511252454
11	0
11	0.03340028519579479
11	0.0193508519953171
11	0.017389314483362735
11	0.026116381872307814
11	0.021273890629798675
11	0.04278318664962017
11	0.02097920068313294
11	0.02369054464636876
11	0.055936064697178337
11	0
11	0.014376573374164129
11	0.09788049383198705
11	0.023936153090807332
11	0.029955538206331667
11	0.043012720126948914
11	0.051490658472621034
11	0.052736639149879805
11	0.09685542449758423
11	0.03902219108599559
11	0.032120783144522595
11	0.0521440941925508
11	0.04736570629929021
11	0
11	0.03634050948247631
11	0
11	0.02872647396124059
11	0.04145332132567875
11	0.01711945442459437
11	0.020748782546113228
11	0.036706953692355486
11	0.04723399534793377
11	0.048794563148775554
11	0.02762416648467297
11	0.02077952296156927
11	0.028050643325112323
11	0.052820773283356326
11	0.03027257338135985
11	0
11	0.022326722918615892
11	0
11	0.017581621577057706
11	0.03953875419015546
11	0.035559109088341145
11	0.024878593780111067
11	0.03595902826601414
11	0.0425359267901275
11	0.04193861880051072
11	0.07479933350735248
11	0.02479549362289359
11	0.02250673926738956
11	0.0404337664601688
11	0.019386689847303927
11	0.04133943223508211
11	0.03647544298778097
11	0
11	0
11	0.05136153493422542
11	0.04071136393838611
11	0.03422073692164903
11	0.03443952399112079
11	0.04949212761505527
11	0.03207535850003156
11	0.041821270927973365
11	0.028161569156085326
11	0.028325312610918002
11	0.04454557945818889
11	0.03830260809047246
11	0.04106354493465198
11	0
11	0.07257819402565935
11	0.01974488172859328
11	0.026557793406648416
11	0.012531578606073629
11	0.03500943634776616
11	0.06599754079880922
11	0.02181279122652851
11	0.040209210491448086
11	0
11	0.037553579468745976
11	0.019890401884196968
11	0.03060587210432793
11	0.031180481329086473
11	0.03893545549215742
11	0
11	0.028452105158283808
11	0.02897219506782705
11	0.03530640785104819
11	0.03172498630089583
11	0.050607187066420235
11	0
11	0.10696761661191473
11	0
11	0
11	0.04779452054222106
11	0.012151030613522074
11	0.03954710776193446
11	0.08443376199297263
11	0.03164336317584821
11	0
11	0.026898047762618317
11	0.03299208213197355
11	0
11	0.011901002374998425
11	0.09437079152759359
11	0
11	0.04474693933523105
11	0.02468185689520302
11	0.07685467571676259
11	0.02849330705482742
11	0.02382218655647665
11	0
11	0.026337723498121284
11	0.040637028314352765
11	0.05002836699576325
11	0.044194033531649746
11	0.03745200110935893
11	0.034958864800496356
11	0.05326515902440917
11	0.09238820315145393
11	0.018117008057553893
11	0.0493448149069267
11	0.03937423741919491
11	0.026618020891211708
11	0
11	0
11	0.05830848215149572
11	0.023094467163782422
11	0.03255422386682075
11	0.014053746476897376
11	0.037951496433902616
11	0.0714928439257114
11	0.024429559140872047
11	0.050806411106941035
11	0.07515443852665707
11	0.05388168091899259
11	0
11	0
11	0.035925771633656206
11	0.019364355962112667
11	0.04133426473358877
11	0.03795410322103831
11	0
11	0.041098117064785014
11	0.02537589956568393
11	0.023855155096383005
11	0.03555757446080415
11	0.07365005413210604
11	0.06600990434281391
11	0.05802513381118784
11	0.038732222131237844
11	0.037577021932486056
11	0.05455945320840905
11	0.01983029057025474
11	0.0217289561300808
11	0.03059457153080264
11	0.02258676862835005
11	0.050512547676103206
11	0.040270703718961326
11	0.04882904076970998
11	0
11	0.020889500313718015
11	0
11	0
11	0.026255279731833663
11	0.08954930728469389
11	0.04347920052526526
11	0.016566678890206313
11	0
11	0.03150154006236532
11	0.033675746664388884
11	0
11	0.030660380045171836
11	0.02795687043054187
11	0.04967111534526109
11	0.01580313779744056
11	0.0231545134126374
11	0.036499610826748255
11	0.04943591036625437
11	0.03793467252602659
11	0
11	0
11	0.0668783325991054
11	0.027368613808645904
11	0.049928246282010647
11	0.0168806972921667
11	0.046905697470376186
11	0.030206116260305383
11	0.028051819765458345
11	0.0174598142178795
11	0.04845998472478381
11	0.03899611152840575
11	0.030667455551041067
11	0
11	0.04082363264290586
11	0.02559047507228914
11	0.05775029424130347
11	0.02492177485102302
11	0.06280441500793041
11	0.054312750854828354
11	0.04832545281482589
11	0.0570407796407419
11	0.03284925397215512
11	0.06112353078446073
11	0.061068716076397044
11	0.03479203573803311
11	0.09035314592166488
11	0.02289402946675138
11	0.06266604764924893
11	0.019160678899443364
11	0
11	0.06842290438056664
11	0
11	0.07136127987530684
11	0.032499650444366805
11	0.02533058501574828
11	0.05538798075699609
11	0.06452554631613479
11	0.0745497522001704
11	0.05211841766273662
11	0.057986004297833564
11	0.024274600230005973
11	0.023819838293204935
11	0.03552775813990204
11	0
11	0.020350967074839642
11	0.06263901684935784
11	0.03431311865064701
11	0.03524632502473798
11	0
11	0.02342574863858877
11	0.03801419491668099
11	0.04160261755725032
11	0.08000292373014785
11	0.043756444259140874
11	0.05274482528324817
11	0.06910433681742996
11	0.017296480416010014
11	0.04457249223986248
11	0.024082306116983067
11	0.12833729184078765
11	0.03366587097608347
11	0.024716074278010827
11	0.03274466231592805
11	0.029760040803633696
11	0.01351742213513438
11	0.029534215402692836
11	0.034554682902065
11	0
11	0.06999264068107008
11	0.030372610687205957
11	0.050796166369990035
11	0.03516911806187023
11	0
11	0.057268122117761125
11	0.06959995311026967
11	0.04687190823416884
11	0
11	0.0484261768808355
11	0.05163594385551067
11	0.02094871780104206
11	0.023706578500172958
11	0.042523209256381894
11	0.03249971023465125
11	0.02811587564935602
11	0.037028823225656454
11	0.014892576138927669
11	0.017706190159477133
11	0.05220577520180836
11	0
11	0.06964223046970172
11	0.04694136160862499
11	0.027379876137668582
11	0.051341842500468714
11	0.0367289437457943
11	0.03845246292631929
11	0.06963082873206917
11	0
11	0.05330447000568189
11	0.052707048804559564
11	0
11	0
11	0
11	0.03987500052841756
11	0.02270786449677726
11	0.033768791895268026
11	0.022627697140505325
11	0.06975380096597993
11	0.02349792150415016
11	0.030515816600718976
11	0.048994171896756165
11	0.04119142844853649
11	0.05306522779668338
11	0.03855158289925733
11	0.048165760545705726
11	0.05524647475048775
11	0.022885507689215517
11	0
11	0.023661953736590868
11	0.04175429614902838
11	0.038737703841766856
11	0.027135761540593075
11	0.04029871027077614
11	0.019237439613593112
11	0.04407681833895558
11	0.017409929723478643
11	0.02941126714864599
11	0.0227085460163565
11	0.05221037600084504
11	0.04055250502835725
11	0.05212822872464183
11	0.013310162180973997
11	0.036424487550871736
11	0
11	0
11	0.025357214772728776
11	0.02982474171913211
11	0
11	0.07874920226974655
11	0.043020554764551654
11	0.02547913679387655
11	0.07610600694583539
11	0.03602849232518316
11	0.04512829338434868
11	0.022095580870164933
11	0.0645308217912787
11	0
11	0.05695879937444347
11	0.039529656916346516
11	0
11	0.05366619687860112
11	0.05269344857800579
11	0.06881497860549593
11	0.05151384394067981
11	0.023162927376229308
11	0.04361129773599477
11	0.02409124269040741
11	0.026966397018688644
11	0.05951716539695291
11	0.04410795381819328
11	0
11	0.013901040766461068
11	0.025983819076027877
11	0
11	0.037768684284905
11	0.07317857055247425
11	0.03419475282108418
11	0.03531852929932013
11	0.025442521849799164
11	0.021184700087107662
11	0.04608066566167165
11	0.03764243785307777
11	0.044719153841489515
11	0.017819660768188184
11	0.026906749120644325
11	0.03310238410069413
11	0.06466950475625327
11	0.020725710925532548
11	0
11	0.0366461233424002
11	0.020096675389935356
11	0.03351196124677117
11	0.06757219927958076
11	0
11	0.051163576852712396
11	0.041851331298063614
11	0
11	0.01909084411751247
11	0.026560285083427674
11	0.04448621085756938
11	0.023453939319018517
11	0.044192318763470864
11	0.016058453590286098
11	0.017499786935976928
11	0.043554770430081526
11	0.030981220728581463
11	0.039911783077908575
11	0.02130704178156397
11	0.034065454817396694
11	0.021417562245849606
11	0.040363600170266495
11	0.1407802945328214
11	0.056650700532931156
11	0.08413003122204134
11	0.0547863744760307
11	0.037902250406914924
11	0.04891886683748967
11	0.02253083828059253
11	0.023420530585562253
11	0.04531180875530719
11	0.049166366119574784
11	0
11	0.09880757973851632
11	0.033901587960785046
11	0.0560851879190131
11	0.07973030550346993
11	0.017558157957291994
11	0.04013498312233618
11	0
11	0.05853239704062804
11	0.03782327636980776
11	0.028426971247091294
11	0.08303185635354879
11	0
11	0
11	0.032385904594064374
11	0.021523687564666286
11	0.04039868732138467
11	0.038549016547229545
11	0.06829217100279333
11	0.04387898620484886
11	0
11	0.013714027011511556
11	0.023677847382123397
11	0.019209055409329687
11	0.059324668971597314
11	0.04646452280345248
11	0.0439933718643724
11	0.04752584636862319
11	0.05535867698551901
11	0.023263651405163382
11	0.012458950055441483
11	0.02180742431028253
11	0.041586152934477705
11	0.02709894362588804
11	0.0479879919894377
11	0.042615830153463555
11	0.07425588051172279
11	0.021211026306952666
11	0.07735650529958275
11	0.05311578665004102
11	0.02146912839150824
11	0.03141196210105946
11	0.035454032869486056
11	0.014650562520756102
11	0
11	0.047153212379020884
11	0.030620877537334137
11	0.06793738336098873
11	0.05678328608482895
11	0
11	0
11	0.0254506438391629
11	0.02187990578945215
11	0.02664593268429686
11	0.026966667737570622
11	0.031957701738058474
11	0.04143243274669157
11	0.023578069187019043
11	0
11	0.08292017463641677
11	0.017321300665115055
11	0.019802593672809687
11	0.024212151516570274
11	0.031195715713574806
11	0.03305100400744083
11	0
11	0.03235896782614694
11	0.06438370228858355
11	0.022712103554720198
11	0.04218819752285583
11	0
11	0.07171232218039601
11	0.05266248101136441
11	0.054621430842425094
11	0.06932554016487467
11	0.02620876651521909
11	0.025530425263253827
11	0.0632485066466772
11	0
11	0.02044131481352367
11	0
11	0.02812766374203586
11	0.08233564181800422
11	0.013457314561760032
11	0
11	0.02321747666306253
11	0.016344325466668645
11	0.040685565526260487
11	0.03696314923949043
11	0.05475973016577179
11	0
11	0.01737932088088909
11	0.03265081502212645
11	0.020490819804324722
11	0.04339646065735253
11	0.02561897631348349
11	0
11	0.02991838102001565
11	0.04442691201618201
11	0.01742228454165911
11	0.09357664290565756
11	0.04518408738689379
11	0.057595787850087954
11	0
11	0.029039498486720924
11	0.05477757649956738
11	0
11	0.04835079470755685
11	0.05652373776252316
11	0.030981670279960617
11	0.018378666275013025
11	0.0221344760156126
11	0.011608125989910553
11	0.016399942263322847
11	0.0504075153984326
11	0.04707867868316187
11	0.039737875905615436
11	0
11	0.03483699161439076
11	0
11	0.05472915727856413
11	0.04038325164100295
11	0.015822621271641538
11	0
11	0.04500894373560733
11	0
11	0
11	0.019283913557747032
11	0
11	0.03157417499563337
11	0.06519653736354662
11	0.028539899709244986
11	0
11	0
11	0
11	0
11	0.03332804502011272
11	0.047490781877162005
11	0.06008507511622686
11	0.01325119667708868
11	0.04475997325005699
11	0.02205026332129991
11	0.03877134482176175
11	0.039868382713737674
11	0.014209401599238362
11	0.028750771242068235
11	0.01654557280011542
11	0.07458008000215614
11	0.023087205230615325
11	0.07093893114311844
11	0.01782956181429327
11	0.012167724583836984
11	0
11	0
11	0.040212288875945176
11	0.026958893477666408
11	0
11	0.033097320323173765
11	0.016090560372829767
11	0.027955325222191456
11	0.038048975982590626
11	0.04704276706560877
11	0
11	0.018070709826995563
11	0.04910611793655252
11	0.03221253418800549
11	0.06432875831536203
11	0.020912350713196057
11	0.02675353715365309
11	0.03908607730158201
11	0.04245975722363453
11	0.025703017116127172
11	0.027241454342010453
11	0.02396558448067955
11	0.02945590634209162
11	0.020697942979076654
11	0.03259221675106375
11	0.05896223345132264
11	0.039375070893096435
11	0.04129417007162844
11	0.03902285477742733
11	0.02279424116756851
11	0
11	0.03638262340633079
11	0.016882732338516976
11	0
11	0.023415823274213942
11	0.048998861356181145
11	0.019519943592797313
11	0.023024465736175396
11	0
11	0.018167776776987443
11	0.026054874480841286
11	0.027554242593431526
11	0
11	0.03215386811206261
11	0.051287927771712705
11	0.025238516510020396
11	0.03375025229321409
11	0.018047324210278583
11	0.06016117410266744
11	0.02928762298550472
11	0.01743922196575078
11	0
11	0.0354803792067149
11	0.03345014070456961
11	0.029468885899418935
11	0
11	0.05013324776023632
11	0
11	0.022109140346482387
11	0.04187674443124963
11	0.04129618545411397
11	0.04551212535629818
11	0
11	0.03711533814544411
11	0
11	0.03204180741323809
11	0.08264793560217369
11	0.04688544037696011
11	0
11	0.037115981084525865
11	0.025268919115666276
11	0
11	0.03197946523138776
11	0.041293123203494084
11	0.03420963450573449
11	0.04362810622462847
11	0.06748297347427307
11	0
11	0.022717682522834952
11	0.0525631117699264
11	0.03128165477637607
11	0
11	0.05114576068702212
11	0.032638602383686675
11	0.034554004918225995
11	0
11	0.02088681730945451
11	0.01870707905976061
11	0.068016268875063
11	0.016695199038140873
11	0.021567870576629414
11	0.020305867786160482
11	0
11	0.0663789056661444
11	0.014665505261908735
11	0.0616115341938185
11	0.05301937148318531
11	0.026745742853997955
11	0.11456174243207103
11	0.0796911528780566
11	0.059484154823035464
11	0.016197375962923595
11	0.05609273893912546
11	0.03810721808834472
11	0.04123590881611439
11	0.08823655947758433
11	0.08389668846967087
11	0
11	0.09764718599781617
11	0.03974149955367876
11	0
11	0.043996269939125116
11	0
11	0.048499498777173605
11	0.07803812191317741
11	0.04194469465867049
11	0.04618774597825071
11	0.050681302019824966
11	0.031124977313890145
11	0
11	0.05421158534723574
11	0.03206270874459078
11	0.009464217838326365
11	0.03110627075841201
11	0.03204949891006924
11	0.04526816787463656
11	0.038658086035501714
11	0.061096806371082654
11	0.04708796545846586
11	0.03283461574923079
11	0.03141811756831227
11	0
11	0.06851762306868592
11	0.017394901129971378
11	0.026578078455677695
11	0
11	0.03045290547402971
11	0.03737796598299027
11	0.03666655113919406
11	0
11	0.031125834221257635
11	0
11	0.030140289624302655
11	0
11	0
11	0.035477223453634445
11	0.039486154154151965
11	0.043020162624528076
11	0.025413358363771274
11	0.024239269333575213
11	0.030802873763745426
11	0.04518836804208118
11	0.05362074115129821
11	0.06980373774700963
11	0.02601411343311487
11	0.0472197087992822
11	0.02745704770575379
11	0
11	0.03174869292739878
11	0.03476344160471513
11	0.037038766128535155
11	0
11	0.017517194327799017
11	0
11	0
11	0.027640984640766683
11	0.03811772472889697
11	0.03562517499097271
11	0
11	0.030227074087921565
11	0.033685319050752394
11	0.03542465765338919
11	0.028742667121576117
11	0.02502676343280073
11	0.02099066962704935
11	0
11	0.031071349001656003
11	0.013036581320644672
11	0.03176320274081716
11	0.040928056943193375
11	0.02855117870642273
11	0.0466993106701967
11	0.037095498164260256
11	0.04018289172280703
11	0
11	0.03071726576534076
11	0.0726283247271018
11	0.06228078112372975
11	0.03522855804540331
11	0.023316198705891213
11	0.06572730270162086
11	0.07485678326871584
11	0.018822369039392505
11	0.030692998583417633
11	0.04220643466740913
11	0.018639782263707223
11	0
11	0.014162241155394783
11	0.04411127588027982
11	0
11	0.014927295322842414
11	0.028428526348061322
11	0
11	0.031045479651300494
11	0.023843717288457206
11	0.044688823468750374
11	0.024375142195609562
11	0.053289295773465833
11	0
11	0.013939545193234863
11	0.04592724296464355
11	0.04505803610898479
11	0
11	0.02623127835903896
11	0.0176091534812319
11	0.04151949108814157
11	0.02221949593494854
11	0
11	0
11	0.03827978367075192
11	0
11	0.028619020681410406
11	0.03651246197374794
11	0
11	0.046542666871767877
11	0.05290974660344054
11	0.022919276796435076
11	0.031133753009639956
11	0.04136454565217229
11	0.03340400211804761
11	0.049558353223295756
11	0.05514567955264563
11	0.04042165133539944
11	0.01876406773558319
11	0.016347722942940394
11	0
11	0.02313100477595507
11	0.03892515679133669
11	0.030365037307234614
11	0.01183010653149882
11	0.037044368219845365
11	0.030791148543018336
11	0.08423560934810378
11	0.032930145577511345
11	0.019285003234061307
11	0.04212084938082102
11	0.042909037023163836
11	0
11	0.04755786975307422
11	0
11	0.01839841060104905
11	0
11	0.027374746296816833
11	0.06223657545015641
11	0
11	0
11	0.02483778421909902
11	0.10758377042469947
11	0.028093756724261593
11	0.09871726570334922
11	0.019585023345145273
11	0.07207627075439053
11	0
11	0.027846847393355908
11	0
11	0
11	0.02485098223267436
11	0.03582122605657419
11	0.040918187274977674
11	0.05410871642366553
11	0.021037715804656205
11	0.050240672370613894
11	0.06890622321507348
11	0.03132492534848142
11	0.04225813279144341
11	0.029383616016061733
11	0.04295492192865859
11	0.044921908380688776
11	0.048370308146048854
11	0.04383482244065661
11	0.037551564471327833
11	0.04472313841069207
11	0.03580874996264435
11	0
11	0.03042018221300587
11	0.04550421654665066
11	0.0413218314320813
11	0.030374359356897487
11	0
11	0.01568611359423356
11	0
11	0.029637177779393266
11	0
11	0
11	0.022347194395611253
11	0.017474968912436037
11	0.04020316968990829
11	0.034006320794357885
11	0
11	0
11	0.024141177620665574
11	0.02033208096824045
11	0.02976966121323524
11	0.06860839558140641
11	0.0672962269136152
11	0
11	0.03938917232053306
11	0.027095064901775347
11	0.0664648402465369
11	0.03867582932571226
11	0.042796715392801304
11	0.02438515596079451
11	0.022162981287553545
11	0.039962302012671064
11	0.04797422864576774
11	0.024918204554444597
11	0.01965996557543736
11	0
11	0.041469795222022085
11	0.018572981434971624
11	0.041991021546345
11	0.03700725384982018
11	0
11	0
11	0.05078099532048501
11	0.05121338527715859
11	0.036009597417561
11	0.06891330437997249
11	0.034872548523666703
11	0
11	0.025664984716475697
11	0.05049092416312407
11	0.046671445722834125
11	0
11	0.04966384227031668
11	0.03879757438271557
11	0.022145760459406805
11	0.03378001117209411
11	0.01629554464322165
11	0.024210048369908914
11	0
11	0.04867537837697811
11	0.022144517101785607
11	0.022642595346949023
11	0.02540100473272566
11	0.05010224314605922
11	0.023709525450714614
11	0.07009281776874694
11	0.02963104389521426
11	0.05395127494041954
11	0.02915460753255415
11	0.020804632208929256
11	0.0946984888126006
11	0
11	0.022479654751159893
11	0.02903546473337365
11	0.023919616477554532
11	0.03638169906113565
11	0
11	0.062283337908386624
11	0.05947750784800738
11	0.0604343804340575
11	0.036139115079812476
11	0.028582414525022956
11	0.03354149426260013
11	0.028140980168763152
11	0.027831516431872348
11	0.07735783046778624
11	0.038325919458370404
11	0
11	0.02328395405708169
11	0.016041068038884807
11	0.02396867024466633
11	0.02358091625289019
11	0.021954759460949446
11	0.06486681514478704
11	0.027816003077451915
11	0.044638724276313164
11	0.035765059848259985
11	0
11	0.031888640750572204
11	0.02159979877718072
11	0.06168151684061369
11	0.08066888324327261
11	0.04047819212537681
11	0.06724086215435587
11	0.03024328405481691
11	0.02524905176435731
11	0.013136383488314507
11	0.03465140563592245
11	0.03752752374626909
11	0.030823423153092593
11	0.02789506760540347
11	0.05428611068620713
11	0.0638676145418794
11	0
11	0.05184370997756855
11	0.041751462798450475
11	0.08148741454418276
11	0.033636937623105906
11	0
11	0.019632879407391668
11	0.03032591492296595
11	0.0347760585613278
11	0.07368998458840428
11	0
11	0.020907254157127256
11	0.026280792324680446
11	0.019848078550841065
11	0.07813950002512851
11	0.07050869740779593
11	0.03808438222488224
11	0.016253077011256487
11	0.05541594911337253
11	0.04344034210020615
11	0.03462551951418489
11	0.017641203170174934
11	0.028013596144700594
11	0.028149747542298688
11	0.017510999725437796
11	0
11	0.027520437283195653
11	0.08072241902769353
11	0.07416294282629186
11	0.023298420397688403
11	0.06901515435343925
11	0.05078530524513566
11	0.03857591183437217
11	0.024159590696240643
11	0.07671180999379319
11	0.0403643385595862
11	0.03596501936871207
11	0.026105333589032165
11	0.021266864434967996
11	0.020993337491314663
11	0.04292839606602196
11	0.03422057119008707
11	0.03846221098265805
11	0
11	0.049199754218172034
11	0
11	0
11	0
11	0
11	0.037092026787695714
11	0.05515988903487423
11	0.023947462656112934
11	0.03177522695865791
11	0.02715662593230174
11	0.05209686347996783
11	0.061656965267886145
11	0.06574207051068925
11	0.06859525010654262
11	0.07203212087566718
11	0.0174136956975147
11	0.05540847680217173
11	0.0434423585797312
11	0.05792077928999904
11	0.023500004819963467
11	0.06193608184571571
11	0.02522372014331723
11	0.034957206147756416
11	0.06343418892243242
11	0.01112686335388349
11	0
11	0
11	0.03083673053276683
11	0.0210681527048649
11	0
11	0.02635859647038965
11	0.02586773253648591
11	0.058473042968647415
11	0
11	0.057871073333326355
11	0.05372573025523476
11	0.045948572012116676
11	0.017492955783860013
11	0.042467631721875905
11	0.028796350634471887
11	0.046273384374208575
11	0.037165151130520574
11	0.06489598420733284
11	0.024735632334655325
11	0.11960824082321116
11	0.02537820796614397
11	0.042177026833091
11	0.03715893639614488
11	0.024310116114960166
11	0.026694036624152217
11	0.042014332862702924
11	0.02243655222788552
11	0
11	0.045686523842729955
11	0.040524463482376746
11	0.06544235595512254
11	0.020654539625026728
11	0.015534012598056543
11	0.03926415732754725
11	0.02790980946557946
11	0.0460368932358519
11	0.01741448467407628
11	0
11	0
11	0.01523209612469132
11	0.06168599989534147
11	0.0337023228356189
11	0.016740183033434174
11	0.013087277147824638
11	0.038522091095820776
11	0.02505896061732844
11	0.058326114270925204
11	0
11	0.042743750358658135
11	0.023284760634832584
11	0.01793348445125336
11	0.01911348016693261
11	0.04047231975754132
11	0.028575789602916433
11	0.10253669632672871
11	0.04297623316854464
11	0.01843864586531752
11	0.03265644812145408
11	0
11	0.029123073615711828
11	0.030766988854667734
11	0.04788649456895015
11	0.05406439888629839
11	0.04583861580552517
11	0.029704000643676856
11	0.05398026582289064
11	0.012223707650487383
11	0.041735521275028414
11	0
11	0
11	0.07151708961996915
11	0.042787516988015126
11	0.019115534726743672
11	0
11	0.01860992922011277
11	0.03439740348350947
11	0.05525361394291138
11	0.032047589719253665
11	0
11	0.0438602667080476
11	0.070288668322354
11	0
11	0.04659363150139664
11	0.02414797883326849
11	0.03253174995318464
11	0.03383690676413748
11	0.01967950447195163
11	0.034051658372325724
11	0.04462090768879588
11	0.03486072232113077
11	0.016403599324976502
11	0.012532167449457444
11	0.02659087869517172
11	0.0648754943567321
11	0.02814361134014362
11	0
11	0.053652553977347674
11	0.06618243511186911
11	0.027966585840514865
11	0
11	0.02923421329954067
11	0.030565737466473022
11	0.07538511498233565
11	0.03396787993008671
11	0
11	0.02304752134923219
11	0.06775593030212272
11	0
11	0
11	0.02911754239752012
11	0.02409255005467455
11	0.019363921388816634
11	0.11768219245347816
11	0.050572393365322384
11	0
11	0.04844316607436148
11	0.024948795195710912
11	0.013576102789638538
11	0.040773122225676334
11	0.024658184431153418
11	0.029434194517173492
11	0.025271975637244617
11	0.03477588118490909
11	0
11	0.04722889319147081
11	0.021864714406694317
11	0
11	0.06252328598962188
11	0.0476649440832018
11	0.021410223553776676
11	0
11	0
11	0
11	0.04520385935584291
11	0.022567411624336203
11	0.026054277034596608
11	0.06899827496896872
11	0.021413490483501402
11	0.04335159173655591
11	0.06765300007549514
11	0.04542160713900706
11	0.03426771694945814
11	0.036520994434226225
11	0.02289948034865381
11	0.027122740445880048
11	0
11	0.007119774205628509
11	0.019970513881421896
11	0.025365445310910614
11	0.057307588334668536
11	0.015232741153544432
11	0.08366748925050506
11	0.04939666878157594
11	0.03930413204424273
11	0.020688140908952657
11	0.04278977151504849
11	0
11	0.018000167265430536
11	0.027684893011724502
11	0.03088028125960677
11	0
11	0.042556140050619966
11	0.03707277676840367
11	0
11	0.04116323946876523
11	0.07211625739612436
11	0.09895240876372491
11	0.029214837407418707
11	0
11	0.051080284298576036
11	0.04584085865458414
11	0.021807261793944342
11	0.010616100266934965
11	0.0545755801679713
11	0.04146664409519263
11	0.05570199010741809
11	0.02081653308789333
11	0.03799349064181045
11	0
11	0.06423261130404773
11	0.030732691055792342
11	0.05310903270434893
11	0.04869375837890225
11	0.018611405573115178
11	0.07443517936202519
11	0.029156089851577506
11	0.0294304851840087
11	0.030441135345448282
11	0
11	0.08633964284353618
11	0.02152458293307339
11	0.02280200565604004
11	0
11	0.0253133246304728
11	0.07285875976560739
11	0.02293219767316086
11	0.015036277317279734
11	0.02256761846437578
11	0
11	0.03256599666338948
11	0.024559199785903686
11	0.04199864659499309
11	0.044842671988218584
11	0.035880156781520234
11	0.06912280348353053
11	0.03761613353175901
11	0
11	0.057502545224284454
11	0.02775892642029698
11	0.018963907143288675
11	0
11	0.02643880795827302
11	0.025874380637773586
11	0.029407011563969812
11	0
11	0.015044979473872774
11	0.020600935667883836
11	0.03517751387414979
11	0.04654761759932608
11	0.032247840754478514
11	0.015154595868171123
11	0.040702702485519784
11	0.013544955782927881
11	0.017781399701595826
11	0.05659111787553409
11	0
11	0.04683260794074218
11	0.02955062370440308
11	0.0351071887293011
11	0.05708485076160862
11	0.02507733043908624
11	0.027268105629168524
11	0.056847046999281656
11	0.04707152889738612
11	0.028284742967069086
11	0.04931049692989864
11	0.013876002813086107
11	0.03367247664662133
11	0.04142068864039518
11	0.01341389346674858
11	0.02350748149463761
11	0.02500681635369444
11	0.058743046460508305
11	0.04543951187722573
11	0.017638139166184626
11	0.03370344752574134
11	0.028152688158392468
11	0.06257330798680572
11	0.04442381468399894
11	0.03395678327477873
11	0
11	0.030806833505113467
11	0.02572313005125885
11	0.07878177218915312
11	0.02411991434022294
11	0.05452245172144796
11	0.03785326943344252
11	0.028863582377520066
11	0.032983187257937335
11	0.011321136014369503
11	0.05409509844013829
11	0.04610367169023225
11	0.04448380566009693
11	0
11	0.026335449553880712
11	0.02540400290938904
11	0
11	0.03478069013754011
11	0.02412160918153672
11	0.051030031949226395
11	0.03934524743008357
11	0.018388895616240117
11	0.02321956270656089
11	0.04198867737727508
11	0.050612710487757256
11	0.0319266544429072
11	0.04548084506209957
11	0
11	0.029917337938395523
11	0.04404988153100509
11	0.031040208618850634
11	0.10150979969279841
11	0.06720757459054656
11	0.013868591921972014
11	0.03732635951743912
11	0.043326730205570846
11	0.025789029303877414
11	0.052050238370629574
11	0.0797920281759718
11	0.04143330814491136
11	0.03386522024053066
11	0
11	0.01744695915544892
11	0.07203232517244895
11	0.032366625130958046
11	0.10274122038266614
11	0.03505813490574601
11	0.03735685390456431
11	0.02339067415315518
11	0.028215642228435298
11	0.031143294354657677
11	0.016271336702715765
11	0.029678905338981227
11	0.0456414955931974
11	0.09681527785559627
11	0.03246734084506843
11	0.038691171099390256
11	0.02305817592568978
11	0.03832478203481292
11	0
11	0
11	0.023972751468875828
11	0.03599068588966994
11	0
11	0.053464164756615855
11	0.021402565954396248
11	0.03498843914553018
11	0
11	0
11	0.04196608063302017
11	0.05255745615651094
11	0.046222786350017926
11	0.032541502925360774
11	0.035194436868095744
11	0.04562472396407541
11	0.045146766007797205
11	0
11	0.028720002685232393
11	0.01812984114600593
11	0.017410151348631574
11	0.03687412235648946
11	0.0420084497057271
11	0.025086340739171566
11	0.03173718458209807
11	0.06592642788760165
11	0.017962812982080006
11	0.029293382143266287
11	0.05002574837420376
11	0.02149856579584627
11	0.05530911941388676
11	0
11	0.05270874919234881
11	0
11	0.027194156161191786
11	0.0625405342802292
11	0
11	0.05736410910664492
11	0
11	0.02518298707011981
11	0.026652553502138493
11	0.03429924097204157
11	0.036922546314888303
11	0.0838549092546527
11	0
11	0.036121955530057856
11	0.03613022532918528
11	0.034788226984729234
11	0.05663281923130438
11	0.03606098738876436
11	0.032205080839366615
11	0.015699780483283823
11	0.036964249614655595
11	0.037955432227729916
11	0.0249629427348849
11	0.034478600499607645
11	0.05968677035398869
11	0.035887967578295155
11	0.03377732138235982
11	0.05055457119819325
11	0.03216525494292903
11	0
11	0.04119536508238468
11	0.030293755510729724
11	0.029468299847273317
11	0.037188694222226426
11	0.033421143394399784
11	0.03641439799212015
11	0.03756651248254422
11	0.04903569696182711
11	0.028396103906357988
11	0.027834306570832024
11	0.09381016190566198
11	0.03141229992499506
11	0.03632100948216474
11	0.013176535424381606
11	0.02744991779728923
11	0
11	0.05982192587821092
11	0.07378502215266829
11	0.04731077750527431
11	0.02241708352482101
11	0.03563235816060417
11	0.03363294731743797
11	0.04264097664370959
11	0.020098831493231602
11	0.03148391042685477
11	0.05800249517679035
11	0.06285509796680266
11	0.02165070778062722
11	0.06168621873409548
11	0
11	0
11	0
11	0.039468120955525585
11	0.04478929426834952
11	0
11	0.03847618785565304
11	0.02765814828890634
11	0.07221876039630024
11	0
11	0.06649407129924355
11	0.04597201456305446
11	0.07309322929193192
11	0.01884645181673715
11	0.06391994130543627
11	0.05665412965926268
11	0.0651321752998409
11	0.06290766133605355
11	0.09068219364580613
11	0
11	0.014444058808709335
11	0.02715982406511422
11	0.024082420087018865
11	0.03066107943981736
11	0.07531176280258144
11	0.02384471130772504
11	0.02221636534905438
11	0.023479386578645237
11	0.023589295128471792
11	0.042980692156161744
11	0.08869534145907
11	0.04507124850942224
11	0.019844777363556894
11	0.025678022291230607
11	0.011662219661249883
11	0
11	0.04764117051329762
11	0.031241181924070834
11	0.03410180078012281
11	0.04523680803045439
11	0
11	0.0991126780781703
11	0.07369465216704749
11	0.03172880095212657
11	0.02590914987033356
11	0.05172600417269885
11	0.03566854620102076
11	0.044942913930107645
11	0.08471151277067873
11	0.0476726829235972
11	0.08064903929504029
11	0.032717847138445603
11	0.06574981627451164
11	0.028617859117580233
11	0.02735711762562067
11	0.07348747275334214
11	0.027176481080466938
11	0
11	0.07108689511196035
11	0
11	0
11	0.028824686600290868
11	0.09148666520366895
11	0.07379798927092779
11	0.06892025655540973
11	0
11	0.04477809570484218
11	0.033901617795332364
11	0.007522244656982698
11	0.02798475871207674
11	0
11	0.03248024234889587
11	0.051987395411632366
11	0.04128794694163092
11	0.06304884594458077
11	0.04081137711342019
11	0.026182044722938797
11	0.13260195628330956
11	0.05644964592692753
11	0.05547155383490034
11	0.02986352992385836
11	0.025595587728925322
11	0.021427182247875473
11	0.02420832289498836
11	0
11	0.03365544238110885
11	0.049715648768760085
11	0.01874888654061299
11	0.022819404894001773
11	0.05222921190562095
11	0
11	0.01826324803783778
11	0.04913595928680625
11	0.044620793835760356
11	0.019203435697715578
11	0.02122116833820115
11	0.06471080034990281
11	0.02410237969386575
11	0.03382355013611246
11	0.029402386316551878
11	0.015618158696098896
11	0.04206035166222283
11	0.046931603586152434
11	0.05902570556625045
11	0.02457625414674417
11	0.024078631636376004
11	0
11	0.022544024172961363
11	0.04791210654163823
11	0
11	0.07441539924023767
11	0.05477363680462627
11	0.028711757649514356
11	0.016248387159952207
11	0.030896202554498424
11	0.04013105919019959
11	0.04260029309469928
11	0.05419492539354529
11	0.0208877886027272
11	0.03464909060414909
11	0.043853497314703914
11	0.0161703746760166
11	0.049608870135901616
11	0.03694041383378707
11	0.06083133365194233
11	0.039469644576472465
11	0.03279085217563375
11	0
11	0.036233338625173
11	0
11	0
11	0.030505462315674848
11	0.05131542462052579
11	0.10758418654129129
11	0.01966548318458881
11	0
11	0.06256675206366832
11	0
11	0.012810623973929762
11	0.07530504959196256
11	0.03516029355004065
11	0
11	0.03303428189493336
11	0.07545810999118437
11	0
11	0
11	0.03868333062475164
11	0
11	0.0388914737965684
11	0.029849786219204436
11	0.02345180765330974
11	0
11	0.017374801630400286
11	0.027638179209577986
11	0.04810405857991652
11	0.04528972848733027
11	0
11	0.022791997995137536
11	0.04341352710503759
11	0
11	0
11	0.07578982580944678
11	0.03577208129568657
11	0.03227800049839413
11	0.012409113215038816
11	0.04039728913190393
11	0.01704280989668166
11	0
11	0.04047408760137354
11	0.030363160435977393
11	0
11	0.012122072255672968
11	0.04192576361144751
11	0.02935580309082114
11	0
11	0.05818051215726971
11	0
11	0.049472950904077696
11	0.08657658505578626
11	0.01588911733774941
11	0.016076459744802974
11	0.03091064969025475
11	0.043050054126767205
11	0
11	0.03758736325738393
11	0.016567008557047156
11	0.015935117953684054
11	0.03181147245453302
11	0.06171288127884851
11	0
11	0.018981081066248573
11	0.01601659090650662
11	0.02191290190826635
11	0.03316723794456701
11	0
11	0.07118458911667462
11	0.03905293044754371
11	0.05631726472730356
11	0.04557261425047683
11	0.030728267625772684
11	0
11	0.04144124561041014
11	0.019755701566055345
11	0.056471665453352006
11	0
11	0.047623968678518834
11	0.016483084781811423
11	0.053527152328062225
11	0
11	0
11	0.07406515184701676
11	0
11	0
11	0.03729433740458735
11	0.023943179522833584
11	0.055010073529215074
11	0.04756670810902423
11	0.01976397041473625
11	0
11	0.018988112526209085
11	0.027902365781788587
11	0.03393467461779136
11	0.0394838610750459
11	0.04916482126275379
11	0.033088628311088844
11	0.04124300875767144
11	0.0340062732772459
11	0
11	0.024218682131375117
11	0.08270430425671471
11	0.06759895950968146
11	0.0251616837792219
11	0.020146075483431097
11	0.06402854735044307
11	0.0274614611893503
11	0
11	0.025074005589571652
11	0.020428395780089186
11	0.054744347115737155
11	0.027250648163031937
11	0.06878720388489556
11	0.01828771296657258
11	0.0436070356057879
11	0
11	0.04075500029001394
11	0
11	0.027508999108061673
11	0.023328192541519337
11	0
11	0.06684352520439234
11	0.03207307738950708
11	0.02536547051345013
11	0.0283921685484154
11	0.016389709636942223
11	0.054904625630707006
11	0.06375407762424959
11	0
11	0
11	0.033159876602161305
11	0.04936837745733087
11	0.03904631132278612
11	0.04677323440119161
11	0
11	0.026098980062616933
11	0
11	0.022202729963537726
11	0.06394654209264206
11	0
11	0
11	0.03552847144622633
11	0.04113322183923838
11	0
11	0.025608311638147092
11	0
11	0.03522603186078299
11	0.059050568164624756
11	0.026511040088447593
11	0.043054707128803764
11	0.036737137713079016
11	0.04759663193069095
11	0.09215329845905375
11	0.019103517210216754
11	0.0369262159236986
11	0.04362870845672185
11	0
11	0.02169945804926487
11	0.018649625805694618
11	0
11	0.024793681604849255
11	0.05607300056035233
11	0.029026161494410646
11	0.020926921239301073
11	0.027433427482156204
11	0.03238000176280996
11	0.023243218565307342
11	0.06221573245302246
11	0.053496005012991364
11	0.0804028336703467
11	0.01691398930926483
11	0.03471270849236575
11	0.06849550272256834
11	0.02816582076471869
11	0.04332576926090702
11	0
11	0.06133231147629591
11	0.03364736253018555
11	0.04204002480721276
11	0.029322859298370803
11	0.052038962556524945
11	0
11	0.04490030282402916
11	0.04083638386569134
11	0.0204786073560764
11	0.040730326796402
11	0.04020401579072555
11	0.018436112769582652
11	0
11	0.038709010197250864
11	0.019925586984867048
11	0.02770364239413188
11	0.03266905345945366
11	0.040381545729199525
11	0.030556607766694863
11	0.06137570273937884
11	0.026581817785739446
11	0.06481729191031375
11	0.03703885173661707
11	0.018107306806089678
11	0.046190158993813464
11	0.0324521895776701
11	0.05710356474879787
11	0.015450646932239907
11	0.03272464081985332
11	0
11	0
11	0
11	0
11	0.0329427235122959
11	0.034014754091791374
11	0.05414301577278114
11	0
11	0.06643683902600636
11	0.028801977890908277
11	0
11	0.06879387626553782
11	0.04715761485171828
11	0.044984186345223186
11	0
11	0.011519683274082553
11	0.0583700342771065
11	0.018925964580098965
11	0.05425849680942189
11	0.024728041637488846
11	0.06217100491845762
11	0.03020688344633693
11	0.02227902211186966
11	0.027568871230506775
11	0.030722230084548354
11	0.0164883284263032
11	0.04394776137423071
11	0.01912297070878955
11	0
11	0.014067230742553904
11	0.04043787723448972
11	0.043433739921229515
11	0
11	0.02914970607488042
11	0.08923805598070755
11	0.05464946298493038
11	0.05935583625129074
11	0.022091166258748306
11	0.00627837517039923
11	0.018698622399812893
11	0.048263357346204176
11	0.05129826222507513
11	0.045536270081792174
11	0.03523834151899298
11	0.0496191972083519
11	0.023806579095420406
11	0.04253547455805993
11	0.034919288206997676
11	0.0273476157552618
11	0
11	0.020279564028421238
11	0.0589717767895586
11	0.01782057695924243
11	0.05020809360795072
11	0.07882032621025586
11	0.03834000695850427
11	0.050953166990697914
11	0.0316196177533168
11	0.0328231837678427
11	0.05337113440817746
11	0.06004647793067113
11	0.03974090758696117
11	0.04328176131087586
11	0.03363634566177987
11	0.03711665561491259
11	0.03786322149743092
11	0.056297046082661624
11	0.023293387495587715
11	0
11	0.023576196168944984
11	0.057444178553357365
11	0.028291440146819745
11	0.042098433410081265
11	0
11	0
11	0.016979146426243135
11	0.06999841118595208
11	0.04971920924045135
11	0.015357802153367925
11	0.03367145370986332
11	0.05279481172619755
11	0.027735176774466262
11	0.02966807536013397
11	0.044055549891031706
11	0.03883869123411698
11	0.10842305769341341
11	0.04124602531491522
11	0.02407439635415897
11	0.020443424950781643
11	0.028489197643354128
11	0
11	0.047448718955930315
11	0.015413437422838112
11	0.02423119189824406
11	0.050928864082635444
11	0
11	0.007101004398458397
11	0.018078726503903315
11	0.025719559788564217
11	0.025058447815136695
11	0.033667642854149596
11	0.03700879568354034
11	0.02501953430240523
11	0
11	0.06165572745297081
11	0.024544377575468082
11	0.04197585191748244
11	0.04743559571814665
11	0.03230749852112766
11	0.01796170146885212
11	0.04246194057092622
11	0
11	0.0324156105991884
11	0.008788024668174396
11	0.08987939523668671
11	0.0457886356441655
11	0.027655484086262398
11	0.028674640069768876
11	0.056974126091822626
11	0
11	0.03651819630349333
11	0.1058432064754985
11	0
11	0.0297736356530727
11	0.015687192772131108
11	0.028832273690461867
11	0.04497418365482388
11	0.025307374994907567
11	0.028598257066929603
11	0
11	0.06510420735803696
11	0.049016138638815376
11	0.09421958161306827
11	0.022125882556355995
11	0.04222365438501795
11	0.04822282985964886
11	0.013399452107816873
11	0.07692789184693724
11	0.017911197768667488
11	0.032816093028132924
11	0.02229244535693774
11	0.021935516713468935
11	0.05705826523197412
11	0.03587455282421521
11	0.02312385002294629
11	0.05883712496245319
11	0.04165074703396217
11	0
11	0.05649684929522127
11	0.04334059965617382
11	0.017956175188658288
11	0.09633792686531359
11	0.02328307188323026
11	0.02348384352051286
11	0.04044875481582948
11	0
11	0.04282687189419278
11	0.05165991372312749
11	0.023964217299573876
11	0.05689070209646168
11	0.08436627942654032
11	0.040652515920677756
11	0.021504578376989474
11	0.0537005286389659
11	0.014979587730098255
11	0.01252821379030327
11	0.04521856374543571
11	0.04860396283042986
11	0
11	0.07512905000938663
11	0.028483740823029208
11	0.029228506793854647
11	0.03314779442930501
11	0.03472390624995758
11	0.032733849284653886
11	0.039295446828930575
11	0.038500535072602246
11	0.013709517871981148
11	0.029936086468498362
11	0.03716318799960826
11	0.09389393603014887
11	0.03750883005822589
11	0.10631399998331312
11	0.04578631785314289
11	0.04681489751114182
11	0.13490973316802124
11	0.0686840929301894
11	0.07612852541126096
11	0.01534927468524173
11	0.03747451816676284
11	0.04326420143770812
11	0.032278012147980276
11	0
11	0.053974964221599614
11	0.03505284770322675
11	0.03268431156630908
11	0.04269766041310787
11	0.02010736877908933
11	0.05836700656859299
11	0.06296269332641174
11	0
11	0.014901281582141988
11	0.017857504258458824
11	0.02649274742408909
11	0.03563950353094349
11	0
11	0.026778237258750937
11	0.018778847478841322
11	0
11	0.026367365340128294
11	0
11	0.023348043663768067
11	0.022231588006023425
11	0.0995248608264699
11	0.04481952245447137
11	0.06934869446938009
11	0
11	0.035218945348983594
11	0.05351361513582651
11	0
11	0.040707840369579605
11	0.022288997692331534
11	0.023550013224173185
11	0.03613577977928898
11	0.015319032682576176
11	0.023000480442104305
11	0.05536468986572815
11	0
11	0.0776855909558316
11	0.01927875977785964
11	0
11	0.04223422940780351
11	0.029023102951445272
11	0.03987453419001861
11	0.028394214775237417
11	0.019367810001741488
11	0
11	0.044416184183601826
11	0.022071729132739693
11	0.01562197969688394
11	0.06097568400186643
11	0
11	0.021063325298264473
11	0.057542377834038004
11	0.026369988213706154
11	0.02208763418650748
11	0.04162290049037012
11	0
11	0.0627431685651923
11	0.025525979134814636
11	0.04844218201452464
11	0
11	0.020542571935493206
11	0.03902588915115817
11	0.016977763096998187
11	0
11	0.025481020170817832
11	0.04558997637344572
11	0.05041264023855241
11	0.04740549764662391
11	0.026844166608882423
11	0.00839163690789476
11	0.06384990371810173
11	0.04073523644249789
11	0.0716598461661686
11	0.05570319806465813
11	0.03226803905291038
11	0.04206518121503676
11	0.019569196404393564
11	0.02036367288878833
11	0.021871822323346658
11	0.03202998522515121
11	0
11	0
11	0
11	0.05013725900450505
11	0.02818033901329548
11	0.03891008649198381
11	0.05770847243090006
11	0.027547088959095772
11	0.05927885043338439
11	0.05483975483299221
11	0.02267803587829261
11	0.02788502081260495
11	0
11	0
11	0.07311391680441337
11	0.02354131570256118
11	0.022872791823491473
11	0
11	0.030801997966669638
11	0.031923799725191354
11	0.049782571573155264
11	0.023106447910786122
11	0.030224533162747286
11	0.05595300312030198
11	0
11	0.07005277204705974
11	0.10526570270721602
11	0.03653624579948468
11	0.01611331063265108
11	0.03457327369479602
11	0.03220113201490052
11	0.07606737872124439
11	0.052369733690965835
11	0.04418635974134247
11	0.05404156904461073
11	0.08175750384096117
11	0
11	0.057977061008519584
11	0.018050920455102083
11	0.02218193512916498
11	0.015118882134930234
11	0.03128498966269445
11	0.02651593232436548
11	0.07933887575242972
11	0.05575114731952114
11	0.017795940234467053
11	0.0442974568293103
11	0.0472423021800187
11	0.026202034798399335
11	0.0579656792274401
11	0
11	0.054642172061745604
11	0
11	0.04631742829252042
11	0.02781607636554141
11	0.021349653872858806
11	0.027776727003289585
11	0.030754388343160032
11	0.07729738192667504
11	0.04065849279613696
11	0.021485250009245817
11	0.01970925967444234
11	0.03750783125826687
11	0.03328683199473337
11	0.0491016613808147
11	0.0575192845815593
11	0
11	0.04370362844538278
11	0.044621949701343776
11	0.03656656569258714
11	0.03214949818946832
11	0.04843381869293174
11	0.01859925719488156
11	0.04021680122377926
11	0.019022916455055973
11	0.030556736781264502
11	0.02683591598557918
11	0.03785763160679346
11	0.03243417098469154
11	0
11	0
11	0.03328336482099669
11	0
11	0.021200620205628243
11	0
11	0.02133869302800832
11	0.023285688163390716
11	0
11	0.070653797945948
11	0.04718816299313983
11	0
11	0
11	0
11	0.04901803680977699
11	0.05182060885668553
11	0.038567156159249064
11	0.06642597955710836
11	0.020120827727155934
11	0
11	0.04571708397638517
11	0.04602521550847405
11	0.04105515363344031
11	0.09016931938217355
11	0.02246365706015261
11	0
11	0.06283009821318833
11	0
11	0.037730502756894026
11	0.029033761316313304
11	0.05334268354023765
11	0.03794869665023152
11	0
11	0.02486094470555589
11	0.03247800560426825
11	0
11	0.022451935735939836
11	0.07860150080562384
11	0.05559823297137804
11	0
11	0.03685115637438021
11	0
11	0
11	0.024637334141191083
11	0.03154249202251137
11	0
11	0.06794759299555847
11	0.07644699390301062
11	0.02037995511135075
11	0.03435126834069414
11	0
11	0.04624716773071181
11	0.03873543082324684
11	0.08570440755082068
11	0.017764007270050387
11	0.03203586288868649
11	0.04453752123667094
11	0.017184188407836597
11	0.0396183465662994
11	0.050200475338064786
11	0.0499529553947666
11	0.04292620947686669
11	0.07322153671109305
11	0.024919146297828244
11	0.015316778635575162
11	0.033115522596783284
11	0.011498957300375087
11	0.058318209741190084
11	0.020470385291305054
11	0.049226350907513754
11	0.032705496570227616
11	0.03379998908183817
11	0.03882867517794072
11	0.03414468805963687
11	0.026666334687682203
11	0.022706765053512996
11	0
11	0.02669514554349187
11	0.10707614702218145
11	0.023726722374741046
11	0.03447141561315734
11	0.09501946871285455
11	0
11	0.031803594395778845
11	0.05119460807826426
11	0.03005650078992973
11	0.041654589887942704
11	0.034197337008562936
11	0.0730160697850217
11	0.023175511432053784
11	0.04929150532359207
11	0.03755230838334898
11	0.015069980180153819
11	0.020927209209210478
11	0.019329962366736904
11	0
11	0.0413684020244119
11	0.053231437331822395
11	0.021846804744145507
11	0
11	0.05661137388150642
11	0.02599566266171151
11	0.042121763338834016
11	0.016545743940538222
11	0.04869651589052294
11	0.02523678532893127
11	0.11548028386288725
11	0.025474114700214084
11	0.04036194484601223
11	0.021919740406253125
11	0.03213408386758049
11	0.02656567577978965
11	0.07329235483771085
11	0.04131263250548403
11	0
11	0.029450054054454045
11	0.03164221542941472
11	0.027025812606782856
11	0.03408659384021409
11	0.01955436329423085
11	0.04499678006157087
11	0.03663140491167349
11	0.02219687352541981
11	0.06369840471802415
11	0.031051807576588226
11	0.02388588733671855
11	0.04520413527479052
11	0.012219979019667909
11	0.03996040614100802
11	0
11	0.02588949256670706
11	0.055825754794495544
11	0.023081791696307762
11	0.043914618116152423
11	0.057945495611628754
11	0.034171611390947695
11	0.040588700847131336
11	0.04158689204702845
11	0.05134438864151114
11	0.014151558647443236
11	0.02774471838915502
11	0.011856751254505676
11	0.03369003781991634
11	0.03845931734353999
11	0.030793324436289633
11	0.030618961531007446
11	0.024082602448144072
11	0.029500563827050293
11	0
11	0.08428979665135665
11	0.04473984009088432
11	0.04731356506597677
11	0.04811298085648602
11	0.057661209029971273
11	0.035241235217323474
11	0.022089922705398942
11	0
11	0.04119147889831588
11	0.02658950897141566
11	0
11	0
11	0.12415887564106766
11	0.01813733810907021
11	0
11	0.026668894285632478
11	0.04990331120919123
11	0.04562901491679058
11	0.02205946899993448
11	0.04045415826695453
11	0.04087955340028113
11	0
11	0.01660658316626028
11	0.023960273994299345
11	0
11	0.03519135392896844
11	0.019830722294064903
11	0.01944050374710128
11	0
11	0.05422613503146975
11	0.031649742228283796
11	0.038752638152825425
11	0.039767601848005825
11	0.04864503184356597
11	0.09681897762852833
11	0
11	0.041499791705179465
11	0.03607651490639364
11	0
11	0.018961413485469543
11	0.03381974148751039
11	0.014436107504815885
11	0
11	0.055971925022233734
11	0
11	0.028069830153833596
11	0
11	0.025405745816159255
11	0.09959140165215988
11	0.02747343625344518
11	0.021999603050608815
11	0
11	0.03444000308927781
11	0
11	0.0833192612552102
11	0.015278558952957766
11	0.04204321534101135
11	0.06902442234965807
11	0.029506697023441254
11	0
11	0.06717313677970135
11	0.0645336447187593
11	0
11	0.023462550266340435
11	0.011845235779339238
11	0.0377954938457855
11	0
11	0
11	0.029407365004542926
11	0.021384417484547218
11	0
11	0.05405654039653288
11	0.04717810000008531
11	0
11	0.022248755939869542
11	0.05601753615908104
11	0.03703664509811342
11	0.0631010103615906
11	0.05165318773620929
11	0.04643721822343577
11	0.04991901803458517
11	0.060019810340276834
11	0
11	0.01664585450017139
11	0.034275575056396376
11	0.041914127957743394
11	0.026944972692658255
11	0.046224028869720796
11	0
11	0
11	0.04361660014487107
11	0.02887922123660465
11	0.0206804788724587
11	0
11	0
11	0.06744605826355789
11	0.03167796802456685
11	0.023638908259847564
11	0.020142387033981985
11	0.030207964600039435
11	0.0270959766464839
11	0.032901393213746376
11	0.025486479860786324
11	0.03015562952702998
11	0.022868817430321212
11	0.053305567661135395
11	0.03359754139062829
11	0.015452228751941993
11	0.027991175669163194
11	0.056210819659097924
11	0.04902726555864242
11	0.0706706789701865
11	0
11	0.061671503882824934
11	0
11	0.03947023736033955
11	0.027527651911122608
11	0.02491513065307095
11	0.05722924895435895
11	0.04747299820908955
11	0.044089233414062984
11	0.028075527991696728
11	0.047581299431801435
11	0.046268024413166964
11	0.04064522073547553
11	0.05976470595484655
11	0.02369241332096114
11	0.049676947420914885
11	0.05414543858947139
11	0.03382550088858037
11	0.0209182268555183
11	0
11	0.025751839682735644
11	0.0445167231499714
11	0.054139381981829465
11	0.050503903398135444
11	0.06404766436667822
11	0.03432985745740114
11	0.02769780247169183
11	0.04922429362075067
11	0.0478685368106973
11	0.029914282150426286
11	0.037766301873080395
11	0.060738628802012404
11	0.022690833447960322
11	0.035705845646368015
11	0.035108750854794736
11	0.040729761426719524
11	0.03845754423570291
11	0.01987824916340491
11	0
11	0.024123054336515078
11	0.027892252690808705
11	0.028027035580870076
11	0.04347295631333164
11	0.038465159573680574
11	0.042278299436304755
11	0
11	0.01465406407020891
11	0.035286527553107065
11	0.03143255991214487
11	0.038470520101087695
11	0.030608207940513273
11	0.013830005186655291
11	0.022127532656628174
11	0.05558140218679438
11	0
11	0.022143646811659094
11	0.041906993719777505
11	0.08107174917513581
11	0.07264839420457452
11	0.04215963364201184
11	0.044862608515780875
11	0.031455182276879545
11	0.02494135071357018
11	0
11	0
11	0.028815152510972084
11	0
11	0.02676026539248329
11	0.04360786790710082
11	0.022988389007641184
11	0
11	0.028051779507235454
11	0
11	0.048298212224027096
11	0.057489454250169485
11	0.020445707911395074
11	0.028151839860425975
11	0.03826927283147567
11	0.0444668206431909
11	0.04484116302699724
11	0.034557932157749126
11	0.03738202411476458
11	0.058422669826612546
11	0.02739039253781573
11	0.03674810242142238
11	0.015979870464588528
11	0.02694223257196311
11	0.030117835753787146
11	0.013937201175897565
11	0
11	0.05075111512587685
11	0.05966863179576566
11	0.019743298389120603
11	0.01886721876130797
11	0.03307900191149205
11	0.03467965891508473
11	0.024827634006990517
11	0.029774509417569133
11	0.022293247833938695
11	0.047311461197481065
11	0.033601229160169575
11	0.046505311330746243
11	0.11188836032242662
11	0.07152995800518835
11	0.031335113451915086
11	0.03677730954802344
11	0.016896015768919546
11	0.022951690142404554
11	0
11	0.030022147541170496
11	0.10949880969540166
11	0.04660491575945389
11	0.012629682520229418
11	0.05841375641658508
11	0.036512633315082144
11	0.06038517533064009
11	0.08494918554600409
11	0.015109507661815035
11	0
11	0.025920018544169143
11	0.03984732262578937
11	0.023865376789241076
11	0.07686572671278219
11	0
11	0
11	0.0704303750816044
11	0
11	0.03488458961324044
11	0.02880737414229497
11	0
11	0.03822581776754134
11	0.04649308938748757
11	0.05361588237488839
11	0.015914594884193226
11	0.0712752110250638
11	0.01560400572883644
11	0.02793396529787779
11	0.03110993574212247
11	0.030592776908709995
11	0.06828863380665773
11	0.0542627951925777
11	0.03327503742057044
11	0.02321828853065919
11	0.03708617978214393
11	0.06846986055189277
11	0.10126025452240553
11	0.035755767963631016
11	0
11	0
11	0.042038067256794015
11	0.020103444205140833
11	0.030777244804023888
11	0.03099186389552003
11	0.015918924393959356
11	0
11	0.05084647140304028
11	0.03809065173315016
11	0.027394299269050768
11	0.0477326498514929
11	0.07694746192905304
11	0
11	0.03204359753358446
11	0.03803711732787428
11	0.058885679875903145
11	0.06586901433022453
11	0.029537401142831463
11	0
11	0.016729041255053926
11	0.014147357879615952
11	0.0535998200992672
11	0.03570380123099253
11	0.022827535070886796
11	0
11	0.03720587426091974
11	0.026634624487761605
11	0
11	0.04012053622548895
11	0
11	0.06327674460697182
11	0.027969376927827742
11	0.05123940933851313
11	0.029571989106252784
11	0.052794278519713585
11	0.08849092848326688
11	0
11	0.029408823075611303
11	0.03911360358427642
11	0.02506170674798409
11	0.027087291199045876
11	0.040208698899759227
11	0.03483386035440928
11	0.05247963134078751
11	0.04052748577828229
11	0.01770767498133377
11	0.02727904194348168
11	0.051627916583489156
11	0.06792380170745574
11	0.0414204012433769
11	0.021370329352837964
11	0
11	0.040924052880021704
11	0
11	0.02613891407000643
11	0.03329188154161662
11	0.042315903682449293
11	0
11	0.06459459391794212
11	0.03521539039294763
11	0.037556852132402216
11	0.026657095231828784
11	0.0584720209473845
11	0.037287059001297536
11	0.025698806170681147
11	0.030293007168388692
11	0.019006404300766645
11	0.016108560732892976
11	0.022502056165893916
11	0.0377383604884345
11	0.04780725430711376
11	0.041053985406669526
11	0.035537342204563
11	0.05532648560188865
11	0
11	0.05924948251341581
11	0.055146396695099645
11	0.05561352123026213
11	0.025708029993151114
11	0.04505274616354471
11	0.06039201781535664
11	0.06803982003310044
11	0.01186342776146822
11	0.04422856749624247
11	0
11	0.018959229872545807
11	0.02110400149875965
11	0.017580062044040945
11	0
11	0.026329023608500396
11	0.0541461202273015
11	0
11	0.07439427969064337
11	0.011494155726338079
11	0
11	0.04170700483340257
11	0.039290005585896265
11	0.018833835621454784
11	0.039340144264885496
11	0.027641932135022574
11	0.05851722321218647
11	0.04620866315693615
11	0.03376352413443327
11	0
11	0
11	0.04648698371235894
11	0.02526186765967984
11	0
11	0.026112826593254142
11	0.022642501259969524
11	0.051002714858621644
11	0.031209291542378476
11	0.03582854700942993
11	0
11	0.015737991137927163
11	0.061928306819386734
11	0.042627635098902036
11	0
11	0.020054742391342376
11	0.034211533893182565
11	0.0540872531287433
11	0.0665528388262318
11	0.03803200466026151
11	0.0652995266167371
11	0.15324120922509488
11	0.031170641661984615
11	0.02499940005770917
11	0.04754277234114484
11	0.05475212951260209
11	0.031360860699355224
11	0
11	0.05779452189283483
11	0.03556822578605868
11	0
11	0.019364219152642578
11	0
11	0.02967032969050086
11	0.07209979290019329
11	0.01495899422139632
11	0.03371609625781966
11	0.07469908462946163
11	0.06407677456566858
11	0.03920650090520511
11	0.053568384772144206
11	0.04226334868282728
11	0.05481413698459672
11	0
11	0.04687828673772415
11	0.06941570747988249
11	0
11	0.019235019263419265
11	0.036391403649497424
11	0.03951936776944367
11	0.027464374679246666
11	0.07564475515981392
11	0.02474968711834448
11	0.0308027648827591
11	0.03198794530399478
11	0
11	0
11	0.014373928361433112
11	0.02772817521639424
11	0
11	0.04537447471276631
11	0.03228033802011375
11	0.03367582741893444
11	0
11	0
11	0.04744160889001751
11	0
11	0.03257410286473213
11	0.03522351387116797
11	0.02311547174479505
11	0.0388299331875028
11	0.0441467538181079
11	0.02775376610213709
11	0.023115180900026355
11	0.028455330373481514
11	0.05234547593429345
11	0.05411459557682465
11	0
11	0.018971090383072122
11	0
11	0.03891112092713983
11	0
11	0
11	0.037615316109996945
11	0.05814330925006117
11	0.03556903001953457
11	0.029463194265053668
11	0.09987393118881803
11	0.04136321492519877
11	0.02525602575606034
11	0.03854082498182082
11	0.055591928363599816
11	0.025097988817800943
11	0.05759386651884934
11	0.050774595034651135
11	0.03271141150698309
11	0
11	0.054344618581534304
11	0.030054156597086462
11	0.037366129110276654
11	0.03496961814464227
11	0.02781904389698728
11	0.014110331349727315
11	0.01527279079335575
11	0.05452878692202054
11	0.059236027392978494
11	0.10308907021357483
11	0.041363492441878105
11	0.020526649793485292
11	0
11	0.019743200497755006
11	0.05868359471529483
11	0.04517608497194809
11	0.02245590035970603
11	0.0646746425432993
11	0.07626012157950988
11	0.022121309468290412
11	0.01793180836847821
11	0
11	0.020476010697314726
11	0
11	0
11	0.025890439764170114
11	0
11	0.02370455400600766
11	0.04977776910844179
11	0.03600233316604536
11	0.04036656548607135
11	0.024476636548188057
11	0.03358737094174337
11	0.06968719707818596
11	0.02118238736780196
11	0
11	0.03225083609178415
11	0.036683818435233474
11	0.06843391964180039
11	0
11	0.0787194304736819
11	0
11	0.05423706247402904
11	0.026449066207330483
11	0.024796461681430203
11	0.03262025732968903
11	0.039501192845237856
11	0.027818354450892025
11	0.05251062327113354
11	0.038629311644583886
11	0.04682053367950452
11	0.05748504823690848
11	0
11	0.08884658585275615
11	0.028868741702377815
11	0
11	0.04689299484580458
11	0.03172947503182976
11	0.059549619369984465
11	0.0350176208003514
11	0.03806808636438982
11	0.03664593692293365
11	0.03695560511314973
11	0
11	0.04586685246910967
11	0.025455688818993183
11	0.04456538833861722
11	0.05448333908176377
11	0.03925799366217118
11	0.04716108665613716
11	0
11	0.020463172531343072
11	0.02848953711101981
11	0.02572322122783459
11	0.02870593825418002
11	0.03296011134653871
11	0
11	0.039580141104568235
11	0.02093716212766185
11	0
11	0.040092279399338945
11	0.03463012401858889
11	0.028955965258429972
11	0.025194854360879593
11	0
11	0
11	0.03906908448771191
11	0.056931947846736324
11	0.05504070101947753
11	0.06986176422924266
11	0
11	0.03356773400011412
11	0.10987106739166493
11	0.032370032570543626
11	0.019121542345259143
11	0.025854223054249652
11	0.030183893355701347
11	0.02065508254215401
11	0
11	0
11	0.018500947043567566
11	0.064715011718239
11	0.038632025181031926
11	0.02420314197324282
11	0.027842623048684893
11	0
11	0.029753691507501377
11	0.036090776098378276
11	0
11	0.06783053430420152
11	0.023759160967282672
11	0.025793717816455716
11	0.0793546440396082
11	0
11	0.03719756459605502
11	0.04041804960993581
11	0
11	0.027506503596519582
11	0.038091208921760385
11	0.060523335746262036
11	0.04496487480696948
11	0.026255815781680226
11	0
11	0.041529926632849976
11	0.019168497085944636
11	0
11	0
11	0.030721462386133963
11	0.039641277174912636
11	0
11	0.02680408322951572
11	0.035072765021493556
11	0.06145175070041215
11	0.02086705578209628
11	0.02537956626616587
11	0
11	0.04655713117281
11	0.04958236842221636
11	0.03601288410284523
11	0.017675983812852347
11	0
11	0.04896224209487077
11	0.02421693061903603
11	0.028321500176502947
11	0
11	0.03136008889277142
11	0.02002054371626147
11	0.049610677209959805
11	0.030914704272697373
11	0.05100010965571964
11	0.02933621753296894
11	0.04519686884795938
11	0.0322948389602275
11	0.04293972368071966
11	0.01691357193648118
11	0.018311453017150776
11	0.03031117142914441
11	0.054522321206462436
11	0.049090814429184025
11	0.021800999533810178
11	0
11	0.02577878795260053
11	0.03618293285375139
11	0.051680919728117565
11	0.025959632710749882
11	0.04305399484497551
11	0.022864459997367158
11	0.08921782719411447
11	0
11	0.039242653287720926
11	0.04798771330640354
11	0.046381107710479805
11	0.016650645013227505
11	0.05385486005855987
11	0.021346038095825866
11	0.014376381171430322
11	0.031644030486997585
11	0.0331227892469941
11	0.1071726002091378
11	0.020269513454075842
11	0.04216874736262677
11	0.06136861236429437
11	0.040143730858996196
11	0.018504392690662688
11	0
11	0
11	0.032685714777881764
11	0.0441175582953536
11	0.05483303310703615
11	0.01636241592967461
11	0.046808226054736723
11	0
11	0.05096221178040647
11	0
11	0.018846575644675425
11	0.01310166019398331
11	0.06195091545746106
11	0.04120571859184855
11	0.02236130492141005
11	0
11	0.06193766479795079
11	0.022495975646020575
11	0.021138224748898534
11	0.035044714613025475
11	0.025619096182842867
11	0.02650745221881947
11	0
11	0.013688584873432635
11	0.03378136704656608
11	0.0365931933073798
11	0.08876602159250464
11	0.061238356600991556
11	0.0407849140818131
11	0.0426192195066973
11	0.0656977679532291
11	0.029302639375082654
11	0.027720392710623404
11	0.04191584416101975
11	0.052815346314163625
11	0.024135211222530054
11	0.029212546835230516
11	0.021209486541206593
11	0.10825594013359625
11	0.05663918046702259
11	0.10328385899547857
11	0.01907353919313471
11	0.02286597221615242
11	0.028458627553493373
11	0.01943800754040509
11	0.01753894719740881
11	0
11	0.05453819655903261
11	0.024641254989039744
11	0
11	0.04076144833985068
11	0.01822375185593004
11	0.041814820393616184
11	0.04134784903334514
11	0.046063240771977675
11	0.03814058450295379
11	0.04015300917273773
11	0.015044952882461535
11	0.0349266140552421
11	0.028265443912576488
11	0.025308674492312524
11	0.02759072023011508
11	0.06753999264516153
11	0.017636382734913015
11	0.050449024715990526
11	0
11	0.03365716736623659
11	0.0381482125964535
11	0
11	0.04461451677062549
11	0.04544953392822043
11	0.019238728858046204
11	0.03523187650658462
11	0.038926652874346115
11	0.04127864594420605
11	0.04275216658085176
11	0.024093782954499834
11	0.0741862049442399
11	0
11	0.04327802921763248
11	0.03613206050930059
11	0.01367274671148701
11	0
11	0.025680093909415305
11	0
11	0.065779918001355
11	0.0470836811349129
11	0.03158453339433139
11	0.012314658349502891
11	0.03216686772728558
11	0.031262896857628175
11	0.05127554559987707
11	0
11	0.05429340637995742
11	0.02510637906655315
11	0.028965853795382798
11	0.03661029171771817
11	0
11	0.028087119753775102
11	0.04049826321976181
11	0
11	0.05106032619786739
11	0.03502144892173954
11	0.03381089150822405
11	0.03655818784074768
11	0.04241471264529528
11	0.03775156883301496
11	0.035207726154297854
11	0.0572865268989798
11	0.03408751547743109
11	0.03175120348085757
11	0.05226971354141963
11	0
11	0.03524163280538456
11	0.04686102541157867
11	0
11	0.018606668618708414
11	0
11	0.05038458433465155
11	0.07664693051827
11	0.03540803237428111
11	0.04849435228505158
11	0.04204797486993658
11	0
11	0
11	0.028130358280359466
11	0.052168528388973345
11	0
11	0.06461115755578686
11	0.026167844312104838
11	0.05411688175166127
11	0.05244412464148011
11	0.040028374254873246
11	0.02856462656888278
11	0.0231636046698665
11	0
11	0.058903481797608966
11	0.021929964873786748
11	0.04041288633653429
11	0.014842967902546144
11	0.034304096315651636
11	0.02328537073701837
11	0.10440375734212667
11	0.016144337619185264
11	0
11	0.0460575798874247
11	0.027307856559310763
11	0.03782933887826139
11	0.0251797565095113
11	0.025028654454578268
11	0.054662684620928735
11	0.05346165420334778
11	0.03064584770916217
11	0.016295311258935418
11	0.036665117381586676
11	0.06364378075178506
11	0.04569448375038094
11	0
11	0.027592717339829213
11	0.03225783660024571
11	0.045645553965066414
11	0.022259584261564047
11	0.055566824999799556
11	0.020624446081072813
11	0
11	0.03628661265141355
11	0
11	0.04447231011563929
11	0.059168930593999906
11	0.020001978187910698
11	0.024434170144584023
11	0.08795613948841502
11	0
11	0.06055863754758032
11	0.03593115771722853
11	0.04956379527389034
11	0.0356825199984834
11	0.028977513461919617
11	0
11	0.054076314991070275
11	0.027623297248779637
11	0.009848776844954133
11	0
11	0.01673001598984427
11	0.013725396709825586
11	0.0602297509207488
11	0.01531527934391575
11	0
11	0.06604251067627091
11	0.016997875747948178
11	0.04481162676349894
11	0.02133334343187631
11	0.06026695529932603
11	0.0582766441328951
11	0.02932158220814716
11	0.06826190951879343
11	0.03818831669164475
11	0.02139462005421626
11	0.041244906470339085
11	0.029651308860629663
11	0.046433002894877534
11	0.05502281607991688
11	0
11	0
11	0.028653873084361858
11	0.026933923084509065
11	0.05574070712903902
11	0.05442517777201264
11	0.013849184925680613
11	0.08762446051999619
11	0.050012598560788595
11	0.05222037485536284
11	0.042828340127208944
11	0.02224463393444107
11	0
11	0
11	0.03628321153992243
11	0.057864608864498006
11	0.03495301170518967
11	0.01959058121325452
11	0.06074594392121367
11	0.08884689410745336
11	0
11	0.055420556427079826
11	0
11	0.021762413797605993
11	0.03524658246908027
11	0.05046053532957208
11	0.03902502934809077
11	0.050203080027859344
11	0.06752737121171087
11	0
11	0.030865523743693703
11	0.039269692201246355
11	0.033806263062031335
11	0.03330691887798781
11	0.060449591834507106
11	0.048280685888168584
11	0.017520642186017305
11	0
11	0.045619060614624826
11	0.05101299737077547
11	0.0804128340523348
11	0.05767291856517446
11	0.018246807460271647
11	0.027171421553384298
11	0.020432227372639403
11	0.04189622048901765
11	0.07622852315613154
11	0.034060200146471
11	0.063457202501897
11	0.031838650410878945
11	0.014575214175052574
11	0.028408872834819573
11	0.027617845613352714
11	0.02590259876287686
11	0.02006239573266309
11	0
11	0.0419538074891621
11	0
11	0.04417939722525432
11	0.045831338008797365
11	0.11278321079461812
11	0.021055467289967746
11	0
11	0.06010047335356896
11	0.053060813301501905
11	0.04895768502825327
11	0.028884604868301994
11	0.057488539689427264
11	0.055752959046227776
11	0.030195177202001138
11	0.03621674359802577
11	0.06428377791160682
11	0.07403678854532589
11	0.039742298920874
11	0
11	0.022852977934766525
11	0.02093484269800081
11	0.037735155593425204
11	0.029944635565421342
11	0.02435742718281544
11	0.06073497315238327
11	0.025812403745979026
11	0.051144856978735546
11	0.03871532579597387
11	0.03519859847244459
11	0.058665308680533046
11	0
11	0
11	0.10580083845745858
11	0.020984948119230885
11	0.030934192507944977
11	0.04859405893901182
11	0.06731025526779441
11	0.05244215355743981
11	0.017087851031428947
11	0.03998697391182147
11	0.06277879920260773
11	0.01944222830042222
11	0.04479677643363752
11	0.07116855008224228
11	0.04335093198001579
11	0.02469654983364363
11	0
11	0
11	0.022126558417867547
11	0.025683612167777845
11	0.04815666667337883
11	0.012506936767811257
11	0.027172868954429677
11	0.0542451748416963
11	0.054854118033366636
11	0
11	0.06105855329234841
11	0.017656353439841843
11	0.03138389357648461
11	0.030501050658264365
11	0.06278030228580947
11	0.08122062715078969
11	0.020649641215970682
11	0.029628353054706878
11	0.06289601131779611
11	0
11	0.020611745033958434
11	0.02333164926153188
11	0.03482712609470929
11	0.03121371097753746
11	0.02965737493939424
11	0.03845365328458565
11	0.053056851679160896
11	0
11	0.015009494756355272
11	0.014491777527282014
11	0.049201090126726035
11	0.03534538364181856
11	0.0587815102935119
11	0.02341186402569924
11	0.037071744326917344
11	0.02751116383375404
11	0.035824428388101064
11	0.024415945912415207
11	0.0658436919807055
11	0
11	0.03954869333971858
11	0.0148374483877355
11	0.030750268474039312
11	0.07787413006715514
11	0
11	0.08360410268593527
11	0.053222778385611076
11	0.05441176108838448
11	0.033146521249231106
11	0
11	0.03217614054372939
11	0.034790770196058265
11	0.04190999085305812
11	0.027097777147211847
11	0.03634306157901626
11	0.06869122691608978
11	0.01697673077491322
11	0.017880828800194617
11	0.04324446221550392
11	0.01728875579054704
11	0.018075280373331507
11	0.027348115916991763
11	0.026247425183069977
11	0.028420841264103314
11	0.027737145975252894
11	0.016572226515394833
11	0.031613724841498964
11	0
11	0.036335041412072895
11	0.06990443522270455
11	0.049836906502039376
11	0.03681885567645776
11	0.013477202248193864
11	0.08360752017322168
11	0.04919035101169273
11	0.022941359343234546
11	0
11	0.020241374475374285
11	0.041717894902741456
11	0.02524677934716206
11	0.03241594616751556
11	0.01097058192688889
