cval	avg_intersection
11	0.15707769216438727
11	0.16924835444564504
11	0.15398089393796072
11	0.44301177801003394
11	0.1838458920895253
11	0.23905975582997135
11	0.22431487180471588
11	0.27424974196314156
11	0
11	0.16652544101252204
11	0.3036685357007013
11	0.1825525396376888
11	0.20948111732433075
11	0
11	0.2691863219430681
11	0.23414447614607944
11	0.2401610485724197
11	0.153337463276708
11	0.19270137041275248
11	0.1820477049299091
11	0.11822845601189438
11	0.4818442896387455
11	0.31781313620764867
11	0.18505223237235777
11	0
11	0
11	0.1946594095426712
11	0
11	0.22439111030144912
11	0.22140685446506156
11	0.19972206682245544
11	0.24196244252212984
11	0
11	0.18241602083118738
11	0
11	0.20430589864339443
11	0.2851060991573015
11	0.3223768601109699
11	0.19624332118303384
11	0.3239511356846844
11	0.15856144514775886
11	0.2392346045142803
11	0.30756512964861726
11	0.4578609986528881
11	0.21416301730771503
11	0.2391917367079593
11	0.4209832521886428
11	0.13893329553661934
11	0.20247024504819006
11	0.2920154237851988
11	0
11	0
11	0.31121264722633196
11	0
11	0
11	0.13051841176102896
11	0.23942328941575003
11	0.1808490842863419
11	0.19982084732023697
11	0.18520679161420986
11	0
11	0
11	0.1587494686120679
11	0.20968138228619815
11	0.15962629167926307
11	0.2820854382019608
11	0.19604236029872063
11	0.2731146138096932
11	0.2523053814422978
11	0.2240061903474113
11	0.2101260460026406
11	0.16553466716773782
11	0.19621027013547723
11	0.16106893772835248
11	0
11	0.24848499430078128
11	0
11	0.19778170245725585
11	0.2165896397882667
11	0.14303009220652063
11	0.29752307841874565
11	0.16659541646648335
11	0.1697253934746831
11	0.21599502847122623
11	0.16582170485059194
11	0.17875635136644705
11	0
11	0.22960747365790263
11	0.2637982813123742
11	0.24457943266907933
11	0.21558961239218996
11	0.21290069024674743
11	0.19726120844122327
11	0.15599804753391722
11	0.29554242443546297
11	0.19626671441486696
11	0.22583780144569632
11	0.18911448262949573
11	0.25626412722762687
11	0.26273146119815216
11	0.163490880786734
11	0.2310862961137781
11	0.15971640578005367
11	0.19653172524914672
11	0.2902390767445706
11	0.18086490684450188
11	0.14799334250727098
11	0.19461162111647534
11	0.2845357640434741
11	0
11	0.23971994190865376
11	0.284298163562845
11	0.1753682247374045
11	0
11	0.16415598293725683
11	0.31373147845476784
11	0.23696099391757777
11	0
11	0
11	0
11	0.2857881149854387
11	0
11	0.2703831591828213
11	0.16844495946389537
11	0.1396068530721554
11	0
11	0
11	0.20458733920059402
11	0
11	0.19642577235456865
11	0
11	0
11	0.16108359768182207
11	0.16235270375899197
11	0.27926046300842167
11	0.20799977027218466
11	0.1824447813759427
11	0.3891808193166669
11	0.18238889845792491
11	0.17499289505778065
11	0
11	0.30138589081758865
11	0
11	0.28859019754705084
11	0.1785528338198466
11	0.26971373869183835
11	0.20849445538708597
11	0.2434119175229659
11	0.17509236900556102
11	0.204780364397561
11	0.1863968641168023
11	0.17316129737530606
11	0.2117438180631079
11	0
11	0
11	0.19593600956028878
11	0.25846195158482194
11	0.33982408597259683
11	0.16613030098092368
11	0.2682137776923339
11	0.2426751315563433
11	0
11	0.15131015589389057
11	0
11	0.19401173423315146
11	0.2282713376713565
11	0.20544386766940603
11	0.19476447526519214
11	0.19793416775170236
11	0.23025337340542718
11	0.2440054559855097
11	0.34248482267176655
11	0.18508452342715684
11	0.11832585563173163
11	0.20655591519731106
11	0
11	0.30384002076006766
11	0.21007777917528556
11	0.12767248641319973
11	0
11	0.2527351941600061
11	0.16195563820287537
11	0
11	0.2733627327976698
11	0.19158770752420887
11	0.26983867735809897
11	0.28664278211315436
11	0.2144196445579649
11	0
11	0.2549498481983837
11	0.20750184588549228
11	0.16592735335549336
11	0.15793257394818766
11	0
11	0.22568903409854907
11	0
11	0.24240832205476123
11	0.20000518959603314
11	0.2555863102992973
11	0.29496677092190404
11	0
11	0.14786630254353092
11	0.3044453873269905
11	0.19789939317184105
11	0.28586130893547984
11	0.18456455100750416
11	0.21591460830009554
11	0.23127631835919354
11	0.2302957768960052
11	0.21821696650269248
11	0
11	0.19583204650359898
11	0.1890292892121122
11	0.14116713196669423
11	0.2503382108608434
11	0.23285414267586782
11	0.228673463987362
11	0.1979364548038687
11	0
11	0.2247283114711963
11	0.13173450123394265
11	0.1724407708435723
11	0.282885793982274
11	0.19440297195543077
11	0.22582759896593818
11	0.39874350485401705
11	0.28406542833990467
11	0.21454047663973488
11	0.290222739756101
11	0.337054174177796
11	0.31614599299942864
11	0.18352503518617616
11	0.267615945268528
11	0
11	0.2634463876138393
11	0.31595884636235355
11	0.20457354691571847
11	0.3282313663339559
11	0.23012166800515066
11	0.15541216641696512
11	0.2434185342099333
11	0
11	0
11	0.1861461459280595
11	0.3239707101207482
11	0.2512377282990685
11	0.30516240963336794
11	0
11	0.1683822139377407
11	0
11	0.22709406427299278
11	0.2818235519515053
11	0.17922355962978487
11	0.2286916529594923
11	0.15560074321527162
11	0.1827445233967358
11	0
11	0.257497008536516
11	0.28236705549179386
11	0.3214319170816571
11	0.23841706400286664
11	0
11	0.18428887620974832
11	0
11	0.20233457553661258
11	0.30973006809818765
11	0.4783554589783398
11	0.21173768135188836
11	0.21989638701758682
11	0.2573654545707
11	0.1575776459880728
11	0.25976014154243093
11	0.14949163243519886
11	0.3025113516390405
11	0.2329430665488888
11	0.16929467166761286
11	0.1886622626918395
11	0.2291556755505386
11	0.18542171865232795
11	0.22677406211479673
11	0.23542341981507417
11	0.2346504075713089
11	0.25195966361249844
11	0
11	0
11	0.2496636116927507
11	0.3559038097005481
11	0.1539094872970249
11	0.21221818429204073
11	0.4853782118413197
11	0.2855418554599838
11	0.2391812848868006
11	0
11	0.20834095490091478
11	0.25144273222287533
11	0.18937279742092009
11	0.21157331672238772
11	0.26985653074453175
11	0.26291912646331683
11	0.1561811550474471
11	0.19207794350510368
11	0
11	0.2692603170102217
11	0.3304247605931523
11	0.1700946096450876
11	0.1997329715515515
11	0.21417690252416943
11	0.3003353798621106
11	0.16357418739037896
11	0.20458336682011116
11	0
11	0
11	0.20172904662950175
11	0.125404369700218
11	0.23481602838435378
11	0.29246282882085417
11	0.18008818246613587
11	0.16308538369003892
11	0.2034993155225838
11	0.27531820977491156
11	0.1556980061428099
11	0.1839425133196813
11	0.16942769409791708
11	0.2961126875747184
11	0.2335687589013813
11	0.26250302754940685
11	0.22186048618055132
11	0.19085060799205236
11	0.19207999588979338
11	0
11	0.16851252887930995
11	0
11	0.2888768325919061
11	0.20559087185545688
11	0
11	0.22131803906798542
11	0.23187663524660493
11	0.2011836164171909
11	0
11	0.3714013871963847
11	0.37188429054964195
11	0
11	0.13511641930016355
11	0
11	0.22956556413240814
11	0.16003818384852456
11	0.20864130999527852
11	0.20184504246369267
11	0.24087523084336732
11	0.29201777464786116
11	0.16326914477154728
11	0.17108822271449864
11	0.2009731105928559
11	0.18487167789475747
11	0.1635717397628588
11	0.27371039087591953
11	0.22903131231819857
11	0.2673382040938815
11	0.354358544469519
11	0.24728980086266455
11	0.22028768692619058
11	0.25288287143744564
11	0.23089215103706268
11	0.193348788855291
11	0
11	0.14006032451197203
11	0.25937910701112427
11	0.2833303921289276
11	0
11	0
11	0.1662056505151274
11	0
11	0.2887562886668458
11	0
11	0.19600060247213844
11	0.27799274212764635
11	0.267900302479573
11	0.18879248030607568
11	0.2235632101055409
11	0.2770812460024197
11	0.27465393089649065
11	0.20661196686057068
11	0.26292964537602
11	0.20648786662248328
11	0
11	0.19957233527970877
11	0
11	0.16566474613100798
11	0.307524437919228
11	0.26934841125899306
11	0.24196892532412145
11	0
11	0.24881576584378118
11	0.3725285023321029
11	0.2194984729406592
11	0.23976052794647643
11	0.16378768800477073
11	0
11	0
11	0.20388853567511053
11	0.30346849676171245
11	0.26993172883984
11	0.2267834810657537
11	0.15312965978798562
11	0.21558618427769294
11	0
11	0.4356586578737786
11	0.2386635804780034
11	0.13902539128813568
11	0.19511853446125213
11	0.16383009306607546
11	0.17685490529742423
11	0.2273784007363512
11	0.4156975127437327
11	0.23512716522365723
11	0
11	0.106586673299949
11	0.16215477326864888
11	0.15246879054582466
11	0
11	0.22781005808210053
11	0.12177458809096209
11	0.18793215301105964
11	0.26490299144164375
11	0.1386835494519338
11	0.42030112041024725
11	0
11	0.15900466570303814
11	0.21523184023915112
11	0.21107550556862859
11	0.20747298362937028
11	0.19940986955504444
11	0.2043864842520892
11	0.18076363726382666
11	0.2158776611408955
11	0.19466029659337672
11	0.30984351054263426
11	0.11816750962736612
11	0.21903886663193112
11	0.19681293847534873
11	0
11	0.2585788487235688
11	0.25553961948553855
11	0.22781201722947764
11	0.1824259460492793
11	0.28435839877347363
11	0.18819473107848236
11	0
11	0
11	0.3010685328203826
11	0.2397605162299553
11	0
11	0.20883635429414477
11	0
11	0.1908423045980058
11	0.141194822302534
11	0.20416558947653804
11	0
11	0.2146718575201233
11	0.18821706053347165
11	0.34178779893118877
11	0.1793746252455397
11	0.1545176782116368
11	0.16431936387198387
11	0.18798878238708164
11	0.23908292850424465
11	0
11	0.18709734728025756
11	0
11	0.1753577840705131
11	0.2098932872609115
11	0.18840563704074292
11	0
11	0.20582500015443356
11	0.16511882228548638
11	0.1779460928726292
11	0
11	0.2165849583359801
11	0.1819206165017679
11	0.19621803747232014
11	0.16344064849970108
11	0.32654600093026964
11	0
11	0.20734601835964098
11	0.21056405319427152
11	0.2260238461471164
11	0.3027887770365696
11	0.1503350138665906
11	0.22462496580531496
11	0.17561327742813557
11	0.18783393903339254
11	0.3207424864983876
11	0.14169105901552848
11	0.20602647620289063
11	0.21162313845200129
11	0
11	0.2282428447769457
11	0.1398283159457046
11	0.19214118949889628
11	0.19097185273987233
11	0.27543313931832825
11	0.19148664377935304
11	0.26819229432514846
11	0.2027564048514428
11	0.31588119845150375
11	0.25630526816470595
11	0.2537038516260305
11	0.20529026515289947
11	0.22932904173487967
11	0.2114457167693006
11	0.21239051412612825
11	0.18359587606319494
11	0
11	0.36192567332701014
11	0.26323825085091096
11	0
11	0.2242119411824182
11	0.3537151305273556
11	0.19055845283333914
11	0
11	0.3014582757653284
11	0
11	0.37410878497641764
11	0.16661771304488812
11	0
11	0.22445745468350292
11	0.251950459177755
11	0.21991601118996684
11	0.14725737898843122
11	0.3224804200528874
11	0.16846814596426166
11	0
11	0.18280875324929544
11	0.23584949808315284
11	0.18664690123348116
11	0.1974609784596491
11	0.3027670660671711
11	0.3124558479737842
11	0.3428862271883516
11	0.34198791489287506
11	0.23150797783274418
11	0
11	0.20537789710151394
11	0.30127760185812597
11	0.2888682118133571
11	0
11	0.2038307328640719
11	0.24202753556623138
11	0.1853101151989254
11	0.15296776264567272
11	0.19747466304238226
11	0.22173003037648858
11	0.25945233437235726
11	0.19906506648970895
11	0.3094811495865979
11	0.20184706875238229
11	0.24079552312064967
11	0.2126705441613977
11	0.21592413203480382
11	0.19582261754054905
11	0.29075769409097496
11	0.2805050107768534
11	0
11	0.16065592504112083
11	0.2109163551830244
11	0
11	0.1822454353269211
11	0
11	0.20070188311172077
11	0.1792831624031916
11	0.2526498002151254
11	0.16989906371497113
11	0.19145185653209923
11	0.24812755019739136
11	0.1316455846196891
11	0.12078410357902006
11	0.2405830379293647
11	0
11	0.3395675062817617
11	0.20862901305812662
11	0.3234903641750999
11	0
11	0.16165874267572672
11	0.21705783451242874
11	0.14541963156682217
11	0.1886167279363039
11	0.17723179708304404
11	0.214091999422686
11	0.3311161048723696
11	0.10059770920901423
11	0.20887714123519427
11	0.2070560624899006
11	0.25388222194570476
11	0
11	0.1805463075558756
11	0
11	0.17765370777813783
11	0
11	0.24868906689209255
11	0.2463336732350266
11	0.21718575154180228
11	0.17687264330141225
11	0.1275187629087733
11	0.36171369359111816
11	0.2303744221196969
11	0.31042051774418
11	0.21416756805891815
11	0.36533658111351125
11	0.21824356513345095
11	0.21416013240808052
11	0.18366908712009397
11	0.24392030642558404
11	0.28029671355054375
11	0.22630637986944727
11	0
11	0.21480882110932942
11	0.2479671498244076
11	0
11	0.2705238393021907
11	0
11	0.22618876230462534
11	0.22357891568219715
11	0.22975003384764917
11	0
11	0.2763016403716627
11	0.22472027569335573
11	0.2484026721626062
11	0.24187928817074408
11	0.24318516881006144
11	0.24514710457663821
11	0.26882397459603796
11	0.19894853899595558
11	0.19565926303200942
11	0.29131838080583433
11	0.20746856902073188
11	0.21467990650288107
11	0.1857284451110343
11	0.21683652804688403
11	0
11	0.26507347058168224
11	0.17798060816300543
11	0.1994567715792346
11	0.24279592354526497
11	0.28440097862267977
11	0.19755427331941564
11	0
11	0.2094914085817364
11	0.23081362692313273
11	0.15687586403824694
11	0.1797395878686774
11	0.18890161968762592
11	0
11	0.3105284255305588
11	0.2300716644367642
11	0.22301277231093627
11	0
11	0.25223430077074677
11	0.18922562431645196
11	0
11	0.18697595924159202
11	0.20622952260164018
11	0.2105770025285641
11	0.14997916100640946
11	0.208325031137799
11	0.20109185662203624
11	0.3541499245402776
11	0
11	0.2551646153588048
11	0
11	0.15525315629675782
11	0.20411734953830968
11	0.2516867417316515
11	0.3214558033098478
11	0.24319342803798433
11	0.13871965432160602
11	0
11	0.28347980495258485
11	0.23419319271508146
11	0.3160981276736999
11	0.2695491491406185
11	0.27281271928072376
11	0.1509396584940779
11	0.18073639562220534
11	0.17274754564037478
11	0
11	0.1750777532166057
11	0.2770236859751592
11	0.12993236796537921
11	0.18045826078549793
11	0.2717890868081961
11	0.2782203982482606
11	0.23524380206991255
11	0.1756691343200692
11	0.2501556888727206
11	0.3220741391558162
11	0.2436077210541474
11	0.19509685111117187
11	0.22061829082540055
11	0.19902159087381693
11	0.29718565066555214
11	0.2445761591783193
11	0.22779411337656796
11	0.1736209436840016
11	0
11	0.2551384124795733
11	0.19903499957099563
11	0.19308280587717977
11	0.12373751774606068
11	0.22184749829198042
11	0
11	0
11	0.1793466734238269
11	0.29984088435069867
11	0.18042471858923315
11	0.15063163860004478
11	0.23297205758473696
11	0.12921037345507916
11	0.19328791885342045
11	0.27174382668931263
11	0.2692370039953537
11	0.21093247446004396
11	0.34454953837082325
11	0.2475336511081011
11	0.19389154958704907
11	0.18061978986659116
11	0.3154470867358102
11	0.1522114826182046
11	0.24923867083749326
11	0
11	0.24453853705398432
11	0.19949343251237636
11	0.22707422789563914
11	0.20469972795832828
11	0.1475316006723127
11	0.21003210004924583
11	0.18293470126724665
11	0.19565564540798958
11	0.41065052495717874
11	0.14708272866649125
11	0.17100925417404297
11	0.1755439231875211
11	0.18154123310708098
11	0.35969435070124395
11	0.20601566363126758
11	0.2484693633566525
11	0.20828627194282184
11	0.16397526130179943
11	0
11	0.23041730723060777
11	0
11	0.28887908836635123
11	0.19430613974101135
11	0.18116982290119393
11	0.29748577252722724
11	0.18874995665679273
11	0.1937826099089946
11	0.2662588426679718
11	0.13178131188134426
11	0.10041332073489095
11	0.21233221616081857
11	0.16759740124075723
11	0.18935895205639466
11	0.18576872439634232
11	0.18069430718158802
11	0.22983242732181408
11	0.18901206801109963
11	0.18192024599512885
11	0.2325230812018517
11	0.29389487931672237
11	0.18828999992302312
11	0.22342589895898973
11	0.17510840850334836
11	0.21227880692374984
11	0.24941192268993465
11	0.19099375287695236
11	0.23672220622073534
11	0.30595575032298283
11	0
11	0
11	0.24475360557140044
11	0.2844725131566772
11	0.2729500796489203
11	0
11	0.31365639349531865
11	0.28975986559690864
11	0.30579191415292956
11	0.21470707477074857
11	0.2998430127732501
11	0.25211085345030343
11	0.2601395813581602
11	0.22648831325038363
11	0.2508594752384675
11	0.1962844380639035
11	0.2939992317237268
11	0.18786545943798247
11	0.15812587010852056
11	0.17517336131756783
11	0.14666210654222597
11	0
11	0
11	0.18314606489955132
11	0.18538371999669073
11	0.2335092619587452
11	0.3417358244548361
11	0
11	0.18550855108752087
11	0.18930979213293597
11	0
11	0.18771518740090123
11	0.22536710118425302
11	0.2603925926045003
11	0.2511452513514922
11	0.19083061789024433
11	0.22766427550124152
11	0
11	0
11	0.1740478586470175
11	0.20640419050483733
11	0.1799843384312541
11	0
11	0.23568477398685014
11	0.2933820137650006
11	0.20635734560504354
11	0
11	0.16381194776345423
11	0.17446919582884857
11	0.14546184798545345
11	0.20963699030728267
11	0.27593744131728165
11	0.17773767743010935
11	0.27575798171180343
11	0.17419958089174423
11	0.2547615511204955
11	0.1712181290268672
11	0.23153510827261525
11	0.41078760881179277
11	0.3292299916474017
11	0
11	0.2471233020951305
11	0.2943460811498481
11	0.18844477604216853
11	0.1807907751971894
11	0.18012868269889562
11	0.2119816081804831
11	0.29727256045711387
11	0.1701654329369373
11	0.14368841081895964
11	0.28911820230515506
11	0.20668658150000485
11	0
11	0.1249358460779782
11	0.22418758296569735
11	0.1757029756285348
11	0
11	0.17128431963854399
11	0.27989586007748046
11	0.2732568861999497
11	0.20493170597894053
11	0.18423417818314697
11	0.20988259862546155
11	0
11	0.31805709250403724
11	0.2813367786900353
11	0.16929333923657647
11	0.15732948172182223
11	0.31341222205255226
11	0.2771830963503467
11	0.33807515428688184
11	0.19383459768129335
11	0.1761672830370633
11	0.17250727737123672
11	0.23762824633881274
11	0.41037392438332915
11	0.1439387331453967
11	0.20552110001845214
11	0.19886355351752125
11	0.2804944256969593
11	0.20387802656805404
11	0.27717051022586514
11	0
11	0.35195544887419716
11	0.24669766554721
11	0.13955250478024683
11	0.39501078149320756
11	0.19835093049879268
11	0
11	0.25605726973424847
11	0.209282332850432
11	0.2939848458106044
11	0.2743061944813514
11	0.3287083929329448
11	0.21554471325434127
11	0
11	0.25306348838251347
11	0.19359484756086287
11	0.22467263000457444
11	0.16838145286959988
11	0.28366197893381906
11	0
11	0.2177130286173944
11	0
11	0
11	0.23428383920559728
11	0.306095388774948
11	0
11	0.21813205302244823
11	0.1505666516253293
11	0.1687725543011868
11	0.11967020811402226
11	0.1983628919166821
11	0.20973392467155108
11	0.21170444310809144
11	0
11	0.3312280489064245
11	0.20672386809688265
11	0.2232064796100459
11	0
11	0.18119224180420393
11	0
11	0.2890060237711523
11	0.22545013502325884
11	0
11	0
11	0.2374584033023309
11	0
11	0.3958284342678658
11	0.1605365515760373
11	0.24376210469010626
11	0
11	0.29414292138385384
11	0.21249653379825298
11	0.3040590420479663
11	0.23582680564928207
11	0
11	0.26821491415642373
11	0.2159645758370862
11	0
11	0.20194666695631863
11	0.25942001694544475
11	0.2678906853639351
11	0.21044372569373299
11	0.15974053763693077
11	0.29068298243472857
11	0.17324084742590892
11	0
11	0.24380726555123078
11	0.1647690287471545
11	0.22237887956779123
11	0.19954837849272736
11	0.345933965793497
11	0.1394385340174632
11	0.22617437031769239
11	0.17675552251713061
11	0.26348592795299036
11	0.2572301209662531
11	0.18620379364811432
11	0
11	0
11	0.3087114110215402
11	0.3417785657785117
11	0.26685715121539216
11	0.16603188531133645
11	0.26273826942858547
11	0.1910931782512384
11	0.25230066695310416
11	0.18464704503800167
11	0
11	0.1831446690551715
11	0.23474320443433666
11	0.2418809431057173
11	0.2256790088038004
11	0.18199463428631843
11	0
11	0.22354666688454514
11	0.22416566627129536
11	0
11	0.2849434170990685
11	0.23723473589838662
11	0.1766997693549237
11	0.20649835617364215
11	0.1599494718009574
11	0.2309348673707002
11	0.2014349568743298
11	0
11	0.13784987073451618
11	0.3115761017336674
11	0.23263832797935471
11	0
11	0.31593044089325595
11	0
11	0
11	0
11	0.2732362881570943
11	0
11	0
11	0
11	0.2204583695723155
11	0.2544394362007336
11	0.16940049120939987
11	0.22680373472564475
11	0.17369811923740677
11	0.25407108823416485
11	0.24660994437490918
11	0.24361343009993353
11	0.2731235433732454
11	0.20799547581187947
11	0.17866323071952253
11	0
11	0.2144255845047402
11	0.33478280190018994
11	0.18113580601349755
11	0.15424646186049915
11	0.21358042660490595
11	0.24748064602573577
11	0.36259267234532544
11	0.22667705831455565
11	0.3331917689351281
11	0.2076662091725565
11	0.17969448766440238
11	0.3272721563291806
11	0.21605894238108347
11	0.20625277753107465
11	0.24327495224176823
11	0.24626745270368133
11	0.34422227183419785
11	0.19446783673989554
11	0.16495852056256247
11	0
11	0.2372604171509411
11	0.16199099709793227
11	0.18202511816231914
11	0.21526481234684108
11	0
11	0.21694190847742612
11	0.16977394987467898
11	0.1842833984179311
11	0.24458307661129836
11	0.3527221377602329
11	0
11	0.2099647027302309
11	0.2945313595334833
11	0
11	0.2347004631744864
11	0
11	0.25748394826488497
11	0
11	0.22636217450494994
11	0
11	0.23965785335855247
11	0.21420891036226733
11	0.2247509947379563
11	0.29904188422939465
11	0.15978293078317868
11	0.2393655724643018
11	0.2919245238187166
11	0.2346979782874083
11	0
11	0.1712718732413739
11	0.22227685587084103
11	0
11	0.1994061930172659
11	0.13970995793997013
11	0.2748367845022947
11	0.13232433107596878
11	0.1874635197216607
11	0.2052352616755958
11	0.18942625051177808
11	0.2580776716571498
11	0.26988591766862846
11	0.37136908342776453
11	0.36788863467508115
11	0.2398135513375883
11	0.19722210645805618
11	0.19628797654937036
11	0.13568131414551463
11	0.25454184336221464
11	0.2757332552117362
11	0.270342429068736
11	0.3181879171983448
11	0.24270523858745885
11	0
11	0
11	0.19887516342754924
11	0.1725765522754199
11	0.23578057407327033
11	0.3108171227378917
11	0.20040724321783218
11	0.2951825299294899
11	0
11	0.22791809278783562
11	0
11	0.29815284124977676
11	0.26188339979495445
11	0.1853202699423034
11	0.2690889968512517
11	0.36352220579677436
11	0.18054082104601138
11	0.2165193046043446
11	0.21797103846890253
11	0.16161661079351625
11	0
11	0
11	0
11	0.33165920903646806
11	0.19910639159463128
11	0.2461229636562779
11	0.18861359862080448
11	0.29295278613938497
11	0.18029094676327903
11	0.25278293595344486
11	0.25554226637409183
11	0.17688470180314836
11	0.19942248326916273
11	0.25032355941513484
11	0.13644664972337064
11	0
11	0
11	0.23989927322532062
11	0.2555464879465905
11	0
11	0.1275931362637773
11	0.20132675441594686
11	0.2044257846747576
11	0.21598394403954094
11	0.15840085192672249
11	0.26639673200605385
11	0.3542270982266747
11	0.21223857800725665
11	0.2067477751185998
11	0.1438581248535367
11	0.25443901124991536
11	0.3566170974943448
11	0.277157313663061
11	0.1560380197428759
11	0.2527669328805296
11	0.24862380684282107
11	0
11	0.2506789954125729
11	0.19436315868619766
11	0.2335833233039828
11	0.2421744648778336
11	0.33133712727145187
11	0.3877129512228952
11	0.14202464056292471
11	0.23147191678332102
11	0.21772659478806183
11	0.16388665115240972
11	0.1300371886352166
11	0.30866138104806506
11	0.19756219127924357
11	0.14915781561999136
11	0.29527631052494807
11	0
11	0.31909809686202917
11	0.2957807887075378
11	0
11	0.18574128101490267
11	0.23117594128588134
11	0.25520203414218867
11	0.2058873792960452
11	0.27320825282933203
11	0.20336982979098925
11	0.24809287147072262
11	0.16135483391147207
11	0
11	0.1516390483550592
11	0.2800651742862477
11	0.2278856447049051
11	0
11	0.2480544675917581
11	0
11	0.17326180534099686
11	0.3485994482981517
11	0.2220933424170274
11	0.15582403892062846
11	0.18198162629186346
11	0
11	0.24336723719299325
11	0.22893537428665753
11	0.229872457239736
11	0.2178712053709345
11	0.3585441717163224
11	0
11	0
11	0.16289880718086755
11	0.28573089425700837
11	0.18381570795428856
11	0.22180099030796166
11	0
11	0.22354829940356888
11	0.21775433530563423
11	0
11	0.22538534073956518
11	0
11	0.18614362162757098
11	0.24033978659124416
11	0.1178054605116681
11	0.19011317073563852
11	0.23041565081528134
11	0.30650019493365205
11	0.18626002132253147
11	0.2219802309747402
11	0
11	0.30732167484244166
11	0.4489702628605386
11	0.1898055921659283
11	0.2575838125309358
11	0
11	0.3089882350679266
11	0.1566501828985865
11	0
11	0.2866856027836593
11	0.20138934079553172
11	0
11	0.21709537756804478
11	0.18889280888120247
11	0.293392900090479
11	0
11	0.11898309711353357
11	0.35133512464056876
11	0.20601659354320284
11	0.27204496901520825
11	0.23252665000742775
11	0.18859976473177403
11	0.25775625455024714
11	0.20769250760412222
11	0.17675994141015058
11	0
11	0.28041107514893576
11	0.2965491363903644
11	0
11	0.20382073289831693
11	0.30851685152521136
11	0.24362748042452803
11	0.26924608268747924
11	0.19053351803674168
11	0.17969426008765546
11	0.15114547476954246
11	0.23439479384389356
11	0.1963573630855648
11	0.27882299213025263
11	0
11	0.18371685461195691
11	0
11	0.21236887186990133
11	0.23890842985273292
11	0.1731994301027871
11	0.24970839934170277
11	0
11	0.1570405125210499
11	0.2343790116013069
11	0.393105983855771
11	0.2686919695718206
11	0
11	0.1849231597504789
11	0.20599643394516898
11	0.20586605859399545
11	0.2812449760422363
11	0.24714634937937852
11	0.27006900275674756
11	0.20110087594497586
11	0.20277442457384548
11	0.2540620113625263
11	0.23311565463107367
11	0.180246740888602
11	0.34575209206959634
11	0.2162293553336253
11	0.20400475203929197
11	0
11	0.16389574677727595
11	0.15658332599556107
11	0.27372674724770774
11	0.256441314723096
11	0.2435858080558536
11	0.18948426646991734
11	0
11	0.13739246611392908
11	0
11	0.23725459004281338
11	0.2438730954131602
11	0
11	0.19610105649411974
11	0.20716197405667391
11	0.15012629618999968
11	0.17463385986775565
11	0.19586406085771982
11	0.2772551439322414
11	0.2186489767624652
11	0
11	0.2096372353378419
11	0
11	0.2740924151915104
11	0
11	0.20333980138215363
11	0.1447545179038664
11	0.21843355330292322
11	0.33100890751680523
11	0.16448731770747047
11	0.22491589527227973
11	0
11	0.16696940744964017
11	0.3786027559618992
11	0.25011201630744884
11	0.15678358022239497
11	0.18480814987601388
11	0.21440445006016007
11	0.19350264482387547
11	0
11	0
11	0.2389754721841887
11	0
11	0.18769009969053127
11	0.2788448510157717
11	0.24132675060528863
11	0.29263515439086807
11	0.21281738206084652
11	0.18619887911450772
11	0.1406971751848937
11	0.242467160519858
11	0.17094044286255602
11	0.20491803310597906
11	0.3025909285297713
11	0.29929682064746466
11	0.13441867880954797
11	0.20080003062970642
11	0.16365911651348386
11	0.2348474917749842
11	0.21303124335274864
11	0.21025279074719724
11	0.19548093259820906
11	0.21862624468004327
11	0.19059577734344707
11	0.3548830898799938
11	0.24989821543160193
11	0.2871415082074981
11	0
11	0.15038962212073267
11	0.2524183369251031
11	0.24973370356169866
11	0.17892929641160438
11	0.2386858928700465
11	0.19194548582388798
11	0.29467639663031714
11	0.2059320326525278
11	0.2834933514734558
11	0.24353106790606247
11	0.229169855786862
11	0.12175081123936399
11	0.291251951396829
11	0
11	0.18263863491524945
11	0
11	0.3093381952940379
11	0.21459176116069678
11	0.237319579972581
11	0
11	0
11	0.25267950666478783
11	0.16397709194334192
11	0.2336930603066731
11	0.15045056694868794
11	0.36250422516507014
11	0.24347880652011147
11	0.1075124977020208
11	0
11	0.28772411340057624
11	0.1440775987453486
11	0.21067101831291485
11	0
11	0.3544307349614627
11	0
11	0.319563577644054
11	0.1580538702756995
11	0.3224811398878208
11	0.24151597166213915
11	0.2155574733342419
11	0.16267105685813893
11	0.1929421810280273
11	0.26331885717424547
11	0
11	0
11	0
11	0.21454216070181625
11	0.1565170134015348
11	0.2290538641158039
11	0.2719371762579472
11	0.31172463080510165
11	0.27202259584707744
11	0.19884793446653595
11	0.24116317890217023
11	0.29907842189565254
11	0.2252808588225699
11	0
11	0.2562023157682411
11	0.28924802255534177
11	0.38760112085887594
11	0.28340859818067493
11	0.24467376735477775
11	0.22622677638926975
11	0.332472258818199
11	0.21106295978885786
11	0.13615943794589705
11	0.1700932020249622
11	0.3907866733076983
11	0.25273408906322825
11	0.24014720148005692
11	0
11	0
11	0.22289874441042654
11	0.14449140648221323
11	0.16702890116764796
11	0.39645136882622617
11	0.19561703866402805
11	0.20781893516453187
11	0.2349871190126714
11	0.22043762859643146
11	0
11	0.2069087238940626
11	0.19644331233946372
11	0.18446253798027207
11	0.23723393473475676
11	0.17147656055038288
11	0.19892157750378348
11	0.27843105568866156
11	0
11	0.18573227055744426
11	0.22997487807438255
11	0.2036404056085398
11	0.2965514762541191
11	0.29714233791408845
11	0
11	0.2818944917316332
11	0.193124167711759
11	0.18214824963373946
11	0.26033510801244264
11	0.21935220066788264
11	0
11	0.2125598347489845
11	0.2824757024141166
11	0.30171929235738254
11	0.3241833391902511
11	0.3406861862407099
11	0
11	0.2021486285610358
11	0.16967501246388514
11	0
11	0.2577010460555556
11	0
11	0.22162014489044501
11	0.20704345850585057
11	0.269410534468299
11	0.22970072911165249
11	0.2861882050451075
11	0.16099537775171247
11	0.2268902003072046
11	0.262660110996403
11	0.3221834663818156
11	0.21148520462263298
11	0.20901011765179758
11	0.3130293617243921
11	0.25738380721830423
11	0.1644121949858833
11	0
11	0.28960615480808677
11	0.2059354178152118
11	0.48683887556995786
11	0.39311315936080576
11	0.19649851351969572
11	0.2687520117325889
11	0.2527302659565905
11	0.33933428679196925
11	0
11	0.38893253954994667
11	0.20175065864506253
11	0
11	0.38531283300496333
11	0
11	0.327803083014187
11	0.3129693774247608
11	0.21153078956335467
11	0.15697836019946357
11	0.30244666961127337
11	0.21332657002054703
11	0
11	0.24606505631996362
11	0.14028382522588523
11	0
11	0.1823605158528047
11	0.1920268802434053
11	0.28051951020095234
11	0.2509100481624415
11	0.22161100825838886
11	0
11	0.18802842524943328
11	0
11	0
11	0.15267966937054817
11	0.2567971926043872
11	0.28368426836209815
11	0.22541658640710047
11	0.2313550259703067
11	0.2710567658989788
11	0.18609482376203698
11	0.21359639096216596
11	0.15672439092818724
11	0.2326914382166776
11	0.22208766211200814
11	0.1655482574170854
11	0.2409202282368289
11	0
11	0.1554825863078907
11	0.19400227410704163
11	0.17739702061725593
11	0.32220044894842687
11	0.49728732100021295
11	0.19768736407835946
11	0.2930014849375398
11	0.21822382682991426
11	0.31667595256330633
11	0.30111244995083714
11	0.34638477983646215
11	0.22153221489737138
11	0.3052022880364474
11	0.2558782995555969
11	0.16847556887749776
11	0.20030034419461207
11	0
11	0.17440751644894353
11	0.19301949473181773
11	0.3953353335423065
11	0.1651130411364841
11	0
11	0.28944715975158825
11	0.14720804729150183
11	0
11	0.18089894340097562
11	0.2389916402307947
11	0.20662095668558028
11	0.5083805753500886
11	0.242935060675922
11	0.211039577878468
11	0.16118847466593184
11	0.24401182407205982
11	0.22731698857478483
11	0.21477483596575603
11	0.17410252362604894
11	0.14443112486371257
11	0.27864477391981696
11	0.21185326292788534
11	0.26112466147691243
11	0.21863896882370615
11	0.3249358119763189
11	0.21423864370199217
11	0.20495292264686554
11	0
11	0.2527436002107619
11	0.21368987077442783
11	0.16954919661738416
11	0.19017137312537727
11	0
11	0.2818755616908549
11	0
11	0
11	0.1706656184248399
11	0.1760405135155417
11	0.24609166815606134
11	0.2799121752919438
11	0.21399969807427413
11	0.2322465157418251
11	0.16543116973814473
11	0
11	0.12631086061617255
11	0.28207115871861216
11	0.16012894325981392
11	0.2083147519271157
11	0.32895075068944807
11	0
11	0.2568413554321248
11	0.1959371993413111
11	0.17165258042993553
11	0.24951087720927187
11	0
11	0.21408984296546055
11	0
11	0.17210157567484757
11	0.13861760434840337
11	0.23722813229447565
11	0.26136162483883524
11	0.16185361445876123
11	0.24202943900385548
11	0.21803967230172272
11	0
11	0.18568275239801246
11	0.19480612269356587
11	0.22464140551225953
11	0
11	0
11	0
11	0.3830677113370185
11	0.22963617407479933
11	0.1828823315391161
11	0.2530697732953822
11	0.18813644520790485
11	0.30003146013222576
11	0.24647908082184203
11	0.21166608153764288
11	0.18996204114185886
11	0.15385972683428836
11	0.2637206978460118
11	0.35213222024521845
11	0
11	0.25863797190000803
11	0.25063541740070294
11	0.3023681026971141
11	0.1708361447834251
11	0.15004864169853843
11	0.1896702937726838
11	0.20443653224812774
11	0.22819918103109277
11	0.22286653443749402
11	0
11	0.2285742769638489
11	0.2057194013115424
11	0.1879721370874221
11	0.18043392451568502
11	0
11	0
11	0.2064222661268463
11	0.24329433975678993
11	0.1971254458513931
11	0.19360698856711286
11	0
11	0
11	0
11	0.2039185528685051
11	0.1835267305301202
11	0.24557184021910294
11	0.20518040623796485
11	0.16356544490556943
11	0.2354213098674412
11	0.2054679064409323
11	0.16376575196279677
11	0.24427666306373494
11	0.1393971269867894
11	0.24074381024949956
11	0.1588999108339207
11	0.29301503897075326
11	0.25922370788669236
11	0
11	0.34137144105967693
11	0
11	0.19831488887779442
11	0.18660418048532085
11	0.20527453904219986
11	0.13183825519070072
11	0.20421806826946715
11	0.21311850334371388
11	0.2739275101735549
11	0.13728120707698274
11	0.22293269211464753
11	0.14968236583550304
11	0.3125170219778935
11	0.33244983874618206
11	0.2211329247775727
11	0.3187828392239373
11	0.176230644189303
11	0.17197971393470737
11	0.1528984572433033
11	0.2057831076126176
11	0.3813768678193812
11	0.26914316192802257
11	0.3294381390197822
11	0.14358348309310504
11	0.2799670754647324
11	0.26789636223339186
11	0.17917609624679673
11	0.1710058739245735
11	0.2832612356736641
11	0.24378647359075312
11	0.13720652323293453
11	0.18375113057024062
11	0
11	0.26412365261885895
11	0.3736264246841591
11	0.18727534119324485
11	0.17090008106140553
11	0
11	0.21310962317812196
11	0.24611457299457268
11	0.21743005154890738
11	0.23715039217223943
11	0.23919012502600245
11	0.13852521205014906
11	0.304288877357629
11	0.1408608664357465
11	0.1833095173515981
11	0.23222824894604163
11	0
11	0.25181449051714366
11	0.17591460607644926
11	0
11	0
11	0.15526158623796762
11	0.2228725358123863
11	0
11	0.3573228465920078
11	0.17273876952992986
11	0.20603570005613422
11	0.17854817261301595
11	0.11827998716506548
11	0.18605916611704262
11	0
11	0.21961293327824222
11	0
11	0.3606675524343146
11	0.20651140784862776
11	0.19700511156899217
11	0.2814673079870139
11	0.24383736883879958
11	0.12983222673029274
11	0.20372092301080727
11	0.3508992330229954
11	0.24933151771835915
11	0.25154654011568084
11	0.2248215069386111
11	0.15004312100126405
11	0.17470256074925627
11	0.22594490730179725
11	0.22401357453303736
11	0.20259711846044648
11	0.2817680676570005
11	0
11	0.36597390662690216
11	0.2067667308009066
11	0.13110499153996785
11	0
11	0.23517588185309166
11	0.3003732197307955
11	0.2867643544813219
11	0
11	0.2369450791828532
11	0.13443849586001058
11	0.2928581851520605
11	0.3555098690559377
11	0
11	0
11	0
11	0.24159489860511368
11	0.2539560890383325
11	0.1971881799756304
11	0.2705810545576869
11	0
11	0.30377652108779063
11	0.26230411062767894
11	0.20427041217539882
11	0.18177469505617572
11	0.3011292044097236
11	0.24430136740822672
11	0.1979417576871487
11	0.2910087236267512
11	0
11	0.21931119400025048
11	0.28061499123951306
11	0.19259677687454402
11	0.1961409902802626
11	0.1744664868057626
11	0.19162996036515992
11	0.14661786963038118
11	0.2489278403152895
11	0.13489595126247347
11	0.2949861590870581
11	0.15781134194923216
11	0.15617059440144937
11	0
11	0.23943317248844806
11	0
11	0.23593353190179073
11	0.23535450022724272
11	0.26620108796067965
11	0.266966386691186
11	0
11	0.23490951996650528
11	0.20374637848883448
11	0.2886676814922925
11	0.355633510206946
11	0.1905745800869939
11	0.24134875333852207
11	0.14883411441407535
11	0.1486353916348505
11	0.22123554920152327
11	0.14287546595167236
11	0.3099480053973622
11	0.2166660182762471
11	0.2718080864146928
11	0.2993812779130303
11	0.4091146809895022
11	0.13600417161599598
11	0
11	0.12766017989128506
11	0.21090500532255976
11	0.25392379505711005
11	0.1940493424310556
11	0.2958089725408088
11	0.19332875236971583
11	0.27920741039484814
11	0.1793912123019492
11	0.2728606590244374
11	0.2423947188259779
11	0.1290848488606353
11	0
11	0.2537722901926834
11	0
11	0.17233532420002595
11	0.3919639736565467
11	0.16373978913315196
11	0.33195616865884525
11	0.1805513780824587
11	0.27145460061433774
11	0.15879430742897466
11	0.4216676040579212
11	0.3387238076917055
11	0.2673916265115699
11	0.24668414661005944
11	0.21150743068296993
11	0.19013614405148815
11	0.19291118791249282
11	0
11	0
11	0.2460550572251328
11	0.23360073698841669
11	0.22465936085466265
11	0.26559217036641913
11	0.20879283056922343
11	0.2751472696032895
11	0.2337062220384178
11	0
11	0.26218391781594375
11	0.21864866762869814
11	0.2761952367773833
11	0.2778191044344621
11	0.2297735839362782
11	0.24155542678123174
11	0
11	0.169581824874174
11	0.2991865728840561
11	0.2014026297001904
11	0.20324726912626606
11	0.31921148881488626
11	0.26359274683817757
11	0.3033206318845391
11	0
11	0.22023754834165468
11	0.26921361599700955
11	0.20412274832869948
11	0.30171385521740746
11	0
11	0.13591067282521319
11	0.19707454826935045
11	0.17850853651392448
11	0.26591095855918107
11	0.20304197994475473
11	0.3133579636874019
11	0.32585118585439066
11	0.2016877338094425
11	0.3215051526754062
11	0.2639011846905952
11	0.2709352604501895
11	0.1519312537556242
11	0.18627427702386085
11	0.19437116761867504
11	0.20008542526133308
11	0.23226177515354518
11	0.21472575122008045
11	0
11	0.29345331346999476
11	0.23315117324451948
11	0.17349216832939862
11	0.20556640684494143
11	0.26767255069738455
11	0.21529605519622938
11	0.20814070128739104
11	0.14080781320874466
11	0
11	0.33631355543311237
11	0.262833015056564
11	0.18598135494057663
11	0.2377891693144238
11	0.2353216658451218
11	0
11	0
11	0.2579544018918137
11	0.1721434657878139
11	0.21029294078664845
11	0
11	0.2609196647260541
11	0.302270446998116
11	0.1967083319321344
11	0
11	0.26866534509039863
11	0
11	0
11	0.2265242897559481
11	0.215306915695388
11	0
11	0.21664189525026098
11	0.3182427799381843
11	0.14191866840043377
11	0
11	0.22404224226385117
11	0.19456079536602935
11	0.20578001905040277
11	0.3775731236195133
11	0.16470506234278928
11	0
11	0.25744788618797915
11	0.17457635164519475
11	0
11	0.15339214811016877
11	0.21151313102241312
11	0.20636708271598833
11	0.1706085635352618
11	0.285114478276091
11	0.23994249304289764
11	0
11	0.20137194082935242
11	0.23195291289921405
11	0.3184553095316737
11	0.35941879490480483
11	0.22754243400763083
11	0.1481233498285044
11	0.1741160182973674
11	0.21579744133407264
11	0.2786428754068792
11	0
11	0.27650591619866166
11	0
11	0.2616576040760176
11	0.3631141563774359
11	0.16415117008167018
11	0.1943815383308128
11	0.2572311440366053
11	0.2437777504016664
11	0.22061592916275158
11	0
11	0.16390205633512844
11	0.21291094069747965
11	0.21837817295114015
11	0
11	0.26365996782295414
11	0.16476484232944272
11	0.17921075450485524
11	0.23642454726752898
11	0.18196450376972872
11	0.2046627257058808
11	0.20735559241442597
11	0.29914227708198377
11	0.14823186529150084
11	0
11	0.2325937605686119
11	0.2685867785734891
11	0.20081377120701077
11	0.1573832418345615
11	0.13333974834386614
11	0.1996585468326445
11	0.12916819278514338
11	0.19505719406174288
11	0
11	0
11	0.17766786993231773
11	0.23058485895714018
11	0.1893086503410639
11	0.183137045123354
11	0
11	0.32572323316646246
11	0.30111457539429914
11	0
11	0.10293440823483713
11	0.25303412041171636
11	0.282760093513748
11	0
11	0.2260928044023076
11	0
11	0.2109383391344045
11	0.2043519308328874
11	0.2418219855279189
11	0.17115842282728788
11	0.15331863337991944
11	0.2051935654321586
11	0.20749866419764212
11	0.23304810854832078
11	0.16313554438430986
11	0
11	0
11	0
11	0.1589747040574669
11	0.2099555270549675
11	0.22997217711608206
11	0.24122300165942095
11	0.2669410424348614
11	0.19774075243858252
11	0.24578212433217164
11	0.18746700377144176
11	0.166687860839979
11	0
11	0
11	0.18756009217953118
11	0.2730206774938131
11	0.22144997937744584
11	0.22630336922794458
11	0.1807083179438565
11	0.16033309158765485
11	0
11	0.26714587468783246
11	0
11	0.24305892765421883
11	0
11	0.24234148826881355
11	0.16408085207061743
11	0.29317288147013365
11	0.20331479443497485
11	0.2514500443458665
11	0.18661160067561633
11	0
11	0.20824456027384758
11	0.18080413002336862
11	0.3403412945176393
11	0.3951446110195331
11	0.2656404166113502
11	0.1958627970731303
11	0.18490455360420843
11	0.16454694375996776
11	0.16895146808179767
11	0.3280782815744248
11	0.22430961818701514
11	0.1814723617369911
11	0.28798595213845063
11	0.23230086076784245
11	0.24702801754553838
11	0.2635002742580274
11	0.28842264099701614
11	0.33044157034815635
11	0.2535928033887678
11	0.13948971926934764
11	0.13686672644501513
11	0.19111866722390783
11	0.28423530061406554
11	0.3041225375134747
11	0
11	0.2757047032589872
11	0.20567617486702813
11	0.16510839900479712
11	0.14728150277865076
11	0.3605776561697368
11	0.28408582299963914
11	0.18018501336685497
11	0.19188843646008316
11	0.2386790220602793
11	0
11	0.24872658538219425
11	0.20255133306950682
11	0.21670466011587397
11	0.19313626809940554
11	0.1966005615760895
11	0.2789838848573382
11	0.23375079394653953
11	0.3296265545043346
11	0.14304953645277912
11	0.21316751694020727
11	0
11	0.18490363959271142
11	0
11	0.6134873890633821
11	0.17506830636082737
11	0
11	0
11	0.2386246438601799
11	0.17059936777672666
11	0.17710768499848087
11	0.3062640363642005
11	0.12082219796813892
11	0.23996977220294147
11	0.16747163469231963
11	0.23687820100029008
11	0.11252022328311967
11	0.3256856193965055
11	0.2728154558992351
11	0.20989656861453845
11	0.21156648251402235
11	0
11	0.21930440418860758
11	0.2311616161691289
11	0.22579591524620124
11	0
11	0.1311399437254233
11	0.25883842775530613
11	0.2043883400950996
11	0.29088156220900296
11	0.18701209403183022
11	0.2376931104298273
11	0.21652934295843132
11	0.25840414966682246
11	0.23918816040781826
11	0.11702025957004554
11	0.21588312790196373
11	0.2382991381468959
11	0.20167030699743738
11	0.19536412131419822
11	0.19774978795104764
11	0.2121902217751598
11	0.24017361227090392
11	0.1975186263265193
11	0.22468046229412972
11	0.1706377475823703
11	0.28434957077413436
11	0
11	0.21818928747690977
11	0
11	0.21401316325514988
11	0.22079925257772567
11	0.2693319950057123
11	0
11	0.2050944601544538
11	0.18259626168651089
11	0.17711670997422307
11	0.20956776291661203
11	0.14203166694960953
11	0.20684101377593453
11	0.17657971342029616
11	0.23146920059934545
11	0
11	0.246530099308104
11	0.20763721549393907
11	0.2845098098149939
11	0.2538492399807228
11	0.31352954075062006
11	0.25577625100716017
11	0.27033043254553596
11	0.30924167196829944
11	0
11	0.20647661615297272
11	0.21445335027853793
11	0.22445062314581316
11	0.3060726297705086
11	0.27897572197016063
11	0.18613583410289739
11	0
11	0.18111677970224363
11	0.19218770648421074
11	0.21488884762975372
11	0.20209154485969985
11	0.3723852914579455
11	0.2025403208744405
11	0
11	0
11	0.3054434332057045
11	0.22886992349173835
11	0.18338605697089927
11	0.17214110211247996
11	0.18474417889633704
11	0
11	0.20954590075409488
11	0.30237569843800466
11	0.2099623565901585
11	0.2215639285002954
11	0.16422700931204026
11	0
11	0.19603081533911082
11	0.23932546364285023
11	0.2699550968956053
11	0
11	0.20090395896696653
11	0.160181633980255
11	0
11	0.20498040201674184
11	0.25552507656699186
11	0.20977335892235843
11	0.14086739435448803
11	0.18991263457411586
11	0
11	0.1652681232130215
11	0
11	0.1902293141990653
11	0.16520228715349566
11	0
11	0.17996285726683964
11	0.13552610184703154
11	0.3355236301934545
11	0.19624033765145474
11	0.2699266147129904
11	0.2529740449257972
11	0.3110165267745176
11	0.4390069040247996
11	0.17951778323267903
11	0.25005073475677253
11	0.17177729549160556
11	0.37875288990292855
11	0.20035167901462458
11	0.2038174351917093
11	0.2401876859753647
11	0.27093889189194714
11	0.29983468264636354
11	0
11	0
11	0.24865934675453982
11	0.3998052572424084
11	0.2153284510074332
11	0.19554245159133926
11	0.31483595847729884
11	0.21820560479922493
11	0.1546418042629154
11	0.24158318386541444
11	0.21584938043911994
11	0.19541827565680314
11	0
11	0
11	0.276807729003882
11	0.23280080101709535
11	0
11	0.356676782532541
11	0.22797092600377697
11	0.2721356274509942
11	0.25640681398474807
11	0.27292307462189364
11	0.33442305528470023
11	0.20915768000683302
11	0.1819485448082091
11	0.20604389188626476
11	0.21702038871713167
11	0.34690257761604515
11	0.2324577206827168
11	0.24951344944504417
11	0.3246610258053094
11	0.17246238394442792
11	0.2372680755248835
11	0.2400006806344342
11	0.1873010244279974
11	0
11	0
11	0
11	0.24509119910026386
11	0.20123366389323238
11	0
11	0.3119455653301715
11	0.19439624007002285
11	0.19965163482278186
11	0.24744682895053144
11	0.22375342259347683
11	0
11	0.2420420105723889
11	0.23053859124543535
11	0.16128486002918957
11	0.18511411561626676
11	0.21730002930347994
11	0.31831769578936336
11	0.14545725960759906
11	0.22658355166238256
11	0
11	0.2848195862617193
11	0.21214103262643674
11	0.21017786484060141
11	0.2151653893269216
11	0.17743981944654827
11	0
11	0.2744583357210587
11	0
11	0
11	0.2524924517651576
11	0
11	0.2237984454252025
11	0
11	0.20506220714675738
11	0.25020199903227147
11	0
11	0.31442157993327585
11	0.1799790715894899
11	0.1837946289780281
11	0
11	0.21910609607986511
11	0.13471668296860792
11	0.244649050177261
11	0.18750023159128418
11	0.2455069934756526
11	0
11	0.19293557507194833
11	0
11	0.22727655510191677
11	0.20295731892444924
11	0.1602253317681837
11	0.32265191116276715
11	0.2958130194036179
11	0
11	0.30859963438501553
11	0.21514625712442148
11	0.2135693140044328
11	0.21292687682056713
11	0.2543662756309191
11	0.22946863829058775
11	0.26439747082045395
11	0.21541148981318453
11	0.18886430327301199
11	0.2611118116441803
11	0.1618140628595774
11	0.27016396119903824
11	0.15387341689328637
11	0.27915030773746197
11	0
11	0.21079499883326502
11	0.1956555880550688
11	0.2541165190366579
11	0.21847232388802335
11	0
11	0.18075454062373505
11	0.3721057281395149
11	0.2120210716063817
11	0
11	0.16886461546101994
11	0.14222464297470544
11	0.21012920746285493
11	0.18728485466586695
11	0.18151586552166493
11	0.1464391907338539
11	0.1552961312084111
11	0
11	0.2643319994673066
11	0.2573252230299229
11	0.1877569574243894
11	0.23059342712130038
11	0.23789822438675182
11	0.11519250744956891
11	0.11646017688665185
11	0
11	0
11	0.28174154097636045
11	0.17841255583386534
11	0.21672593573890162
11	0.22019698115905534
11	0.23820273958278199
11	0
11	0.31601854363246173
11	0.09181710732398414
11	0.40270003938420373
11	0.22807855626718054
11	0.14710870688509867
11	0.2123669145700931
11	0.2866915430968413
11	0.16579582163742407
11	0.22267293366157467
11	0.2629034520096411
11	0.32728765551087696
11	0.22273379840381458
11	0.19481938845740257
11	0.2169617587969142
11	0.2036986283307558
11	0.18925740450154963
11	0.1843315892805551
11	0.24035635115230547
11	0.15073191584615772
11	0.15943507394515505
11	0.2147360338232262
11	0.19923197302170972
11	0.1641978321289668
11	0.13327783864106801
11	0
11	0.15893725049887444
11	0
11	0
11	0.29576572528498446
11	0
11	0.1963091807671941
11	0.2826477010239656
11	0.13606363600297203
11	0.23230011559058283
11	0.17145143184282333
11	0
11	0.18915486992341973
11	0.25245646738022465
11	0
11	0.21496473082966638
11	0.18975536105981267
11	0.1843473910248994
11	0
11	0
11	0.21004858703604368
11	0.16921331908924797
11	0.27939726067097354
11	0.22421774628666444
11	0.12634245965089583
11	0.17795281440352628
11	0
11	0.23810007747202377
11	0
11	0.21257724370582204
11	0.2118085491492612
11	0.3981296027325962
11	0.16798885516075346
11	0.1656863062308719
11	0.18145662137707583
11	0.1375574595560465
11	0
11	0.29510342155056657
11	0.13063885221547886
11	0.2148720181769095
11	0.25456548054937345
11	0.2162892138169605
11	0.1751412900873383
11	0.2518277506790453
11	0.16487058861898501
11	0.21324682697305058
11	0.3020940612786382
11	0.21304579334712848
11	0
11	0.29918268113514745
11	0.21098628905745218
11	0
11	0.23649182431548488
11	0.22467980614001487
11	0.4433640142373076
11	0.14102980675624752
11	0.2878543896863505
11	0.25477800702298
11	0
11	0
11	0.21501076667901925
11	0.4196507148342954
11	0.23782297159155924
11	0.4296035899201425
11	0.20384961979330088
11	0.2202670321393871
11	0.2403809473549932
11	0.2491473875322761
11	0.25860557367787107
11	0.27833800645638485
11	0.2136357566068871
11	0
11	0.2027993071166704
11	0.13078522758139305
11	0.1989166930484815
11	0.1733396233727262
11	0.27623002242288724
11	0.171393802774614
11	0.33531216516476176
11	0
11	0.2789043514952012
11	0.19845325826661106
11	0.23050484327496193
11	0.26430953372563193
11	0.24393352479632138
11	0.247319951181737
11	0.14124812421816776
11	0
11	0.22571865932125515
11	0.18717047194391975
11	0.229142114431094
11	0.21386311188307802
11	0
11	0.3780110372451427
11	0
11	0.18964565867822836
11	0.2152070218085515
11	0.25462919934007683
11	0.19037521278849132
11	0.22305798064088947
11	0.199681151823879
11	0.17830328228026585
11	0.23319672780659742
11	0.17120123068144294
11	0.2726074508224246
11	0
11	0
11	0.19839703027462147
11	0.3346544946661902
11	0.32883496865053663
11	0.21130882904764886
11	0.29771281889239504
11	0.2339430321898779
11	0.4214061584418579
11	0.22145780209433719
11	0.2124913047934493
11	0.23393661812665892
11	0.3187678102096113
11	0.26310632108926957
11	0.18867611365084944
11	0.40561466016229974
11	0.22233766702659644
11	0.3334938069486896
11	0.2798901072019944
11	0.1745717970842385
11	0.21872819407642755
11	0.12059536801355253
11	0
11	0
11	0.26101352812473666
11	0
11	0.2026494609855907
11	0.25388605280546367
11	0
11	0
11	0.24807125060822147
11	0.12967408947124584
11	0.18208463458431595
11	0.2638148431396814
11	0.22465200293467172
11	0.23381301677156616
11	0.24690407293520705
11	0.15460381340284235
11	0.2106939839221403
11	0.23998470121973725
11	0.16324331604661677
11	0.17914307195262918
11	0.14776459659210195
11	0.21654234669408995
11	0
11	0.24373028000992686
11	0.25429331622099455
11	0.25942699344859615
11	0.2319776835002976
11	0.2558008294729416
11	0.24222200730287352
11	0.20090200858107546
11	0.2177815644681094
11	0.1618943325995896
11	0.2140184944008677
11	0.19857887108975705
11	0.21710574852948036
11	0.21375011126485483
11	0
11	0.21623507482394327
11	0.19585746448904884
11	0
11	0.21867146564391665
11	0.15559791704908316
11	0.18759223562385094
11	0.213608509071823
11	0.3088640289522925
11	0.17121636664369405
11	0
11	0.2518236432363426
11	0.27844260395094045
11	0.23209729751879338
11	0
11	0.22227493580688573
11	0.16216182904457824
11	0.1906741641135538
11	0.17008124139996694
11	0.34678660144497386
11	0.21803277587814965
11	0.14372471027545342
11	0.24504897657727703
11	0.2089089506049137
11	0.1850269998207157
11	0
11	0.20618030139827737
11	0.1995967776673897
11	0.3676485971014051
11	0.24711872854587122
11	0.22972296098586634
11	0.3800780034752509
11	0.24045024576611396
11	0.1658431315546827
11	0.2632004872333268
11	0.33463035635147914
11	0.16410610878663817
11	0.27842176673004143
11	0.20249833296704514
11	0.1593561050021145
11	0.3308977156049655
11	0.22075725749925734
11	0.21452819422019545
11	0.18267051593679798
11	0.20005549984706536
11	0.290914898957105
11	0.23881976982509032
11	0.2578767767107615
11	0.22384854025939566
11	0.20950883595539854
11	0
11	0.26982580929020017
11	0.2095555177585827
11	0.22553235420840012
11	0.24881966115170623
11	0.22324253288620122
11	0
11	0.1535763777932592
11	0.2040323690137308
11	0.26392188255846794
11	0.4203312805500772
11	0
11	0.1720866641039702
11	0.2205541199803347
11	0.16655063192632688
11	0
11	0.18812049910582943
11	0.21829343446307306
11	0.2506476019104722
11	0.3521710574810093
11	0.1467071550589616
11	0.22184409375974146
11	0
11	0.224408020699881
11	0.493173167111989
11	0.1823193773216045
11	0.4213429790448917
11	0.22568512287609394
11	0
11	0
11	0.2927761691955367
11	0
11	0.17933802924060466
11	0
11	0.3032619876846777
11	0.1691362724069889
11	0.15921111520869075
11	0
11	0.33837929676890033
11	0.2254353968855612
11	0
11	0.26314135442876024
11	0.2094850149276439
11	0.2208068582718125
11	0.14219818367551867
11	0.18421246306148487
11	0.21116513812764864
11	0.3237417449116387
11	0.16866332092708403
11	0.2316278310738365
11	0.20130672269298502
11	0.19748223343785354
11	0
11	0.23073969937774902
11	0.2554809576135421
11	0.13903563454358853
11	0.15364411812132733
11	0.18727092924394007
11	0
11	0.35142813084121793
11	0.12792713293610727
11	0.3284918037676231
11	0.24456425175269178
11	0
11	0.2671029660379825
11	0.3055086274042131
11	0.24078893483033123
11	0
11	0.24271100760030073
11	0.1422618812506419
11	0.26645146622705934
11	0.26791745205572204
11	0
11	0.3321460245296641
11	0.16402032023667237
11	0.22653386796509475
11	0
11	0
11	0.19222984857257847
11	0.1959423782198152
11	0.20103059048656124
11	0.19736842445705644
11	0
11	0.1447463230345897
11	0.24770434033156258
11	0
11	0.2512376523164322
11	0.1429697225727805
11	0.186088891376186
11	0.19511970361700834
11	0.3264114357864358
11	0.14099315878955354
11	0.19244053728156588
11	0.24782331473933275
11	0.1968114098590201
11	0.2493744796911984
11	0.19808436695534318
11	0.2137644710503637
11	0.21678121840982453
11	0.20260807722411223
11	0
11	0.17245127525680765
11	0.18107683233376484
11	0.19956825785278778
11	0.293545854809384
11	0.27955413282122676
11	0.2780323229142418
11	0
11	0.2405789783918186
11	0
11	0.19099295477167033
11	0.18607757323177637
11	0
11	0.15745428923597962
11	0.2664803046661756
11	0.2550439289904498
11	0.20615723148016152
11	0.26216861406690545
11	0
11	0.2917720603874256
11	0.33395125543486437
11	0.2271570676828255
11	0.12943712219722728
11	0.1822045328697465
11	0.2861539270976198
11	0.25235483043649093
11	0.18042117651138276
11	0.25791141577102067
11	0.2562204455880203
11	0.1905423749986963
11	0
11	0.16823325166356243
11	0.2673205110442233
11	0.1355043784059646
11	0.21543694042480158
11	0.15907557087933863
11	0
11	0.09619624010771577
11	0.28694116521492674
11	0.20544133568436804
11	0.19001163747880606
11	0.2477928649281388
11	0.13664900587781734
11	0.2315322880814479
11	0.14688147351365874
11	0.25736924094277375
11	0.130318569620335
11	0.24589668008356913
11	0.32986401660807396
11	0
11	0.22362082771575736
11	0.23120858703474528
11	0.23001923287694562
11	0.2362411771509491
11	0.1705983418296888
11	0.17723190633046923
11	0.17609779769913983
11	0.1654537939785017
11	0.26339896145590885
11	0.28619834187825516
11	0.2337578270065917
11	0.24317742879343565
11	0
11	0
11	0.2727990957199252
11	0.15992503709446057
11	0.250203287413011
11	0.1789439538278562
11	0.4391232062039593
11	0.3047424932970957
11	0.1911486136658031
11	0
11	0.31100112675292124
11	0.15972938031411185
11	0.259106517935348
11	0
11	0.33046173636359627
11	0.15675688237514215
11	0.3034675301125934
11	0.2258767301107388
11	0.327207629555169
11	0.3628608702494076
11	0.17849658028164847
11	0.26594578684013853
11	0.2094698621262257
11	0.1926565953129069
11	0.15356438233171152
11	0.1788073161715873
11	0.2803733343411962
11	0.18117735923496606
11	0.4323165344453054
11	0.30407266243520253
11	0.24269907123603005
11	0
11	0.3001049648853648
11	0.15006135684057836
11	0.283318007401408
11	0.21900964700824285
11	0.24218665247956964
11	0.2504210124050307
11	0.19568634920440006
11	0.20327400286201944
11	0.26420313321062733
11	0.20203037563917553
11	0.2274912471598013
11	0.33722068765311086
11	0.2354771124905408
11	0.20274262084881858
11	0.31848498563232747
11	0.48055408338788097
11	0.15067620307985585
11	0.20700995472179626
11	0.2773768467052575
11	0.1992316301419483
11	0
11	0.3479984988513578
11	0.23129200515785112
11	0.37433022458756327
11	0.25531086152611204
11	0.25504488584919327
11	0.20590955077688725
11	0.40661749008308745
11	0
11	0.2321272575000259
11	0.24390847008490052
11	0.1845822120463912
11	0.28107953661122453
11	0.2583332027602669
11	0.1972619847848473
11	0
11	0.4267288345639088
11	0.3638560995393394
11	0
11	0.29850806565266486
11	0.2513582771050091
11	0.4725779190817585
11	0.26120580727115184
11	0.17427248780156535
11	0.15999498496112838
11	0.28084387655937093
11	0.25926750584707486
11	0.18024813351535185
11	0.2455043608967101
11	0.3176073914868387
11	0.3190984224494396
11	0.19210439243543723
11	0.24051692263635485
11	0.19154034503372172
11	0.1717192310638108
11	0.2683391363099768
11	0.20739023502591017
11	0.29901441196387435
11	0.21174179713551078
11	0.2457548610788322
11	0.23083977825457966
11	0.3153913322935999
11	0.22580552197650566
11	0.1413833545484474
11	0.15169770399817434
11	0
11	0.23930748362567886
11	0
11	0.21688613991462444
11	0
11	0
11	0.2638505930576405
11	0.25094332129617436
11	0.18739617729542135
11	0.13397280969928901
11	0
11	0.1593467543805765
11	0.26052382275660413
11	0
11	0.19053172497080997
11	0.26785036174628746
11	0.21898271428585445
11	0.2692735429302911
11	0.2678872848624089
11	0.21430666409215343
11	0.21587905521342038
11	0.21606319038441177
11	0.3480345397582834
11	0.3717334269284833
11	0.26359477577045454
11	0.19395744732751474
11	0.15665630649228787
11	0.19134386078778146
11	0.2730872446202752
11	0.3154550877203685
11	0.21752913091635454
11	0.14097195025254036
11	0.19671369810249342
11	0
11	0.1733777547346402
11	0.22686561323672885
11	0.21287382051458792
11	0.18032611570375473
11	0.3409274613601328
11	0.25491877151110615
11	0.21249697735458728
11	0.28331534714660916
11	0.268596335733972
11	0.14261933590141898
11	0.269679746078644
11	0.1761567367864535
11	0.21949775468915847
11	0.2151280663177583
11	0.31204789931370974
11	0.34500440771885454
11	0.2790408161412372
11	0.220254601809468
11	0.17580132023770886
11	0.13190198542912943
11	0.20082964464737127
11	0.2756257581357344
11	0.2242888414159232
11	0.22102530972651108
11	0.18198152737715656
11	0.18635586432710888
11	0.22851334498384296
11	0.3032625259473752
11	0.18636175566221283
11	0.2058122860025349
11	0.19106664972534196
11	0.21642507604045627
11	0.174042263952428
11	0
11	0.2898504050477507
11	0.18853162396152343
11	0.1707304790532009
11	0.22861724404608463
11	0
11	0
11	0.19030251528517167
11	0.2880284751065775
11	0.23283386836711709
11	0.15569046095368227
11	0.21601053323938793
11	0.3160506514128798
11	0.14486477068955675
11	0
11	0.2875053432689275
11	0.3550174230725376
11	0.3528862717682694
11	0.3679462886488735
11	0
11	0.22180539124152607
11	0
11	0.61613721829522
11	0.17858236988199716
11	0.20090558458754657
11	0.19084741908831784
11	0.25822235024120765
11	0.30154139189862594
11	0.1831254369055634
11	0.20679319818852004
11	0.2539951675872897
11	0
11	0
11	0.25480004351522806
11	0.2630325150404634
11	0.1622539205921641
11	0.1958481129984882
11	0.21220563388866887
11	0.16186198895621087
11	0.17440831096873102
11	0.26727471664002356
11	0.1789665668721766
11	0.2427634840588855
11	0.20136915344331774
11	0.21875438067777694
11	0.22872286497608063
11	0.1857718785078669
11	0.22654447956389778
11	0.21685645203620202
11	0.3183001486282911
11	0.26433742731772075
11	0.2016571408847707
11	0.11142341656448103
11	0.23599046820367423
11	0.1897226495354594
11	0
11	0.2189276526511614
11	0
11	0
11	0.20920397839561417
11	0.20666127920299276
11	0.2492078126673531
11	0.2456487113829711
11	0.2719312640311364
11	0.24871246367581457
11	0.14928836390071473
11	0
11	0.17110570767717392
11	0.1313906992106461
11	0.26189320791865506
11	0.25042438823496493
11	0.21523699588054662
11	0.3220196100130933
11	0.10493819070351018
11	0.3938431808959781
11	0.15112682585611562
11	0.31081294373404983
11	0.2000399578924608
11	0.17672426849688683
11	0.27334226200531164
11	0.23664193896978555
11	0.21508631919763227
11	0.23625384819979078
11	0.18478555684639167
11	0.08477686730147639
11	0
11	0.1369355830404532
11	0.1503044367786321
11	0.2851662739486892
11	0.17171593251979267
11	0.3583547985172842
11	0.21994901263019798
11	0
11	0.27834685898615297
11	0.20558521963027507
11	0.2840722954926694
11	0.177130491157076
11	0.2079940815477432
11	0.2893860355408174
11	0.20170641103602333
11	0.2824154483431285
11	0.19739978951028558
11	0
11	0.2858366500511275
11	0.40870330224481066
11	0.2253554548584296
11	0.2120880710732541
11	0.3409542720349698
11	0.14442746849111607
11	0
11	0
11	0.23619965013706157
11	0.3099295782041264
11	0
11	0.40213954886394965
11	0.42707751942538774
11	0.1477888780042848
11	0.2610222102840475
11	0.23903106736322627
11	0.2096154586757618
11	0.19522287575552802
11	0.10942688310307885
11	0.4401251755659189
11	0.22170169725260133
11	0.2177124979575931
11	0.2485053165096985
11	0.21781047954349814
11	0.20988931398689306
11	0.21004586491337318
11	0.2238974934597239
11	0.2772862415432319
11	0.2006878411992599
11	0.25692823482339905
11	0
11	0.2782608589934052
11	0
11	0.2253237551038298
11	0.3028228396399031
11	0.3655997210176231
11	0.3606083817779375
11	0.22722469123632297
11	0.22829355279393657
11	0.20592724530163836
11	0.15317928377037474
11	0.22524926812821622
11	0.33444728830090903
11	0
11	0.21219905167708356
11	0.26273064392678946
11	0
11	0.21753652591270384
11	0.2426186932747667
11	0.19757230868221834
11	0
11	0.33448515897133096
11	0
11	0.2620617629613864
11	0.23479843490768273
11	0.20462165672793464
11	0.17502985205941324
11	0.24254865674780887
11	0
11	0.16308287097708313
11	0.25745510108388947
11	0.20402027057285924
11	0.21622153866028582
11	0.24363912318935485
11	0.19948671161017154
11	0.18336888917509714
11	0
11	0.23282820389123265
11	0.3034017162812538
11	0.22156471435037028
11	0.2923401144600732
11	0.2680850267611014
11	0.2338111248478165
11	0.18824006071856886
11	0.1757168708905126
11	0.18727253850933095
11	0.22537306964109322
11	0.23980751041240275
11	0.2160474859675062
11	0.32282549936823446
11	0.31320551746848835
11	0.29518129903038925
11	0.22497209380653874
11	0
11	0.2030803945909253
11	0.22492623302749626
11	0.2800863250008966
11	0.203535939747835
11	0.2338596714097427
11	0
11	0.267252179624576
11	0.17404353899298416
11	0.3030966212310779
11	0.251473728975728
11	0.1931841496412729
11	0.16940405378670564
11	0.22231768283888942
11	0.26157295919238255
11	0.20993326899819156
11	0.2906344621136234
11	0.3472257248277367
11	0.1680935432971748
11	0.26613471627510044
11	0.4352961790638276
11	0.2265214622724017
11	0.24698167264303506
11	0.24393546261375393
11	0.19267707488610064
11	0.22770896400160515
11	0.21152887006062526
11	0.2260702438111906
11	0.15268598585913193
11	0.323051684388794
11	0.21882215554105552
11	0.23276106173445274
11	0.18671179416055278
11	0.19487634901147716
11	0.1943494370962801
11	0.27293297518655935
11	0.22660801609818867
11	0.23547715676911782
11	0.17089909158535443
11	0.15513139346632077
11	0.20905159629870426
11	0.24537187446799727
11	0.14023445560799067
11	0.21057005001665924
11	0.2021367948439788
11	0.3361092121233925
11	0.16325589566454055
11	0.1210417947314098
11	0.24125662644574802
11	0.2718240581584268
11	0.32475771805543574
11	0.29974181151210255
11	0.2110367905012306
11	0.20857209019633494
11	0.19736047229752146
11	0.2571280685629605
11	0.22316856885846417
11	0.2714349755329472
11	0.22637301947370186
11	0
11	0.2961111154482465
11	0.194748688107276
11	0.2194841227649383
11	0
11	0.18288873024619454
11	0.13631883393349356
11	0.2333433516088988
11	0.21696242309369054
11	0.3189029387502108
11	0.20987119645681718
11	0.27354571255111976
11	0.19952314356493128
11	0.24355729817029684
11	0.2655712299430482
11	0.17962628852085896
11	0.26557354579959364
11	0.2163067595041838
11	0.25126556139845424
11	0.20193014873559004
11	0.1875057642959984
11	0.10047046274720249
11	0.2441230353073512
11	0.34395375460772304
11	0.16290801048990677
11	0
11	0.20144133837635309
11	0.2648728432535826
11	0.24181621415722926
11	0.21425881804550106
11	0
11	0
11	0.21562712342311707
11	0
11	0.16618391138196473
11	0.37080598632025663
11	0.2435966049591814
11	0.20670821034735884
11	0.2446279791868723
11	0
11	0.22027353069308853
11	0.2469271128677596
11	0.15835993015533245
11	0.20790548937644843
11	0
11	0.1879469834017133
11	0.22450904257088092
11	0.26966703769279654
11	0
11	0
11	0.2910961797337584
11	0.23653785197704427
11	0.19903417145264665
11	0.32840013246067146
11	0.22082271835525524
11	0.22362501803502374
11	0.31369573375285864
11	0
11	0
11	0.29654863601797476
11	0
11	0.2174293163224996
11	0.1958396909650365
11	0.2837074280192982
11	0.21800028975349434
11	0
11	0.2100681788466069
11	0.16336377132081145
11	0.1837685404311548
11	0.371848648740244
11	0
11	0
11	0
11	0
11	0
11	0.25062985059762494
11	0.1500994504846851
11	0.18208147144022743
11	0.223296066122089
11	0.18555650663578782
11	0.1815053816388682
11	0.318631524625426
11	0.2015294258686601
11	0.2951249226356942
11	0.24688637682603853
11	0.18614627923144067
11	0
11	0
11	0.22234426858845632
11	0.22016869033080433
11	0.20152454110479662
11	0
11	0.24818564943115026
11	0.2454789741342216
11	0.25160634703696566
11	0.17248543214465883
11	0.33542638620466075
11	0.31783062178386356
11	0.22444063222819244
11	0.26805252447187117
11	0.19195586938035086
11	0.23607305180842778
11	0.19730963066129842
11	0.24210181647121334
11	0.20247466770395345
11	0.2120128002056258
11	0.2536698106334556
11	0.17721026653860295
11	0.18008457403778871
11	0.13858805844075386
11	0
11	0.19121621253577872
11	0
11	0.21648503384170786
11	0
11	0
11	0.15966103562659237
11	0.22395918502943662
11	0.1928729902850385
11	0.28939327529660197
11	0.2931221341912936
11	0.20790700066145762
11	0.1415559871376032
11	0
11	0.30597790902321303
11	0
11	0.16654914421847716
11	0.22521401612946113
11	0
11	0.23305221853909816
11	0
11	0.2669979649261878
11	0.2531308787608818
11	0.2963198645621779
11	0.19844119389093823
11	0.18232708895436062
11	0.2630028734303013
11	0.19137678131126232
11	0
11	0.20782443345254312
11	0.23639368993542212
11	0.4744602277142342
11	0.13713305169474801
11	0.1849257858711275
11	0.23295793347828803
11	0.28612003644431383
11	0.260488134270785
11	0.3092265472030342
11	0.22022751139919658
11	0.21617582583479777
11	0.21549027772113177
11	0.22849653138737688
11	0.22770766179312324
11	0.3579109279406453
11	0.2170538251970264
11	0.2872103484219637
11	0
11	0.23079715672965123
11	0
11	0.23452730307069108
11	0.25532128957271505
11	0
11	0.19382323304300011
11	0.27601176314049375
11	0.20863547203953342
11	0.15268975322441025
11	0.15052802604045498
11	0.25401648926681764
11	0.22623405689198645
11	0.26241811293751127
11	0.3396575642569523
11	0.28007643210004013
11	0.24579728170172835
11	0.20611018561946218
11	0.24755648925988946
11	0.24814588440847452
11	0.23406207588332223
11	0.2168633170446985
11	0.2697183249253469
11	0
11	0.31790556307169976
11	0
11	0.16680111865215425
11	0.38812831176614837
11	0.19025059555252646
11	0.3044721986970138
11	0.20903831909986473
11	0.18993181130567302
11	0.23724378661130557
11	0
11	0.27186526001938927
11	0.23200758355053078
11	0.22681373784258835
11	0.16078275852776394
11	0.1763248904425002
11	0.1857916130610405
11	0.1805078400882532
11	0.20588839632499134
11	0.14723150787574704
11	0
11	0.264846260299947
11	0
11	0.4548851030484986
11	0.2883958332106311
11	0
11	0.2945293476386767
11	0.22211466139934552
11	0.2173712990471139
11	0
11	0
11	0.24757740504568831
11	0.2648074123540684
11	0.25323850625504946
11	0.1304577375993604
11	0.22848815417665636
11	0.23504445328632825
11	0.20391389569689763
11	0.19422803009692585
11	0.38403086449506746
11	0.27629453701240647
11	0
11	0.18727115514743584
11	0.15411259219518542
11	0.21340666231305666
11	0.33316949100597437
11	0.21753635749594583
11	0.3146487878938619
11	0.17703864923874868
11	0
11	0.2707487846085638
11	0.19323500092695414
11	0.1309099280015021
11	0.337951873452601
11	0.24054857531731388
11	0.16095578584144452
11	0.21463615082247753
11	0
11	0.18261001798524049
11	0.3312327504867173
11	0.23477189539869844
11	0
11	0
11	0.2377706291765152
11	0.305908132586318
11	0.15592916664517711
11	0.1676613552150669
11	0.18915864917354927
11	0.1761265082530994
11	0.29086116852197075
11	0.24352503722131244
11	0.29910333051863863
11	0
11	0.15962498610560866
11	0.21649678208637155
11	0.2209565899374519
11	0.3323497766731673
11	0.21578985052044564
11	0.2168542228456961
11	0.3194385654131116
11	0.3393538229108057
11	0.30609944075249607
11	0.17814489354189939
11	0.44120850593069544
11	0
11	0
11	0.1837560412473501
11	0.3000757277464641
11	0
11	0.2807590277800122
11	0.1891078600939188
11	0.25014616893306985
11	0.1497387781243875
11	0.15978547563304618
11	0
11	0.2290622968611277
11	0.3084850945569737
11	0.35076457159243785
11	0
11	0.3249104923981013
11	0.19494030351740704
11	0.24178057384573387
11	0.2936743068297309
11	0.22511688579271272
11	0.27792602862485927
11	0.2232734923833335
11	0.17345246455216196
11	0.1728173147864705
11	0.25192757893730194
11	0.14950146572741868
11	0.17832348651852103
11	0.15304004345071787
11	0.2112884534883441
11	0.23733687887502306
11	0.2339083226238265
11	0.32943013363054047
11	0.15363730073002377
11	0.1994531331300535
11	0.2921437283961936
11	0.19018015180837308
11	0
11	0.22290259784200106
11	0.2615050406594254
11	0.2572512814135565
11	0.18911383399557244
11	0.26007844496700644
11	0.2293913641487542
11	0.24900876387442722
11	0.34220924099414163
11	0.2777115735288863
11	0.24216754159800735
11	0
11	0.19703010656384112
11	0.13906275411408003
11	0
11	0.23412171323216097
11	0.15956621617375866
11	0.23529745623847678
11	0.1989718461455991
11	0.3007487527473856
11	0
11	0.20420413778084273
11	0.22812319279525362
11	0.2432481806687465
11	0.26730287595770097
11	0.22441863403564344
11	0.31393202522255315
11	0.2665577972926773
11	0.21395567934412035
11	0.17396921710283855
11	0.21429366854815546
11	0.3634051062443525
11	0
11	0.24899824268583143
11	0.22153693178125505
11	0
11	0.1982545299333309
11	0.33084249704806984
11	0.28480141753327903
11	0.22063061096363065
11	0.2381572640850996
11	0.250544309392233
11	0.23205094740629167
11	0.24918043981480023
11	0
11	0
11	0.24535918381006414
11	0.19153041620764363
11	0.12112702841197082
11	0.2894518736749581
11	0.1922018089897085
11	0.18302666900278447
11	0.21826720231217064
11	0.26891632597142257
11	0.1597429941558132
11	0.3867791350303783
11	0.2383857249988803
11	0
11	0.2550886427337807
11	0.2548802023487801
11	0.13745693236137208
11	0.21939613177673242
11	0.36014399817309356
11	0.23323443331193686
11	0.24312779432330564
11	0.2677292330685865
11	0.18292612523424331
11	0.22664217986351068
11	0.3746000002109936
11	0.19932707687163678
11	0.22625839254568436
11	0.19769395570510379
11	0.202326031041322
11	0
11	0.17066355696072247
11	0.16990811651834595
11	0.38582496539545863
11	0.2854026056514107
11	0.1771595612249005
11	0.1795022074188248
11	0
11	0.14058260734833483
11	0.16956439279022611
11	0.24800288007123025
11	0.17445489613227005
11	0.2008486752862175
11	0.18526637037636712
11	0.20654017699337437
11	0.34495613856417784
11	0.2606935222449378
11	0
11	0.21677151196466185
11	0.29298589847380024
11	0.13753365067606427
11	0.21796289749906272
11	0.4022757293465087
11	0.2566842987597225
11	0.25467036108030305
11	0.23824832528389694
11	0
11	0.20388987934635866
11	0
11	0.18951450245955992
11	0.21311258860683846
11	0.249983815382718
11	0.2515309735851693
11	0.2708680256722378
11	0.2162539442841527
11	0.24291117161061512
11	0.1492344430751001
11	0.18752466035430285
11	0
11	0.24083065917800978
11	0
11	0.17814595872494599
11	0.13465828596811222
11	0.1782003324592499
11	0.3179870201408188
11	0.15187489130361406
11	0
11	0.1998357505559851
11	0.29400839393268213
11	0.12520943422532285
11	0.260339036001234
11	0.20510832478061278
11	0.1862621125906212
11	0.237471271273818
11	0.28048322781951224
11	0.23635310008491267
11	0.21099138501087547
11	0.3432979499993159
11	0.1194853654933459
11	0.14639611564676128
11	0
11	0.2647004709675279
11	0.22451876470359025
11	0.14746947905054406
11	0.10087316685179368
11	0.2599726719846124
11	0.23266478094049742
11	0.17112611460709068
11	0
11	0.2966553477427954
11	0.26177592145105116
11	0.2743553196265552
11	0.22964358462343465
11	0.2446176057127386
11	0.160393250894159
11	0.20865686684281678
11	0.2289307024593115
11	0
11	0.13611943815548982
11	0.25179648290355655
11	0.29465740188686684
11	0.30919324342369453
11	0.24107846815138656
11	0.2106612040400457
11	0.21333154227031775
11	0.48326301286926415
11	0.14447842811595346
11	0.19981584699576196
11	0.1871414806169199
11	0.17760367202017416
11	0.200302948579939
11	0.24959729285015175
11	0.2245046221973186
11	0
11	0.16190798288212888
11	0
11	0.18500725605683757
11	0.2408882002266207
11	0.18425820367154672
11	0.28122448649731435
11	0
11	0.1199078141970528
11	0.15678862831912313
11	0.20217308703387576
11	0.1520111723007763
11	0.16801637645227213
11	0.2678374583429568
11	0.20578370565972826
11	0.18431839017495877
11	0
11	0.34740164222728753
11	0.2740184705621412
11	0.19798061693228247
11	0.315729061792519
11	0.18002103339835135
11	0.18875488884571093
11	0.18098171554067896
11	0.3249809787096815
11	0.19288551400492066
11	0.2129579593794472
11	0.1817462606631436
11	0.33749344533653075
11	0.3269372052109688
11	0.2094490945764344
11	0.18606745688840498
11	0.18028572290558337
11	0.42992578442872964
11	0.24084104399135364
11	0.19039219131546647
11	0.2791538549966642
11	0.16059367208967448
11	0
11	0.24161898846310761
11	0.23996182246189202
11	0.26535564633341113
11	0
11	0.23895537415507828
11	0
11	0.25189861037326244
11	0.25707430561041417
11	0.22446023078189636
11	0.15157486729152345
11	0.24599475142358762
11	0.30680018300787737
11	0.170439051216114
11	0.15661993162142873
11	0.24333702425729725
11	0.2596863218862168
11	0.285098142109763
11	0.1982668178030293
11	0.23051792005052935
11	0
11	0.2639420453597632
11	0.18258814201885146
11	0.20131746792733632
11	0.14838950252079752
11	0.14289731396449798
11	0.3025071959653675
11	0.1922397191473978
11	0
11	0.19794708729334695
11	0.349810101942813
11	0.15628819443759587
11	0
11	0.27875321682184984
11	0.269714204949529
11	0.3128908382110843
11	0
11	0.31725975469650725
11	0.17552766011912865
11	0.22525760613937784
11	0.18449363890814463
11	0.16825151493148124
11	0.1927266200300447
11	0.26557158326009433
11	0.2919687839867252
11	0.22173355989193208
11	0.2921133033189833
11	0.28147381628745166
11	0.1995100010856961
11	0.24849936352374563
11	0.22520499430067492
11	0.23638735017358875
11	0.18099235336133354
11	0.1460989774301412
11	0.2497321605568635
11	0.18462252231443158
11	0.25378285382721744
11	0.18793050686264576
11	0.22097268884419088
11	0.199714396003837
11	0.152699680699669
11	0
11	0.2787425480934742
11	0.2630938384455893
11	0.2259997419218353
11	0.19876583743836765
11	0
11	0.15436423766315277
11	0.20299268780348795
11	0.33149511379166613
11	0.23213492107705222
11	0.279660323535722
11	0.19218973354083668
11	0
11	0.18863256856681823
11	0.28206760671581854
11	0.3297534809683538
11	0.16669042250308796
11	0.12680187237748275
11	0.2523778667438602
11	0.3436087237502344
11	0.235290725036775
11	0.17779838037739662
11	0.1912774638314711
11	0.1850168925628702
11	0.19112223248987048
11	0.18378962073525346
11	0.23725367757852672
11	0.3256237686204788
11	0.17789446399879363
11	0
11	0.15467986127802746
11	0.2731654632796466
11	0.15983834916304318
11	0.2770025974478058
11	0.16165919677991236
11	0
11	0.23775543831274754
11	0.1693721144062904
11	0.21336158240064168
11	0.22775769548735014
11	0.22096678161516012
11	0.19101989246061565
11	0.24046302459152744
11	0.22654633545971917
11	0.2217678121717949
11	0.23180482996986979
11	0.1972772814774514
11	0.23961660297047155
11	0.1630319253414793
11	0.20721798554458298
11	0.13550815574086478
11	0.20174178062811496
11	0.19493912811179143
11	0.2613000173524654
11	0.24128477783893512
11	0.20325529203238382
11	0.23124633929644853
11	0.14556707702000665
11	0.10948429158611721
11	0.24636563962109254
11	0.17581407923678585
11	0
11	0.17385832374585378
11	0.21328806624772512
11	0.3267013848009397
11	0.2431027356602563
11	0.13868827260566552
11	0.16257542335715167
11	0.29794555980587367
11	0.26246351621222036
11	0.1861753861864906
11	0.1970834540833351
11	0.1733924682712756
11	0.23474729357327354
11	0
11	0.26272498942040684
11	0.14098543439604444
11	0.17296674124816738
11	0.2208116472516067
11	0.3707831641693673
11	0
11	0
11	0.15638446569141543
11	0.29798164001505095
11	0.30617009124810524
11	0.20355727281718508
11	0
11	0.2384920246157323
11	0.25703499601633506
11	0.15121201669832257
11	0.24783374947193498
11	0.2207772692540573
11	0.18823087398369104
11	0.2933685362633919
11	0.280233269913186
11	0.13093159420121153
11	0.21829963103478456
11	0.2530294727412483
11	0.24604947754466325
11	0.18655661957364925
11	0
11	0.19586002153051316
11	0.26129375562329515
11	0.23350696818542144
11	0.1738718170460823
11	0.17597740733384284
11	0
11	0.25336425532796003
11	0.17678323946605984
11	0.27573696931369
11	0.24521943165366736
11	0.14240385530391605
11	0.27597305799156774
11	0.20258792983477655
11	0
11	0.3562791162114526
11	0.2743096544336841
11	0.3076299311655633
11	0.15121776274433685
11	0.22251850175945986
11	0.2433110276129356
11	0.2428699202315027
11	0.19270117671893788
11	0.202174798884217
11	0.18400885900124145
11	0.18406295373740358
11	0.3093922740007952
11	0
11	0.24860132710738206
11	0.2077086547269896
11	0
11	0.2509134574701361
11	0.1768119270429713
11	0.30754858856061484
11	0
11	0.21713947673289136
11	0.2417382204417096
11	0.3579433116291539
11	0.19235747965716896
11	0.21863012620176572
11	0
11	0
11	0
11	0.29128095641160584
11	0.23936924151091332
11	0.17995963402381548
11	0.19407690408325234
11	0.2147832543622965
11	0.21096072621298387
11	0.21232775952165608
11	0.2261397423857105
11	0.25227298853084507
11	0.2347121682141391
11	0.23249844227330257
11	0
11	0.20678884012712306
11	0.2624336991440945
11	0.18712010884704258
11	0.1712859974867837
11	0.3615421662111554
11	0
11	0
11	0
11	0.14502540575574493
11	0.22750958804493143
11	0.21847121182527757
11	0.20299570242906098
11	0.4028167024734732
11	0.21952106035399865
11	0
11	0.10910220666092589
11	0.2886548170474117
11	0.26041400962699846
11	0.38081025454384854
11	0
11	0.12156028192150647
11	0
11	0
11	0.28213428000799123
11	0.4413762228518239
11	0.27503026984376405
11	0.16260130701056277
11	0.37091097286319324
11	0
11	0.2079063638198022
11	0.2651635809388417
11	0
11	0.19068137199492904
11	0.15375813195498483
11	0.21197108007645374
11	0.3656616240428344
11	0.27398392576568265
11	0.24967467400523713
11	0.23050360504650463
11	0
11	0.311847749549135
11	0.23205637001823728
11	0.17171183879366672
11	0
11	0.2715267734483792
11	0.23095817207728883
11	0.18198437701251013
11	0.18001331102691068
11	0.2992043907287404
11	0
11	0.24434150950527195
11	0.18194072972681222
11	0.1645254280530367
11	0.20359557401544673
11	0.2535708348537622
11	0.2048488324562767
11	0.238608478172939
11	0.20966162325658624
11	0.21772294479432483
11	0.22550633894034708
11	0.18245617199535724
11	0.2525445542101665
11	0.295359330367753
11	0.386427338436515
11	0.22518727206597433
11	0
11	0.28461374992219746
11	0.24427319858906463
11	0
11	0.434756076494909
11	0.16345092778337594
11	0.21217405348343235
11	0.1950772146937532
11	0
11	0.16989866915845928
11	0
11	0.1987856832405819
11	0.1467858196701241
11	0.24432604085282345
11	0.2377237697000496
11	0.19802258949716275
11	0.2588704803114508
11	0.2922238558757549
11	0.1637718917391009
11	0.3959687812538903
11	0.18310168614196773
11	0.12585299302876657
11	0.253077064764463
11	0
11	0
11	0
11	0
11	0
11	0.15478240291955267
11	0.24649191045565044
11	0.15782547344860245
11	0.15674698193030764
11	0.3772413130159697
11	0.1632535288859061
11	0.24685895716251077
11	0.23846760482145943
11	0.23878711902357985
11	0.23887649374908865
11	0.14770744147424444
11	0.2855742570770855
11	0
11	0.197872253021528
11	0.1797748206047815
11	0.1315493541847074
11	0.2391646485952962
11	0
11	0.20082847190410985
11	0.30054902282173673
11	0.18697723671802596
11	0.2688014440819344
11	0.2579819225484793
11	0.14566624283885907
11	0.24889361995004053
11	0.1798633265441724
11	0.3255333991864827
11	0.26246475320159074
11	0.296202049685469
11	0.3386459295474608
11	0.23326869078259838
11	0.2555628822412289
11	0.2582048118695973
11	0.19984771029345774
11	0.23186382090702964
11	0.21278762278011215
11	0.32182900915170176
11	0.27885749532285176
11	0.24737271566524244
11	0.33350547108874756
11	0.2509058352465158
11	0.1453306182094231
11	0.20671694471361962
11	0
11	0.181050963751908
11	0
11	0.20666857222995472
11	0.32144680455875335
11	0.1751255867149425
11	0.2555295021260522
11	0.25712679318927983
11	0.2107637980471015
11	0.27196103795784765
11	0
11	0.16427580405769135
11	0.26873643399505964
11	0.324392720403453
11	0
11	0.21953536621909558
11	0.11640869781242616
11	0
11	0.23793878299020144
11	0
11	0
11	0.23109634989058656
11	0.21392218894085344
11	0.21974805710280468
11	0.2508216184836969
11	0.16488724569836463
11	0.17181367172941375
11	0
11	0
11	0.25626103042990406
11	0.20956461486761221
11	0.25050127818900025
11	0.22156745281534343
11	0.24936627785530438
11	0.15552355852142313
11	0.2182830632916182
11	0.21282336282924197
11	0.3003747800650552
11	0.14245473779725745
11	0.28929977238851423
11	0.234598115328789
11	0.18721302762835867
11	0.3777032314190125
11	0.251969809410852
11	0.21194467240847048
11	0.28230659569828365
11	0.27830164688719505
11	0.24170536639396537
11	0.25077676484785644
11	0.23953063496292043
11	0.46596036667197277
11	0.18520828599032374
11	0.20842756613465857
11	0.23074273344455482
11	0.1596352656591964
11	0.19117760974872414
11	0.2657180991764236
11	0.2377341297850654
11	0
11	0.1415303408332158
11	0.23749291492167401
11	0
11	0.15127213014395274
11	0.47348506325848866
11	0.1550155539782249
11	0.19221932144924517
11	0
11	0.16657898229260573
11	0.18677905430950673
11	0.18180369792330167
11	0
11	0
11	0.4435994810516992
11	0.23894565924665975
11	0.17308951342311377
11	0.21311037018123297
11	0.24044262081606005
11	0.1854715069546667
11	0.22251085476307023
11	0
11	0.1746452819508378
11	0.30098159384250434
11	0.17612596969182587
11	0.2761761249719622
11	0.18353151830807948
11	0.29694534064904654
11	0.21092079526372015
11	0.4203069683109144
11	0.196693417675195
11	0.18076784372994353
11	0.1616382166096276
11	0.2572413842658194
11	0.2775374552141746
11	0.2691863992062351
11	0.29218466268963095
11	0.22307836587004676
11	0.1819986537927554
11	0.2736883196543244
11	0
11	0.2293180637818
11	0.15096962607319825
11	0.30084695098219605
11	0.20602384283259034
11	0.13110597204648813
11	0.23957504245321287
11	0.2551121908331111
11	0.2936495014761252
11	0.1940063587808547
11	0.2164692782205933
11	0.2523501053381272
11	0.259869368014489
11	0.24742298154959488
11	0.13157718491974957
11	0.24924579817423964
11	0.2134671278647416
11	0.2596158469244474
11	0.24960885153979215
11	0.21805008972706102
11	0.20200084433636906
11	0.1682688466909101
11	0.1752304342632704
11	0.29482210926582225
11	0.20019276481784104
11	0.1580439993450325
11	0.26991050696820046
11	0.27853465848354964
11	0.22591544532070668
11	0.1937710505861917
11	0.27789331072524276
11	0
11	0.2055280898463931
11	0.3063884156342257
11	0
11	0.22157013812986998
11	0.25397604554527464
11	0.18978027524734942
11	0
11	0.23276725900486392
11	0.22777505296688286
11	0.3704507764674104
11	0.25254272622470464
11	0.20798546013805283
11	0.13524194788449267
11	0.3069794119013154
11	0.20443187563708762
11	0.20512491092323626
11	0.304695103146416
11	0.1941129446171102
11	0
11	0.3011445258530931
11	0.2781985979122472
11	0.20249469512763785
11	0
11	0.28472639144472844
11	0
11	0.19988137484876775
11	0.1484485870830735
11	0
11	0.24735641884263818
11	0.16097904122774054
11	0.21659748737775505
11	0.1930823483610187
11	0.3633778583654473
11	0.26760813198598415
11	0.2107651198530644
11	0.19382657227808148
11	0.17828362985430485
11	0.26606513728759823
11	0
11	0.1595392433136734
11	0.263108161620767
11	0
11	0
11	0.21563498443961956
11	0.32242347608946237
11	0.09733304152061953
11	0.2060377099801802
11	0.2380318396000117
11	0.21600562515142946
11	0.32076849174953465
11	0.35568068410158266
11	0.2197054452564275
11	0
11	0.25741631388130776
11	0.337172419936506
11	0.2658549510937678
11	0.2495465168604152
11	0.23235478086495825
11	0.2499052789291058
11	0.17561854663910656
11	0.30435288018658563
11	0.21280303832640166
11	0.26927196396578057
11	0.23563569599793707
11	0.20379154109791772
11	0.20174600214621702
11	0
11	0.2933859191682291
11	0.19240129901996864
11	0.3412517491535544
11	0.21322525677248264
11	0.15882700898310492
11	0.18632866428979594
11	0
11	0.17015731421411112
11	0.2263030288282572
11	0.19077022668215793
11	0.22352836682306754
11	0.18673424954848453
11	0.20202368471317736
11	0.20984543032042935
11	0
11	0.2655519175617396
11	0.32948968854762456
11	0.2722939732057555
11	0.2672085844925227
11	0.2029763520053514
11	0.42171632624126026
11	0.19026772793915028
11	0.21238787763078967
11	0
11	0.3489703948733933
11	0.1816169219805768
11	0.22293467756656682
11	0
11	0
11	0.22089514860418602
11	0
11	0
11	0.1594126845383503
11	0.1378992633519212
11	0.16858150540417152
11	0.1812079046483984
11	0.15885303893469885
11	0.34463215308848943
11	0
11	0.1673006392658364
11	0.15629643503307317
11	0.2557371378660881
11	0.20364744978347565
11	0.2255646445336576
11	0.1776993483875649
11	0.21262672960292806
11	0.18066925113074972
11	0
11	0.21715289099652302
11	0.16665354795581241
11	0.3097318864356327
11	0.20102343038321135
11	0.32960732450658603
11	0.3183250939776914
11	0.24051752272652738
11	0.18747178361750866
11	0.19408211459927271
11	0.32154429413099345
11	0.2620235713943952
11	0.21674098875646441
11	0.16464581529861777
11	0.1397664196042882
11	0
11	0.13858750801872818
11	0.1317845416025921
11	0.28948280916425606
11	0.15592822290563008
11	0
11	0.17219578276566333
11	0.2961847950034363
11	0.2865381951212249
11	0.18322437861669663
11	0.2242291321973882
11	0.18970044394681682
11	0.17778378828834737
11	0.24097830376319876
11	0.18466230905733083
11	0.21502740870263476
11	0.24091054268662346
11	0.2274538363866162
11	0.22954519526838696
11	0.18438837682888903
11	0.2879897799690405
11	0.15590455261175162
11	0.2720643107068614
11	0.18112975642371043
11	0.3079322889743846
11	0.3750773749964653
11	0
11	0.21456715205410504
11	0.4194268757995662
11	0.20684508927776754
11	0.24882456093198504
11	0.28910916665148123
11	0.2310469386086521
11	0.21831694873984653
11	0.19726570825542866
11	0.1375714651001171
11	0.25641952798564366
11	0.25681759874968335
11	0.2169052652560354
11	0.27915508945352396
11	0.2555820000245101
11	0.18452143757279127
11	0.2726651876132564
11	0.22754077605155998
11	0.25051741816479606
11	0
11	0.291903058998106
11	0.17400745180242017
11	0.16307884581713497
11	0.20142111934374118
11	0
11	0.18073264569521205
11	0.2502304484845864
11	0.2231768064572407
11	0
11	0.2293667271892467
11	0.16474467627167305
11	0.23224690541982965
11	0.31581570614299026
11	0.36249352408621477
11	0.13872310495639928
11	0
11	0.21468529486576388
11	0.24503438947089443
11	0.17759617115373016
11	0.1684551482145417
11	0.2407978918671323
11	0.2801976251011551
11	0.2055408558063635
11	0
11	0.19638155343296348
11	0.213243364498596
11	0.35564141490575846
11	0.2385905102281465
11	0.18528518677229386
11	0
11	0.22064579508005097
11	0.2070253893494741
11	0.1986075437102206
11	0.19810494223579855
11	0.24427499337718703
11	0.19996814866504053
11	0.26089036979660324
11	0.2801430671852113
11	0.26522195154622347
11	0.22827624407625866
11	0
11	0.22447417513018791
11	0.1519966974093048
11	0.16735963260635614
11	0.20839351225009609
11	0
11	0.1734846081756161
11	0.22746770883006248
11	0.2623120295546338
11	0
11	0.17870453019244517
11	0.20553641847678442
11	0.18777594510702122
11	0.17294484868436108
11	0
11	0.2627284803766776
11	0.3983661025589999
11	0
11	0.2717362511618601
11	0.12266053986901088
11	0.21714386644777497
11	0.2842624945497303
11	0.3742753226994853
11	0.14128318205688045
11	0.33587040199558693
11	0.25481774185659306
11	0.2558514216699495
11	0.21375184721710078
11	0.1230426503294741
11	0.15188490810038568
11	0.23071917645962725
11	0
11	0.14371169432985142
11	0
11	0.1922346641587468
11	0.4838281307542807
11	0.29028336080715833
11	0.21558131700691918
11	0.19812016340745642
11	0.2054757512467693
11	0
11	0.17915567258146356
11	0.19532899161909092
11	0.16616825020191325
11	0.17267543455793927
11	0.18314694216947797
11	0.22481148543666946
11	0.36369852886808235
11	0.2527278038995467
11	0.15216173975358455
11	0
11	0.2664507294714129
11	0.24989393612785932
11	0.21655507258101872
11	0.24311948388986648
11	0.24206999661321593
11	0.17780581945784815
11	0.14075068798802254
11	0
11	0.2078073953371583
11	0.41991531679412053
11	0.2875475573895967
11	0.21059172214440336
11	0.22176260673724185
11	0.17866883042834344
11	0
11	0.2971431688253882
11	0.20999522067606
11	0.2550841343412168
11	0.18506717904125053
11	0.23940327643842343
11	0
11	0.16685150772242846
11	0.20278304609614478
11	0
11	0.1528839348816614
11	0.18235965854011402
11	0.2575193691047572
11	0
11	0
11	0.2545900306903218
11	0.2597350936870676
11	0.18251062933874249
11	0.2873500441119831
11	0.20017814072788065
11	0.2875080876886249
11	0.13318254246100864
11	0
11	0.19898708187155797
11	0.25207425006627115
11	0
11	0.17126460072683086
11	0.2509606932473092
11	0.12639089173711643
11	0.32455249274370507
11	0.19148327793984618
11	0.2839313596395716
11	0.17168405484364926
11	0.22059161800902824
11	0.15730302002427848
11	0.3174948438404762
11	0.19034741123790325
11	0.2647449214663049
11	0.23739877388034444
11	0.2354174119890201
11	0.21415826839010718
11	0.20332723486314647
11	0.206913277220867
11	0.33189273006424996
11	0.09794411994245097
11	0.17281874151415666
11	0.1491977073180339
11	0.25627905758305386
11	0.2153997956365838
11	0
11	0.2407320307416028
11	0.20098443866862298
11	0.19526385639002125
11	0.31129385417332217
11	0.14317166751063046
11	0.2116246020982614
11	0.16794438310435827
11	0.1947725710361853
11	0.22915503003738857
11	0.1555200352762525
11	0
11	0.1309161126500592
11	0.30855750657734926
11	0
11	0.21028281160214088
11	0.20655927129571028
11	0.22581800822731413
11	0
11	0.1941465699600296
11	0.26323343644687464
11	0
11	0.2169749049724983
11	0.19643341072692178
11	0.23444223188181587
11	0
11	0.20180804104204852
11	0.2096498059826834
11	0
11	0.195204203926174
11	0.2856027214310126
11	0.12487652159256232
11	0.2222266486376514
11	0.2057248457898978
11	0
11	0.2364420829992991
11	0.17557118319783543
11	0.24035606489915898
11	0.24225394493143942
11	0.17829502676483944
11	0.3807142328520348
11	0
11	0.22132517422811018
11	0.25556307501759584
11	0.33111352193598065
11	0.2177083816165354
11	0.29085633542983547
11	0.3179405777212778
11	0.151044179482256
11	0.15594813977790875
11	0
11	0.21194070685179417
11	0.20316747574329094
11	0.24789162386683383
11	0.29854295053802526
11	0.21074200002926938
11	0
11	0.35889925845304205
11	0
11	0.24098575572562034
11	0.21436785177430984
11	0.35791416562089884
11	0
11	0.1453632180160641
11	0.21732937590126444
11	0.2496847316000156
11	0.21325925354758257
11	0.18414691698978436
11	0.185673718655707
11	0.22189315509001856
11	0
11	0.23255039059698418
11	0.22534698109438225
11	0.25980531506884114
11	0.17426312850248452
11	0.2591609434757162
11	0.17059178154138654
11	0.28669894458212203
11	0.17483427030799473
11	0.21913188936159028
11	0.3671284116001635
11	0.19102618588425768
11	0.15772356793546286
11	0.2368977695894501
11	0.17862322366702466
11	0.27197444229520173
11	0.21384256493044385
11	0.2041183943496988
11	0
11	0.17171158467176734
11	0.17830822157886222
11	0.2236461837556884
11	0.2832615146468536
11	0
11	0.2694218559695681
11	0.19034938004821353
11	0.21851606751070435
11	0.25403254257652086
11	0.3723311487078708
11	0.22293040570236505
11	0.23492776754113898
11	0.21595181574771122
11	0.3318517603323321
11	0
11	0.25510300141636405
11	0.34230668803933045
11	0
11	0
11	0.1526351102190194
11	0.25888785793655905
11	0.1718705178225525
11	0.29960612243969326
11	0.18431198864386306
11	0
11	0.3322272375219023
11	0.21326985173804874
11	0
11	0.23274761892183776
11	0
11	0.2234648536699685
11	0.22548352075773145
11	0.15703443355673818
11	0.3835875473470942
11	0.17533369662531922
11	0.2482278653084738
11	0.19223351813555367
11	0.1912027240920437
11	0.18521316621548872
11	0.22761925265857033
11	0.20229385376625086
11	0.22843710592715072
11	0.2674168451307588
11	0.1752940376533953
11	0.20766724620943583
11	0.20961171583791105
11	0
11	0.26753737417887086
11	0.1777277843155808
11	0.3260288531083011
11	0
11	0
11	0
11	0.2743845840722014
11	0
11	0.29782728601999864
11	0
11	0.1924074209140771
11	0
11	0.18202311959413295
11	0.18389738348554552
11	0.2513067903143437
11	0.1551001027856402
11	0.23489344879032856
11	0.19131216513153443
11	0.1873871562387864
11	0.19386328655528828
11	0.2782446576397057
11	0.2654257805911346
11	0
11	0
11	0.269813395855909
11	0.17829724531716498
11	0.25135401390246864
11	0.2465181063624574
11	0.17850337636758082
11	0.23323265312117192
11	0.19766569767771966
11	0.20171905417154629
11	0
11	0.23663475301522424
11	0.1874515528188384
11	0.13757564558035548
11	0.23451595086508134
11	0.29668078645133694
11	0.23416682343444348
11	0
11	0
11	0.1863533904148866
11	0.20858669047439501
11	0.18091125511417983
11	0.14365028989999565
11	0.19897061191521864
11	0.1903093370102685
11	0.3164000225703071
11	0
11	0.15249473042871875
11	0
11	0
11	0
11	0.19240396789663392
11	0
11	0.16440427161566465
11	0
11	0.21377608258783484
11	0.15197990151319912
11	0
11	0
11	0.22666172760372288
11	0.429104183604432
11	0.17798223175540703
11	0.36718464320890576
11	0.2706495305471343
11	0.19157647729207958
11	0.18307023655984475
11	0.18137610207963664
11	0.14778107173622215
11	0.35522529205487613
11	0.3241988643966807
11	0.22125338505628997
11	0
11	0.20537341142393034
11	0.18634624491978674
11	0.20421242248263666
11	0.2501572449903039
11	0.3439107686407184
11	0.26736374981357186
11	0.20603959561241383
11	0.2227341912216915
11	0
11	0.10901887410861348
11	0.260450291569541
11	0.2945560457304152
11	0.1296250312183187
11	0.35299487041777694
11	0.12389079187265264
11	0.32861855527275596
11	0.18509137651220284
11	0.24471474903905363
11	0.21324381388621358
11	0.21674960242711147
11	0.2674288921559028
11	0.20992987152175355
11	0.2432157966314708
11	0.28684543196451284
11	0.22159856458562927
11	0.39163866519861407
11	0.3773575672019561
11	0
11	0.19840412965860527
11	0.16922340688421073
11	0.17298196383215497
11	0.15128181975972296
11	0.21245010986940058
11	0.21120070406066346
11	0.17132045575046345
11	0.1973678651071812
11	0.2563128665210223
11	0.24780407741509372
11	0.16120222220856273
11	0.25817783833779756
11	0.38811115063238943
11	0.21045532589331842
11	0.2158374559336926
11	0.20873735904326915
11	0
11	0.21607927980771652
11	0.26213803988082013
11	0.19600994939912847
11	0.2210839493468209
11	0.24822954584018098
11	0.11878276292597499
11	0.22842145428896385
11	0.16548820568863307
11	0.27605145151199756
11	0.21381582461064402
11	0.1301496757865365
11	0
11	0.20527616090318718
11	0.2565167110918825
11	0.26813250689473755
11	0.12697880719967256
11	0.2263453645033226
11	0.1371964518286517
11	0.2492513067734944
11	0
11	0
11	0.18792654056958735
11	0
11	0
11	0.2676521653005166
11	0.3625540867420132
11	0.192014997157938
11	0.25263176635801915
11	0.18884325379111538
11	0
11	0.21608544215479605
11	0.19656212680462326
11	0.20396697336043274
11	0.2060038172707528
11	0.1984323751159777
11	0.26265746039803745
11	0.21384353693927605
11	0
11	0
11	0.1392697186094496
11	0
11	0.22605910351367317
11	0.20261653625585685
11	0
11	0.20772072937213937
11	0.2389992563042505
11	0.14628264451934464
11	0
11	0.15911242506328732
11	0.19242257344991967
11	0.25681745593006616
11	0.27233857809223644
11	0.19573972934551034
11	0.22408447925633912
11	0.348659093333423
11	0.3019132150767503
11	0.20196514695430706
11	0
11	0.1502451110204185
11	0.1718662409480757
11	0.264083303018959
11	0.1741363051461921
11	0.18493491535425047
11	0.1786206594798262
11	0.1799479111395712
11	0.20911133553248473
11	0.21696412866386017
11	0.37019823794936224
11	0.32929719990792955
11	0.31124126835317667
11	0
11	0.2605830746834563
11	0.25717259989363184
11	0.2218103601863001
11	0.1876217567094987
11	0.2973744814721555
11	0.2002815782566144
11	0.2403551828249568
11	0.2669038518150026
11	0.2355219033436811
11	0.2309428788628462
11	0.16919072732420967
11	0.2032318209565328
11	0.20443981716716106
11	0.20432839882912063
11	0.2968471076767075
11	0
11	0.260604946760395
11	0.17398779898703537
11	0.30861654143624334
11	0.2404163931014571
11	0.14888618391086167
11	0.2682580597999803
11	0.12096215701566468
11	0.2770927777795456
11	0.1436987375545285
11	0.24048271846365318
11	0.18786077433982126
11	0.19341242511033394
11	0.13863156024823386
11	0.17389294519410195
11	0
11	0.20286040070089437
11	0.26450788656880136
11	0.23871715352334513
11	0.11106912985942514
11	0
11	0
11	0.11871811353161527
11	0.2044789397774248
11	0.1961036589590888
11	0
11	0.25784770397090195
11	0.1513076768552987
11	0.2092059022817952
11	0.23520893690667527
11	0.19797870612321072
11	0.3761116884491497
11	0
11	0.31635115592000934
11	0.13299703361860316
11	0.2273595084963419
11	0.26686739518730557
11	0.18616534149465658
11	0.28090254066203657
11	0.17334203693145508
11	0.177943304930743
11	0.23048261304585865
11	0.19261421045226443
11	0
11	0.22559001398960538
11	0.1783031372189687
11	0.24052692122874386
11	0.322404357242029
11	0
11	0.24318360171306375
11	0
11	0
11	0.14268911054119884
11	0.21021460863127028
11	0.2589187618760847
11	0.27825260753117637
11	0.19983139919535597
11	0.22231491979938517
11	0.11006228986001851
11	0
11	0
11	0.2167628909136103
11	0.3242988415679024
11	0
11	0.20237079414021936
11	0.28905125891699174
11	0
11	0.17449741379581157
11	0
11	0.2574696398423739
11	0.21107796006775337
11	0.20890384942369783
11	0.2529282709440772
11	0.21531605190596764
11	0
11	0.28940293350488977
11	0.3344409673122377
11	0.2426113009768344
11	0
11	0.20672689361800137
11	0.16962662206087759
11	0
11	0.2706017581997976
11	0
11	0.24763765967014972
11	0.1871130167193565
11	0.22100579935789766
11	0.26138717072708934
11	0.17927208886627227
11	0.1609484725661106
11	0.1741171003922421
11	0.24331295664333888
11	0.1907958405783618
11	0.1465084213986781
11	0.24584623857676008
11	0.25133102569240034
11	0.14819628571515675
11	0.24916311309391873
11	0
11	0.24816956550326447
11	0.26888620969869875
11	0.306622261894335
11	0.20189356304005399
11	0.26472619515056683
11	0.24444158408506195
11	0.2912458961789267
11	0.2300205073628395
11	0.13674920106430413
11	0.46981560557686675
11	0.16816770328683192
11	0.19484148059610892
11	0
11	0.2235653683507114
11	0.2508536733820089
11	0
11	0
11	0.2335261699479794
11	0
11	0
11	0.24005274030877502
11	0.1876176286207631
11	0.20679438199198213
11	0.21595497498065325
11	0.16677802704182507
11	0.18316878830866684
11	0.17119121650764077
11	0.2371664634210327
11	0.22507794758134023
11	0.18840059583428423
11	0.14253928533218885
11	0.1842989626315316
11	0.27012321972749237
11	0
11	0.2712549338052245
11	0.19642368324237447
11	0.21790851619677648
11	0.2013979702432874
11	0.3220153600681067
11	0
11	0
11	0.27414430859239775
11	0.25315801976065283
11	0.26675450660615474
11	0
11	0.22461376000768493
11	0
11	0
11	0.19113140014345892
11	0.18323046190361963
11	0.1474046140121039
11	0.1814848520698527
11	0.2380332916795976
11	0
11	0.22108648033828932
11	0
11	0.22701164300613588
11	0.1395960047938328
11	0.21993261341985204
11	0.19799237554392102
11	0.2802420595383127
11	0
11	0.21348668747212107
11	0
11	0.22349499726626193
11	0.22003852748052558
11	0
11	0.19960629384241851
11	0
11	0.17817805676814705
11	0.279205110074354
11	0.29998866894159926
11	0
11	0.18854959338955624
11	0
11	0.23672018504812642
11	0.18629933266348195
11	0.20849450551457116
11	0.22164241428864143
11	0.18866601850393788
11	0.27326568615655455
11	0.22899050366807217
11	0.2168027598343591
11	0.20104707332024538
11	0
11	0
11	0.2313212255199034
11	0.297832819719112
11	0
11	0.13972907370809587
11	0.14375025109731526
11	0.2360868956127023
11	0.16125710503727395
11	0.28797804515822306
11	0
11	0.1970531498527029
11	0.18115641108499092
11	0
11	0.3676879313028664
11	0.19272933851172505
11	0.3749160695712078
11	0.2754503545817565
11	0.14851482156736806
11	0.24806203931805715
11	0.2918168439539998
11	0.2233874999558646
11	0.33702178747600947
11	0
11	0.28725656939170846
11	0.21904554601615156
11	0.2735731525412612
11	0.17482081592454635
11	0.29859648403528133
11	0.23714114669367653
11	0.27092381169234764
11	0.19979645901786908
11	0.20591376564945413
11	0.1869500403793428
11	0.23952173961531736
11	0.28942211128897993
11	0.3431445911714126
11	0
11	0.20872746000346484
11	0
11	0.17679110477803467
11	0.18957783307097428
11	0.232468911293076
11	0.20263538464624742
11	0.23624380357256233
11	0.13984846782550264
11	0.14827817553186184
11	0.19429745323512065
11	0
11	0.2875159608542006
11	0.2524772801780065
11	0.23840957199081272
11	0.3711609033657028
11	0.23983767579073037
11	0.24459984913702632
11	0.265475375209264
11	0.32609298703453143
11	0.20968587820610837
11	0
11	0.18111478794539027
11	0.22797104959283213
11	0.17944670818725378
11	0.17212193423903038
11	0.16463559423744992
11	0.18807294439775027
11	0.23162594471021172
11	0.3134802444597462
11	0.33862227650922666
11	0.21120871834678256
11	0.2339074206116998
11	0.31272640436154353
11	0.40045456276413827
11	0.2906759078288257
11	0.21167891733549318
11	0.20063493749727937
11	0.4149423298927557
11	0.1709528662803042
11	0.1346414744554475
11	0.23558930183016788
11	0
11	0.17825342439678915
11	0.28788160255541534
11	0.2783058256453616
11	0.27334079120826243
11	0.18916698610753657
11	0.08480829273619636
11	0.22043328173702428
11	0.20018713387854548
11	0.17471770559468125
11	0.25584604007513395
11	0
11	0
11	0.18701628905841708
11	0.3016431694982443
11	0.23622549507854013
11	0
11	0.18864296325556765
11	0.18531044911292238
11	0.21227851626538283
11	0.19148714447662385
11	0
11	0.19148900496949492
11	0
11	0.3623100778135188
11	0
11	0.30165673628612766
11	0
11	0.2898556605115523
11	0.1806956369674483
11	0
11	0
11	0.19676096615759386
11	0.2528734309609998
11	0.25408870784679416
11	0.23071514267088222
11	0.4282667215027569
11	0
11	0
11	0.21456947505170829
11	0.14062720370794232
11	0.24278916728213137
11	0.18979321190755521
11	0.21900671980130684
11	0.26861441556009213
11	0.23336455075919665
11	0.2642016720761068
11	0.12714612251251844
11	0
11	0.1913582630886424
11	0.2037940464323377
11	0
11	0.24094631656532622
11	0.3293586701982982
11	0.25251722684339106
11	0.18577176110524754
11	0.18693979315634052
11	0.42507667465967125
11	0.23216096508861656
11	0.15145401690291027
11	0.25779382068979617
11	0
11	0.20836684348905868
11	0.2828772683227554
11	0.12402811463173322
11	0.22003359938713382
11	0
11	0.16755581246120535
11	0
11	0
11	0.20650492612402913
11	0.16313419047279293
11	0
11	0.28843118083915303
11	0.2584132849300246
11	0.21837820361305268
11	0.19382637673616837
11	0.1686783132672798
11	0.29373840835359233
11	0
11	0.13886421919276182
11	0
11	0
11	0.23541481773933334
11	0.26787514800650103
11	0
11	0.22616923686783624
11	0.28520826588598924
11	0.2650753210975699
11	0.2637878705432683
11	0.24473950397296515
11	0
11	0.23791897826866718
11	0.228858278153249
11	0.2763383101577085
11	0
11	0.21040064287631377
11	0.3263975518588346
11	0.2482505206443443
11	0.19283824590144405
11	0.4115494639573341
11	0.24917244289760737
11	0.2770783504260314
11	0.23998437526148042
11	0
11	0.3405253291308578
11	0.2357876512389293
11	0.2882774652823718
11	0.1888557469109154
11	0.24662217212616463
11	0.21264473476165993
11	0.32725546277590084
11	0.21514645596717513
11	0.22856798003249654
11	0.24374357531906077
11	0.3438689006032216
11	0.18079191255674096
11	0.16687292511148635
11	0
11	0.27371469834846063
11	0
11	0.3823308846454907
11	0
11	0.2798286167745803
11	0.354876265678529
11	0.21494798320272476
11	0.25919796018309976
11	0.14081514033509823
11	0.1563159683454484
11	0.11003118609536806
11	0.15508608858919867
11	0
11	0.3240512838520779
11	0.21479203142687991
11	0.34788641540787246
11	0.16160777978953914
11	0.28369732145711735
11	0.29845513462753437
11	0.23868412315710558
11	0.19263188969907594
11	0
11	0
11	0.2434575139638192
11	0.31957034144049246
11	0
11	0.23037351136492637
11	0
11	0
11	0.27460337943642316
11	0.2246669221169182
11	0.2391554856115907
11	0
11	0.2770817442453226
11	0
11	0.23786684977697833
11	0.23863487352369306
11	0.15420008245831407
11	0.3451239770774019
11	0
11	0.21818474307795646
11	0.22354173316358214
11	0.19827344430441146
11	0.2502869689090287
11	0.20104385541591138
11	0.22312223184399027
11	0.2107288033057971
11	0.17426021338061556
11	0.16054939943471028
11	0.27246487726569485
11	0.22857177512130677
11	0.2666436840318159
11	0.19359168075345023
11	0.14858213887876198
11	0
11	0.22574958401113002
11	0.1798954327806197
11	0.24216838511037658
11	0.27819362744193965
11	0.24312743888244087
11	0.22590304531808317
11	0.20530319767927172
11	0.20714914234231416
11	0
11	0.12294725324413018
11	0.2004021994295666
11	0.3593303793506283
11	0.20660172978461544
11	0.2498934071301632
11	0.1463833024596793
11	0
11	0.19973985901048225
11	0.3741514390555861
11	0.24689377827634149
11	0.40738600210397014
11	0.2488874943307804
11	0.1874333010957313
11	0.23268846452522032
11	0.17258380007345517
11	0
11	0.22118201995876907
11	0
11	0.20557121637412504
11	0.17000810966065158
11	0.2520396798325621
11	0.20366534640900527
11	0.1953826231410478
11	0.14722975833530547
11	0
11	0.1604791379118861
11	0.22144901666036892
11	0.22214755095165778
11	0.21014936178552887
11	0.30116630914029235
11	0.35284541382566725
11	0
11	0.2267270897281968
11	0.1533516778274636
11	0.42996605432439505
11	0
11	0.18601225103478708
11	0.16277967588018516
11	0.2424537413136922
11	0
11	0.19015646098766
11	0.17770893196959878
11	0.2673151099434178
11	0.16951548521292184
11	0
11	0.26436150645932677
11	0.16953925204334452
11	0.17176599768740056
11	0
11	0.22160696904324462
11	0.19739231150954772
11	0.2620616743565237
11	0.21643636524642504
11	0.20220403234216971
11	0.23392938044895675
11	0.3066307584404455
11	0.13074397047113395
11	0.23033583022045417
11	0.1983287519872857
11	0.18373952236750107
11	0.2153738154346625
11	0.2157374898835474
11	0.15244693985088767
11	0.23201715745652202
11	0.25834089369658303
11	0.2109851107558678
11	0.23458016766653025
11	0
11	0.23589871725251083
11	0.22733683018613013
11	0.1985318707759079
11	0.19202050232919332
11	0.2735272817376786
11	0.1743156425075505
11	0
11	0.14637827953096091
11	0
11	0.17954450615946316
11	0
11	0.14998095240322812
11	0.33246540067725333
11	0.28694050315851416
11	0.22431889723574458
11	0.1837175162572341
11	0.2812686643375568
11	0
11	0.26292465415826455
11	0
11	0.2839100688135452
11	0.23203491929094464
11	0.29301306382187753
11	0.18209681851086768
11	0.2305779376274938
11	0.13861238970652773
11	0.2492522979519625
11	0.26337320963257754
11	0.39895407679078665
11	0.16761496220716107
11	0.1659084407413365
11	0
11	0
11	0.25122853723599903
11	0.20760607043057386
11	0
11	0.3141931260386176
11	0.28000466408101665
11	0.4214912937744174
11	0.15455387348606583
11	0.2004104081636195
11	0.24530908369467397
11	0.16492655643015014
11	0.21389970155796237
11	0
11	0.2105807562754067
11	0.2045752643938157
11	0.18154709996318302
11	0.33110552729344955
11	0
11	0.17372460136345882
11	0.24461468957585655
11	0.41906706244475883
11	0.3430603276017975
11	0
11	0.23932224132848948
11	0.2555723536564984
11	0.3332263469825154
11	0.24910107369174522
11	0
11	0.307840589184854
11	0.16993169559904964
11	0.23478561194240918
11	0.2891821800387261
11	0.19690626838046793
11	0.20854854686649146
11	0.23532013211599348
11	0.2071295133311692
11	0
11	0.25152354865943716
11	0.29877630311398884
11	0.19212679402288335
11	0.2265762869582291
11	0.15951854913798924
11	0
11	0.281136832291323
11	0
11	0.2043366441415897
11	0.24315753051758615
11	0.25084966307652207
11	0.19959395933047547
11	0.17483951494235597
11	0.2836291688983763
11	0.16567055152444105
11	0
11	0.30944025951443627
11	0.309884277732027
11	0
11	0.22780892254018797
11	0.1741326843775714
11	0
11	0.38245856072349477
11	0
11	0.1987650215177185
11	0.193890670660215
11	0.30900944800334373
11	0
11	0.3552030769490109
11	0.19720125243600398
11	0.29021477598006545
11	0.21876391317057098
11	0.18243536363920304
11	0.1690149587213427
11	0.32028331027633034
11	0
11	0.21451692440589681
11	0.25140021461041695
11	0.23705103649526568
11	0.28675589266844553
11	0.16762830748639768
11	0.27989242003456327
11	0.12773979738926866
11	0.15675693973840737
11	0.18945177507152178
11	0.25885926401277565
11	0.200420751847593
11	0.16529371805150983
11	0.1954881898493807
11	0.32227298091900214
11	0.32848002762005485
11	0.14655166635027517
11	0.2532829449931219
11	0.14926132527856267
11	0.26477391785967347
11	0
11	0.20694254847677784
11	0.16552162133944356
11	0
11	0.18242371754177603
11	0.27904096203263146
11	0.1892687603059032
11	0
11	0.20993340971529298
11	0.31621418892325504
11	0.2795154805952574
11	0.2300149750249256
11	0
11	0.19931920948993187
11	0.19670067047494094
11	0.1866831251127382
11	0.27395282028435963
11	0.22324582178732008
11	0.2729022392162641
11	0.1367220546595644
11	0.24675158921436963
11	0.2412239927981764
11	0.3765025994134911
11	0.270261059052958
11	0.2312456894706348
11	0.23001605712028922
11	0.15396374311663133
11	0.2677895502055647
11	0.1165472577119947
11	0.2185854121380691
11	0.23750431440937558
11	0.15582498028113434
11	0.18386579150273172
11	0.31440069124684117
11	0.2124635620458798
11	0.19320324318626647
11	0.24291884490881502
11	0.21241955098944942
11	0.21430134309468749
11	0.2727013640142325
11	0
11	0.22352458518905038
11	0.19957789415530514
11	0
11	0.23627927143470664
11	0.2091731236959897
11	0.2714116530190844
11	0.3254191834419384
11	0.2687149211494175
11	0.16157851985531033
11	0
11	0.19419966280829284
11	0
11	0.22825494365475668
11	0.22282540481279736
11	0
11	0.2565798977886304
11	0.12959787660936342
11	0
11	0.563324433028778
11	0.24528062188056216
11	0.23472950809046425
11	0
11	0.265277919863998
11	0.3665538702284746
11	0
11	0.1818736625116075
11	0.33473353544567414
11	0.36033775263885304
11	0.20155711066624155
11	0.1842992608637302
11	0.2477989634061383
11	0.24512448016155136
11	0.15580676644364888
11	0
11	0.30839651285632025
11	0.2563979455696406
11	0.1911124161267879
11	0
11	0.2301739127328071
11	0.21895820171153255
11	0
11	0.27177326706593374
11	0.1128860948469183
11	0.2248925714586589
11	0.19456685680439958
11	0.27078402869231116
11	0.1934060367639089
11	0.1780130249553978
11	0
11	0.17281526372376724
11	0.2978722682626952
11	0.23874382115491666
11	0.2983340820145994
11	0.21149887710321233
11	0.1762482969956317
11	0.21100694290614427
11	0.3539805177813646
11	0.15590779620764034
11	0.15820373844096808
11	0.22845139756138938
11	0
11	0.26242494989454584
11	0
11	0
11	0.3152144668892733
11	0.20890665505482525
11	0.3313806076448625
11	0.23982222775476292
11	0.18645980297050857
11	0.17539337874904626
11	0.2297838090604102
11	0.27436964307917167
11	0.21479993235423694
11	0.21510584150136913
11	0.1922754177875317
11	0.18053774165969486
11	0.25768403874598866
11	0
11	0.36631592116690725
11	0
11	0.24485457980362363
11	0.29661882394572203
11	0.22620908031551257
11	0
11	0
11	0.21262135298882356
11	0.18550575235972233
11	0.2239120858350137
11	0.25376885825980466
11	0.19785877706238333
11	0.173611977477604
11	0.22632119241799883
11	0
11	0.3682095303579291
11	0.3110328826618811
11	0.27286283075348644
11	0.23448376041920652
11	0
11	0.30637285008563503
11	0.16919810682332959
11	0.20196060715736358
11	0.23347730794022237
11	0.14053456974615514
11	0
11	0.2016897525321347
11	0.16714421750064012
11	0.24643051364775564
11	0.17296888856631887
11	0.2311777260146957
11	0.19516870476634865
11	0.24164346450497506
11	0.2539855407294358
11	0.21571586189795058
11	0.14824686276586158
11	0.2197007969056885
11	0.29220143171353496
11	0.15757165234889792
11	0.26033651810106634
11	0.24013055238537737
11	0.23833570946575933
11	0.2321249647612379
11	0.3243321857363243
11	0
11	0.24243422573244036
11	0
11	0.23430793468478467
11	0.20631405646489634
11	0.2501217299337606
11	0.1627533119221104
11	0.30996465034703924
11	0.42027346970229973
11	0.2540404634168223
11	0.2482781565842808
11	0.30218620856202094
11	0.22442252625340278
11	0.2545261151590789
11	0.3845953137878651
11	0.1884163419399113
11	0
11	0.33562692272887384
11	0.279137060123678
11	0.20173806337706957
11	0.22154633874532925
11	0.2601193162531142
11	0.2377198981274217
11	0.3191034677232137
11	0
11	0.2634432400969262
11	0.18162622040109358
11	0
11	0.19766256623251643
11	0.2086702977104576
11	0.22418200016944884
11	0.21748912436579496
11	0.2685156052910765
11	0
11	0
11	0.24732604384420248
11	0.2201250516332567
11	0.1680163797074424
11	0
11	0.13312656744114884
11	0.2612636342099996
11	0.19872064686721555
11	0.17686375292055873
11	0.253952758206609
11	0.21150829610895752
11	0.34394399090920524
11	0.15502271764558453
11	0.23052355074142167
11	0.14597093680016449
11	0.3555820299288166
11	0
11	0.19960944109782394
11	0.3083621536831764
11	0.17829884948096003
11	0.25090859943494304
11	0.27218364605175926
11	0.15940239983662047
11	0.2131759055089915
11	0.20664243645426947
11	0
11	0.19304344214811603
11	0.16759798980282614
11	0.18170619796793042
11	0.27849420678102355
11	0.19212564955629288
11	0.25116065727211445
11	0.25237314656043874
11	0.1414647912942821
11	0.23506117632740078
11	0.15629516321742357
11	0.17404511811006812
11	0.1843299670984656
11	0
11	0.25681227994502714
11	0
11	0.2511312525321411
11	0
11	0.21630989924408867
11	0.1817300039731673
11	0.29556332757124426
11	0.2793834434686274
11	0
11	0.14928975653636825
11	0.2259555191206862
11	0.18007663296005239
11	0.3787675589039211
11	0
11	0
11	0.24588637137603941
11	0.1192294630252836
11	0.2194610416231192
11	0.1234787199421018
11	0.4187877746571371
11	0.14565922053348654
11	0.2586751589155459
11	0
11	0.1925529653773514
11	0.22670840953502686
11	0
11	0.21944674089654606
11	0.1595511576544875
11	0.20256435109847654
11	0.17526431738350018
11	0.3023120679301581
11	0.23531658603206562
11	0
11	0.23883880189584578
11	0
11	0.18682194771262273
11	0.18354811204817095
11	0.16341256614647506
11	0
11	0.17359859891496085
11	0.2121548066978628
11	0.2242042477893065
11	0
11	0
11	0.2817389956736025
11	0.15999519511842153
11	0.2021939304911563
11	0.23428738220561326
11	0.25512307958699054
11	0.2605361350329254
11	0
11	0.2312779989206649
11	0.20793942853610725
11	0.29828146219255675
11	0.2471237710363663
11	0.2414633645019738
11	0.17908170327511724
11	0.20866867903070432
11	0.21787109914134736
11	0.2218844235891546
11	0.21714230658188322
11	0.2605276001654672
11	0.1652032225754109
11	0.1917402124191728
11	0.3113507261792691
11	0.207171784871318
11	0.28530996620621607
11	0.214006619287346
11	0.15664326339667572
11	0
11	0.20048031891295753
11	0.19433905323954948
11	0
11	0.1861685830466761
11	0.3331669043226017
11	0.22998262143416243
11	0.15486646745318705
11	0
11	0.17856949153655696
11	0.2632128714553337
11	0.23257669414248558
11	0.38057236031422226
11	0.20669110850748476
11	0.28603758322899586
11	0.23571953315541674
11	0
11	0.20464649473796154
11	0.22515192434074616
11	0.1854344770351016
11	0.19238006574166766
11	0.3810795940183374
11	0.20919394884734802
11	0.18044309721211615
11	0.19789186215425858
11	0.31874432142677156
11	0
11	0.2458363364374338
11	0.27002655491719935
11	0.2371790515838536
11	0.2597425056777012
11	0.25657973590984473
11	0.24585837712133943
11	0
11	0.22338015574409859
11	0.22145956925986338
11	0.14900224781167212
11	0.14374167284861766
11	0.18668728652257857
11	0.16839267898520294
11	0.20778519091555098
11	0.25342223457369834
11	0.31574160411015784
11	0.296290359810907
11	0.3689485727480314
11	0.19958489419527783
11	0.23999345854836032
11	0
11	0.14692784166454945
11	0.21922476710233496
11	0.19619543000941084
11	0
11	0.19123184676872754
11	0.19692411931823128
11	0
11	0.1420437937626911
11	0.3296672766485326
11	0.1311826389548482
11	0.17079708967325877
11	0.26714405913664374
11	0.22777034886667252
11	0
11	0.2735000298881531
11	0.1624232739472221
11	0.2927712451681826
11	0.16773682973129264
11	0.23038537551695074
11	0.1695734850901435
11	0.25624702472414407
11	0.27210574533341436
11	0.23733095128561615
11	0
11	0
11	0.18870658809032262
11	0
11	0.21725917738648054
11	0.11995791007879289
11	0
11	0.2383071141804698
11	0.1434632538564168
11	0
11	0.3083668601057725
11	0.2123314448647773
11	0.23833515835622734
11	0.1994377187005012
11	0.16931364266528556
11	0.23596328125551375
11	0
11	0.1060300026148624
11	0.18187506812114432
11	0.20003035543869696
11	0.20304239640979715
11	0.23438532537678347
11	0.21855058986987946
11	0.21289393211370508
11	0.23231072924772964
11	0.1797924019840108
11	0.15309526605427204
11	0.20379862153292239
11	0
11	0.22716687864860527
11	0.20775268237838682
11	0.3732550599459511
11	0.22177576089182682
11	0.17428754022074608
11	0.16661227157259095
11	0.32304890639473804
11	0
11	0.15346806484429196
11	0.20840260666843785
11	0.21023229406168056
11	0.19609686631645568
11	0
11	0.2616316383460797
11	0.19345815168345318
11	0.24479900035692542
11	0.23186806023188497
11	0.1496404365436718
11	0
11	0.14479527397471864
11	0.21614236026388092
11	0.19223422866336473
11	0
11	0.2016597022002282
11	0
11	0.32015271954242963
11	0.20339537442694258
11	0.18864129033518834
11	0.22697674965553194
11	0.16257696545044842
11	0.17994951906078782
11	0.2532672278862364
11	0.17921647315605194
11	0.28223897168350814
11	0
11	0.31995328311355603
11	0.19742154658006184
11	0.45269199381801006
11	0.13809726083136883
11	0
11	0.2217409474726035
11	0.24680649670610166
11	0.1803606024088352
11	0
11	0
11	0.3686716077801359
11	0.20485035911921073
11	0.1793788709365355
11	0
11	0.1639406169538634
11	0.21293259863431185
11	0
11	0.19811385353793168
11	0.36589751384098157
11	0.21880948768568137
11	0.23229862989186637
11	0.25261555231008587
11	0.27307210910704316
11	0.21443880213666433
11	0.22061015397618736
11	0.22765995554079677
11	0.2974881266160233
11	0.2059489642746432
11	0
11	0.42612177681782226
11	0.22675504743893776
11	0.17653584948147774
11	0
11	0.2426345743969812
11	0.3210862093738109
11	0.314440523638868
11	0.23998889524299935
11	0.401832421297911
11	0.1639319863584685
11	0.22222809109517155
11	0.2581790261604877
11	0.1544412028916843
11	0
11	0.18545353971405054
11	0.31335559725207013
11	0.25770899769713124
11	0.1848654359460929
11	0.22356553803479726
11	0.2758133777870266
11	0.22879287081756944
11	0.1825602893207585
11	0.2842372761616838
11	0.22479813899118664
11	0.26001855337237945
11	0.1473033018827306
11	0.26091030523167813
11	0.2850892510297007
11	0.2323312979731149
11	0
11	0.21525825492651024
11	0
11	0
11	0
11	0
11	0.1987868429214375
11	0
11	0
11	0.21656841237079863
11	0.20727314900305116
11	0.2200076879186879
11	0.3929343813830911
11	0
11	0.2710939605352672
11	0.3155806376827167
11	0.3872330772065541
11	0.28900583618812914
11	0.3849064843255373
11	0
11	0.34442274540709955
11	0.34789446091758425
11	0
11	0.21960508966515108
11	0.20025511750000446
11	0.1900263584307029
11	0.25735564905652764
11	0.19008525061024723
11	0
11	0.11364202055151085
11	0.18708227762764124
11	0.2558808595123336
11	0.2484356389186036
11	0.1916937532488648
11	0.2505442455514705
11	0
11	0.20746461435196947
11	0
11	0
11	0.27440062194519166
11	0.1854624107622879
11	0.17054380894778953
11	0
11	0.16890713884563038
11	0.32539003901931135
11	0.282313550594835
11	0.27880033787671615
11	0.2456269814430088
11	0
11	0.20416526887427008
11	0.1658579512649971
11	0.24234726046690208
11	0.17482542329014136
11	0
11	0
11	0
11	0.19505184423437322
11	0.2451459626523906
11	0.3154816974545895
11	0.20131830226988326
11	0.2340563407556916
11	0.17084807502361696
11	0.18445015017642266
11	0.24595801754188615
11	0.1718466303939252
11	0.36122651381435533
11	0.1375393020921559
11	0.2396965596264361
11	0
11	0.12693659146930206
11	0.20389915857801122
11	0.3601250479768015
11	0.21082753237490476
11	0.2111441056956133
11	0.20450600667408303
11	0.15329645557975638
11	0.20125811610273345
11	0
11	0
11	0.17101131843804168
11	0.2597421150914763
11	0
11	0.2451142628439482
11	0.17416513515301332
11	0.17954382813596448
11	0.30391746093265776
11	0.19738299460188713
11	0.14663305559461884
11	0.18718121995133397
11	0.26814741496715466
11	0.3373837352247661
11	0.2811449301243466
11	0.140055064835767
11	0.17151234744712848
11	0.356038526879191
11	0.19957855386406384
11	0.31242770382459695
11	0.27740748169899115
11	0.17598028176758007
11	0.18543287100433276
11	0.3135771241410989
11	0.23982139203233768
11	0.17004462574829304
11	0.17830767402115025
11	0.18328954392278674
11	0.2665680998204937
11	0.17072593514464662
11	0
11	0.13308816094615789
11	0.45116572109786524
11	0.3168039394873516
11	0.23341532687165914
11	0.21738229595291042
11	0.24063799597791197
11	0.1619804625422026
11	0
11	0
11	0.1366463832873658
11	0.20923405265563616
11	0.2842551211551365
11	0.18760931712669335
11	0
11	0.3168806401777324
11	0.2539390470080328
11	0
11	0.2944639001227204
11	0.2038618754089849
11	0
11	0.2701384590436359
11	0.1537620250089806
11	0.25789935732734204
11	0.19186118298571156
11	0.19958694849880762
11	0.3031629572719571
11	0
11	0
11	0.2788535600734549
11	0.26836163483890757
11	0
11	0.25277320227261235
11	0.29093869652730425
11	0.14089823078041527
11	0.2548664896983403
11	0.15992310705104792
11	0.21895869974095697
11	0.15554129666743616
11	0
11	0.19910403306117092
11	0
11	0.18093410318901101
11	0.33155553760189416
11	0.20606455880021268
11	0.2426711415584126
11	0.2881493331551849
11	0.23225427052499115
11	0.3745983608315874
11	0.2940310505838907
11	0.1721286131029986
11	0.21007367014453135
11	0
11	0
11	0.15430243723552242
11	0
11	0.37937882100582
11	0.1912897575194146
11	0.2772321866777073
11	0
11	0.3352098337144894
11	0.33512306763216376
11	0.25688231425779584
11	0.21993597404599938
11	0.21668202581414486
11	0
11	0
11	0.2730630536943004
11	0.27312092459126475
11	0.20692190429974908
11	0.27594148028924637
11	0.22786323621995003
11	0.19457003187249897
11	0
11	0
11	0.3149735429991982
11	0
11	0
11	0.2035968821436296
11	0.3027574496914839
11	0.23685282162145063
11	0.2233829886644996
11	0.22710543508721467
11	0.1659293191047336
11	0.2032172853622291
11	0.23339950723315217
11	0.24931903623716647
11	0.2983538030148683
11	0.1873440400475864
11	0
11	0.18423684349293973
11	0
11	0.3274600281119593
11	0.12763453098184305
11	0
11	0.3226893269835909
11	0
11	0.2697775812091606
11	0.16519973299653468
11	0.18128651969748424
11	0.2880591038885156
11	0.2299175103319295
11	0.24984991042311247
11	0.20815497344064526
11	0
11	0
11	0.1741917334431078
11	0
11	0.27863136154667223
11	0.22268163383182651
11	0.18598917279345603
11	0.24117566305229152
11	0.3458311780463058
11	0.33489592656322253
11	0.19809886081711647
11	0.17497071189372715
11	0.20830686222309913
11	0.12526429102917833
11	0
11	0.1576195645963934
11	0.22862250416605914
11	0.17250123722130384
11	0.24714263543127246
11	0.20205756688653886
11	0.2041440086995487
11	0.21711117035763555
11	0.2916333120264249
11	0.25213356506630985
11	0.2445683419062282
11	0.17163515368569035
11	0.2606131899440085
11	0.26627602264634287
11	0.1328855140679224
11	0.1621620217071289
11	0
11	0.19535532207089007
11	0.291844438220955
11	0
11	0.1728443565046859
11	0
11	0.24087834349187137
11	0.16642147251467143
11	0.16338446468986118
11	0.24544365188050257
11	0.17586341568295227
11	0.2303256583180391
11	0.31582487253501945
11	0.21131859146400697
11	0.23153150319957747
11	0.32049768316320715
11	0.26495048744391714
11	0.20864429370265775
11	0.18547793600499687
11	0.21397894946817572
11	0.3770565792824316
11	0.24580072275129106
11	0.21018686886444632
11	0.17719594976399142
11	0.3287994816990021
11	0.1459262124232301
11	0
11	0.13285303715305216
11	0.17075815105843165
11	0.34020735976861466
11	0.17277740699905514
11	0
11	0.1928566879607998
11	0.24177376598551956
11	0.23946894155445372
11	0.2333006980460763
11	0.299475319744248
11	0
11	0.2526096256680523
11	0
11	0.2983236609649621
11	0.1648122316285855
11	0.19063055040344185
11	0.20432097410278224
11	0.2965076940752602
11	0.28704459352684897
11	0.15329107793865365
11	0
11	0.258116323952434
11	0.23750482975668746
11	0.14110295367210485
11	0.17198971946088076
11	0.23693879690078545
11	0.2123522473834263
11	0.1949897083746248
11	0.24579244334912234
11	0
11	0.13760500626933805
11	0.20215762735549345
11	0.20556106408562433
11	0.2586606930651602
11	0.20222528020536035
11	0.2231850973903502
11	0.29543484685922833
11	0.18501328416096455
11	0.32978674210454717
11	0
11	0.22122159130334182
11	0.33052883439880265
11	0.20951534212609166
11	0.20406704690960248
11	0
11	0.21198952788396758
11	0
11	0.18119383507918527
11	0.20831739447182135
11	0.1690962798430965
11	0.35117208569544917
11	0.20127580859209546
11	0.16797499566990984
11	0.17806274483694398
11	0.15177203324170124
11	0.2220506203579371
11	0.263730904565515
11	0.2712710197516295
11	0.22301423404537665
11	0.20712416382265533
11	0.2899611825700245
11	0.24719601476667546
11	0.30433224068287146
11	0.3065899353648777
11	0.2949350066458538
11	0.1873303644299186
11	0.3440944252561506
11	0.2448642378359408
11	0.1471938770143506
11	0.1794394099640066
11	0.4768021714750925
11	0.20602838760206205
11	0.18406760798594188
11	0.28416834006354064
11	0.2322906986665325
11	0.17634041111562396
11	0.3246916231145134
11	0.22633979977416765
11	0.21490920426267673
11	0.2360405397207105
11	0.15246097443961718
11	0.2281892836720479
11	0.18045784475644258
11	0.3477535884531556
11	0
11	0.27695682700865343
11	0
11	0.21253547515446375
11	0.19098765737467835
11	0.3177110074636976
11	0.2954004583675087
11	0.29262937990705107
11	0.19963508410556116
11	0.1875406880393972
11	0.24964379833579406
11	0.2042971848231672
11	0.1454750780569507
11	0.21295016393323998
11	0.18721367645495962
11	0.21502640165686848
11	0.1900713149048147
11	0
11	0
11	0.1439473044582972
11	0.38252246524388256
11	0.2943641122533061
11	0.1869286075702316
11	0.3238801200384427
11	0
11	0.12022875408147064
11	0.18065472539854352
11	0.22348491267961845
11	0.2523206576687105
11	0
11	0.2104152915214787
11	0.14334294906984277
11	0.18369558143526382
11	0.3985910093807145
11	0.24552870987426856
11	0.1602465807512399
11	0.13111441889486558
11	0.1881637111583086
11	0.182991410800761
11	0.24567180126727092
11	0.19318287900188433
11	0.3042570218734799
11	0.2068960337016274
11	0.2921577500017578
11	0
11	0.4475218443906472
11	0.18778204332723444
11	0.23390105518651294
11	0.1593425738285089
11	0.22980089418706678
11	0.33098199008147755
11	0.21515155991787127
11	0.3587255016188768
11	0.21279253748071478
11	0.2839158436367262
11	0.22999652683183186
11	0.14650827406987424
11	0.16466837127600933
11	0.15747742969401052
11	0.22607677680426366
11	0.4432981499474455
11	0.2001799934849973
11	0.22276260331337944
11	0.24897117313093514
11	0
11	0
11	0.15780168071229309
11	0.22822356535325738
11	0.243727052604098
11	0.21698149139848852
11	0.17314124133824013
11	0.2917203509961972
11	0.29510428115048476
11	0.17413100168178686
11	0.1657216144406251
11	0.2472577108362805
11	0.20675494067486927
11	0.19430702789726256
11	0.21460760345266344
11	0.3309800261798951
11	0.22801472628141944
11	0.23671742395436418
11	0.2264696431114508
11	0.20402876017892174
11	0.3668773053707513
11	0.10488120656725014
11	0
11	0
11	0
11	0
11	0.24243880782799132
11	0
11	0.18261512429896073
11	0.28764305075776925
11	0.2296283364890695
11	0.16814272767027832
11	0.17792913224555548
11	0
11	0.18590276393423885
11	0.21659003086979384
11	0.27091171640805184
11	0
11	0.14561914867490575
11	0.22853887932732111
11	0.19622269359434905
11	0.3564211962720492
11	0.2704255157918944
11	0.18811697715165096
11	0.20846544914446297
11	0.23704038230100827
11	0.24609899516110725
11	0.15048576728348978
11	0
11	0.27055241519771306
11	0.19621555579567446
11	0.24458146371031578
11	0.1854022837982577
11	0.20858495950384168
11	0
11	0.23762688567843407
11	0.2068254194050966
11	0.24313389447059355
11	0
11	0.16363452405371054
11	0.1234302067732278
11	0.22466610214766328
11	0.1655295581283144
11	0
11	0.19805988042114134
11	0.24646026729182574
11	0.2910435220311058
11	0.15855260039800845
11	0
11	0.26730457603705804
11	0.24455888655855307
11	0.28265860460723724
11	0.2323407916953553
11	0.19493489041027814
11	0.2661288602510885
11	0
11	0.17793263753555516
11	0.16497016657713562
11	0
11	0.24455922503911182
11	0.27405928112417843
11	0.2241916193157898
11	0.23953917255109713
11	0.17101512964260673
11	0
11	0
11	0.1816802363531305
11	0.23429134107259536
11	0.2265975734361569
11	0.25016015681769
11	0.25774584353895463
11	0.2652023802247546
11	0.2093545819606732
11	0.22163710904981004
11	0.22384382410122497
11	0.22611239096588187
11	0.2250606295150085
11	0.2746200881610942
11	0.30535303274849834
11	0.195326761588493
11	0.28028772045124994
11	0.170089776806869
11	0.21850294571264214
11	0.22384465014744045
11	0.1316667004334459
11	0
11	0.1881039074959136
11	0.31230579206999237
11	0.1987947306108392
11	0.24506801368348283
11	0.20117061123367247
11	0.2322078400866089
11	0.21362876301473405
11	0.2648620230026041
11	0.16834241714417156
11	0.22232171632120482
11	0.1849558652908513
11	0.17483066150641474
11	0.1681279477443993
11	0.19957671491564472
11	0.2552315995319789
11	0.37318549813886376
11	0
11	0.19764555481233093
11	0.4195482443301575
11	0.18454603309535322
11	0.2220742715133066
11	0.17753811922285423
11	0.19148281886682872
11	0
11	0.18648454701177242
11	0.18607207244812327
11	0.26937415668705716
11	0.09278973610092374
11	0.18184600135583032
11	0.1592939945061083
11	0
11	0.41107762089490474
11	0.21223639638617417
11	0.23238965467455996
11	0.2511755888678431
11	0.221030316426302
11	0.14290974704987863
11	0.23162934658090129
11	0.1325899512804108
11	0.3151234129111905
11	0.3717822649504815
11	0.4054604082448698
11	0.2405491196226315
11	0.2395712565690525
11	0
11	0.253566036259127
11	0.18479863823290144
11	0
11	0.24836498602001775
11	0.2253751944798528
11	0.19412195688950795
11	0.20518470592905935
11	0.2654147021332048
11	0
11	0.13301311553772532
11	0.24310151167541552
11	0.23920986431827426
11	0.1986739043248899
11	0.26514611435473995
11	0.16461783514564432
11	0.2987474908660731
11	0.18168510837355398
11	0.2617190369550712
11	0.19705908735098285
11	0
11	0.21277951722617003
11	0.14101314255762157
11	0.2134412738949686
11	0.17405885819268763
11	0.2069167982136729
11	0.39215301141789827
11	0.3250371176817055
11	0
11	0
11	0.19014095507756937
11	0.2808104027887627
11	0
11	0.1863903704043561
11	0
11	0.21330604809528408
11	0.19602406101776915
11	0.18704821872390423
11	0.3589228773321673
11	0.20233265332994896
11	0.22135165726377923
11	0.19413522532132513
11	0.2023033157636012
11	0.1534868404158146
11	0.1789286535210837
11	0.16825721213382866
11	0.11919908249552116
11	0.24328772590951253
11	0.20476912783142825
11	0.16536911271820964
11	0.16737277287749522
11	0.2308799632813798
11	0.14976935129465754
11	0.2963888893052609
11	0.2233772239673175
11	0.1268367428469119
11	0.21268010195512596
11	0
11	0.2829048445952085
11	0.177007825722175
11	0
11	0
11	0.2598234793350614
11	0.24710313644151385
11	0.15754146951252923
11	0.13663050258940312
11	0.2456621696920579
11	0.21982947953442128
11	0.22709791353714048
11	0.2587672236021681
11	0.20758033186803634
11	0.1924334307740508
11	0.1776274497220862
11	0
11	0.1920954284203981
11	0.30356864336385647
11	0.30571514581409603
11	0.23704181049081824
11	0.2544723923835091
11	0.2519227793555001
11	0.25253757328460447
11	0.30366844980733454
11	0.12960178554682017
11	0.2477620941205776
11	0.2574830015381368
11	0.3110699562663061
11	0
11	0.2594155189026018
11	0.18216035039727152
11	0.21671605872699168
11	0.17996678671775332
11	0
11	0.21278280416732914
11	0.27183489604716377
11	0.22641636964168638
11	0.26509154274286656
11	0.1929648364544007
11	0.34583468890424596
11	0
11	0.22916324735250299
11	0.24213445007230613
11	0.24014923771457397
11	0.24107300605091123
11	0.19214089811080068
11	0.39840774299904336
11	0.1621492695579554
11	0.131002513212813
11	0.13521198113345534
11	0
11	0.25308538374544814
11	0
11	0.25831662868342864
11	0.26258454839076
11	0.1931801415204269
11	0.5175119436265715
11	0.21890117537406828
11	0.20336369091917075
11	0.20562755417054693
11	0.21119322898980247
11	0.24472780925552098
11	0
11	0.36042975162692986
11	0.19092399920026923
11	0.32576184940938446
11	0.24111432703586114
11	0.22078947934127804
11	0.2191735850341146
11	0.24618903713584545
11	0.2737227197757094
11	0
11	0.20933036930479962
11	0.24113057944868393
11	0.2301795852824074
11	0.19523057065565813
11	0
11	0.2323667907707608
11	0.1198844234940641
11	0.29204992877143454
11	0.14003182878332457
11	0.1575096341844394
11	0.1960359217635754
11	0.16333627487455002
11	0
11	0.2674729228149594
11	0.18210772855532426
11	0.2521226771504665
11	0.16628311252589603
11	0.26370429848557675
11	0.22671603672524585
11	0.20242317871395404
11	0.2816779551907113
11	0.18735024497227898
11	0.3143164764176014
11	0.2344695292679129
11	0.2432838101977815
11	0.2738280852929035
11	0.2257696807272238
11	0.16430157555800845
11	0.21671691184986305
11	0.2480804468993538
11	0.21359775019590085
11	0.18140354944191586
11	0.22867746588885943
11	0.21334977835770438
11	0
11	0.17114137653918354
11	0.24176129298750246
11	0.22273154289723202
11	0.3685980081957298
11	0.24984616898863019
11	0.2539998629840034
11	0.19307578371334427
11	0
11	0.2271760420698409
11	0.17929501496570246
11	0.24121886309992208
11	0
11	0.2911736514755966
11	0.34543537859426154
11	0.1726418790390612
11	0.1683549435359048
11	0.17302043987301954
11	0.2138291691631652
11	0.2802632844922284
11	0.2426783184837642
11	0.17429899859996653
11	0.16050285438120002
11	0.19994925733815494
11	0.17768748833139797
11	0.22334864314322705
11	0.2488478865806869
11	0.30719566451159563
11	0.3457395882650135
11	0.17611583086935897
11	0.24108670287114228
11	0.19956453374847327
11	0.24181388361070386
11	0.21302477892062327
11	0.20823890306108014
11	0.17268144643017605
11	0.255739968178816
11	0.26674623342851905
11	0.340317844683409
11	0.22150047825218533
11	0
11	0.2274484567547325
11	0.28898675085479736
11	0
11	0.23609897840466634
11	0.15272396633308818
11	0.16737804732974462
11	0.22607983876892612
11	0.20527715799682955
11	0.29651118290653644
11	0.15152101032459495
11	0.2733208197341298
11	0.1839907161121574
11	0.26756836916512405
11	0.28995067157241294
11	0
11	0.24862586302708486
11	0.21031443145518458
11	0
11	0.33528474313148116
11	0
11	0.15416592994283757
11	0.18419888505307278
11	0
11	0
11	0.18827293982690269
11	0.22405453212027646
11	0.1772065012405721
11	0.26317280387962544
11	0.24494922478001502
11	0.14379695391576072
11	0.23556889029832723
11	0.28307075567003825
11	0.24348041882177068
11	0
11	0.1947877719428788
11	0.19610086870741394
11	0.20271066383970143
11	0
11	0.2864450796697527
11	0.2398537712290512
11	0.28067840283393675
11	0
11	0.260424407253837
11	0.23514393532214367
11	0.1769219448957034
11	0.21741520178269816
11	0.10574640870808237
11	0.2359417513810319
11	0.21618021765950543
11	0.12942722392203881
11	0.14859069106073677
11	0.18600936193403236
11	0.34820550427653274
11	0
11	0.18707035701998675
11	0.2951821323754218
11	0.23382767690004608
11	0.19657534874710203
11	0.21177130313598988
11	0.1778724681013416
11	0.328743934393528
11	0.2738745124140048
11	0.23876987425628446
11	0
11	0.21128830310543084
11	0.21628221224545682
11	0.25162019492370113
11	0
11	0.22522981684046475
11	0.22274075028162535
11	0.2579155077046619
11	0.25056541580095254
11	0.21279933519265004
11	0.23658780951246117
11	0.1659418164649767
11	0
11	0.25358560153593057
11	0.19811933035841406
11	0.4456866021874796
11	0
11	0.1580011517946643
11	0.15964844125387598
11	0.3586726923675021
11	0.17162974547208243
11	0.25906743647730035
11	0
11	0.25417812650785404
11	0.3464593350775486
11	0.24502660064592433
11	0.3474656912780826
11	0.34904131418845047
11	0.1621882935902268
11	0.12863148048315742
11	0.2672765677255696
11	0
11	0.22284022732610514
11	0.21372429354663583
11	0.215841353789352
11	0.25155541901686174
11	0
11	0
11	0.2153923793532898
11	0.1843754872824719
11	0.2888784209972771
11	0.22204794181057377
11	0.2563328333908631
11	0.20196045773907736
11	0.16709864123231813
11	0.22954867926433895
11	0.22799269958658935
11	0.15485603978327478
11	0.13933413852301896
11	0.20366021238904253
11	0.1326175776600284
11	0.21836081818615238
11	0.23475664097289128
11	0.2871219606577749
11	0.17593274191978775
11	0.22542191317453777
11	0.2371758694063211
11	0.31691921871217144
11	0.18446286920647456
11	0
11	0.3042245669259277
11	0.170509672791958
11	0.24059594783619465
11	0.1333524225477268
11	0.21031616283925356
11	0.18058751405688406
11	0
11	0.24829161882603015
11	0.20708370643542945
11	0.483804413893215
11	0
11	0
11	0
11	0.17360686096660127
11	0
11	0.2577500319811326
11	0.15671527612109243
11	0.17970383475498877
11	0.2821885418275739
11	0.3481472757307208
11	0
11	0.15810346050230895
11	0.29742803776291854
11	0.2415660530363868
11	0.26622253395367934
11	0.2506300264547823
11	0
11	0.20305282916766473
11	0.22695726861927032
11	0.26677729238977393
11	0.29090831550869545
11	0
11	0.18737618264604192
11	0.3968423233354414
11	0.2336251382212144
11	0.22110830963266098
11	0
11	0.16026338005891846
11	0.240749141951486
11	0
11	0.32045086409418194
11	0.267198852612073
11	0.32708501628937475
11	0.22321786272634878
11	0.19661943903091755
11	0.2633008112732475
11	0.24471041611364264
11	0.2165119230625904
11	0.21408033380253821
11	0.19499395593798663
11	0.16667369710064334
11	0.2610624442158796
11	0.24109517586948268
11	0.2703043686375859
11	0.20468976496209298
11	0
11	0.2847651329861283
11	0.2032058806463831
11	0.24490396133610398
11	0.19530300229534017
11	0.14014414433769684
11	0.23179448656913643
11	0.180524440670168
11	0.2028177864311087
11	0.21685043257129835
11	0.21488521811880104
11	0.17894005278121164
11	0.25765264624198725
11	0.19024754046365602
11	0.14364028218976058
11	0.1954149002974226
11	0.16324628940914454
11	0.1612083330845455
11	0
11	0.19625438818940305
11	0
11	0.18373457284664427
11	0.14479548418362542
11	0.2923317667822699
11	0.35466055945263725
11	0
11	0.30266833084955347
11	0.14944034196606182
11	0.24406047260236285
11	0
11	0.4098298191830776
11	0.1840207553908194
11	0.2939596262497481
11	0.2225806975380779
11	0.1309812815942164
11	0
11	0.2232525542553549
11	0.34333201451060863
11	0
11	0.167055166333648
11	0
11	0.2907073079819903
11	0.24933738092753155
11	0.25580187889967243
11	0.20777535629840974
11	0.21733375900478746
11	0.22850555537314393
11	0.23914184093604565
11	0.16086379918429303
11	0.1803306050460828
11	0.2278100892276103
11	0.21895827631510126
11	0.2593652369031395
11	0.15942110793680853
11	0.18387170419757973
11	0
11	0.1274848734160335
11	0.18605835923944763
11	0.26040594874642625
11	0.23947442292947096
11	0
11	0.32101489557447493
11	0
11	0
11	0.2979564168393848
11	0.2298567222047037
11	0.2995060349576857
11	0.14752999553891466
11	0.28508361409757366
11	0.3272271737722262
11	0.2512913944516524
11	0.20888248865665232
11	0.47793957399039927
11	0.21173214316784258
11	0.25090221254406064
11	0
11	0.27733326044031037
11	0.24492381446264952
11	0.2449487307321571
11	0.19295058868509476
11	0.268024202808494
11	0.25713660338672567
11	0.20383341602724434
11	0.23488946758497128
11	0.2156124228293193
11	0.15043462093484625
11	0.17211194148832387
11	0.17944479888877207
11	0
11	0.23699890877169494
11	0.395912549930321
11	0.27611456893607156
11	0.2155720257642588
11	0.1573780478129516
11	0
11	0.3126291997039323
11	0
11	0.14651111488768456
11	0.27213237068572543
11	0.12811341866036985
11	0.23410945859483998
11	0.2913319855513514
11	0.23141131827254063
11	0.264306244335578
11	0.19049329904823895
11	0.15838231985313528
11	0.24986519989515746
11	0.31215097734914876
11	0.22505022426454746
11	0.20540985192821
11	0.27431407186348894
11	0.15085766407356332
11	0.28362001494537165
11	0.24161919388951023
11	0.2139343017363147
11	0.19761002695091337
11	0.14883398324658204
11	0
11	0.36320065401019835
11	0.26828137141879077
11	0.17841612424874786
11	0.2801329852266532
11	0.2672847697348694
11	0
11	0.31094039507984855
11	0.18966135137713394
11	0.255082856147965
11	0
11	0.20514174098861984
11	0.12060776265139166
11	0.20554954426265046
11	0.21515165047804524
11	0.16093974780535236
11	0
11	0
11	0.18412066766295598
11	0.20514706288049425
11	0.19998554049715078
11	0.1968055095253013
11	0.1750021958214234
11	0.15182681776828205
11	0.24004221387418204
11	0.1988270331532339
11	0.25885379353132254
11	0.2306671038558999
11	0.2595784941752985
11	0.38133923371935574
11	0.1885100981906489
11	0
11	0.20148625827205704
11	0.1793960300644453
11	0.2318170464130084
11	0.16312284210864728
11	0.2543891159188373
11	0.18188755216240954
11	0.2229450439244023
11	0.2128766822741926
11	0.241639994422789
11	0.23778994316962337
11	0.2740494827072081
11	0.2591319934141789
11	0.16227841856531044
11	0.27493481360004524
11	0.27147865153225914
11	0.2872527736321516
11	0.2188966822855566
11	0.20115647072850346
11	0.38053921955868797
11	0.15760426166307157
11	0.22035823797784804
11	0.2532110149022022
11	0.21308440159417966
11	0.14501286545010403
11	0.25897597763314156
11	0
11	0.22205829902161947
11	0.2121385741374884
11	0.22211960838701447
11	0
11	0.1451240466372316
11	0.2598574253969169
11	0.34960655169226174
11	0.1582485091637577
11	0
11	0.1947307683591005
11	0.19835367746889881
11	0.3454918937825096
11	0.21587635710697908
11	0
11	0
11	0.22256548872767942
11	0.31094087444406593
11	0.22046360713499197
11	0.2708918593102977
11	0.1884358755552833
11	0
11	0
11	0.2505107823070326
11	0.26956861354939843
11	0.18943614531637626
11	0.19332800931632982
11	0.3366545219438138
11	0
11	0.28249218519348257
11	0.1293199195866948
11	0.3065753771702384
11	0.25447002647553163
11	0.3040650850478106
11	0.17605665902422693
11	0.2104224872317504
11	0.1982445720900577
11	0.2692512371292713
11	0.2675963410150874
11	0.15724951006182064
11	0.2536754324719922
11	0.3192552736929961
11	0.22511666175091516
11	0.20737995964226252
11	0.17847109943936057
11	0
11	0.24410983097540156
11	0.26166784423702316
11	0.19548844428026474
11	0.2581634518807451
11	0
11	0.30264879781616744
11	0.35690284978593145
11	0.25345185853489016
11	0
11	0.24707999006430956
11	0.24159087871327725
11	0.13589409752416273
11	0.2681443623307906
11	0.18256443007980255
11	0.21133646553852303
11	0.13411132916444257
11	0
11	0.27953848445506724
11	0.189285523512675
11	0.19871016924978985
11	0.35574479902016753
11	0
11	0.20164337233613233
11	0
11	0.3033873441374458
11	0
11	0.15980316055779106
11	0.18585307490177577
11	0.16018488033247158
11	0
11	0.23749423564620337
11	0.20605830753395962
11	0.22179268239733194
11	0.18395548084177066
11	0.2761787648686912
11	0.24616250272995596
11	0.30065009075756194
11	0.33718323324877747
11	0.1756207633627409
11	0.23941199412030023
11	0.20036405916193428
11	0
11	0.3136160543910822
11	0
11	0.1916692704799019
11	0.16508918939125833
11	0.27792572720144954
11	0.2266806372750581
11	0.3330732971953306
11	0
11	0.23711910298208197
11	0.4172153089229904
11	0
11	0.1896422100926497
11	0.23499468234942816
11	0.3184263303786903
11	0.14830003051829915
11	0.4183643383130731
11	0.2527687461115585
11	0.21896003458396893
11	0.2779479375915823
11	0.2745304226802121
11	0.1787493269581017
11	0
11	0.20104992953677783
11	0.17040893567092458
11	0.25635918201291286
11	0.380424164062518
11	0.21373585626102132
11	0.16535511269352599
11	0.15863374772528227
11	0.24513978877738793
11	0.13922225821458975
11	0.1474008647703657
11	0.25386263049084823
11	0.502717926933796
11	0.18927702967120266
11	0
11	0.18178615504863557
11	0
11	0.4412899718480098
11	0.3341166114139204
11	0.21925824920625675
11	0.18240486604080397
11	0
11	0.24324531219012757
11	0.37362707652782323
11	0.19748492830271164
11	0.15484273646723928
11	0.2070943437166209
11	0.3107742283264789
11	0.16595790117125814
11	0.3802354511530572
11	0.2255442064805724
11	0.18227874428454846
11	0.15100807757391332
11	0.26457253322862145
11	0.24522857391892564
11	0.18291191196900455
11	0.3069900422781111
11	0
11	0.19661511177750768
11	0.20851814227815338
11	0.21403338516810788
11	0.2227849436615411
11	0.1645163354190903
11	0.20361974081373418
11	0
11	0.19936538942236698
11	0.2634265117816625
11	0.16463055284368225
11	0.1498408677193777
11	0.20232922548569499
11	0.18566898735021495
11	0.19721113428395304
11	0.22687680892108933
11	0
11	0.24682977520308105
11	0.2882282049998898
11	0
11	0.2320059199132215
11	0.09170253009771656
11	0
11	0.3559160752855448
11	0.13001321586281248
11	0.3253631820493925
11	0.2047601469612509
11	0.17532513491108992
11	0.19300644286355237
11	0.27009651111456395
11	0.20029099853918875
11	0.13566056951287533
11	0.39417782509219224
11	0.169841294937858
11	0.29420105209372166
11	0
11	0.22477662822004393
11	0.1986822486929555
11	0.2707761065936516
11	0.11769211699014291
11	0.17566020371301513
11	0.18251378461612605
11	0
11	0.16090785821325368
11	0.37245525314250344
11	0.28429116859684045
11	0.3669739524120857
11	0.2589341416758561
11	0
11	0.1589498854358735
11	0.2690980030812698
11	0.2368896318469373
11	0.21530941014634697
11	0
11	0.3174336982163592
11	0.19321374916778694
11	0.19051330468904332
11	0.2069599370875713
11	0.2023628081198241
11	0.24498825323621723
11	0.1597305435669677
11	0.26843994007640537
11	0.24387183002267676
11	0.17243324754998066
11	0.13286246714769948
11	0.4665620688388543
11	0.34932814501192316
11	0.30537316417686683
11	0.13821175837074
11	0.216739185490097
11	0
11	0.21079029016043035
11	0.20941480251203065
11	0.18517587024938287
11	0.28658836546592104
11	0.25962984023170765
11	0.16654973773206627
11	0
11	0.18744648345054238
11	0.196588548249418
11	0.18642983365951868
11	0.27202442204188765
11	0.1570225173940588
11	0.32384753270400235
11	0.21514984593359676
11	0.26684049018721856
11	0
11	0
11	0.1952450912231961
11	0.2952619925070544
11	0
11	0.16130576170965474
11	0.21355617429431942
11	0.16893867449013705
11	0
11	0
11	0.2411930990587988
11	0.15488948296199645
11	0.33950687940646257
11	0.2615032507777765
11	0.35821828328859406
11	0.22776903321493244
11	0.2057982874354196
11	0.20244122060838973
11	0.27196271981688486
11	0.2014569854351143
11	0
11	0.30942599711582636
11	0.20754755390543536
11	0.23955646306991513
11	0.13416957630421025
11	0.2340631893047194
11	0
11	0.14110788311451977
11	0.1868706971998086
11	0.15141509906427877
11	0.3020049204640973
11	0
11	0.12173513652743455
11	0
11	0.1817825777233957
11	0
11	0.2853763136377489
11	0.18786736892384537
11	0.16736430577115258
11	0.33706904336490845
11	0.25124351052705834
11	0
11	0.1930962756330051
11	0.16730593293675702
11	0.16107443555318005
11	0.17815386250996484
11	0.2525840712122963
11	0.2685322995509991
11	0.18252358898793136
11	0.23744148564903994
11	0.21413813552556343
11	0
11	0.19559775961245535
11	0
11	0.2645674294395126
11	0.3865645684394275
11	0.1830652871699434
11	0.17599448399485548
11	0.2586179529418403
11	0.2284726989274535
11	0.18643617664896006
11	0.16399560435115032
11	0
11	0
11	0.25001530464921495
11	0.37737088040703637
11	0.2652791247920982
11	0.5861614071838455
11	0.2504273306281913
11	0.31886251188043435
11	0.2751929305806711
11	0.2053662830493754
11	0
11	0.21398830954036455
11	0.18818057465440405
11	0.2354374727373996
11	0.25283139948249833
11	0.2011719366832252
11	0.16588547832057315
11	0.22914351196701055
11	0.20617243043512146
11	0.29153170524717964
11	0
11	0.2796986755481639
11	0.25313553363304303
11	0.25372846389725356
11	0.19917150273577658
11	0.1780354801741978
11	0.2291500067549383
11	0.2552199587908909
11	0
11	0.18367576643019395
11	0
11	0.2980560923169506
11	0.16131440728901897
11	0.2096396196554153
11	0.283013958325846
11	0.2415248618731579
11	0.24435876496845077
11	0.20408771335345532
11	0.343519529734925
11	0.24587250406933225
11	0.3973671443846631
11	0
11	0.24409675062552166
11	0.23059124602721853
11	0
11	0.23149807795875033
11	0.17772963078269047
11	0
11	0.35179009931926186
11	0.2046973525320451
11	0
11	0.21844107338579727
11	0.17075694677388117
11	0.2591129175294381
11	0.18234875996805727
11	0.17375959923409795
11	0.23345776454642064
11	0.29173191796765013
11	0.19994712730982045
11	0.1973843244515699
11	0.21501984199430463
11	0.2283440142563688
11	0.19339374472756948
11	0.19487455747908144
11	0.1996990285864947
11	0
11	0.3683093722039313
11	0.2956106222453369
11	0.2161198498393236
11	0.1297742476134256
11	0.172923514954353
11	0.3088954781547708
11	0.24150405565735097
11	0.1693705012197148
11	0.22087901519685313
11	0.2222686773848701
11	0.17171109993061232
11	0.20881317089415374
11	0.24073623675933103
11	0.2614756510267463
11	0
11	0.253856046445972
11	0.21339737079261625
11	0.13077678153171715
11	0.24000441794416338
11	0
11	0.19346885036926273
11	0
11	0.22916238146478826
11	0.134579738420674
11	0.18153966604048655
11	0.2518917918911968
11	0.24139691593610813
11	0
11	0.19587021006726027
11	0
11	0.31800660852898127
11	0
11	0.256723495776499
11	0.22030644661649973
11	0.15639232858713067
11	0.19041530058435296
11	0.23134973612525964
11	0.23791092390369484
11	0.2520211077059841
11	0
11	0
11	0.27413978631039915
11	0.1431481611502615
11	0.252464712479672
11	0.24540439681234613
11	0
11	0.2418608074821329
11	0.27505052011429165
11	0.18856178609000568
11	0.21838870327372822
11	0.3003949416790203
11	0
11	0.13865572421176095
11	0.2767278185074208
11	0
11	0.19480070863956206
11	0.19106594657736042
11	0.27328853883009313
11	0.3050814998997006
11	0.2882928956207954
11	0.17236918206365892
11	0.19880503597967877
11	0.25965254974776614
11	0.2422498507540059
11	0.13986680824112002
11	0.19365094902131244
11	0.21311069463595134
11	0.23528044066022763
11	0.208341415076687
11	0
11	0.26007878018059544
11	0.1656679537418029
11	0.21263465386120253
11	0.2398052916949796
11	0.2654382937149754
11	0.17957931821903944
11	0.17711905369030564
11	0.17033609328602056
11	0.3684410896443131
11	0.16747028564330144
11	0.23406865358292941
11	0.20279440527767742
11	0.17777440808291065
11	0.37850061579522803
11	0.2553571653653616
11	0.25307276076698654
11	0.2672896016172499
11	0
11	0
11	0.2821394739940201
11	0.2517076814411956
11	0.17400750051272523
11	0.23588422951406707
11	0
11	0.26387878268370535
11	0.2153711061112534
11	0.29096227905516625
11	0.2118000767812577
11	0
11	0.1757259596211494
11	0.2033398083754293
11	0.2102034409108633
11	0
11	0.29731653746221975
11	0.3455136613120874
11	0.19265764646717523
11	0.21775777383401687
11	0.2145959185711147
11	0.18684131858186903
11	0.2724351577026018
11	0.18244539565813822
11	0.3651870055253422
11	0.1911491141659266
11	0.2832852244936766
11	0.1531159909241164
11	0.15255030555484422
11	0.201451135349705
11	0.22318212839159327
11	0.17967517123838245
11	0.13750449022843966
11	0
11	0.12935756011130636
11	0.22920444449280042
11	0.14372734839422519
11	0.24919476063314772
11	0.22391876402802263
11	0.1936769162197184
11	0.15509516268893805
11	0.2307868576307776
11	0.21194645105374096
11	0.2451685739004793
11	0.22905280627455113
11	0
11	0.1734921369582369
11	0
11	0.1898713962054399
11	0.17303128966242143
11	0.24580839767890483
11	0.2042708825530131
11	0
11	0.3636769984896521
11	0
11	0.2962932139912177
11	0.29018500599951425
11	0.2028474562761684
11	0.27115651906610044
11	0.31105314805472606
11	0.3357901590292738
11	0
11	0.17390129410325933
11	0.21401592458742813
11	0
11	0.26235664766404365
11	0
11	0.13736998983837304
11	0.24511509916331659
11	0.18290711081433367
11	0
11	0
11	0.1508258856024433
11	0.15639332186497554
11	0.264517767433795
11	0.19526497648287194
11	0.2252485440105044
11	0.208315203572594
11	0.2384326575039428
11	0.2349674525271295
11	0.236349960984045
11	0.3349283225699935
11	0
11	0
11	0
11	0.38318366881513183
11	0.23635836755525516
11	0.17825056120878147
11	0.21957333865966672
11	0.13798911828756694
11	0.3043049175038121
11	0.2364229931885784
11	0
11	0.16664410295898982
11	0.27256082633294904
11	0.2560474275745573
11	0
11	0.21649044191609446
11	0.14863718651276372
11	0.21425440879308566
11	0.31478423382365006
11	0.25296013351823077
11	0.25131386631939484
11	0.24997042180248819
11	0
11	0.22727392514165645
11	0
11	0.19745204284405174
11	0.2602125148666794
11	0.22504889681303542
11	0.1937019225084568
11	0.1519349525465625
11	0
11	0.17864388197179565
11	0.21668792011818053
11	0.19008674007388882
11	0.25118323607678006
11	0.23350762821337884
11	0.22516568843489104
11	0
11	0.22489152332417256
11	0.1926993223512711
11	0.17968141489711517
11	0.25819214854127104
11	0.3726554243710372
11	0.28523155641705816
11	0.22978348578356467
11	0.18946477262417738
11	0
11	0
11	0.1330848197223277
11	0
11	0.396738747039843
11	0.18642039201600158
11	0.2056312083970849
11	0.18077877428089
11	0.22541531880027843
11	0
11	0.34311191234146016
11	0.19880627713860427
11	0.22493297794473
11	0
11	0
11	0.34714127221517976
11	0.23044350280281573
11	0.260973994630043
11	0.10467516358035384
11	0.19632949363647534
11	0.41975292178310136
11	0.1797904281843357
11	0.1482476705595799
11	0.28878474850852565
11	0.2952131560489245
11	0.4908457768369077
11	0.2745542176287286
11	0.25797514318835413
11	0.2816398560949378
11	0.2581714141883833
11	0.1974761442618442
11	0.25169053398116753
11	0.18561829950174888
11	0.2522525430762177
11	0.2977726045634519
11	0.1597322652109255
11	0.18997534871913357
11	0.2541517948569884
11	0
11	0.23096445061111245
11	0.1788395541151687
11	0.24259956499833787
11	0.1721199129927003
11	0.2162697318786234
11	0.29071501501174024
11	0.36313923505166784
11	0.3137290874165819
11	0.17061586982639415
11	0.4001152864953982
11	0.2722074537262986
11	0.14812094198373138
11	0.17730764442566346
11	0.20936460044730343
11	0.24926830062508723
11	0.19277139972515667
11	0.30637298907284005
11	0.2698527467233633
11	0.2834936672612149
11	0.17297478271216818
11	0.2044855889732004
11	0.24252934775949408
11	0.1944173232857084
11	0.2742889683882692
11	0.1302599999917451
11	0.15357829115531219
11	0.15842009960734532
11	0.2623150624468136
11	0.1527107585537458
11	0.2149836689766671
11	0.1514339194239185
11	0.12481263452822156
11	0.31090563270962307
11	0.36527577933904853
11	0.21396307418632188
11	0.16028110366927673
11	0.17065639496735716
11	0.15318249591557553
11	0.1744494384938392
11	0.13472763200279272
11	0.21791699504304465
11	0.20322157466846974
11	0.15397175434127677
11	0.21265257342547675
11	0.17680934238440044
11	0.281808891398694
11	0.19984266027855546
11	0.25250171996136395
11	0.24764833770028635
11	0.2650755073786648
11	0.1865927437971264
11	0.2716359353144455
11	0.19185604243065196
11	0.1163444004407401
11	0
11	0.19192483100834717
11	0.10897078042624264
11	0.2889057247528087
11	0.2331054753120961
11	0.20736013510242687
11	0.1926444475702565
11	0.20290101387789952
11	0
11	0.24489932919347143
11	0.16790903790376321
11	0.23300017815554366
11	0.22893575225657506
11	0.14429971002293676
11	0.22482354693703924
11	0.19805165931020993
11	0.1904914897799998
11	0
11	0.22700088484420064
11	0.27715394647824043
11	0.25892630073774264
11	0.1804503384387678
11	0.22529228795963868
11	0.15889769771012638
11	0.20176020051365778
11	0.18695818758524216
11	0
11	0.13572092110497344
11	0.3095649375835938
11	0.21026437181193558
11	0.21788085370871418
11	0.20854883497693713
11	0.21094571491572825
11	0.2568935357575353
11	0.209888929239402
11	0.27664509202038273
11	0.32303675751035327
11	0
11	0.26541526782783637
11	0.26749583544441324
11	0.22203103924741993
11	0.33699527868081397
11	0.1883153465258986
11	0.25031675266752873
11	0.2291702652219192
11	0
11	0.23103270098623535
11	0
11	0
11	0.28396552224202876
11	0.1902186724275671
11	0.3210777326456801
11	0
11	0.1919330597269511
11	0.1812403997941316
11	0.17830043108440002
11	0.22976925447878277
11	0
11	0
11	0.4113129549565987
11	0.34522695654831403
11	0.1624990922502694
11	0.2543544532988464
11	0
11	0.224507905300772
11	0.16794372625605267
11	0.16471984351052443
11	0
11	0.12660551528931493
11	0
11	0
11	0.1732382668829504
11	0
11	0.181023715262057
11	0.22960254710490735
11	0.19541162905232148
11	0
11	0.15336022209292033
11	0.1678685883954245
11	0
11	0.22714888415948162
11	0
11	0.2342989201903104
11	0.27665784572815455
11	0.22091585427972463
11	0.22394219345657135
11	0
11	0.14163200969269207
11	0.15226586185198818
11	0.289718404093662
11	0.21283732331775537
11	0.15272538440886188
11	0.23380880178759328
11	0.24690891286648892
11	0.3088746327465408
11	0.17853857780603444
11	0.20320838182836315
11	0.16432587671454732
11	0
11	0.24946675217382427
11	0.20781015400464503
11	0
11	0.30567968547414476
11	0.2042905427410895
11	0.16079721900052768
11	0.46472180262013496
11	0.2223406887904389
11	0.1764310800495858
11	0.19882344773315444
11	0.19133493293164464
11	0.2489869105258799
11	0.15807077901931807
11	0.23169098345062558
11	0.30049474312470903
11	0.27692936432591975
11	0.1783603520467957
11	0.25354551620681287
11	0
11	0
11	0.14286743617534617
11	0
11	0.15669501056708465
11	0.22197843540347514
11	0.19505419103383834
11	0
11	0.16483070298341668
11	0.2339474320263779
11	0.15876493268556566
11	0.3064309725033782
11	0.21789919745692427
11	0.18522745521083775
11	0.1897647436398526
11	0.23081954496925833
11	0.18353337263358316
11	0.2337199136031126
11	0.21019961941556697
11	0.2014497456882902
11	0.28471341004204587
11	0.19281676690206545
11	0.18159955822991755
11	0
11	0.19104776571663876
11	0.2820573498738339
11	0
11	0.21306595694514804
11	0.21866004007462303
11	0.24889302834127883
11	0.2628123739723647
11	0.3103530787345997
11	0.1944684049380825
11	0
11	0.19477698815278277
11	0
11	0.3224626734637161
11	0.25663978681724786
11	0.21404058837197737
11	0.2863338677953527
11	0.13205653503779077
11	0.19435351061926134
11	0
11	0.18072894183897142
11	0
11	0.25832242146014944
11	0.2682169764102619
11	0.28161055562112164
11	0.297701821972016
11	0
11	0
11	0.1878728059939217
11	0.2679633310337213
11	0
11	0.293083527635348
11	0.2429413108000699
11	0.1651918893338682
11	0.18182921569793545
11	0.14808331964936283
11	0.2886215885551596
11	0.23855051390617402
11	0.2255115212801724
11	0.21794389017513147
11	0.23473242505389036
11	0.31602931729740424
11	0.20061585017710232
11	0.22629911846808257
11	0.1810287020053074
11	0.3740928810105762
11	0
11	0.23053443653242903
11	0.18800633424419566
11	0.13198678359196692
11	0.2308194836937976
11	0.1888540672323425
11	0.17517748166356006
11	0
11	0.20542523966846526
11	0.16248175511166563
11	0.1942821413884123
11	0.22665255125367825
11	0.16080998558664042
11	0
11	0.29959163593823984
11	0
11	0.22255358455176522
11	0.23377774562157544
11	0
11	0.18548000906371234
11	0.2651606048680454
11	0.2609826108066256
11	0.18428215634036543
11	0
11	0.20557297713452016
11	0.3340066875998151
11	0.2682922357709591
11	0.3611928006817344
11	0.22471489558761673
11	0.22205525353085737
11	0.3201108138180212
11	0.24414706158454977
11	0.1942393053607833
11	0.17722561731889877
11	0.19045978714406903
11	0.1818030543120811
11	0.13731580544734595
11	0.17136404929989327
11	0.289972276553009
11	0.3743475137146599
11	0
11	0.14478899402536505
11	0.2479635460443614
11	0.19634726200508704
11	0
11	0.2698579344236728
11	0.29096563986445173
11	0.2911899848131548
11	0.25406185950039456
11	0.28919052205169093
11	0.24734169491996827
11	0.309787147121026
11	0.17416022809267975
11	0.175089614965501
11	0.23025874582936579
11	0
11	0.18922322687981263
11	0.18443193412620507
11	0.1424126159070253
11	0.2093255690815043
11	0
11	0.33796453848122343
11	0.15313331698033447
11	0.3118901431716814
11	0.22507027607310726
11	0.20867887286182513
11	0.16188035800879086
11	0
11	0
11	0.3206045659621712
11	0.16981350173637355
11	0.25085047004819244
11	0
11	0.198409001708299
11	0.19170800239963068
11	0.2605193307555346
11	0.2720158836780576
11	0.2421879363821235
11	0.2696630105143155
11	0.21937695834048962
11	0.19472301797213057
11	0
11	0.20406156163399636
11	0.16010842475099565
11	0.33474530142337433
11	0.31433153244731155
11	0.23442243208780034
11	0
11	0.30493585396689643
11	0.1338457841848154
11	0.254362558568289
11	0.25012398697909566
11	0.2353557679079774
11	0
11	0.26553002771719164
11	0.2720242046088788
11	0.2530647572494755
11	0.3004555019507827
11	0.15225003302053747
11	0.23518332694246472
11	0.2491683726345186
11	0.2291627746863999
11	0.28697810438478444
11	0.23458754413668415
11	0.1794313212205631
11	0.2040557539104868
11	0.24500492827316106
11	0.18904346703261848
11	0.20816646393043625
11	0.37819794437497256
11	0.23690134711331468
11	0.22651453013136202
11	0.2050932671867382
11	0.19112586163518722
11	0.27018931459076356
11	0
11	0
11	0.22985946406787874
11	0
11	0.17234678088811078
11	0.2096482528755589
11	0.2387998891480519
11	0.26472082334617014
11	0.2610000964499006
11	0.35339733450358163
11	0.2660598795200797
11	0.16950057123653536
11	0
11	0.22832000167698085
11	0.18160565920074617
11	0.15409937884864422
11	0.2201751309120094
11	0.1454166665428598
11	0
11	0.21085821493043705
11	0.27502641634808184
11	0
11	0.29944785335873497
11	0.20257690525893882
11	0.26766550761436236
11	0.2538102849173105
11	0.2899381264712335
11	0
11	0.1960893906475004
11	0.27063592983122436
11	0.1644320192355791
11	0.1668008056797112
11	0
11	0
11	0.20791995670200655
11	0
11	0.136927369448659
11	0.1986034584868163
11	0.15605386996138895
11	0.21321705579269604
11	0.24462066927438467
11	0.23124645649747835
11	0.2249252090467358
11	0.23318875523132152
11	0.2744974482137427
11	0.22528251298967483
11	0.22647751984320225
11	0.22590153114310918
11	0.23837500649499596
11	0.18016971887902952
11	0.31726679715073525
11	0.12619601763128022
11	0
11	0
11	0.3589341484015222
11	0.16578751848365084
11	0.299336103181111
11	0.2735445337424265
11	0.2124939361344776
11	0.11345700692288994
11	0.22152496061526777
11	0.3141086853633564
11	0.28322145959083694
11	0
11	0.35983206906634424
11	0.1919147629058237
11	0.29051983115171365
11	0.29149311956270413
11	0.18070813277208558
11	0
11	0.3072921558161403
11	0
11	0.18452580140090263
11	0.28623739259141
11	0.30448743744672296
11	0.3029043080444373
11	0.33985870370707066
11	0.2796666285122143
11	0.18199213861298688
11	0
11	0.17508353464036616
11	0.23281786043767216
11	0.20463976359599356
11	0.16237192754104393
11	0.21499973360583055
11	0.21267633839106964
11	0.15876059182238522
11	0.22185652694337327
11	0.2798075364904498
11	0.2131402552856491
11	0.30148118154224557
11	0
11	0.3566719487162385
11	0.20842514154959083
11	0.2263237923593005
11	0.2718420292368206
11	0.1707358451764034
11	0.2087871724621045
11	0.2788022474883853
11	0.139089797893304
11	0.28368220722404386
11	0.3082705622225274
11	0.17410712524583968
11	0.21923254100563386
11	0.24401474500454945
11	0.313398389377837
11	0.13865047280715223
11	0.185856452213059
11	0
11	0.21711298949865437
11	0.2636789275354601
11	0.18950851617290576
11	0.25849645072958605
11	0.3087226769084279
11	0.24252625171809775
11	0.2022267049177347
11	0.24111347722184528
11	0.23530583297772434
11	0.26678455220084996
11	0.16832747235788081
11	0.2852005335331062
11	0.2768541645208794
11	0.16745023313161486
11	0.19711274451276248
11	0.1747820177865072
11	0.16687325754775326
11	0.33931678112113367
11	0.18724639222586612
11	0.26097331490110987
11	0.17875623917313452
11	0.14303114463003605
11	0
11	0.2904999280893125
11	0.22307593133640774
11	0
11	0
11	0.2306636214402772
11	0.15925774793457698
11	0.26048677264231124
11	0.12799007357365283
11	0.22963793424443557
11	0.28812228925270894
11	0.23603293434916306
11	0.1732698020959938
11	0.1681742583743174
11	0
11	0.18672513736599797
11	0.22615440694804156
11	0.3033925070175742
11	0.2373786018613775
11	0.24899267781152806
11	0.14364825057797426
11	0
11	0
11	0.24980423847213973
11	0.33346870770050574
11	0.36542303921039954
11	0
11	0.30320527373610984
11	0.2798396180391049
11	0
11	0.1811786477789904
11	0.19377631729503095
11	0.24351142472723444
11	0.19937625696199548
11	0.2388913909424072
11	0.17823460289166868
11	0
11	0
11	0.2185048147830329
11	0.22694054586984796
11	0.12019466699145194
11	0.23402851528616342
11	0
11	0.143334642254265
11	0.33148888558252737
11	0
11	0.23234420387101332
11	0.2301232676199737
11	0.28609600345120734
11	0.3259184652638521
11	0.2440489833002513
11	0
11	0
11	0.25024522423938883
11	0.23286598846654383
11	0.2092562108805183
11	0.1335522737488206
11	0.2927527193660314
11	0.2177383448124125
11	0.20286578131757135
11	0.13968590790172056
11	0.22295057739451704
11	0.25606442426876
11	0.18164462698896106
11	0.20443834306125155
11	0.17483488662638724
11	0.2110991658555959
11	0.19220328400940104
11	0
11	0
11	0.1520806073822448
11	0.35995283069492573
11	0.12079901704925436
11	0.2375651682280781
11	0
11	0.26219732057742295
11	0.2733358548599097
11	0.2297693368587873
11	0.18423038771679137
11	0.34315274216428066
11	0.19353060273703437
11	0.24059025815802024
11	0.23637860386372597
11	0.35391962525837845
11	0.17292947679567536
11	0.2681162126424175
11	0.15875469717246726
11	0.1794064707683145
11	0.1656384181754197
11	0.17502622052399702
11	0.2093483085970222
11	0.1550360376483044
11	0.14034164904038282
11	0.19969456827808957
11	0.17824762381827716
11	0.14978326787509907
11	0
11	0.17915643473737497
11	0.27024827950485364
11	0.1306135858583399
11	0.32959519615096466
11	0.16952536102992313
11	0.3846641397391686
11	0.20658875654837733
11	0.12201504258899375
11	0.19818847116274785
11	0
11	0.22635175841909233
11	0.24573858350860994
11	0.2337512684794174
11	0.3144013688696619
11	0.1932870189415518
11	0.2191949100273699
11	0
11	0.2592605499766858
11	0.19576727969622992
11	0.19495341601080077
11	0.18206397478637468
11	0.15592291456158155
11	0.31892463146883443
11	0.24137591797886984
11	0
11	0.18341696946071692
11	0.2326015097396872
11	0.21597793364389553
11	0.1966472469192731
11	0.19048693804929356
11	0
11	0.22686763065846605
11	0.20157374502232572
11	0.27010370573637266
11	0.15079322684447455
11	0.12353083059451142
11	0.3169990337005192
11	0.22762990535317906
11	0.2577465370120853
11	0.2518086317302229
11	0
11	0.23258862836985325
11	0
11	0.320253299709625
11	0.16583726697377138
11	0.26998570037281255
11	0.43627680486093895
11	0.23188129963961163
11	0.1825774831145438
11	0
11	0.32771522088422367
11	0.1858786709057931
11	0.1971522986848396
11	0
11	0.3243185914136505
11	0.141629011747931
11	0.20337330000042722
11	0.22978735178351054
11	0.257263973400337
11	0.22082812727094653
11	0.13268585607072292
11	0
11	0.2772063793406039
11	0.18895338347405272
11	0.20920280113437437
11	0.1711066690790363
11	0.17098277515430355
11	0.265437871255472
11	0.16520126900565274
11	0
11	0
11	0
11	0.20276052030604172
11	0.1530838564043659
11	0.2210062488649366
11	0.22395868275116676
11	0.15894684736807466
11	0.17112449197548163
11	0.2365931872284976
11	0
11	0.3018812440899609
11	0.1786918362933053
11	0.23037136223948246
11	0.25025033370521466
11	0.17284421613309325
11	0.18427250316225416
11	0
11	0.3097528295171867
11	0.2065964457192284
11	0
11	0.2098845248538403
11	0.24149962592468419
11	0
11	0.13945205690030207
11	0.15166489645628095
11	0
11	0.22585201059006446
11	0
11	0.23838670800439907
11	0.23654989082347097
11	0.23549092014535755
11	0.2116613052288778
11	0.24825156806204057
11	0.24268827424042047
11	0.2183019153146804
11	0.16941188248500574
11	0.14777245751752108
11	0.1325969316806165
11	0.21840038776980625
11	0
11	0.19006317617567417
11	0.21664842307653892
11	0.2997978151103997
11	0.2756033177909831
11	0
11	0.2781568241450189
11	0
11	0.3145362131994412
11	0.28293507750911395
11	0.2808198206459674
11	0.20257635786847178
11	0.24449106427608547
11	0.33670872189388534
11	0.22856684014695744
11	0.2228202251810807
11	0.21060617577456328
11	0.2600929356859251
11	0.24145181063971252
11	0.2504837988101665
11	0.23710079357250877
11	0.2728687574795269
11	0.35549726560348194
11	0.16812590034671623
11	0.23516122269514717
11	0.2802459435091994
11	0
11	0.3557272347508155
11	0.19135152508700765
11	0.3203221093745743
11	0.33377895407287894
11	0.19574331836874356
11	0.20782949033014964
11	0.17830960547135427
11	0.1564680119945027
11	0.15811977433845292
11	0.31640032704261073
11	0.25731309128788826
11	0
11	0.16659590529074864
11	0
11	0.1736831658312049
11	0.40831890142787003
11	0.10939465513563597
11	0.22729448494266608
11	0
11	0.19503920863469862
11	0
11	0
11	0
11	0.2479913264560023
11	0
11	0.2268928022030768
11	0.22474793317873884
11	0.22073533383971544
11	0.17613157901351278
11	0.3273283835314774
11	0
11	0.22929391177507336
11	0
11	0
11	0.16310393976844295
11	0.35634619348290797
11	0.1597187981233575
11	0.20083921598232346
11	0.15063621927031787
11	0.20444089859494954
11	0
11	0
11	0.35234447962790794
11	0.20438056846261735
11	0.29419465193624705
11	0.19267802721985178
11	0.21264883823152075
11	0
11	0.23161095834702383
11	0
11	0.28040259462342415
11	0
11	0.22585064427382118
11	0
11	0.26956479770453834
11	0.15985370947818983
11	0.21920419467726596
11	0.2768542509187527
11	0.43081007693885154
11	0
11	0.19154001191450618
11	0.2327420954671233
11	0.21769798328685502
11	0.23807093987112943
11	0.22143187890356703
11	0.20048006728267273
11	0.26213211575798867
11	0.18780024573752968
11	0.17823646113219344
11	0.2370513557807438
11	0.2439167289231548
11	0.26038371848360226
11	0.1593402523651
11	0
11	0
11	0
11	0.2639968394988394
11	0.22527051833283226
11	0.2430733363967043
11	0.2429658518273248
11	0.3390746497542303
11	0.21856861463834934
11	0.2129607965111883
11	0.20663497637845615
11	0.25377976911287536
11	0.20271710359814185
11	0
11	0.22498994104758546
11	0.1725876503642098
11	0.21186291337456992
11	0.24888348489828852
11	0.21036746383199928
11	0.1128730034547624
11	0.21443987495373182
11	0
11	0.18251254745463932
11	0.14518661020844797
11	0.3025314752550663
11	0.16573470293626053
11	0.18598813415749227
11	0.21262714709576994
11	0.2054097507617854
11	0.24594351167134146
11	0.2356363832935031
11	0.22513655888675965
11	0.1923299323033436
11	0.20606059948077338
11	0.2614851389379743
11	0.1891948634919214
11	0.22846285820828974
11	0.20475125736394104
11	0
11	0.3051440970429249
11	0.24058540784735616
11	0.22357874968189934
11	0
11	0
11	0.20762232248484083
11	0.1769797294363
11	0.22520605017501164
11	0.18693855112179364
11	0.33836229060424844
11	0
11	0.14814355904454085
11	0.1919644910506812
11	0.27542370358983087
11	0
11	0.20783820716873896
11	0.29416167562138407
11	0.16153874830599774
11	0.20725470746307187
11	0.3238352195996492
11	0.21166921343079076
11	0.23223098202633533
11	0.22230128628284085
11	0.17684715559225508
11	0.22694589469794849
11	0
11	0
11	0
11	0.2622101667768177
11	0
11	0.24567696736632086
11	0.23121282047172953
11	0.17897742360664645
11	0.2809138948901476
11	0
11	0
11	0.223805333262495
11	0.25263682588575764
11	0.1819101875663003
11	0.20215723021371285
11	0
11	0.19514585087272657
11	0.1903503732101728
11	0
11	0.26732103943923413
11	0.1959319673620027
11	0
11	0.2685566205379071
11	0.19735812328916938
11	0.3084217215645134
11	0.21126017615688178
11	0.24113466215030185
11	0.17881916991973545
11	0.24559357918403332
11	0.18239318928068882
11	0.3484291957967291
11	0.21946474463676485
11	0.21311535852293922
11	0.19903660948846924
11	0
11	0.2179611795069922
11	0.26722654066890855
11	0.1877544088973629
11	0.25155067932131386
11	0.27601272915617586
11	0.2273231682569291
11	0.2289533093994149
11	0
11	0.21049018769345057
11	0.18563594420823315
11	0.2162820857599953
11	0
11	0
11	0.28875490499633893
11	0.13189803252412888
11	0
11	0.18391879561091462
11	0.1732292917262859
11	0.12594084014761653
11	0.2324450909965844
11	0.18815181849486887
11	0.25656670837091994
11	0
11	0.1821170593429125
11	0.22188605445898096
11	0.159314968473295
11	0.17565592939763924
11	0.1729455521190601
11	0.29518565834283916
11	0.38756466027319547
11	0.24419385091857046
11	0.33293818937715713
11	0.19027140454239805
11	0.286331199213766
11	0.167342451081648
11	0.21036389078895976
11	0.19931881536435692
11	0
11	0
11	0.3139649901418271
11	0.3032852852975791
11	0.20615711127682562
11	0.15168876628095018
11	0
11	0
11	0.21360991227298926
11	0.2868115934847304
11	0.23711493390850125
11	0.19612367897692445
11	0.2573871909572725
11	0.18435693433590358
11	0.22868879567252406
11	0.23171187495490161
11	0.18144282276825494
11	0.26807890691702085
11	0
11	0.25631948335315363
11	0.198311141496292
11	0.2268766352297268
11	0.24209425787986516
11	0.21508715114624816
11	0.2966156698669611
11	0.18826296003126958
11	0.18133587614241284
11	0.1528381104129824
11	0.23824978904211389
11	0.19371026296691987
11	0
11	0.5400993404925111
11	0
11	0.21410942127124663
11	0.24073039179572964
11	0
11	0.21421424278065004
11	0
11	0.3245746811103622
11	0
11	0.34611820919263075
11	0.2225560225996007
11	0.2084892098251232
11	0
11	0.27451722640499543
11	0
11	0.222115755630586
11	0.225693678069856
11	0.30395815332240095
11	0.1920438067816938
11	0.25669422494587174
11	0.1963608576444456
11	0
11	0.22234317659296354
11	0.3336424288378167
11	0.18163873793631535
11	0.27159913468858027
11	0.27550774469887634
11	0.17016898112409481
11	0.271528449841957
11	0.14430738730899245
11	0.27430164850202526
11	0.2737214578771679
11	0.4468958309320592
11	0
11	0.28506789339989586
11	0.2256849270823496
11	0.179788299606091
11	0.15263319425234873
11	0.28476672494870203
11	0.21189915696515932
11	0
11	0.24162782903104418
11	0.26663968018998013
11	0.23966912777855753
11	0.12663554390037704
11	0
11	0.25458620335978105
11	0.1924037224067445
11	0.23153656688657573
11	0.25086289640762766
11	0.14313023528261623
11	0.1751201406064088
11	0.21933142235155317
11	0.29653586331754606
11	0.16509514729457878
11	0
11	0.18154865394341962
11	0.2787584850775261
11	0.19001171709492803
11	0.18196637652216577
11	0.19586974353372083
11	0.19500673027026963
11	0.23597752961508517
11	0.1670074891286
11	0.2569246134841116
11	0.2904593341767412
11	0.15752911685733526
11	0
11	0.3006683530822274
11	0.20306276293199912
11	0.20228610050801757
11	0.17589758427518964
11	0.2591937160712762
11	0.34940885704026325
11	0.22814167925276138
11	0.3149311327445456
11	0.18918123309496915
11	0
11	0.18204659722739308
11	0.344247343534769
11	0.24021836682493747
11	0.27672914657833203
11	0.18280095046955153
11	0.2466262980334517
11	0.19624190826515958
11	0.14952803435816672
11	0.31028445527534376
11	0
11	0.2869207636351865
11	0.28084477119370665
11	0.18644537920843027
11	0.19675934559370967
11	0.16587991573538358
11	0.21200340106014282
11	0.260202504928813
11	0.2642597723045499
11	0.14168831704714302
11	0.24473597752070747
11	0.20760089769136866
11	0.2118837178487937
11	0.16075197851122772
11	0.17572454667029125
11	0.17130290418095462
11	0.2563596220561473
11	0.21551282903342317
11	0
11	0.1984856691541724
11	0.32062861606851667
11	0.22815814545112803
11	0.29186761801263417
11	0.16672975869938117
11	0.16653443330316495
11	0.3305311778580692
11	0.2927850200575533
11	0.17924782778020265
11	0.26096483082066757
11	0.2681061880147052
11	0.23971551858957393
11	0.1981779607857042
11	0.21459652337618568
11	0.3282319573124497
11	0.1986130000739908
11	0.24865873473609096
11	0.25497266625432674
11	0.16334450816796134
11	0
11	0
11	0.22493140544355453
11	0.41319916806622703
11	0.17001007875310378
11	0.22906653330311683
11	0.21929038177009832
11	0.22709199121944507
11	0.21995051927371173
11	0.2249046604397357
11	0.23285193431560006
11	0.19440763851002996
11	0.23377357221352896
11	0.21179494894026635
11	0.1871353858382388
11	0.31303794341645236
11	0.21648845337763942
11	0.22761970822534244
11	0
11	0
11	0.21087384543345936
11	0.26435487451616807
11	0.21908474496281247
11	0.3293201267949226
11	0.2226312033315798
11	0.1890189129627821
11	0.2060305784581043
11	0.18841946505599697
11	0.20688858930589787
11	0
11	0.40291162764539296
11	0.21289582565194343
11	0.19467254996916206
11	0.2057209784364507
11	0
11	0.20561268017270112
11	0.2832581362842467
11	0.18436338833100405
11	0.21641594919349688
11	0.20513908037676493
11	0.3569148631042696
11	0.16429481045537678
11	0.17656777704842438
11	0.32114329011462517
11	0.22378811307891458
11	0.19905769340448398
11	0.2030644809007592
11	0.31555727619144364
11	0
11	0
11	0.31744633855499116
11	0.21548930152360238
11	0.1941045351388197
11	0.2345035031910515
11	0.3125570213855267
11	0.4133216794481289
11	0.2687177720551393
11	0.27433528488485914
11	0.2337500661571663
11	0.26772942635246805
11	0.30931713506078107
11	0.15549165693662823
11	0.22451060023915848
11	0.22404426694464963
11	0.15727738491676568
11	0.23826529796973742
11	0.21390646068479593
11	0
11	0
11	0
11	0.16959696346240655
11	0
11	0
11	0.22926480865718252
11	0.24631668615241695
11	0.22376388266101127
11	0.2774872579562167
11	0.18235442005993843
11	0.27874268981358896
11	0.23314428110312824
11	0
11	0.27384103465312165
11	0.23214167986120587
11	0.20176040992841784
11	0.2520873140474585
11	0.23764169173021887
11	0.40058710514783374
11	0.26478543019859857
11	0.17106145767531272
11	0.22676922657217885
11	0.28236218210424574
11	0.16561527890987052
11	0.20796350852092207
11	0.14325340378864748
11	0.19571436288773106
11	0
11	0.2340552466971763
11	0.2772008367360687
11	0.25276891401585616
11	0.23514612539577975
11	0.33097379519050163
11	0.20642741394908293
11	0.24503650168567023
11	0.20478103814982682
11	0.25874434388867174
11	0
11	0.3277836530873022
11	0
11	0.16793950832150817
11	0.2608649988949191
11	0.24115335388887077
11	0.19603728553291216
11	0.1885335327722714
11	0.2963623312014789
11	0.2438762429014152
11	0.21025482663640085
11	0.23061357560381177
11	0.2677021077048884
11	0.1679814193240149
11	0.16664692131877362
11	0.29190225469384395
11	0.18469140180160626
11	0.19146518620616085
11	0.25063709745649226
11	0.22196636035839123
11	0.3544318069758129
11	0.2430499011481713
11	0.2038312342238682
11	0.19800645946202325
11	0.16875254863739106
11	0.20842937213429225
11	0.1828495810859517
11	0
11	0.3552336651445263
11	0.19995558045753728
11	0.17803755136468866
11	0.14182845534198937
11	0.238808628882683
11	0.22654070841327584
11	0.1499172421358083
11	0.22367010451088307
11	0.3261575550856066
11	0.14389814749070992
11	0.19490987309796906
11	0.23825406271104327
11	0.14325855529071857
11	0.1609849292812573
11	0.26498391943148253
11	0.21725958943142468
11	0.1748167693758206
11	0
11	0.2608167409813605
11	0.26655981795329353
11	0.22352267995898054
11	0.2122197403763823
11	0.1859671009873632
11	0.21149560937956985
11	0
11	0
11	0.14112605967133673
11	0.4396011890050076
11	0.18849091929701073
11	0.20939085757002207
11	0.15917314975297303
11	0
11	0.18892392093412919
11	0.20040655785913136
11	0.41668215186694635
11	0.18208146904963862
11	0.2629762918136354
11	0.15449863989537282
11	0.3344969905139522
11	0
11	0.2917787736898282
11	0.23001039123218184
11	0.16668691621753004
11	0
11	0.244251250891661
11	0.16973998116896644
11	0.3199360492141683
11	0.23519861270751946
11	0.17509005674864572
11	0
11	0.2371172144168859
11	0.23372856045655188
11	0.21453798824656292
11	0
11	0.18632012170320206
11	0
11	0.22909241686403423
11	0.15382875435200766
11	0.2081796175867434
11	0.16261435292602283
11	0.2445243060249961
11	0.17376357040559054
11	0.3286809415673854
11	0.21086963499597125
11	0.36511396112682953
11	0.2093966427387715
11	0.204990672067171
11	0.17152732940595072
11	0.21746050153805094
11	0.22167145369467772
11	0
11	0
11	0.2337378164094288
11	0.1635247660083529
11	0.16814374633374654
11	0.27164871488490194
11	0
11	0.2009969941896375
11	0.177754656655474
11	0
11	0.2548978795074688
11	0.20397527305096175
11	0.16698855099775087
11	0.22187521986602662
11	0.1945694364694353
11	0.1580233316222146
11	0.23544893982151058
11	0.29199576237360003
11	0.2910845527749658
11	0.2671620867936407
11	0.2500896510725648
11	0.1493096102958004
11	0.2198364471819676
11	0.19070413079730245
11	0.26458811979942015
11	0.19314559329734113
11	0.20114212798019973
11	0.21598246351745587
11	0.14424764214765123
11	0
11	0
11	0.2591543384351908
11	0.18934264064991022
11	0.334155114531804
11	0.2062853482947927
11	0.20082035028419137
11	0.17633006941013735
11	0.28835264480007194
11	0.19083563663911335
11	0.28710707563683113
11	0.23301825775351453
11	0
11	0.3837825021532718
11	0.25452865843079386
11	0
11	0.2208681879254944
11	0.19587362807371744
11	0
11	0.28903398903119987
11	0.2901210660918814
11	0.19784148224340847
11	0.26005447158781403
11	0.21143576867539762
11	0.1968130794155379
11	0.2990558223164605
11	0.17849321858825878
11	0.23302708153823964
11	0.1628160511627572
11	0.2919467558162758
11	0.3664531375860131
11	0.24253348748231018
11	0.13215547849269482
11	0.3844681116133116
11	0.24584935371411137
11	0.18364870219308466
11	0.2757103131900878
11	0.6123482252340116
11	0.2869293211297735
11	0.2651346221437288
11	0.2892002240329796
11	0
11	0.19443883187657768
11	0.15510740058465686
11	0.18704959948608899
11	0.2537128858960665
11	0.20764102362744447
11	0.24617236849389915
11	0.23547956461027475
11	0.3747061264267677
11	0.2195656933086404
11	0.20282926024534711
11	0.187923736355118
11	0
11	0.24601545006384706
11	0.2983423378316489
11	0
11	0
11	0.33458692603851437
11	0.1898301848390473
11	0
11	0.16934432700235846
11	0.3340010242535028
11	0.13554552798539315
11	0
11	0
11	0
11	0.20911345602013207
11	0.20702490933525858
11	0.26073775797933463
11	0.17259644174441355
11	0
11	0.20641038990376648
11	0
11	0.21076211713762258
11	0.29305935590619486
11	0.21516662631585967
11	0.2076146823533964
11	0.219041844212598
11	0.22522902822649035
11	0.19261582838401864
11	0.3681893145866903
11	0.1814999160183481
11	0.1398009143143195
11	0.2221812388918817
11	0.1357035590721777
11	0.17664404440624193
11	0.19773442056466403
11	0.3431460170800908
11	0
11	0
11	0.23319267811557068
11	0.2189846830635601
11	0.12470172410699812
11	0.18332479442125582
11	0.20933449987819183
11	0.2776151817219005
11	0.19972700486974743
11	0.2540476284769107
11	0.27738554326369996
11	0.2074745415771359
11	0
11	0.21643905993126983
11	0.207437273555772
11	0.14203472237165082
11	0
11	0.17244373907305646
11	0
11	0.21835747663050073
11	0.28892391983584936
11	0.33872279166811664
11	0.18907263189175633
11	0.12269747492088606
11	0
11	0
11	0.21954304625920043
11	0.25619374816949597
11	0.3100096138309395
11	0.2131601150991429
11	0.23790618778074069
11	0.45725505979199466
11	0.20185047123797395
11	0
11	0.15223614161517235
11	0.23834492056248371
11	0.24379547835002804
11	0.2835565870208879
11	0.25783207056271523
11	0.14661124254681768
11	0.2151092813866619
11	0.203233716975044
11	0.3103670154728873
11	0.304614007571509
11	0.27919442050954835
11	0.31935175658598264
11	0.16799863467704818
11	0.31561076396040627
11	0.4313993820201815
11	0.22766826892464836
11	0
11	0.20475821607309966
11	0
11	0.20384461713767846
11	0.27510964065856236
11	0.3836853423826696
11	0
11	0.26303348743853394
11	0.19913066946247515
11	0
11	0.21352754039853072
11	0.1889129054380865
11	0.2880734752468726
11	0.2497150021006405
11	0.23452451318378986
11	0
11	0.18748715194068477
11	0.2445262971913781
11	0.19551526036033412
11	0.15464622115923274
11	0
11	0
11	0.32453582836463674
11	0.30191857679295836
11	0.13530223760455595
11	0.20320915848813376
11	0.19094485654455837
11	0.21392545899633317
11	0.31086177384849956
11	0.255904908869416
11	0.15414745912052819
11	0.2718311003881626
11	0.21118962567505603
11	0.26386639595107053
11	0
11	0.20032904064837148
11	0.2015586600890464
11	0.23741450337024103
11	0
11	0.1855307310198262
11	0.23310387066781502
11	0.24757959283664688
11	0.21211913439921154
11	0.29831998764314155
11	0.3118083283094226
11	0.23427684431368392
11	0
11	0.16676738222254484
11	0.24961461380283165
11	0.18606120015399857
11	0.21622729536183855
11	0.21672162241045406
11	0
11	0.16053165001133132
11	0.3043990947039395
11	0.22460984174202978
11	0.21816471872942525
11	0.31778318792695875
11	0.22085247482716155
11	0.15279233667362088
11	0.25574756776255975
11	0
11	0.24671402085379324
11	0.14153193756640275
11	0
11	0
11	0.21841467915626353
11	0
11	0.13165249559417086
11	0.2524283709509159
11	0.25703531162720655
11	0
11	0.22995682095243275
11	0.1724807555663272
11	0.22002535266325626
11	0.24184775848594917
11	0.20157664439746864
11	0.24310648595759685
11	0.1730487789186326
11	0.18365286746149062
11	0.2540837758991283
11	0.23971681484360233
11	0
11	0.19180463427824274
11	0.21177993139964202
11	0.3191652637028462
11	0.23915768423653327
11	0.24562454927822977
11	0.27235338070315085
11	0.16602878824862577
11	0.26151707531648133
11	0
11	0.22360055205106968
11	0.21301128286724327
11	0.3452344874901371
11	0.2027663881072489
11	0.22504498157772002
11	0.24838445022213285
11	0.11815311875980145
11	0
11	0.2930346060449459
11	0.22086437225196878
11	0.12006334991835843
11	0.18995072227365054
11	0.17917438177220915
11	0.17291504114714518
11	0.3540308154146091
11	0.17984091760464682
11	0.16655620071448465
11	0.19339679286317615
11	0
11	0.2022090745573124
11	0
11	0.2634800254418435
11	0.2196419060646198
11	0.22509708294961844
11	0.15582619155282246
11	0.26174501584500187
11	0.23595208093798542
11	0.2793236974259058
11	0.23510336255459738
11	0.33051561177324895
11	0.1858511203026818
11	0.39594819464274367
11	0.1885271052262922
11	0.28316842700167744
11	0.12778514470048746
11	0.20559232909449449
11	0.33190411559079397
11	0.26605528941950524
11	0.215433766823453
11	0.15853778798107285
11	0.3416273291314472
11	0.16104184682922484
11	0.28745598505487524
11	0.1755415564475134
11	0.3262834294521288
11	0.2596560195963064
11	0.17174191115074594
11	0.2525580267631003
11	0.20794207793030992
11	0.207087507958641
11	0.212284824670482
11	0.22716199821749467
11	0.25584462763789517
11	0
11	0.1988444478000186
11	0.26448443683770034
11	0.26960375671956943
11	0.21136381058455675
11	0.15676959658773518
11	0.2141795416111498
11	0.3139069741291039
11	0.11727420270039321
11	0.2605265078852567
11	0.19189392972406114
11	0.24864072968129536
11	0.21450098628649994
11	0.41616697550099013
11	0.2626731794174429
11	0
11	0.27431596592529733
11	0.22580217876498987
11	0.17085766008871273
11	0.20021518289953016
11	0.23858111029072337
11	0.2531731146941519
11	0
11	0.35979385740376946
11	0
11	0.3784022039533403
11	0
11	0
11	0.18529587041948106
11	0
11	0.24168019628337514
11	0.19225409226739223
11	0.22165088925476537
11	0.24024474508177598
11	0.3467830898167122
11	0
11	0.19901124539887244
11	0.18970829698333525
11	0
11	0.2517288445348044
11	0.1890739326993927
11	0.2130299786757101
11	0.31733112642782
11	0.2374906240700457
11	0.2865523207431136
11	0.2399078536225427
11	0.22409757536067015
11	0.09511152664803806
11	0.15372864547605522
11	0.2152558682932126
11	0.2154224550931722
11	0.21500055112806996
11	0.23365999314075064
11	0.14165884663602774
11	0.1679010062123566
11	0.20143337300049238
11	0.2454675704863235
11	0.2049561537719038
11	0
11	0.1607877493179134
11	0.267678581501753
11	0
11	0.293515457421
11	0.2771071537290754
11	0.3198703429019293
11	0.18793522706874502
11	0
11	0.2024992375602178
11	0
11	0.23555614962146496
11	0.18923014206145325
11	0.1722741956842072
11	0
11	0.25823387668102954
11	0.21192894567396037
11	0.2563120722563174
11	0.1831658725844099
11	0.22047164435757802
11	0.24768437053956785
11	0.24785080563869238
11	0.1583646203009187
11	0.30318862602601493
11	0.21917742387589154
11	0
11	0.21433344090415493
11	0.22553935808396555
11	0.20724558702625082
11	0
11	0.21019468419884274
11	0.25033630775235405
11	0.19486819961273488
11	0.24470198275197177
11	0.32297015307732
11	0.3073281715922609
11	0.16817051329938182
11	0.22969991111828544
11	0.12879106797492895
11	0.1708786144766123
11	0.32992628326413825
11	0.15642535785632278
11	0
11	0.22605219994570264
11	0.30198072785921987
11	0.22006973362148838
11	0.27243607749892185
11	0
11	0.19856055083748844
11	0
11	0
11	0.21941411916785247
11	0.28287548677162416
11	0
11	0.2558142717159508
11	0
11	0.19952882786293816
11	0.22875560863802585
11	0.24785832657643325
11	0.1895132023296579
11	0.30390268987910507
11	0.21896364942267843
11	0.18704300375944766
11	0.3058529686495471
11	0.1733629054310867
11	0.27464164228613636
11	0.24712257553840283
11	0.20104900244418045
11	0.13653890546451133
11	0.28411262414589755
11	0.25071041186511217
11	0.22183654818595597
11	0.2996373564551804
11	0.32627304509043364
11	0.15594617045944315
11	0.18682434203122744
11	0
11	0.2194694782332923
11	0.20438491815816348
11	0
11	0.18254293847892844
11	0
11	0.2627830618769057
11	0
11	0.24887985455477105
11	0
11	0
11	0.2169284805687701
11	0.2501349630658381
11	0.22629624958288946
11	0.22387005987879077
11	0.1295987275427272
11	0.26823616409865564
11	0.11357086238663731
11	0.21618529842426104
11	0
11	0.22509676172600515
11	0.22044811135206244
11	0.23113057410116195
11	0.1899528063190863
11	0.15623242145622998
11	0.1951214948944112
11	0.23994501223907241
11	0.16993952742208807
11	0.2050092555156912
11	0.29263769716571375
11	0.17358253145373262
11	0
11	0.29095813912323065
11	0.22095221951347588
11	0.2809477208722108
11	0.1825780702647083
11	0.2687012813890483
11	0.20518700913217944
11	0.3953883848879205
11	0.2352729495508095
11	0.27946793323106295
11	0
11	0.2450235582687528
11	0.26143583772657536
11	0.18057742784862071
11	0.2156134049593614
11	0.15733512575792288
11	0.24709419740124
11	0.22081270505317702
11	0.33539492016119427
11	0.2510846312425912
11	0
11	0.23282610460766082
11	0
11	0.16659667609707013
11	0.2514455797728053
11	0.25997729647544127
11	0
11	0.18318392387013033
11	0.20409109361667035
11	0.3376317987253884
11	0.17993743858045244
11	0
11	0.15664466604440208
11	0.34465910137942085
11	0
11	0.24460821363738744
11	0
11	0.3322985813851225
11	0
11	0.13984021278956696
11	0.20894252003087635
11	0.14062028143206629
11	0.1629861566636155
11	0.313688650684965
11	0.22052267688037122
11	0.21030907398851445
11	0.19179453969556573
11	0.17534528044805603
11	0
11	0.1865422447648214
11	0.2589736686320019
11	0
11	0.2293492010413247
11	0.25570619212282136
11	0.2464521259598879
11	0.24275621968449618
11	0
11	0
11	0.18179094201258278
11	0.2310270276959864
11	0
11	0.42949289569063165
11	0.2577123678467455
11	0.23010453949585813
11	0.1789396947483588
11	0
11	0.1965613661636151
11	0.21230381742655602
11	0.19971577838112123
11	0.24331732981420234
11	0.17023233459158854
11	0.2253102907962277
11	0.17948650379085948
11	0.27300459021785006
11	0.20247943185900041
11	0.28048485640303894
11	0.2709505720183134
11	0.15707506159118623
11	0.17266796814701132
11	0
11	0.19305608481795397
11	0
11	0
11	0.2064105224030188
11	0.2550471189910851
11	0.22269377042681252
11	0.25369009559638467
11	0.3184457128664611
11	0.2640566100693576
11	0.3462191401989055
11	0.17620565451125955
11	0.2469007625260316
11	0.1342815487019271
11	0.15439051641431792
11	0
11	0.3159655546831207
11	0.2344762503792919
11	0
11	0.20350503062549707
11	0
11	0.17693045713601924
11	0.2897572235343851
11	0.1772569089650448
11	0
11	0.46693519442504783
11	0.19939000127431772
11	0.2146246248414088
11	0.2613783303655796
11	0.19332303912941648
11	0.22867747451759693
11	0.19566342512416401
11	0
11	0.2940058075958343
11	0.2082374156156629
11	0.3569437755962089
11	0.21093167735437574
11	0.314301000973883
11	0.22177954581690623
11	0.19830744982538426
11	0
11	0.25834286551739616
11	0
11	0.22142806874296816
11	0.15595826307736121
11	0.20663929323257466
11	0.24353605464084402
11	0.21763281661840925
11	0.2146430695491216
11	0.38776118109519936
11	0.19762397195133458
11	0.2929583377459354
11	0
11	0.2565350226032396
11	0.17641199806926863
11	0.3326770513822352
11	0.2487769190470201
11	0.1469484211835446
11	0.23416041283830152
11	0.24361261831472722
11	0.23776456217594724
11	0.1440963648408928
11	0.18100702156301743
11	0.42546414231710866
11	0.300435634696263
11	0.2726114732127392
11	0.22120962907638064
11	0.22693862255825326
11	0.2235136933986463
11	0.25235730829923236
11	0.3316888437705203
11	0.16201109489002669
11	0.1757327178769566
11	0.18830426415406168
11	0.16658404678307856
11	0.15378908311511705
11	0.34580558373782366
11	0.1293732188614921
11	0
11	0.2268883348231899
11	0.1489386430151212
11	0.24906840985096554
11	0.28437419985542955
11	0.22304536217365095
11	0.26729393729327
11	0.32796837390755534
11	0.26076825343244703
11	0.17682766042148965
11	0.2203279139332013
11	0.19311032677803444
11	0.20424432418470986
11	0
11	0
11	0.2386385795184928
11	0.27747722026730026
11	0.24236789930000535
11	0.4198717890690041
11	0.14755467691148813
11	0.4055692412750737
11	0
11	0.3218710209980401
11	0.1418417343230849
11	0.18475314315822727
11	0.193352189454578
11	0.23769313648619125
11	0.17198482563545053
11	0.1783464034677624
11	0.2318277931013468
11	0.1843667315863018
11	0.2374828184162923
11	0.23367013283148522
11	0.23455291508153517
11	0
11	0.21157109036229615
11	0.24429332565995762
11	0.15467304687284905
11	0.21619018757983213
11	0.3368753136929885
11	0.25321239243587146
11	0.22111072936528728
11	0.2002546334637445
11	0
11	0.19557839883510642
11	0.2543519328699259
11	0.30309688567650206
11	0
11	0.2733891361037882
11	0.20640006518839038
11	0
11	0.23457776428566193
11	0.3422278436696
11	0
11	0.14801095409478487
11	0.19554994389284344
11	0.10535029266036011
11	0.21582586458349004
11	0.1685121704120084
11	0
11	0.24016675650366506
11	0.189893668843495
11	0.3739074400657431
11	0.17739213621857783
11	0
11	0
11	0.48809963903382414
11	0.19544066162518772
11	0.17556023425776265
11	0.26782443142453083
11	0.19543315504543374
11	0.1867255969334303
11	0.23596916864074682
11	0
11	0.24538103075758397
11	0.255240902683158
11	0.2546243835654086
11	0.197228185595544
11	0.26166609535819113
11	0.2258812241255437
11	0.18540435680468756
11	0.2367438575571368
11	0
11	0.11025657722156879
11	0.30110642445261776
11	0.3405827567292015
11	0.3552992107326199
11	0.2170064868051984
11	0.23302753026793907
11	0.3281845808715412
11	0.22384699823301463
11	0.26870258181358014
11	0.30131362518713345
11	0.2057997073537862
11	0.2767130866936702
11	0.17764968301849185
11	0.30451553286815897
11	0.31173536549562975
11	0.19975425994579316
11	0.2256186705333946
11	0.30597931445303866
11	0.24326126976055273
11	0.22985748575023426
11	0.23626891865763028
11	0.23435142523989733
11	0.22112023432626235
11	0.1573442025535836
11	0.20314193643001832
11	0.20391314094577734
11	0.30720557349980165
11	0.28582236778702885
11	0
11	0
11	0.17654832162752437
11	0
11	0.1423365746420993
11	0.25927616013342364
11	0.21105519325080718
11	0.21042951459324266
11	0.26392195911723454
11	0.25766348903057545
11	0.24290966642493367
11	0.24361960263687382
11	0.19585277289867123
11	0.19316219269255822
11	0.15477458659181023
11	0.18852022064920704
11	0.19166709902792928
11	0.19051428423168057
11	0.16306029768014013
11	0.254441511269896
11	0.20882855054061064
11	0.23439770372472976
11	0.2882579527885986
11	0.2040797818835273
11	0.20753182559074276
11	0
11	0.22784654349499012
11	0
11	0.2415658257582298
11	0
11	0.20715107673252037
11	0.2764977151498074
11	0.3944741120046141
11	0.15857187506554093
11	0.20170105194007693
11	0.2049744413808865
11	0
11	0.23015163401845784
11	0.24811407920754242
11	0.1746929289480107
11	0.19775491923182895
11	0.1555777482470676
11	0.2512683303522898
11	0.14040553219058433
11	0.3288930525710331
11	0.23285383661417666
11	0.13892290958059328
11	0
11	0.17655453280469371
11	0.1763686633421794
11	0.2408538315726137
11	0.2279657613894212
11	0.12618706207833108
11	0.2488295624536121
11	0.2871587089451921
11	0.26022636820069867
11	0
11	0.2292585389206084
11	0
11	0.11823648836152999
11	0.16288618882795772
11	0.2549002822989227
11	0.16666265539874034
11	0.2319971196777589
11	0.2250362078163371
11	0.22377823991856716
11	0.12814037138286044
11	0.36536787898878925
11	0.3047453962395316
11	0.22264420824806372
11	0.2941672964566098
11	0.2657731881117279
11	0.16331590508120714
11	0.20511435850310816
11	0.20056024310870538
11	0.15074954555267875
11	0.33731790258889544
11	0.2620470465617709
11	0.2377531774025161
11	0
11	0.2730825966132392
11	0.43289647273235105
11	0
11	0.21169590609174888
11	0.4191470443174507
11	0.1838161321855655
11	0
11	0.28884838611233404
11	0.18128043222005738
11	0
11	0.17179246257407782
11	0.23176115347677964
11	0
11	0
11	0
11	0.3206050653229648
11	0.2493484862838328
11	0.2394721077864246
11	0.2538741880481045
11	0.33751080568021413
11	0.24867879162056372
11	0.19621382810467095
11	0.31126335801945443
11	0.1946241985210501
11	0.2684834231379018
11	0.293039294527088
11	0.08896566737700608
11	0.2446161099470387
11	0.27983816961113767
11	0.2626986669603486
11	0.2963295244397637
11	0.26525457163283234
11	0.20587182542223792
11	0.18917305675474608
11	0.1376983521602288
11	0.20689124127646172
11	0.14001999846779067
11	0.216188039958069
11	0.17973627939494344
11	0.24042913969793228
11	0.13587398718403057
11	0.3402326416711345
11	0.3047347545013872
11	0
11	0.18416647680392761
11	0.23883800587027007
11	0.2248949211240726
11	0.3081144761225334
11	0.28587678377973424
11	0.28879063499971847
11	0.23682370391231802
11	0.13238124052655972
11	0.21573369787169705
11	0.19177160534312487
11	0.24598393246050979
11	0.20798402422046974
11	0.2573324528779154
11	0.19583796075385837
11	0.25860762541718985
11	0.2831657680362543
11	0.28155723111929787
11	0.2020066080691578
11	0.32242356775750697
11	0.33597733994024365
11	0.2573459174675952
11	0.18973738568674944
11	0.11464822813598735
11	0.17895235951886673
11	0.20667081609611454
11	0.24169095606934637
11	0.30106186925490336
11	0
11	0.19896799203838605
11	0.1589856311449721
11	0
11	0.16545422485205366
11	0.1786574911513839
11	0.29843101918809134
11	0.3416401600203793
11	0
11	0.33909240937981844
11	0.1767685196417338
11	0.2599869523249418
11	0.22957924852551795
11	0.20353822152926881
11	0.3078730657391604
11	0.15768131765792057
11	0.16811698010228165
11	0.26470243114701847
11	0.18968905652666876
11	0.171533784461959
11	0.1998393681115834
11	0.21643094780845112
11	0
11	0
11	0.16412081076217236
11	0.2631971326753856
11	0.23464895556241933
11	0.2150809299972648
11	0.26983091632291684
11	0.22177680975814018
11	0.2428383974241302
11	0.3051378148455579
11	0
11	0.2812930641358914
11	0.18329284131556073
11	0
11	0
11	0.1307026960994579
11	0.21940098563549804
11	0.22709670959018133
11	0.1797469783497178
11	0.2343842122285298
11	0
11	0
11	0.356278178240015
11	0.14775852744888338
11	0.2771024379013467
11	0.21909414101246355
11	0
11	0.2711177813573429
11	0.176051981855821
11	0.17508267012231285
11	0.26581326947736217
11	0.31582783766552913
11	0.14441154556305064
11	0.32342167541061806
11	0.17869172574193465
11	0.32856762845904836
11	0.3541884694610184
11	0.22641197545361358
11	0
11	0.25937862744437723
11	0.2359400829031476
11	0.2048723693703142
11	0.13050502494431432
11	0.2973140645174147
11	0
11	0.18771609366637992
11	0.17880521164246893
11	0.39608860155706066
11	0.2741065266530104
11	0.23578927606338726
11	0.2898839765083439
11	0.21596515317611192
11	0.22301412437146695
11	0.1586352851859982
11	0.15728222126855282
11	0
11	0
11	0.34004633247936683
11	0.20678254534613563
11	0.22103797906132588
11	0.2086561474817399
11	0.21501512321506538
11	0.26862364326918337
11	0.15901900133331864
11	0.2554182839022948
11	0.21987916644273778
11	0
11	0.32675529572713435
11	0.18441701020656828
11	0.20385360317790865
11	0.14585054312598839
11	0.1901652406471182
11	0.3055644055333659
11	0.2645475092136662
11	0
11	0.09931775436027619
11	0
11	0.19027732921446538
11	0.2996819811086965
11	0.18262759247471694
11	0.19968038569074764
11	0.3235758300004006
11	0.15115343663485473
11	0.17465793703390461
11	0.26126023927777614
11	0
11	0.24603069156834606
11	0.24234406292985342
11	0.20904494324070635
11	0.22997187080109582
11	0.24255849198343324
11	0.12770082571675698
11	0.16704828710780195
11	0.20559403223621586
11	0.3974998670152159
11	0.20605395412601518
11	0.19187345417055426
11	0.2433270222897883
11	0.19599243670319932
11	0.2172058009597258
11	0.2974825143694158
11	0.46138414430137253
11	0.23104330311263357
11	0.18531186261033697
11	0.2009431798285059
11	0
11	0.2019589775851874
11	0
11	0.23804699950057526
11	0.2596916604132633
11	0.1200813917960531
11	0.1973307105517972
11	0.2775737382775838
11	0.23613228958318488
11	0.3130154242331012
11	0
11	0.19476147128732024
11	0.19834950011189256
11	0.2681354905921163
11	0.1944422004732284
11	0
11	0.21851919783725915
