cval	avg_intersection
11	0.6780518387043757
11	0.7702354727460452
11	0.5244073085022544
11	0
11	0.4905333892799945
11	0.4775076888741928
11	0.5499608994124845
11	0.6547705347814576
11	0.6102336059122971
11	0.6063166354443381
11	0.7386927163164196
11	0.5146322576020002
11	0.38525686963860323
11	0.6686488902852549
11	0.6986879297065505
11	0.5794931772168345
11	0
11	0.4186136626435217
11	0.5009839338487044
11	0.6874552180962304
11	0.4581595441758178
11	0.6288723049744159
11	0.7038975889575962
11	0.6853779617706797
11	0.4909160144225592
11	0.5818134942390928
11	0.7998433867111955
11	0.4341515224216272
11	0
11	0.505750274883247
11	0.40880023550738837
11	0.512456051719492
11	0.7925914340319166
11	0.5459528331282106
11	0.764690163465708
11	0.6333765666830025
11	0.609991016160421
11	0.7719011021716169
11	0.5314108306880481
11	0.6292596511149103
11	0.7353673298445517
11	0.7059037179717196
11	0.667032597389245
11	0.4635764056758433
11	0.603986518627593
11	0.4680594923047435
11	0.577160904050264
11	0.6964514725429414
11	0.6228355396293286
11	0.656028691631542
11	0.6148806938896648
11	0.6329402589641909
11	0.46237438496148203
11	0.75461142598213
11	0.43645369672242207
11	0.5439449139515535
11	0.5909068658215368
11	0.6773380833940764
11	0.7570057509724003
11	0.564211104181551
11	0.537420349906504
11	0.6153710013468998
11	0.7320019005999817
11	0.4220298206778139
11	0.6452681000120812
11	0.4894242390736858
11	0.6403864949468048
11	0.38807883036445634
11	0.5462377209824639
11	0.6860671873349621
11	0.4144721687656079
11	0.44811478869822535
11	0.5559359147026784
11	0.48264392042777704
11	0.5849472695609049
11	0.7884649587758282
11	0.6960105260887988
11	0.631771357584177
11	0.5507782371118568
11	0.47311206491016516
11	0.7560096212662668
11	0.7534488700731905
11	0.5822488173802585
11	0.45994596622065653
11	0.8054912797490121
11	0.6596117727877003
11	0.5551540616201258
11	0.5860803907781513
11	0.546174196782963
11	0.5524675358311337
11	0.42287340511995797
11	0.6000272654633416
11	0.7471406565031243
11	0.7377292687095945
11	0.5582001019842312
11	0.6515251515281899
11	0.5835318330444039
11	0.4749650596767004
11	0.611672976767871
11	0.7263626949531151
11	0.6275946446996163
11	0.43867645836567715
11	0.6532252434445971
11	0.6510382295532129
11	0.6530356045660197
11	0.29837005077926704
11	0.5884319441217608
11	0.3646643004970432
11	0.4910764147618752
11	0
11	0.7165053001947687
11	0.613350331964798
11	0.5100255775266798
11	0.5613610705367033
11	0.5706068349313953
11	0.5244085131101218
11	0.41489220060203036
11	0.652509050336351
11	0.519267028975089
11	0.49137750874403496
11	0.602337827720848
11	0.5530270828768745
11	0.6281807376876465
11	0.5926292076110056
11	0.4954259458395614
11	0.7735334107959008
11	0.738073183215015
11	0.5611903231147063
11	0.6814331170401583
11	0.5817335614032298
11	0.5829859940733129
11	0.5340552432972197
11	0.5786146325414665
11	0.7016048266866793
11	0.6200361713575216
11	0.7051547150338585
11	0.6748599891092252
11	0.4954357006893536
11	0.7923115824391068
11	0.5278059033171202
11	0.5554103833004455
11	0.4915143897514471
11	0.44517067984207326
11	0.3893521159039331
11	0.6328949754934037
11	0.5150315415638582
11	0.619187486852659
11	0.6503983740534719
11	0.5177281090191439
11	0.5411136657927177
11	0.7279850184511026
11	0.5817840770124605
11	0.4862615160223605
11	0.5654176773405035
11	0.5613555259733252
11	0.6823437191676428
11	0.7324419436832639
11	0.7951566495589707
11	0.6624672055666381
11	0.4841985026732327
11	0.5432728843738043
11	0.5487202897425741
11	0.6417921927601208
11	0.4515732542795203
11	0.45289273437504796
11	0.7157705113527719
11	0.5332363753845787
11	0.43997235014578706
11	0.5857040820076663
11	0.37128048007108333
11	0.4511797535098158
11	0.6861032191757597
11	0.6752286880875267
11	0.5098520892779207
11	0.6187796697258474
11	0.5872874240431465
11	0.7264900595690129
11	0.5026499679455574
11	0.4982073191479758
11	0.6829937808204017
11	0.7510077486476626
11	0.3734589896897732
11	0.5500651179385619
11	0
11	0
11	0.5171926179580482
11	0.6417621706331507
11	0.5935261206318898
11	0.6736673145727293
11	0.5651878056177805
11	0.600264694295793
11	0.525150969198249
11	0.5572771408891026
11	0.39970161308994023
11	0.5319689503467149
11	0.6027753011387199
11	0.5948174215146035
11	0.509867494537598
11	0.4927306902310713
11	0.596855062769354
11	0.6932394409581164
11	0.5722237328274011
11	0.6345507249553642
11	0.7235203023558101
11	0.6562094861388718
11	0.6678015390284219
11	0.7832383167317977
11	0.6909930825098025
11	0.5136444226395833
11	0.6460316533702066
11	0.7620607767462546
11	0.46512548268938075
11	0.8077272884457547
11	0.7967510527256502
11	0.41023520858255963
11	0.6567000907625454
11	0.6618357071935269
11	0.5677072935901099
11	0
11	0.5114306100721271
11	0.6194706423891018
11	0.514378219728374
11	0.3447880062349663
11	0.4276930334019631
11	0.49503920367176363
11	0.6929447041603647
11	0.5489843277756988
11	0.5120859871205219
11	0.5235448527753477
11	0.6713840677839651
11	0.5834888567808666
11	0.4809793008336801
11	0.778939278099019
11	0.7413816757479742
11	0.4881917939092171
11	0.703407125805964
11	0.42063514536937296
11	0.6979622076612133
11	0.6021101616598077
11	0.6585128691966111
11	0.6367668919038019
11	0.5691299425263798
11	0.6180928351999954
11	0.6558206821588503
11	0.5458464716938202
11	0.3860962855949044
11	0.49304156514247693
11	0.7622964585720462
11	0.5520388394369538
11	0.4959833426041997
11	0.564428767998056
11	0.6740336356887882
11	0.5731710974421507
11	0.4626947350120083
11	0.4638931127698243
11	0.6727343508672405
11	0.5345927369684135
11	0.7504373202767679
11	0.5873870113344769
11	0.4067478031333337
11	0.5305769392926758
11	0.5347964671078743
11	0.4555232860336232
11	0.7945270323835567
11	0.6057211967221493
11	0.5776889767365497
11	0.6124997009523564
11	0.7815008205483324
11	0.5299402995057977
11	0.5803430206068824
11	0.4145319710208465
11	0.5868754160393079
11	0.6689602168997288
11	0.4685579707886941
11	0.5351749658251784
11	0.6014406760790565
11	0.5915466401674725
11	0.6609924188342763
11	0.5293370548916175
11	0.4836508867238971
11	0.6829713152582411
11	0.4051791265091304
11	0.5431521743283478
11	0.5979825789717336
11	0.6301909117654684
11	0.5509873452845485
11	0.4538770684772947
11	0.785796330252605
11	0.4643163024690156
11	0.45137121269461433
11	0.7254847749328677
11	0.6634562380865827
11	0.6168179647381913
11	0.7662373653385551
11	0.5702067019138739
11	0.7392256221831576
11	0.6968725417312208
11	0.6690847833201404
11	0.6619565276216768
11	0
11	0.4989068649116055
11	0.5785611802399803
11	0.8037795006500454
11	0.7900236658026033
11	0.7053631698688346
11	0.5645596382794605
11	0.5333327795038323
11	0.42982658238566096
11	0.7714918011590006
11	0.5064807326612354
11	0.4460468863112562
11	0.6504272602290658
11	0.8324583369632335
11	0.7306003837098873
11	0.5657801693123788
11	0.38231702776441723
11	0.38700216945316657
11	0.4813313055604959
11	0.5269461374632555
11	0.7725206106609198
11	0.6918104274737958
11	0.59829793779871
11	0.6443744570753334
11	0.4447818734706911
11	0.44154207618318464
11	0.6029445536309944
11	0.644612803482894
11	0.6737480525732008
11	0.6374654178940171
11	0.7469209189697943
11	0.5062882518226773
11	0.735242680881155
11	0.6257015794747495
11	0.49525020513085893
11	0.5827719980854472
11	0.6128187825612611
11	0.5102197757449355
11	0.5100848222730007
11	0.5752142500808787
11	0.5300189342559206
11	0.44697329203723357
11	0.7655044595095583
11	0.8425967432213288
11	0.5322652735410676
11	0.5269655309364799
11	0.5607617926693262
11	0.761067247831911
11	0.7859189959009096
11	0.5973777578704996
11	0.42571892870635036
11	0.56238688991892
11	0.6369936917739536
11	0.6683318792093663
11	0.7362789395749517
11	0.5490712106360242
11	0.6479741483747343
11	0.42871786281102026
11	0.7778430280625849
11	0
11	0.6458887632767351
11	0.6363059569536139
11	0.5233389497531985
11	0.5629083416339011
11	0.6114815032615671
11	0.44601253616561043
11	0.7619496359851586
11	0.6846790638378333
11	0.5021147203996229
11	0.6769034304245415
11	0.568036968666346
11	0.7242146662616461
11	0.6261473687279286
11	0.6271921314263995
11	0.5250375160470797
11	0.5342720547253346
11	0.6292065761359978
11	0.7590059823474882
11	0.6268100615583535
11	0.6522874458209108
11	0.7033495407754211
11	0.5932325333123215
11	0.620539252066148
11	0.8385983351116745
11	0.6471266260953601
11	0.32564380968722023
11	0.638220105891588
11	0
11	0.6492781970502938
11	0.5755267861968777
11	0.5640205801177335
11	0.5836738333755156
11	0.4579210795716752
11	0.6422856210882097
11	0.6699554683703538
11	0.5725815406145468
11	0.6782666048139975
11	0.6237092501040048
11	0.6344946476955986
11	0.4995467959889187
11	0.7770333968579939
11	0.6033140188106898
11	0.6275536096394857
11	0.6322749525572153
11	0.4447908597457551
11	0.578296605225708
11	0.682861535743204
11	0.6706550809991865
11	0.43726985766094656
11	0.721569956136297
11	0.6366949880568739
11	0.5833623152450366
11	0.6438242001610992
11	0.6832209281340094
11	0.4026979125796028
11	0.7250060116292326
11	0.6226093851485046
11	0.32403566819848273
11	0.457101860787392
11	0.5727402742921734
11	0.7830943785675499
11	0.5147709511329024
11	0.5343700471944356
11	0.6358445775206427
11	0.5037419163076734
11	0.64713351375497985
11	0.6754602274311955
11	0.6630398166019749
11	0.44612028466683906
11	0.5451026373007725
11	0.6561275631802707
11	0.5772009618451163
11	0.5417427897244778
11	0.6626486322883216
11	0.6403034309640983
11	0.6758833533936888
11	0.42424089038621826
11	0.7991322140694843
11	0.7073547950911049
11	0.5800226216912415
11	0.42544684829722496
11	0.6240864470338703
11	0.5969443410799687
11	0.6016480149366744
11	0.7039320447985528
11	0.5796827311025755
11	0.8155734583939971
11	0.5795292122607788
11	0.5351719973149156
11	0.6532182201831493
11	0.5964034530395266
11	0.44026380827571227
11	0.5439524894787099
11	0.7666879555125292
11	0.5474679721439335
11	0.5357696659824946
11	0.7797391722929975
11	0.6731190645314419
11	0.7215030518887556
11	0.530050126595353
11	0.7438647619977597
11	0.6160794898285109
11	0.5023949235513018
11	0.5524483524046021
11	0
11	0.5296078446590655
11	0.7730361764125087
11	0.7360953063420193
11	0.7927846220496118
11	0.5536476361982423
11	0.5989325263736011
11	0.5804819696781914
11	0.4229258349146536
11	0.749891960284332
11	0.6137509766588132
11	0.628954692330207
11	0.6404322866190053
11	0.6210700043197349
11	0.5701668749770641
11	0.3764243899571251
11	0.591040345809346
11	0.5141230031373876
11	0.6604821477268327
11	0.6401191867213522
11	0.5363547083495069
11	0.5691992959893142
11	0.4562464936407812
11	0.6821965258406981
11	0.5129379992661348
11	0.5180653425877575
11	0.6874308286923474
11	0.6221447447871069
11	0.5877908889834718
11	0.6344179800119938
11	0.5800157872528389
11	0.6807903835136413
11	0.676809444816948
11	0.5814327014128715
11	0.5686392994696161
11	0.376010031878463
11	0.7509181641790232
11	0.38280873664919257
11	0.732037861851407
11	0.5161088861825647
11	0.7196678918694102
11	0.6779701198037466
11	0.3050673248503187
11	0.5375479415160606
11	0.43329899492310203
11	0.49551357093842213
11	0.7410491764923346
11	0.5689094798360556
11	0.5753778108441109
11	0.5241247588705167
11	0.3756346829590653
11	0.7870635605476519
11	0
11	0.44265852929976196
11	0.4243792587195123
11	0.6480315900232647
11	0.5326333633151848
11	0.4829771254066666
11	0.770769987557528
11	0.5205799271380237
11	0.8092002593076201
11	0.7346171027857409
11	0.7248591787493661
11	0.5886000575888654
11	0.64662807669939
11	0.4370672901317411
11	0.7086486930999852
11	0.47925691352845723
11	0
11	0.5968255715625275
11	0.4267725094640636
11	0.47713915599113715
11	0.565268338490175
11	0.6423102426928601
11	0.6721958738345291
11	0.6495930158210819
11	0.5612551462645685
11	0.5059730299870069
11	0.4971813594119412
11	0.37258722745507067
11	0.7105449298940476
11	0.544938513155121
11	0.6267507961481242
11	0.3862544001322429
11	0.6759665810226941
11	0.6658958116294171
11	0.5397858624976243
11	0
11	0
11	0.5878744760994133
11	0.3802055672788771
11	0.4078485188719909
11	0.5923616162563529
11	0.5982571599573124
11	0.6271812105976277
11	0.5838962325403599
11	0.7725607026715524
11	0.5350988713735436
11	0.5141075203117685
11	0.6127559434665042
11	0
11	0.6770051959554934
11	0.5131883560630389
11	0.6362486117701404
11	0.5091043550139617
11	0.4766281030130601
11	0.3957584975484769
11	0.6343900836371726
11	0.6834909419202332
11	0.41372860029240865
11	0.6251331789857504
11	0.4183926061382089
11	0.7416277256309156
11	0.4173672126496911
11	0.4279620334532389
11	0.584986036962378
11	0.512081310067352
11	0.5944282606147819
11	0.5262589639563064
11	0.5373129701634874
11	0.7338348395171372
11	0.5595516948577156
11	0.56774007906279
11	0.3892654007539016
11	0.6532920053453743
11	0.6703210375636753
11	0.5119829186248762
11	0.6822661064818552
11	0.5129940115312642
11	0.8473678948955062
11	0.6600667627612543
11	0.6391095570074967
11	0.5977184039592633
11	0.7402129495181123
11	0.5901223938000031
11	0.7495381137659507
11	0.27072312708256313
11	0.5689577977080658
11	0.42391563808191035
11	0.6102726642399334
11	0.45653933406977826
11	0.6127897872370365
11	0.5272701959436149
11	0.6709512071536027
11	0.5497641314985242
11	0.3682573737164294
11	0.38995498053219335
11	0.6696468749950195
11	0.5320632342088882
11	0.7616810437747975
11	0
11	0.7379481817013602
11	0.5502308316745084
11	0.611739096941792
11	0.45428105805695707
11	0.43281787822478024
11	0.7087608621963497
11	0.701474945079249
11	0.4631807960066108
11	0.4392492604475367
11	0.5380941412577835
11	0.6936303069979913
11	0.5367083202390867
11	0.4482205824232629
11	0.4888452549624133
11	0.6936395281667994
11	0.5104192438375303
11	0.7040537150361367
11	0.7053533947249224
11	0.3913462793364183
11	0.4988755225740966
11	0.6920894865276462
11	0.5475589535977181
11	0.7403130206675963
11	0.8288769761492949
11	0.5051390863706814
11	0.6742975106757702
11	0
11	0.6521694010973768
11	0.758063509250525
11	0.5755383368027647
11	0.8419349781477465
11	0.6163103134045833
11	0.4567492820598206
11	0.43200507340450245
11	0.5180423959002701
11	0.6417233964383515
11	0.6063405136971716
11	0.6089454072638881
11	0.7155744569536845
11	0
11	0.653207125628925
11	0.7868571312291915
11	0.6204706521121249
11	0.6473472070017439
11	0.5915898595134547
11	0.6427024265744513
11	0.429363010580767
11	0.4554434465189931
11	0.7164540606750341
11	0.8328208624085205
11	0.8191578443351543
11	0.6565490188368063
11	0.6787670066308558
11	0.7677088114416952
11	0.6301221507668989
11	0.6982540876979485
11	0.5286400663953782
11	0.5834399181456755
11	0.40542589158754755
11	0.7585783487790279
11	0.7325051746760886
11	0.3580865425223956
11	0.5657776309977556
11	0.7377900234189917
11	0.5629047148224315
11	0.7214887366015637
11	0
11	0.5282933653293136
11	0.7693426861604485
11	0.5196058139648739
11	0.6367503497437602
11	0.5626525944564428
11	0.47804536018334803
11	0.48432482463757487
11	0.7114698198050132
11	0.508268166629133
11	0.6075348616515183
11	0.6719548674487232
11	0.6262585321998614
11	0.5332971854586299
11	0.7657327274967517
11	0.5748937738976727
11	0.6427336643393823
11	0.6365403027180396
11	0.6158300477683314
11	0.582676349581716
11	0.49544163914884237
11	0.44195036461092296
11	0.6512315509378267
11	0.6824015154738393
11	0.5693346449560078
11	0
11	0.5521197704809442
11	0.8020423044505882
11	0.6345277586581926
11	0.7824269028200126
11	0.7335510374799903
11	0.5844976903727609
11	0.6619548141616585
11	0.6943749039491569
11	0.4896251715560822
11	0.7188756353335672
11	0.7312888112165102
11	0.5920170569441543
11	0.45737551610223887
11	0.4573734244838418
11	0
11	0.5802161815738127
11	0.6025077646630227
11	0.42948082653392766
11	0.47761392770065975
11	0.6059808410952724
11	0.46940349197215575
11	0.7699485608270412
11	0.4639159771595679
11	0.6738866470729
11	0.6595196311140982
11	0.43140431272037383
11	0.6802901273712193
11	0.5624787639466359
11	0.7261464031450516
11	0.5605424547419999
11	0.8072572619087469
11	0.7700229795498829
11	0.3803807803888328
11	0.6166295068719145
11	0.49741580066130714
11	0.4722929640751594
11	0.7075587993250977
11	0.6336967704810319
11	0.6348848055162518
11	0.353938274277609
11	0.7475783740390982
11	0.5642020602252006
11	0.6390626330685587
11	0
11	0.7246935811424345
11	0.4050241443840228
11	0.5413207306176927
11	0.4856296685933821
11	0.5276329965946818
11	0.6493377513351137
11	0.4827202038221369
11	0.5813699236225969
11	0.7037382544270453
11	0.672622068898282
11	0.6591061775506405
11	0.7815141210500179
11	0.46663322424181053
11	0.8425585038476482
11	0.7474267645998601
11	0.45884078919636684
11	0.7445695529893925
11	0.5565852163935828
11	0.7638758224004918
11	0
11	0.7028026771881108
11	0.5898194117473352
11	0.468515274313632
11	0.5815929036656698
11	0.4927901425692125
11	0.5370905302580627
11	0.7661508781452137
11	0.7343110062577451
11	0.6305995507570317
11	0.6371733480048571
11	0.4604948959969
11	0.43515923150642655
11	0.6527384286865363
11	0.5168331926339119
11	0.6701038198623392
11	0.6943316860655971
11	0.5437817772270368
11	0.637344825659255
11	0.6056472804929337
11	0.4881590571539064
11	0.6419245774871202
11	0.49897048784939513
11	0.46736238434540966
11	0.6678060221447725
11	0.6896862151642275
11	0.49950607208351333
11	0.5271281723996328
11	0.4575364368331545
11	0.46473486784495704
11	0.7423930677060098
11	0.7521596938375117
11	0.7409028483505662
11	0.5721419286085215
11	0.5499479127588619
11	0.5345097080484892
11	0.4173008307793187
11	0.7739336127535075
11	0.6824943737315319
11	0.6873312667409307
11	0.7545453855547375
11	0.6875912796282037
11	0.5572214050778153
11	0.6437913470697281
11	0.3944447119210575
11	0.6778396037108325
11	0.6802323658286445
11	0.6677053217539546
11	0.4599503946683964
11	0.7147298710596164
11	0.6219538453874511
11	0.5785989177165637
11	0.5931039648200744
11	0.8166871233412732
11	0.5654649062892158
11	0.43744441006168777
11	0.47031836956714906
11	0.4703911632414084
11	0.7502919733993251
11	0.6048778051274706
11	0.662489800740796
11	0.747700559441907
11	0.6840683581101449
11	0.45466622264771056
11	0.5128728705414339
11	0.485335630466865
11	0.5763958806670526
11	0.5644405734152917
11	0.5674222912790452
11	0.7556767714006141
11	0.4178867454064173
11	0.4930896818453643
11	0.46194058180805997
11	0.5998963351170035
11	0.5439939096696006
11	0.44423172743464384
11	0.6851069625074452
11	0.7261326009150707
11	0.5536652364386194
11	0.7182892535740707
11	0.6181940140701006
11	0.4250708785833387
11	0.6799345839115369
11	0.7054909477418425
11	0.6410947498063638
11	0.695140345258134
11	0.5791144275990134
11	0.38205345526939694
11	0.4848164082854577
11	0.6866432697578654
11	0.6612954174207578
11	0.5575989327459776
11	0.5902633808425675
11	0.47777182525688305
11	0.5656438788933407
11	0.5535958087285865
11	0.587833110453465
11	0.639811081560786
11	0.4904362775206452
11	0.7204632252834015
11	0.8354745760594451
11	0.6472312842452076
11	0.421019147883742
11	0.6925265779936325
11	0.6850280490426585
11	0.6205691386582612
11	0.6890718532862263
11	0.5549222251757697
11	0.3940004158453443
11	0.6337500627021554
11	0.5678473130925444
11	0.7777616493708344
11	0.5146861496782785
11	0.509076110878401
11	0.6119819925580804
11	0.6666065682711492
11	0.5868234159949924
11	0.6793280991987585
11	0.7402010045309705
11	0.5310468097253734
11	0.676625470224366
11	0.5509592614202761
11	0.39904104698229814
11	0.634372957792608
11	0.4956439457570976
11	0.4410609545020961
11	0.5998510000469659
11	0.7137384957453574
11	0.650953305375677
11	0.4445709939599397
11	0
11	0.4100629426435735
11	0.4478227193890082
11	0.6031353076368057
11	0.5196086127436627
11	0.543966332991675
11	0.5043434803474804
11	0.6874272745058181
11	0.5377856941365633
11	0.5179273335631623
11	0.6543845603645709
11	0.3547471327469291
11	0.8127034163670064
11	0.542705164192402
11	0.6302675448420549
11	0.5608267581449379
11	0.5044352562408072
11	0.5405881591065766
11	0.6949973296383932
11	0.578200422390849
11	0.673095725057086
11	0.5830986958627451
11	0.6886320763203385
11	0.7931117617210757
11	0.7384936848818291
11	0.5752335191271253
11	0.6543371174778633
11	0.4748545603423932
11	0.36162879051447244
11	0.6127442217866906
11	0.6714343753360117
11	0.5223005978908887
11	0.48018727603976247
11	0.8161556438332341
11	0.52496004830834
11	0.716242427817785
11	0.48330308104167036
11	0.6382297038617976
11	0.54339762574597406
11	0.5875868291742844
11	0.5793486354102962
11	0.441220358682796
11	0.8062989404180756
11	0.607371125460298
11	0
11	0.48953395136425804
11	0.6863092263307835
11	0.490287260085271
11	0.7306135689040119
11	0.5651986969549729
11	0.6601119686383019
11	0.482538678758785
11	0.49946856843032633
11	0.7521788870586311
11	0.5944104719475363
11	0.4578127657414306
11	0.7967726210486529
11	0.7922296235423245
11	0.4020689107318462
11	0.8620398071456045
11	0.5236476868200006
11	0.6580308959821402
11	0.5058059666845088
11	0.5718773847483483
11	0.7746653130710602
11	0.6166034378424918
11	0.5399870320254772
11	0.6924247766925677
11	0.41699946400569
11	0.6665866922004289
11	0.6992309208156392
11	0.5088931901675066
11	0.4711403561003664
11	0.5158049148007094
11	0.6828754228773386
11	0.6100245831887557
11	0.6725819182070969
11	0.6113612886449188
11	0.44960665730150035
11	0.6184041167067602
11	0.6854429223516948
11	0.41893583380392285
11	0.5556922394303758
11	0.45039667049681215
11	0.5100617549788312
11	0.58382092125577
11	0.6960722726744902
11	0.5403515000701918
11	0.4748270960556697
11	0.4712340409640423
11	0.39840124496399354
11	0.6965735287651653
11	0.47850165215307827
11	0.5004187493111321
11	0.6817788408307892
11	0.5255505679512831
11	0.7097467021676828
11	0.6364904439334179
11	0.6735392819328955
11	0.5292188509890418
11	0.7233931480572423
11	0.709512175542454
11	0.45315024340037385
11	0.5776896724288988
11	0.5642705253585109
11	0.7279655461564185
11	0
11	0.418379843183081
11	0.4962847812021613
11	0.41912368957292495
11	0.5115890227028992
11	0.5012623380880719
11	0.6423229555865531
11	0.7151583204926707
11	0.454484411052982
11	0.41524878663368175
11	0.5573772922775831
11	0.6040895656164076
11	0.3924299350150743
11	0.6038587110793991
11	0.6224613120288927
11	0.48188329871759633
11	0.6246916720757403
11	0.48778016076851566
11	0.46884767208821226
11	0.6403344642242809
11	0.5920253016504703
11	0.6408847276219374
11	0.5866813088800715
11	0.4563220677703964
11	0.6196133413266772
11	0.7139619517625125
11	0.48708519193817684
11	0
11	0.6761054020984005
11	0.6239139313181612
11	0.7666152487210588
11	0.4490124601817509
11	0.5414382079979395
11	0.46455970504366495
11	0.6499407497024363
11	0.4751075849297851
11	0.6392904457784903
11	0.5452589785506778
11	0.42258990767221183
11	0
11	0.8067555086278727
11	0.4830441471095841
11	0.41021548430449983
11	0.5354894096344652
11	0.38567935639098283
11	0.841645927199895
11	0.556885014661357
11	0.4826091446664113
11	0.3208653860337099
11	0.6826061410296047
11	0.5709436962050868
11	0.6023817072006895
11	0.6486477647053235
11	0.4865193826524119
11	0.7018774831605882
11	0.5918303192279719
11	0.7874126230821138
11	0.6057856126734772
11	0.5705945585690316
11	0.4374950993110978
11	0.574418732308172
11	0.6810329391560777
11	0.6084129916109405
11	0.7493187327026265
11	0.5718355756260458
11	0.7463658468420838
11	0.5594490787630163
11	0.47082377297894124
11	0.7000288470181503
11	0.5457109615288053
11	0.4562561107448568
11	0.4810066616691979
11	0.562929334383969
11	0.7644181833917261
11	0.6489081878624792
11	0.5750704790648682
11	0.6040372533936315
11	0.5779039635646047
11	0.5478661999347184
11	0.7080061474274318
11	0.6128638675989654
11	0.555342271426967
11	0.6724462358279453
11	0.4997717609603851
11	0.4100184481173924
11	0.6761443863985375
11	0.5359858213949898
11	0.6130714350908189
11	0.6219368687992779
11	0.4657411074875001
11	0.48949189766893986
11	0.811102944956046
11	0.6255029553261009
11	0.5615722535194255
11	0.5959093373097001
11	0.5527498941247511
11	0.5560961188154772
11	0.4822658340275857
11	0.6613561913907752
11	0.6263933917360698
11	0.5254417895517582
11	0.5370358805413378
11	0.5788657478042016
11	0.547839994665882
11	0.5665927817247604
11	0.76330188724078
11	0.6847266112232278
11	0.6485201111820482
11	0.45422829417568417
11	0.5752853504480874
11	0.42365314065731297
11	0.5095032212879957
11	0.46540068249866196
11	0.5746769245551412
11	0.6992519190184524
11	0.6602037564943644
11	0.7273944947083997
11	0.4176393262022621
11	0.778651933761516
11	0.795274477619528
11	0.6899124794597999
11	0.45163853378907953
11	0.6357383912310514
11	0.8227576466047113
11	0.7074950448395709
11	0.6174094620967929
11	0.6303077997107176
11	0.6297289790860747
11	0.5593015320851626
11	0.5135162258498844
11	0.806498878047741
11	0.5443970523034231
11	0.5564439115689388
11	0.693241534413497
11	0.6127499864420893
11	0.6766741623254043
11	0.6334175855912504
11	0.6394728691679902
11	0.450522943049309
11	0.5437974454307879
11	0.5353309405406976
11	0.6422271153760503
11	0.6631458517103335
11	0.6012558295168974
11	0.5306768997013629
11	0.5550604315557179
11	0.6813621590494535
11	0.5767966034504933
11	0
11	0.6534084314413606
11	0.46558032770287683
11	0.6251805445082366
11	0.6706416997810548
11	0.7618468296946844
11	0.4012614480850196
11	0.5255298528952853
11	0.733665208548515
11	0.5390727633929013
11	0.7160339700688074
11	0.647769404616894
11	0.5479153317452841
11	0.7104376956400053
11	0.603150563759295
11	0.6900380214982302
11	0.6092948582693991
11	0.6472631749579871
11	0.6579858907321849
11	0.461021241767845
11	0.505852244758781
11	0.3640183399882371
11	0.6157664937175983
11	0.5518607166106526
11	0.4219481278003022
11	0.694975144467381
11	0.6884706724955818
11	0.5696907536889946
11	0.6008853019092556
11	0.6512625192125148
11	0.6378393111622707
11	0.5651911004791275
11	0.4382965764500197
11	0.5683173880511333
11	0
11	0.5781932600586768
11	0.400785762686563
11	0.7254284611361025
11	0.5129553743157748
11	0.5620692869578534
11	0.6404341557209353
11	0.5225659136112786
11	0.6617721862044661
11	0.4910219151893407
11	0.6418742631891439
11	0.7733337777317215
11	0.6800135895195335
11	0.8009440835300188
11	0
11	0.6435334632647121
11	0.6066744320912696
11	0.4997384502508237
11	0.49670415350059927
11	0.683199604947077
11	0.5785962069688089
11	0.663305098189166
11	0.6403093070552152
11	0.5375720420396748
11	0.586539983756258
11	0.5816738908999611
11	0.5475291632155639
11	0.569998518187753
11	0.42005315942047244
11	0.47163790285440366
11	0.7805833294511215
11	0.6283430671995901
11	0.550850358071749
11	0.5817883129320467
11	0
11	0.5492210125060777
11	0.45903741812207705
11	0.49008481228954476
11	0.5977052460365331
11	0.5574445402261761
11	0.6736732437144819
11	0.5468936171571088
11	0.5934698836386756
11	0.6586565689827014
11	0.6364339023572733
11	0.6897794477496465
11	0.6945693406185661
11	0.5904272757434305
11	0.402144217897667
11	0.45246503191586696
11	0.5277431941793226
11	0.7495483386114035
11	0.5699276447657223
11	0.6349440019850427
11	0.7799568214808804
11	0.5889936690662008
11	0.5483353516280883
11	0.6028936157092534
11	0.47264030794838735
11	0.8231193403858604
11	0.675182547844683
11	0.6853638273760825
11	0.7689430874650657
11	0.6627272550616746
11	0.4819130114200891
11	0.7010499529778136
11	0.652948043650148
11	0.6098863743262138
11	0.6055271070674982
11	0.39453667516574753
11	0.5273042526272543
11	0.43365388874998423
11	0.7422523697087765
11	0.6174038610876563
11	0.7532831154077303
11	0.7405169841790017
11	0.744803985044498
11	0.6462675128358536
11	0.6656746430599708
11	0.6731160814156212
11	0.5419063209110789
11	0.7525962488214984
11	0.7098932358924886
11	0.7727420596885243
11	0.7975964669418248
11	0.5415005851688683
11	0.523626349932106
11	0.5307766609707185
11	0.8186957967859216
11	0.6259339223413681
11	0.4582922017588692
11	0.6228608312361363
11	0.7435160969853303
11	0.47890852904785985
11	0.6700831972138755
11	0.6621724296395103
11	0.5290104884195675
11	0.5489192993982352
11	0.7400408724022708
11	0.43916078463831154
11	0.39883321077268485
11	0
11	0.5939168657441141
11	0.6350222247684655
11	0
11	0.8102214476045815
11	0.7895076260729098
11	0.5901173304601132
11	0.7808484263407072
11	0.40843942025826874
11	0.5463233326788264
11	0.513572307197383
11	0.5414963519646128
11	0.5229753162323981
11	0.6837941852961715
11	0.6416245955456874
11	0.6111576076781955
11	0.49213790339915486
11	0.47840924259474665
11	0.41922101557340435
11	0.6678327421300164
11	0.7446232038893221
11	0.5669605622828623
11	0.7520450907256233
11	0.6323884592268182
11	0.4245409857286828
11	0.6527218808898689
11	0.6129165179783127
11	0.4806745348406985
11	0.607529109593361
11	0.48303980989755624
11	0.7510533731099193
11	0.5556846625988542
11	0.5966358532260514
11	0.562090110995333
11	0.7269020275730346
11	0.6479580525386519
11	0.7452193730044437
11	0.809920416294151
11	0.5135538654372873
11	0.6874925648403677
11	0.6475212215392081
11	0.542003018465168
11	0.3421806036390299
11	0.6222031280074243
11	0.6853500757743168
11	0.6040672508255546
11	0.6629703470691753
11	0.5794261411587017
11	0.5248963542006848
11	0.6772476872368928
11	0.6339592967699861
11	0.6416742045763931
11	0.509351793645795
11	0.5593706329195481
11	0.5437512624457905
11	0.5617939181683093
11	0.6624078458635396
11	0.747264730015416
11	0.578924598446392
11	0.6143403121634868
11	0.5030073503110173
11	0.46160038460400965
11	0.6547910772923543
11	0.36463692397347336
11	0.5286100425558209
11	0.6988256562341232
11	0.5767883411245324
11	0.5900828890997719
11	0.568125196408613
11	0.6794530896424863
11	0.7048805817941046
11	0.6335479842561414
11	0.635396998676768
11	0.6528652069061283
11	0.6821001163874708
11	0.7065206462336088
11	0.6164182820691614
11	0.5481381390293378
11	0.5950045959153663
11	0.6648315008421503
11	0.5944715220925656
11	0.6505306900260419
11	0.755649470272514
11	0.4262445662307627
11	0.6767526345222357
11	0.7460459693959421
11	0.7344830798661901
11	0.5904537360189593
11	0.4450200554658468
11	0.5944464117843736
11	0.4012407797596753
11	0.6443440281776311
11	0.6500038933203448
11	0.7214114933654017
11	0.8250057397223755
11	0.6299600245908904
11	0.6921179213087941
11	0.6807239744175434
11	0.7411351658563295
11	0.480108401593247
11	0.7275128298823922
11	0.4459431642402955
11	0.551768226014208
11	0.7061671481608289
11	0.46430978990581623
11	0.5162693725334333
11	0.8111882209561371
11	0.6867090177257659
11	0.5512667456665009
11	0.7093160276325075
11	0.4709490036974999
11	0.7032233600401201
11	0.5549389184334985
11	0.647939547533549
11	0.576071529899818
11	0.5566252520752799
11	0.8133170154245561
11	0.7962989355069123
11	0.6577187810428504
11	0.6151127161528035
11	0.7026788015131807
11	0.6376501625016591
11	0.567172772325297
11	0.7776848853465343
11	0.5449405137444383
11	0.48689686166687035
11	0.7188767087625122
11	0.5726755123556521
11	0.6574106056238207
11	0.5151352792333989
11	0.5409791504941562
11	0.5951772167762721
11	0.5102128089952009
11	0.7083150989857327
11	0.6367348659907973
11	0.6759739789972694
11	0.6745589538169048
11	0.7890393473924735
11	0.6267651887215406
11	0.6366012220639158
11	0.5522828824831844
11	0.4714719137142177
11	0.4307671164430069
11	0.46981527643238974
11	0.4760587246872038
11	0.4950036037453408
11	0.5736812975342562
11	0.7708010049149514
11	0.5411481034080318
11	0
11	0.447540682184001
11	0.53285037800806
11	0.7738683396015357
11	0.4100131071547964
11	0.529590052879336
11	0.6502994499587493
11	0.4447636318121145
11	0.7628094895366326
11	0.6912623120420732
11	0.7049915591738588
11	0.6938087565017313
11	0.6369831742506292
11	0.5825919312840794
11	0.4539992334052531
11	0.4277184692112792
11	0.6351945752757754
11	0.718130827417747
11	0.45689003237542597
11	0.5473847864512964
11	0.41251218897437975
11	0.5412377728711523
11	0.4782603470601939
11	0.4871943551343093
11	0.5387545805727206
11	0.5284369049575665
11	0.8142330448750348
11	0.7134766517109268
11	0.7522317535114337
11	0.658682287091772
11	0.7040182734536374
11	0.4359665582325327
11	0.6673283968940696
11	0.40745276863198976
11	0.5210590005453694
11	0.4286353413277472
11	0
11	0.7813640550334978
11	0.3500041756893486
11	0.7440794395623721
11	0.5654955595601008
11	0.5919423514146013
11	0.5231839274781943
11	0.7555385768446216
11	0.6082603589577756
11	0.7482538239838702
11	0.7550079606874205
11	0.6278065091976065
11	0.5210259478647097
11	0.8087566262982054
11	0.5464062764742562
11	0.6585457140325872
11	0.49848113076496087
11	0.4190824972689954
11	0.6031378556923194
11	0
11	0.7181030934983602
11	0.5707765549396997
11	0.47347659386191476
11	0.5808907383777383
11	0.4794399087970159
11	0.5088679326198444
11	0.5247673839317374
11	0.5901173439694776
11	0.5150124960990782
11	0.7175000862193651
11	0.6753933916780808
11	0.42560765563417396
11	0.4718117861896926
11	0.5164212583918352
11	0.698442511260241
11	0.445982907555262
11	0.45206807805754473
11	0.5385647708505761
11	0.5783000341404783
11	0.525992131373753
11	0.6405621601442792
11	0.6136179046090097
11	0.4841984745665839
11	0.45761195562321916
11	0.731809496315903
11	0.8265303591366058
11	0.6837852791830838
11	0.5873364835423555
11	0.4298274125403539
11	0.39249039812372694
11	0.49271835294618566
11	0.49204314972331403
11	0.5637198728757044
11	0.4237357478995461
11	0.5878891594572496
11	0.4540452163570118
11	0.4245513142067233
11	0.8165114007254851
11	0.7541021581897618
11	0.5176862974596652
11	0.6833402898928838
11	0.6978691622258922
11	0.617372737346713
11	0.4374989452732672
11	0.5672969405314706
11	0.7049192767900649
11	0.6753812208448231
11	0.564215083592909
11	0.5148017247475549
11	0.41746277532869375
11	0.6355424987291088
11	0.6085680663847596
11	0.7498804567492157
11	0.8381704941073668
11	0.43286774680731493
11	0.5846815015206104
11	0.5897672734409999
11	0.4590831632291499
11	0.6689706543427505
11	0.6064250816631173
11	0.4815081971001975
11	0.7880361345715153
11	0.6990908650197607
11	0.6418733912154528
11	0.34120404862726683
11	0.7174847103854952
11	0.587049214678414
11	0.44856196935035975
11	0.7422357608106079
11	0.7713350992559065
11	0.5969909831620634
11	0.6592931717335965
11	0
11	0.46188512858824526
11	0.527319425610675
11	0.5248647796599974
11	0.7213185316545393
11	0.43866207218992026
11	0.6851218556849711
11	0.7699623810782736
11	0.5097646496048787
11	0.5316812372460444
11	0.6572493344494579
11	0.570958282404837
11	0
11	0
11	0.6222447899669127
11	0.5987555681680882
11	0
11	0.5498728088451134
11	0.6793201603613684
11	0.5690745905531354
11	0.49807061579545586
11	0.5734076765564378
11	0.6173834618427334
11	0.43341277841459414
11	0.45638480613887605
11	0.6416969595047748
11	0.8413148992386404
11	0.6356735278232188
11	0.4850250760502826
11	0.6405722750800134
11	0.4823611438116113
11	0.5578709317448343
11	0.6289824435574072
11	0.685484936491082
11	0.6232963800063067
11	0.419612896072987
11	0.3959240728210392
11	0.4625707347206408
11	0.7395834642904715
11	0.8053781950081024
11	0.7338667655094688
11	0.5938682733517197
11	0.5530177660046696
11	0.3780661236549982
11	0.7277470600733572
11	0.7465059574547429
11	0.7211032105172795
11	0.5236419201971684
11	0.637545705096996
11	0.5273613626586747
11	0.47571056096882236
11	0.6295387909622916
11	0.8434443420780157
11	0.717323932953349
11	0.7553819079293531
11	0.6145798676707259
11	0.5161735390801974
11	0.6326185274507581
11	0.6065706262287225
11	0.60805043886181
11	0.4069114838250535
11	0.5671982083861663
11	0.6999949201164919
11	0.759105966533786
11	0.6667237469440107
11	0.7986062862713312
11	0.5807279435142173
11	0.6915114748991801
11	0.7982017039504531
11	0.5855411254093776
11	0.47472206144796963
11	0.602642784974502
11	0.4702173162169091
11	0.7483124705506715
11	0.60412788255209
11	0.5485165255742056
11	0.43175246542560186
11	0.6301482961084447
11	0.7200617535643447
11	0.49622071785140587
11	0.6278648762715041
11	0.6793191571820864
11	0.7562589978362122
11	0.5723560505607656
11	0.5140670361660353
11	0.8344857652989729
11	0.6289802310093489
11	0.5689374283352411
11	0.47457788848740917
11	0.4561785081110373
11	0.40688869103163516
11	0.7864677703537352
11	0.3957909396104209
11	0.6064042031141148
11	0.6150630140862198
11	0.431331574276678
11	0.7355808243425098
11	0.4664380743192535
11	0.49537559853349006
11	0.6942402467601726
11	0.47240994530934577
11	0.6457731581709373
11	0.5013487703851728
11	0.6540503528818162
11	0.4479578125732065
11	0.65257858119597
11	0.5342248515461733
11	0.38690791478567893
11	0.6825819584351922
11	0.5002009010572716
11	0
11	0.7293956074076953
11	0.7926031746736836
11	0.659582299995647
11	0.5618225767750585
11	0.5595007724219977
11	0.7560487294181872
11	0.5719548051974115
11	0.4941636098452685
11	0.620010509913093
11	0.6718448322197813
11	0.5284500942237268
11	0.4565701332774522
11	0.527890163347967
11	0.6410485183638414
11	0.5789885113294424
11	0.5812383355492574
11	0.510065149735465
11	0.43222531048161417
11	0.5489437019833978
11	0.7630584121164429
11	0.5774504417414329
11	0.7518684807623482
11	0.6972790191940372
11	0.6986770089074903
11	0.676667610453936
11	0.5547790426665326
11	0.6166856708833159
11	0.6333113381299897
11	0.5499956567572782
11	0.6970491657122673
11	0.32896344583157994
11	0.7283802741580678
11	0.6532571165986533
11	0
11	0.5377073841160892
11	0.52843976378996
11	0.6825004945737423
11	0.7455924909831326
11	0.6628356432815234
11	0.5869234459060054
11	0.8481839474650636
11	0.849068072856624
11	0.6070825560974363
11	0.5741198590947973
11	0.42387023761287473
11	0.6451126229328468
11	0.6384095519131583
11	0
11	0.6897882174004251
11	0.513375344502774
11	0.5905284402450834
11	0.47438324325645553
11	0.7370293148685814
11	0.48369511998738435
11	0.6310337229858252
11	0
11	0.566208699596579
11	0.8032675709206055
11	0.5723511811468288
11	0.6301986022433747
11	0.7494063238413345
11	0.4930761641936096
11	0.723557864083431
11	0.6924293130920377
11	0.7497333948948305
11	0.4744743776610165
11	0.5071509721495182
11	0.5911528077511166
11	0.759364961379083
11	0.5257791008940371
11	0.39598050637942694
11	0.514760679754788
11	0.7983696447479768
11	0.7450025415131437
11	0.4464981548209264
11	0.510092792543392
11	0.6532617849990661
11	0.6201577124328663
11	0.39601910842312743
11	0.6651932711696373
11	0.7874578363889132
11	0.5709132961078516
11	0.7364684600098862
11	0.5234862950209812
11	0.5516089257585226
11	0.6474772865239293
11	0.6219226661978872
11	0.890782381389507
11	0.6122364981651957
11	0.7475798856174104
11	0.5501696026420074
11	0.5153381159057171
11	0.47705344031361013
11	0.4074588763284724
11	0.39847607326177137
11	0.35485667482805805
11	0.6317627688972325
11	0.4176973407657098
11	0.5339559149204747
11	0.6774668116343853
11	0
11	0.6896569651154725
11	0.3680822984247611
11	0.6404737852198419
11	0.6742630131849885
11	0.7625957162528372
11	0.8131108129336835
11	0.7186740036194603
11	0.375391220973024
11	0.78815924292013
11	0.4401175035667907
11	0.7305327794909546
11	0.5573328044784739
11	0.5271345732206848
11	0.28778264538436504
11	0.7309809608308286
11	0.7786748630222544
11	0.5029695846565457
11	0.46123281580739706
11	0.44051010006002994
11	0.6530170281088759
11	0.6731476605428544
11	0.6717681990044689
11	0.6412955211299695
11	0.6293090919550928
11	0.53753757149439
11	0
11	0.4573077974821724
11	0.7146195215048747
11	0.6929188571949375
11	0.5114589524585951
11	0.4529072806099238
11	0.6651743912230467
11	0.4426388063343154
11	0.43824983304023996
11	0.6872206314819366
11	0.5386045193453631
11	0.5919474428601998
11	0.7642650440182186
11	0.7452411490070838
11	0.6933688143962503
11	0.5036015014447687
11	0.37397770884663245
11	0.3598968336819518
11	0.7815842310801873
11	0.655895717304446
11	0.34809614343394696
11	0.7678042772205015
11	0.6861616788459476
11	0.6343350023258563
11	0.5685477696029719
11	0.3827947494434357
11	0.5253450396089782
11	0.5386483509855089
11	0.6624772463399973
11	0.7380609387119581
11	0.567756438514575
11	0.5107491373958234
11	0.6275400989219542
11	0.5087905897614017
11	0.5510255266787116
11	0.6146792792665332
11	0.6845205748532505
11	0.4937081650431116
11	0.4967325299592679
11	0.596519957851399
11	0.7992625765042218
11	0.585753151050077
11	0.4800568627213163
11	0.608252287262738
11	0.40536971162586405
11	0.7088014076510217
11	0.49766748900806096
11	0.6875770289802944
11	0.3245541072234378
11	0.52887388698226
11	0.4370148201192147
11	0.7310914601776122
11	0.6793399452796604
11	0.6102449882951618
11	0.7433430268613486
11	0.6199005000854642
11	0.6615900523951731
11	0.685279210035966
11	0.6009405950673461
11	0.6693201899457346
11	0.7641918322799252
11	0.644033755022621
11	0.540721560808646
11	0.6831465608316095
11	0.6280460443446634
11	0.6180342836500655
11	0.450207028732321
11	0.5561751312405699
11	0.6586275955596834
11	0.5524998133085675
11	0.6410546535366427
11	0.6992128980883718
11	0.6551912446017025
11	0.7212917658413683
11	0.5302623053176189
11	0.5341206459875972
11	0.8040804437268403
11	0.3502525629594653
11	0.49345080584629725
11	0.5867886432493298
11	0.5169197287156566
11	0.3857300285530989
11	0.5245036196963071
11	0.7258345002818017
11	0.6849573636517513
11	0.559259114220766
11	0.6261722041030516
11	0.6272893926353315
11	0.5211635692824028
11	0.4449569246216409
11	0.5577450298869431
11	0.6513420137826519
11	0.578469400931271
11	0.3937404780224186
11	0.7054760649231884
11	0.6212258678134996
11	0
11	0.5856419682872613
11	0.5075622972167569
11	0.5409318777372011
11	0.684063979282541
11	0.7296478932375887
11	0.5894473120949919
11	0.6286720336444862
11	0.488146486907218
11	0.6624053243719975
11	0.5067024382099586
11	0.8012677284468737
11	0.6061398331466386
11	0.7115869757760572
11	0.5335709399307418
11	0.7333343610753846
11	0.5886764952531739
11	0.6469566398267367
11	0.6234838523870276
11	0.5168075123136578
11	0.6849522505105514
11	0.593082398260997
11	0.5453318718224026
11	0.6833810108622597
11	0.7158881997071681
11	0.45701896615586834
11	0.6541875393791169
11	0.4305380912706687
11	0.517596335482459
11	0.5766160463687131
11	0.6383272244821864
11	0.5863766598320285
11	0.7851417012546157
11	0.42170338350616843
11	0.5327621637840596
11	0.3737182376943133
11	0.579052560879734
11	0.6193442864947458
11	0.6292256263105317
11	0.614175234601383
11	0.5688767554118819
11	0.7535692926107327
11	0.6427722266136836
11	0.5183614930434819
11	0.7250193413955056
11	0.6560348731726038
11	0.7389660930341633
11	0
11	0.5810865569595771
11	0.7389406397610108
11	0.5107087633547145
11	0.6532518515351676
11	0.6284440589342575
11	0.5264456848178283
11	0.3880836522626066
11	0.5284647155854724
11	0.4991334496826963
11	0.7745361267532574
11	0.5761466753533562
11	0.6847409445699916
11	0.40593106758226427
11	0.5306682739693385
11	0.6886524852908549
11	0.5190569885024063
11	0.5559630640475429
11	0.5342255393989352
11	0.5656256466887574
11	0.5041292828403471
11	0.6284528483729299
11	0.6257074695525213
11	0.4907616677070183
11	0.6653066762141108
11	0.4542835550488475
11	0.6895166330760524
11	0.6884189515709608
11	0.448246157854261
11	0.49714109776252274
11	0.7732693342593424
11	0.559293254227571
11	0.6265950031969252
11	0.6877016037567394
11	0.6458779983810958
11	0.5867292491428926
11	0.5268007493582624
11	0.5565482202226272
11	0.658429687649072
11	0.5700717394063998
11	0.6635405662808893
11	0.7330335381253165
11	0.5737059664167092
11	0.5702164963910505
11	0.6640177950268688
11	0.6961953590828295
11	0.5321913609401182
11	0.6783290275301552
11	0.6321245095876472
11	0.5401940563832761
11	0.6179046345825977
11	0.5108952063456377
11	0.6345313517105841
11	0.55681862715526
11	0.6018489388946126
11	0.5033258535287028
11	0.4665043411548528
11	0.6566182767624397
11	0.6598217991944894
11	0.5544903432000077
11	0.6315769602511153
11	0.41862764662432245
11	0.36925239219287875
11	0.5943568219583971
11	0.6255738727968773
11	0.7426759740016795
11	0.5823433223763989
11	0.7351278316596671
11	0.7009562281928274
11	0.6118263933429553
11	0.7467808704358752
11	0.5439957914203818
11	0.5939871615819363
11	0.44081296042185864
11	0.6299229518590447
11	0.536355405827596
11	0.6955962643371506
11	0.6482380616441895
11	0.6937485623160071
11	0.588393225758942
11	0.5881499032738752
11	0.5862187173897605
11	0.6120728058907199
11	0.6011900380188384
11	0.4461811659797349
11	0.635745892874068
11	0.595928016289679
11	0.48348942959932584
11	0.7814659362738254
11	0.5355720357657724
11	0.6407177611080449
11	0.6026737147693408
11	0.7840598054793707
11	0.6733785462821725
11	0.6945888114077641
11	0.34095701553677343
11	0.5172858488461913
11	0.6510253802489964
11	0.8169834794182
11	0.5379181984168777
11	0.5860143924589643
11	0.505429117676681
11	0.7560384643387834
11	0.6891041503180497
11	0.6061780867552334
11	0.7034202766397635
11	0.5007407495711825
11	0.7487596851310282
11	0.6438769311495693
11	0.5910712017966022
11	0.7465072097775931
11	0.6847635063981199
11	0.7680125354296299
11	0.5110020627262147
11	0.5538580075245537
11	0.7037074598120184
11	0.5417815034575236
11	0.47089560718827955
11	0.4504054949031659
11	0.7414516760965163
11	0.5725667477265896
11	0.5674143275364554
11	0.4201785805317901
11	0.6172189646415243
11	0
11	0.837171514503496
11	0.6625661833205502
11	0.5686344615827154
11	0.5404763318583483
11	0.6375937402020838
11	0.49129879852522346
11	0.7097534040050811
11	0.5015285803409595
11	0.46583162420352214
11	0.6054612515631873
11	0.8023163871966476
11	0.6214742637440256
11	0.5489704690086048
11	0.47325494059628415
11	0.72278611336871
11	0.790627470607756
11	0.4030951599271072
11	0.6664552458803837
11	0.6806323470417011
11	0.5404991349386795
11	0.5580586374230975
11	0.5034585339300632
11	0.3843778066310183
11	0.7387406349321316
11	0.5954388081585892
11	0.5462540884498213
11	0.7687485890475058
11	0.6414876239231352
11	0.7829833231763361
11	0.55135032231582
11	0.6373432971431906
11	0.5541189432148119
11	0.6798210268269586
11	0.7419943948764545
11	0.6869528559261324
11	0.650375532164018
11	0.6888456756520526
11	0.7248100349671808
11	0.5995799812098243
11	0.4556798851609985
11	0.6070115038444228
11	0.7042021601410454
11	0.765657078307242
11	0.5714191529035868
11	0.6586344897157824
11	0.429418204469663
11	0.7656661024493804
11	0.6529285708813537
11	0.6750160927552544
11	0.5672464210567131
11	0.3636839590354655
11	0.7957393202630496
11	0.591065643263573
11	0.7596005518918536
11	0.4247134287713185
11	0.6230922112882946
11	0.4695008338409352
11	0.4311451352674547
11	0.683072826759051
11	0.5033322701968551
11	0.5261728789753863
11	0
11	0.6506903331677814
11	0.677888500923834
11	0.5461075472812116
11	0.46794487588953293
11	0.4238959005371523
11	0.6248158030088682
11	0.4663863537940305
11	0.6753922711422669
11	0.559320726254496
11	0.580853826909585
11	0.6381629403105442
11	0.6927156962693851
11	0.5735731339658235
11	0.5866818666349808
11	0.5352598655362102
11	0.6985096057966235
11	0.6672634650998663
11	0.7078502461007005
11	0.4810452813453784
11	0.401161731673804
11	0.5972395342288361
11	0.7461473948247919
11	0.5860249935762541
11	0.7819370864866544
11	0.5539116215790945
11	0.5823531771014715
11	0.5951694024866451
11	0.45568602368194877
11	0.5056652558204475
11	0.5305306899384407
11	0.41149313390334313
11	0.6372567225536068
11	0.5975040071357949
11	0.7070139077728598
11	0.4773251998271647
11	0.5307477237966411
11	0.4700307527783758
11	0.6877125844158731
11	0.5567440255157057
11	0.5795793094674959
11	0.6307439707176954
11	0.7175741137772826
11	0.676559398257046
11	0.6379547569283799
11	0.6427825802419351
11	0.40357248241323246
11	0.4470351749595789
11	0.763200364490311
11	0.44582185258024104
11	0.7892839261594488
11	0.45736794367691397
11	0.7504340710592715
11	0.5046748890226723
11	0
11	0.5940233013419547
11	0.5136864123343983
11	0.4677329428258511
11	0.6416334451766104
11	0.5521621927373814
11	0.5703129397024126
11	0.5858155381512188
11	0.6314271641928717
11	0.34419011845144687
11	0.5371659039538307
11	0.6153046950019673
11	0.5977101408658988
11	0.6516894905710289
11	0.5752902273066289
11	0.5732722546217913
11	0.5124896506659221
11	0
11	0.4646926976595172
11	0.6369071256842286
11	0.7426366100924299
11	0.4288898882358135
11	0.4621851526055065
11	0.7123295222981424
11	0.37642259409873385
11	0.4613446839074865
11	0.49431541438946475
11	0.5464322509235411
11	0.427903997622699
11	0.8588097876401277
11	0.6369937757239494
11	0.6250223971668515
11	0.6710668656195706
11	0.46406704043394326
11	0
11	0.5939007391509519
11	0.7249531163701156
11	0.4098608015099824
11	0.6860674119310414
11	0.5449752696823931
11	0.7479030498508772
11	0.6657528617333572
11	0.5570394631146379
11	0.7587534477064968
11	0.4142324748391245
11	0
11	0.7613791978155274
11	0.4764361253713156
11	0.6104582157236446
11	0.6077812128421615
11	0.5486499842936348
11	0.6752949282058316
11	0.6178973460809043
11	0.5030137194124659
11	0.4740873602657585
11	0.5814185707920355
11	0.6008428419949173
11	0.6422084889579749
11	0.5744547304194002
11	0.5588309697104019
11	0.46066042810354313
11	0.6642197814077541
11	0.720939946523233
11	0.6797373400418875
11	0
11	0.5031413890762658
11	0.7055785470727796
11	0.4614957265000791
11	0.5292865802669607
11	0.6049948362159553
11	0.6960419451501825
11	0
11	0.5163388483192074
11	0.6352324049597388
11	0.49434222993256643
11	0.6809207254405557
11	0.6547616151274173
11	0.3893094712291536
11	0.6035527014723822
11	0.46977180051609546
11	0
11	0.7713521977852622
11	0.39065022118476317
11	0.4439821044826551
11	0
11	0.7461096359594803
11	0.5169795732832926
11	0.6499150679656056
11	0.5625852910611094
11	0.7081959254853273
11	0.6098830635053593
11	0.5155156923770129
11	0.5061209997081513
11	0
11	0.6167714394567323
11	0.5265914687529384
11	0.6793415712265103
11	0.3591468854949724
11	0.5387799885141351
11	0.5779443544321555
11	0.5585318056597397
11	0.5570049942487624
11	0.41299862664876114
11	0.5388436530094589
11	0.5566175496902689
11	0.5305472416362981
11	0.6538338077831575
11	0.46456998563211277
11	0.4149530228990183
11	0
11	0.6465015643829165
11	0.6142762508966105
11	0.5274389796867522
11	0.6314495411547107
11	0.7738342710604386
11	0.6368222377798595
11	0.6632039953581197
11	0.49197985908150504
11	0.5798719657723514
11	0
11	0.6568163002096811
11	0.5672302715489398
11	0.7070469771803358
11	0.5603483614526508
11	0.5312972710043434
11	0.617141624984526
11	0.622790317657246
11	0.5652919384781023
11	0.8260279214490841
11	0.5962361116388929
11	0.6151334042537264
11	0.662836234278938
11	0.4231388037678944
11	0.7016497769817671
11	0.7265922153745871
11	0.7535606709298238
11	0.7989353759555632
11	0.6755512160521286
11	0.5342706628454017
11	0.6674023427498262
11	0.5355193798742595
11	0.505862142211343
11	0
11	0.5723529271567241
11	0.6678240998109922
11	0.6166217151780576
11	0.7859745469151974
11	0.758946124100091
11	0.7112416397420647
11	0.40234625768883137
11	0.614789411924757
11	0.7067306534505827
11	0.4446090366152761
11	0.5574566690573359
11	0.3796083507803883
11	0.6040649952765288
11	0.5551506743296617
11	0.5038282628185223
11	0
11	0.712333859756913
11	0.47857010625664487
11	0.67419043677863
11	0.4911128644575165
11	0.49099950172102147
11	0.63546213872538
11	0.423505922865241
11	0.5993756045318239
11	0.5443434829107591
11	0.5559347032475955
11	0.5478398739499688
11	0.4858845122700718
11	0.5988563053795559
11	0.6765789554916875
11	0.5783097757264163
11	0.7031404121480458
11	0.6280797671472976
11	0.7751384740099896
11	0.5897727536731111
11	0.5477635904661755
11	0.7574470840360912
11	0.5600193593368605
11	0.466150239847775
11	0.7842516231592979
11	0.5810979864246165
11	0.58254532366914
11	0.42011128740163617
11	0.47871067388339705
11	0.6008582483466143
11	0.5428053528616462
11	0.5020727839441814
11	0.8669677456514921
11	0.6674232267361302
11	0.6884530028363401
11	0.6113684079063039
11	0.7290546055764474
11	0.3722821943000215
11	0.6822556116418449
11	0.6173022698412897
11	0.5181290914968407
11	0.44386645132902847
11	0.6449008370876879
11	0.5183634278058122
11	0.5520434805172629
11	0.5882136985685592
11	0.5105882310418173
11	0.686902105905141
11	0.8462577447165422
11	0.7102238898263806
11	0.6658485389749829
11	0
11	0.4563179416764518
11	0.6468953896425679
11	0.6336032538116163
11	0.649470603659198
11	0.5367770963120321
11	0.5420883220971039
11	0.5405736006795238
11	0.7623544898132132
11	0.5776346700529297
11	0.5865240053727422
11	0.6269371410890596
11	0.5258487597848921
11	0.43536019161174816
11	0.5654089408510914
11	0.7277966351598346
11	0.5369917672695406
11	0.575066318570133
11	0.463175344402661
11	0.7803609120128695
11	0.8276829917568447
11	0.8539234604944075
11	0.5859792142711094
11	0.5632486983561978
11	0.4663100483228622
11	0.7846533468679072
11	0
11	0.4142646389701723
11	0.5271441697996399
11	0.7147258228385801
11	0.6257115039496243
11	0.6181575004000338
11	0.6233600748456122
11	0.38230060553838735
11	0.5709471544154492
11	0.42697962293033875
11	0.40348857522012405
11	0.5785976103930554
11	0.46578470897797436
11	0.8203972187450451
11	0.6464569163125231
11	0.7078574067841124
11	0.6963506642344804
11	0.7639342192391232
11	0.4725770942175907
11	0.6305469715375533
11	0.5977852416757233
11	0.6069778603189655
11	0.5223567974285181
11	0.5776034757203895
11	0.6014931664034532
11	0.6912002684608826
11	0.854757562951859
11	0.8109891113856346
11	0.5141089462325688
11	0.6659447838689462
11	0.5723801643595263
11	0.49482622866813164
11	0.7694963214088931
11	0.5407877491314718
11	0.5880455526924767
11	0
11	0.3462932145281568
11	0.6450124630588081
11	0.6832429090915368
11	0.44618617482393347
11	0.492715783419979
11	0.6215549758995305
11	0
11	0.4929065384649378
11	0.826056122740105
11	0.652863208969988
11	0.45521745865381846
11	0.516385805885319
11	0.4571701801022718
11	0.7427683650914502
11	0.7307843206162452
11	0.558479161366914
11	0.6472460902188093
11	0.5158603563737748
11	0.5716710858827803
11	0.4664240811319434
11	0.7216008645811965
11	0.5044975253190547
11	0.7808475035133404
11	0.6402656759888282
11	0.5435485467423459
11	0.7697406095869788
11	0.67547284899572
11	0.7078183677025713
11	0.43893643329729565
11	0.5239070358266571
11	0.5774162834812475
11	0.4876847719742389
11	0.6123384771372992
11	0.642982014994335
11	0.5793867428382479
11	0.7892985860033278
11	0.597728764803772
11	0.614956320616612
11	0.637326867831871
11	0.5837747160976473
11	0.7241837358032441
11	0
11	0.49343314564741186
11	0.445357474644576
11	0.5589540747202624
11	0.6658645813551424
11	0.6970267022061185
11	0.5744061617948432
11	0.5329879639168401
11	0.576514664719765
11	0.5703611917320563
11	0.41745529174303253
11	0.9016942775351137
11	0.6553900617997709
11	0.7182484169837264
11	0.4719373501267521
11	0.5694851110359037
11	0.680815450556714
11	0.5475298834822245
11	0.6814360691446438
11	0.61839848213428
11	0
11	0
11	0.642104265705857
11	0.4776315886560855
11	0
11	0.4146146817603141
11	0.5965730956161078
11	0.6715535846494461
11	0.7647619372660515
11	0.5082114556056831
11	0.6404277829520586
11	0.491338656960023
11	0.5156996297358146
11	0.5036660735185261
11	0
11	0.7745026410423075
11	0.6596369697397344
11	0.6679098593628608
11	0
11	0.41950978548498996
11	0.4792705616133887
11	0.5302495983167539
11	0.4610755976615413
11	0.62535853187744594
11	0.46694200964993876
11	0.5129304145111583
11	0.6237971367122535
11	0.6362971403458527
11	0.7946276303813801
11	0.45038295684851304
11	0.6210490745966998
11	0.6211726619960396
11	0.6589101395155859
11	0.5837592607453436
11	0.5638295924762226
11	0.4329191775153759
11	0.5479171269733033
11	0.7398454062369613
11	0.3576776732254582
11	0.5124622706622843
11	0.7456808116252172
11	0.5876633444128253
11	0.6376177454868006
11	0.6482035586484542
11	0.6233024716057745
11	0.46507871292184444
11	0.546863483696626
11	0.5724411635539819
11	0.5202197227876172
11	0.7134305630288774
11	0.6127387617308796
11	0.4621978975293445
11	0.6708839146015003
11	0.5083561463869365
11	0.6493193344453067
11	0.4286375218754169
11	0.6266876451173895
11	0.5596111042214278
11	0.538078886422843
11	0.7003950244289666
11	0.6139140370538859
11	0.6996454945010947
11	0.5378000715480703
11	0.6349067214061894
11	0.427363721268615
11	0.5911754418048462
11	0.6783666081770697
11	0.5716799316561985
11	0.5673232579329195
11	0.5332720794596568
11	0.47748691758586154
11	0
11	0.46699259930536735
11	0.5744673363960093
11	0.4717308402250257
11	0.7393077119802541
11	0.5609665044914036
11	0.39339537948372916
11	0.5508235285313212
11	0.6396467500672571
11	0.469276441600677
11	0.5844090865873413
11	0.6633459252759157
11	0.530394169717135
11	0.5747931657312985
11	0.6298318474471751
11	0.8116842502340438
11	0.6684772222485036
11	0.6574405951506088
11	0.4400799355735529
11	0.4008638742497219
11	0.8100425671507591
11	0.47828436880585723
11	0.7247137059872865
11	0.7221463004112462
11	0.5318162445030715
11	0.37234898484009854
11	0.6669478273063947
11	0.4731492175898788
11	0.45776661162366733
11	0.5349431143061983
11	0.5802731364580443
11	0.7617826686845564
11	0.5990986324976963
11	0.49203668234435877
11	0.7955411487952467
11	0.5786797585310759
11	0.6572787058487239
11	0.44208904426243073
11	0.7807634116125775
11	0.5991219184548079
11	0.4707493286639083
11	0.4780651357777419
11	0.3201082666098062
11	0.5804931342906935
11	0.3324517471065053
11	0.6206276901861639
11	0.5790318017619963
11	0.5518554843187284
11	0.6572679178826545
11	0.592863374882786
11	0.6723549287331313
11	0.6057704256888526
11	0.6306734742510491
11	0.7291830843077439
11	0.4690010759470229
11	0.613615972653067
11	0.5444171491742152
11	0
11	0.6215486807485904
11	0.5911089708941966
11	0.5863275795706095
11	0.6991692292170094
11	0.47462250638318626
11	0.45959316352444246
11	0
11	0.46039064283325487
11	0.4451578922846965
11	0.4097493635989163
11	0.6368868628442927
11	0.5431650448138059
11	0.5450072443980283
11	0.475056058548949
11	0.3863944869521152
11	0.7224577757264692
11	0.4352769540359843
11	0.584630222957097
11	0.7059733783168651
11	0.6361057398984759
11	0.5492064519224029
11	0.77880137088193
11	0.6643853358298327
11	0
11	0.7120168088638431
11	0.6391778749292462
11	0.40740400729947096
11	0.6944116717001466
11	0.6202439681063797
11	0.4981906122862204
11	0.4079962571713748
11	0.5819723555335513
11	0
11	0.6559713877099446
11	0.6162892247556178
11	0.5161552114122439
11	0.5085061058233374
11	0.608474855356256
11	0.7171763274781435
11	0.6147137404790048
11	0.7137006973909203
11	0.5620016795142583
11	0.4763577834801056
11	0.431127889834142
11	0.6497993084587477
11	0
11	0.5236766417125053
11	0.5231079902644554
11	0.547290505286151
11	0.5007001220635805
11	0.38227661839455757
11	0.533726249152526
11	0.6395488238039527
11	0.5203005469035222
11	0.5425007202592228
11	0.7597168101162108
11	0.6434710800207131
11	0.3925520425033107
11	0.647342709705355
11	0.6852211523322264
11	0.4903355274391581
11	0.6336232864668494
11	0.5025851939063029
11	0.6567918526395624
11	0.6767717164515492
11	0.544202581228245
11	0.38219900536637724
11	0
11	0.5835992683151334
11	0.7952987105853776
11	0.8460437155035738
11	0.4334113486414998
11	0.70855648143671
11	0.6445831772229399
11	0.45884833458434626
11	0
11	0.4310173421535286
11	0.5848677859020196
11	0.4424618435249411
11	0.6435701482610936
11	0.640883737065891
11	0.5224467831557483
11	0.6781724306203121
11	0.5233087040136338
11	0.5573420359280699
11	0.6012771153518591
11	0.42586668835373814
11	0.684352944754382
11	0.7028610909892588
11	0.60151516182454
11	0.74529729028857306
11	0.8556841597652342
11	0.6280582794543643
11	0.5803225711527055
11	0.6288915573299759
11	0.45544396227421274
11	0.7275819615509451
11	0.5486246679023773
11	0.43841955182704145
11	0.3835352631297831
11	0.3988974126084601
11	0.494855836099456
11	0.6970771365503479
11	0.517125625233946
11	0.7032347955665077
11	0.7764199737071188
11	0.49772003371654333
11	0.47094479095987646
11	0.5553278984925534
11	0.7481783052808196
11	0.7497636147024385
11	0.517605381060338
11	0.7125776473035335
11	0.39968548225833395
11	0.727096081906372
11	0.4941473403572857
11	0.5107019281720543
11	0.6019054100201505
11	0.6940484549676857
11	0
11	0.3971358656241165
11	0.6770684397171245
11	0.651294495070325
11	0.6789062771014667
11	0.5485251440873841
11	0.6518130067800303
11	0.5612534057208136
11	0.5594828534767177
11	0.6163794384352846
11	0.5655850678143841
11	0.7830713826786243
11	0.46809184803556214
11	0.5067009284875166
11	0.6427925150673688
11	0.6290875129738286
11	0.7297157553496546
11	0.5251997719926228
11	0.43514055321266665
11	0.4732586277894194
11	0
11	0.6238730342337708
11	0.6065857472150497
11	0.4979193080861087
11	0.502185854237691
11	0.6345641648248115
11	0.6453713142935865
11	0.6681054625858369
11	0.5981690056874432
11	0
11	0.6800973384606385
11	0.6130453802483615
11	0.6310107872064507
11	0.6498808977926904
11	0.6536643557267402
11	0.715199710582929
11	0.7974690901788448
11	0.7562281915631016
11	0
11	0.6082840360973734
11	0.6352117072053043
11	0.6643399961867698
11	0.4225909316578804
11	0
11	0.5670784115040611
11	0.3619548250967913
11	0.5549281352280457
11	0.5374905273154906
11	0.6302288882734576
11	0
11	0.4068372115802274
11	0.7437843632996386
11	0.5360649387714835
11	0.7843758426138907
11	0.6017425590771532
11	0.4030581864610322
11	0.7224334040167013
11	0.5821334394679647
11	0.4595402705474524
11	0.7419697979635907
11	0.5264739793921668
11	0.5969714811158092
11	0.5431291766841253
11	0.7436073967118254
11	0.6131733226306862
11	0
11	0.6163164938216542
11	0.5734199632204813
11	0
11	0.6206546245037409
11	0.6989517918141245
11	0
11	0.5557494213553749
11	0.7770474797643593
11	0.692883496618471
11	0.7660399607765376
11	0.3888068420903159
11	0.6219489062236654
11	0.6501806598295312
11	0.4149463444951515
11	0.822942273649909
11	0.7330933564339432
11	0.3620712016506398
11	0.5444670927312909
11	0.7264159207341762
11	0.5466361042873861
11	0.7185213196895118
11	0.648240411682849
11	0.7358717514488878
11	0.5633519465276646
11	0.6600613483863308
11	0.5258351071292723
11	0.7033202519792743
11	0.5413554862884441
11	0.682135655618978
11	0.5154998376547449
11	0.5586973621544803
11	0.662667890756989
11	0.5197021392336326
11	0.7135164118311488
11	0.5730820620816508
11	0.386787742814383
11	0.632468221700994
11	0.6175101278878307
11	0.7547803621386967
11	0.7104529155645236
11	0.6654462761893885
11	0.5815811383581637
11	0
11	0.5984661222402642
11	0.784150167095885
11	0.5551895799116764
11	0.5794706856520321
11	0.5369922660509541
11	0.7812818027820568
11	0.6621205206532796
11	0.7573740840142147
11	0.6421336419691231
11	0.660118768601658
11	0.4878034590426957
11	0.6581855283778005
11	0.4912185667098999
11	0.5272849799071024
11	0.7094141137006322
11	0.4795216720823684
11	0.5658501941745234
11	0.4746573090676567
11	0.6197816020880721
11	0.4291292818084115
11	0.697530907791436
11	0.8160588804938176
11	0.5220857399763155
11	0.6260005414123953
11	0.6021597459666191
11	0.47152424337104476
11	0.4862595416900576
11	0.3717213011277061
11	0.5019248620313578
11	0.627359282258421
11	0.5160034929740278
11	0.5304462735779409
11	0.5750515080558491
11	0.679923454089608
11	0.5477260083026654
11	0.38283368872359397
11	0.37076646791662377
11	0.5676364673111195
11	0.42423417879854114
11	0.6719860157311061
11	0.5129373865598126
11	0.4555997135023767
11	0.39211385727330256
11	0.7482387738111892
11	0.7497499310501093
11	0.7184926235311655
11	0.6216669662686377
11	0.5047916509759336
11	0.630539279937166
11	0.6149406974598298
11	0.5722139804379478
11	0.48779356824785364
11	0.48740829596377827
11	0.4704639504811109
11	0
11	0.6227736252598957
11	0.5753201505285414
11	0.7151249967899144
11	0.587773741219241
11	0.3627296417111911
11	0.7576818703985847
11	0.6879058339546237
11	0.7499415847730225
11	0.5722100411677913
11	0.6931379546882093
11	0.45508464573661717
11	0.6068816646450754
11	0.778418328221476
11	0.5838243778816465
11	0.4478827015015919
11	0.7049114215371323
11	0.4998187043124414
11	0.5306912245332271
11	0.7020929573686803
11	0.6879828706289518
11	0.5955824258935493
11	0.6524402656801002
11	0
11	0.5445777642170828
11	0
11	0.5407157043466555
11	0.5806763354108805
11	0.48922379944356037
11	0.546478012930372
11	0.573955045405611
11	0.7018864285268247
11	0.6482240433504302
11	0.5417717949713865
11	0.5176679545526495
11	0.411884519978266
11	0.6867246246874263
11	0.3445046715813039
11	0.6306367776320849
11	0.669583956631782
11	0.5819128389593852
11	0.5699898883131501
11	0.685671220826109
11	0
11	0.3634607037943792
11	0.6615442501365183
11	0.7083509996927921
11	0.5846206856896708
11	0.6017030100846714
11	0.5939717591752779
11	0.6074661934285517
11	0.7871624657145625
11	0.6503940720570548
11	0.5394464400049669
11	0.5592283446621429
11	0.5865847090314475
11	0.45976479824873384
11	0.4709319397576227
11	0.5180932929953271
11	0.548457796371973
11	0.7279410876716856
11	0.7551413120625093
11	0.7599913877941774
11	0.6507851360504766
11	0.4881111106821453
11	0.7290780786269679
11	0.5429901133356297
11	0.6659038805879143
11	0.6265179632917081
11	0.47761092115568815
11	0.5157824646532139
11	0.5003085651843606
11	0.6648919884913477
11	0.47324173509154593
11	0.37292206331859024
11	0.6833544109215922
11	0.6110386235145294
11	0.6394442734906254
11	0.6403656677628246
11	0.41973870452648626
11	0.5707337212588115
11	0.5255007489128946
11	0.5852210907665597
11	0.5627091334453581
11	0.8030078988586434
11	0.5872670053332105
11	0.7267713615854381
11	0.5449387331512963
11	0.6690370335953482
11	0.39992990229685316
11	0.6823613998274064
11	0.6703989255801841
11	0.5102118306470499
11	0.44031216042250937
11	0.5259438026473165
11	0.5976740716217966
11	0.6025277899515701
11	0.516915854864523
11	0.523979942029189
11	0.4322764442564046
11	0.5178024220510276
11	0.4010597902062086
11	0
11	0.5780832684659999
11	0.650761820002577
11	0.6371310313855651
11	0.7861250544955795
11	0.6049388689412416
11	0.424712170922085
11	0.8376553793704298
11	0.5319337755662388
11	0.6683672414564625
11	0.4759635775619285
11	0.3643812233597716
11	0.3830469191589886
11	0.5756336811199724
11	0.5703534857382071
11	0.3892293819036584
11	0.7090989885095471
11	0.5291248068184444
11	0.6377859635445899
11	0.3992759537684146
11	0.6688935581546246
11	0.6328599862538906
11	0
11	0.6850249751504299
11	0.6560758188540404
11	0.5201444926517078
11	0.7610297865009967
11	0.4653542116687031
11	0.6299030711858041
11	0.5636209427661477
11	0.6657102218642619
11	0.5363840589645493
11	0.5804117505929286
11	0.5916015871096899
11	0.6258564879181443
11	0.6521028559495288
11	0.599860239165944
11	0.5759118502550282
11	0.6268741182786298
11	0
11	0.40713361476943144
11	0.5968283837590221
11	0.6965515959626285
11	0.7074608937978112
11	0.6541323084924654
11	0.4470339960992593
11	0.7151046687550084
11	0.5671434901323857
11	0.7128492202395806
11	0
11	0.6048607259912786
11	0.7034064945549112
11	0.6448211058617597
11	0.6641448238304035
11	0.6396489795700939
11	0.624327562825116
11	0.5895233458490675
11	0.4767724393126256
11	0.753247811647195
11	0.6168337560054176
11	0.5658567618576559
11	0.5622507485936143
11	0.6209438565598475
11	0.5394407840614901
11	0
11	0.6900919495060226
11	0.6247770503246705
11	0.5346514414531635
11	0.7868782287768091
11	0.3285266777208593
11	0.6855864797565209
11	0.4410203159837726
11	0.6270885580580139
11	0.5290011966072703
11	0.7693400593838517
11	0.7373732538602484
11	0.6405785655416555
11	0.5211422059831471
11	0.5689863494715104
11	0.4477267289366992
11	0.6156009460931277
11	0.6345664743570502
11	0.4972748404594181
11	0
11	0.33603662382078026
11	0.6476955508869243
11	0.7156234368757288
11	0.6740705421152129
11	0.6180550723730464
11	0.8110616878985528
11	0.519069774572326
11	0.5105944131347434
11	0.5753066957107372
11	0.6395984108721848
11	0
11	0.6693984305394924
11	0.630455421264045
11	0.44215142214436126
11	0.6118670039840023
11	0.5667537889101626
11	0.5564057333110355
11	0.48987002385883316
11	0.633564748112991
11	0.6171008725190652
11	0.5942486775055995
11	0.5221816780963218
11	0.46364454219791307
11	0.5704313875258471
11	0.731527022159319
11	0.5383917514241364
11	0.5711340480226489
11	0.46609265777509346
11	0.5942265447951222
11	0.45556733820652134
11	0.5201167031111784
11	0.6621576773702076
11	0
11	0.6471123397621891
11	0.634194220845967
11	0.5039619527121201
11	0.5963513634536991
11	0.5266481458813124
11	0.8266441783919415
11	0.648410469895681
11	0.442278945895926
11	0.6412521932567682
11	0.7008119437577229
11	0.641865574897759
11	0.5525325805925396
11	0.7097872487227103
11	0
11	0.5242194159502187
11	0.6994392898887288
11	0.43861448803267195
11	0.5707394746267642
11	0.8236904476186627
11	0.445362791737487
11	0.5280347355476289
11	0.6496235916448673
11	0.6782200495002899
11	0.6729787959328029
11	0.6007854000519841
11	0.47351283882381445
11	0.8086301845497066
11	0.4366764544620313
11	0.4393942011915445
11	0.5495932824375124
11	0.6179896302260872
11	0.7571552353665563
11	0.43542114261001563
11	0.5148461818960145
11	0.776071952179949
11	0.45915258032447104
11	0.6259273999444177
11	0.7504193340720761
11	0.7154538962985261
11	0.39935426887321834
11	0.575792654345346
11	0.3904079151470581
11	0.6766305992068382
11	0.5205101227172384
11	0.5271830445461394
11	0.6431563385345699
11	0.7920263001444785
11	0.6149301658857895
11	0.6463686796472585
11	0.40705556836340756
11	0.6904494608601571
11	0.6856867614089289
11	0.7381722547075841
11	0.4700995642662428
11	0.5760053506713562
11	0.4220438315497413
11	0.6016300994932482
11	0.5596550643471973
11	0.556648851065786
11	0.46753032715883874
11	0.46494026662088844
11	0.7028133141295135
11	0.42196812097828634
11	0.5665190282267762
11	0.5318238325750905
11	0.668502341845959
11	0.5909046962319849
11	0.7746035424893348
11	0.674319305524354
11	0.5975144255805989
11	0.662876285643567
11	0.4573032030267315
11	0.6001574436224081
11	0
11	0.5639698791856931
11	0.5397453604669898
11	0.5343337724281513
11	0.6987768585638138
11	0.5038751876157604
11	0.5335261589963195
11	0.8605549541451343
11	0.7339024958287308
11	0.4773430646202516
11	0.5980128214072721
11	0.6431739242408084
11	0.774547086697156
11	0.6309196339794847
11	0.46296214217184345
11	0.503322911464498
11	0.6017517697184721
11	0.5097912949391921
11	0.6356769823716438
11	0.745135907029691
11	0.6269496476049579
11	0.5420790834718164
11	0.6947413876172857
11	0.7130455095327534
11	0.5844400368162004
11	0.36600313431192366
11	0.7275195004300903
11	0.6899436995993778
11	0.5638869563898616
11	0.7831711695065416
11	0.6563915592584362
11	0.7000539535264293
11	0.4768724288863593
11	0.7602690966917296
11	0.611449314897485
11	0.5202801349547715
11	0.34988335683798644
11	0.5388464817796743
11	0.5470656109087324
11	0.6263914706091278
11	0.5017054622050424
11	0.4639783212760884
11	0.5962226273500987
11	0.5686414673061508
11	0.6019322554547267
11	0.5677927847225801
11	0.626558588253027
11	0.675777215732322
11	0.5330368405769959
11	0.41379793024815453
11	0.5138837948002153
11	0.46091736425889857
11	0.6786316626360325
11	0.5144197907149721
11	0.5187217441360473
11	0.6655664817926448
11	0.5509768085020735
11	0.7480682142568846
11	0.666127610384257
11	0.5679261695557712
11	0.5848635135652467
11	0.6125987975638643
11	0.6192242152227971
11	0.4750385395993589
11	0.577528030906476
11	0.3666110662594938
11	0.6020112720830942
11	0.3616207891113803
11	0.6013370897203404
11	0.7939939690187615
11	0
11	0.6072948689031632
11	0.39318966440963815
11	0.41544088502987897
11	0.6659940046821017
11	0.714658202471701
11	0.5696595561439567
11	0.5778327159426715
11	0
11	0.4303658983213525
11	0.5437624252177918
11	0.7300694932679451
11	0.39229507145597914
11	0.50734247540779
11	0.7466313518430313
11	0.6417589475875539
11	0.47160674676639974
11	0.4942398751281
11	0.5258073142813192
11	0.5326247024253103
11	0.5121879116383034
11	0.5535548566199205
11	0.4412371016523505
11	0.5957340229000934
11	0.7451858485087757
11	0.6894239143665148
11	0.5824627446036933
11	0.4290547115613936
11	0.8078737792448671
11	0.6804233199212727
11	0.6921501260539167
11	0.6484677566621119
11	0.4436693163438458
11	0.610426255582118
11	0.4082860630097739
11	0.5698718979423818
11	0.6354856470736387
11	0.45701975602081196
11	0.6326371843525703
11	0
11	0.5406476204065058
11	0.6855131428808736
11	0.5133166705504714
11	0.710823193101526
11	0.6482030621301296
11	0.6794798019595785
11	0.6377791709613171
11	0.7398431784313063
11	0.5612541731679725
11	0.6873118858232521
11	0.645905912243343
11	0.7946010654013217
11	0.544592092147447
11	0.5137718782894813
11	0.6156767296351786
11	0.6756195576825257
11	0.45580093112584547
11	0.8246433703867149
11	0.5545717255647556
11	0.5178972352777823
11	0.7956299294347893
11	0.4965613648408018
11	0
11	0.6814951796221762
11	0.7346718991974737
11	0.6060471535845062
11	0.5551041291101092
11	0.5444675851819748
11	0.6953242443040669
11	0.55799751806252
11	0.7806101289518548
11	0.6394629952854124
11	0
11	0.6921919741180604
11	0.447364564137463
11	0.47105866941745833
11	0.5417317215388127
11	0.6470988677930205
11	0.4110101508261345
11	0
11	0.5716968543157106
11	0.7544635865924327
11	0.5037895441499045
11	0.6463764298632659
11	0.44161477230630186
11	0.491598417359033
11	0.5512333894323269
11	0.5546498449420851
11	0.4309057350571689
11	0.7981945553121516
11	0.7163673112491258
11	0.6103923887395477
11	0.5123722409597027
11	0.7137136075779614
11	0.6704743533663858
11	0.6802234250866287
11	0.706140494317371
11	0.7303390017784506
11	0.6072229949571
11	0.5943640635376977
11	0.5224201610574147
11	0.7882660626534728
11	0.4511565689728413
11	0.5335944358417976
11	0.3830109260608643
11	0.4260291708986485
11	0.7878690809428237
11	0.6315544557851744
11	0
11	0.6991634633622205
11	0.683004417373119
11	0
11	0.3560527543382286
11	0.5921837070102116
11	0.4749376758850776
11	0.6366677254685704
11	0.7437193950808689
11	0.7828354420873878
11	0.6554045494270863
11	0.4689735993188023
11	0.4899543666642665
11	0.587487023439388
11	0.6997559711301099
11	0.40618417650174937
11	0.6525160611309435
11	0
11	0.5612531709275639
11	0.7769619157686966
11	0.5331676166610352
11	0.535232530249567
11	0.5089496398970885
11	0.5696146980312791
11	0.6453475562635487
11	0.5326985347134648
11	0.598726129281775
11	0.6354243746419077
11	0.7998613420991016
11	0.5240438532047914
11	0.6575570572648537
11	0.6995326289250807
11	0.5851791117721903
11	0.6280600348156903
11	0.6984944274110757
11	0.7286191002172555
11	0.6421665787085817
11	0.6279673833866511
11	0.6660209076541896
11	0.7059800917799854
11	0.7689841148226273
11	0.6674896711048441
11	0.5974679693299376
11	0.7461392027520052
11	0.5327034520583771
11	0.6554503286084734
11	0.6408112480288636
11	0.4432756845081405
11	0.6262514967464899
11	0.6804780524034324
11	0.6643008956674522
11	0.558956756855528
11	0.7651818606147653
11	0.5471106835151665
11	0.6765302699429179
11	0.6469185813732585
11	0.39539238429801915
11	0.4486280334168682
11	0.6489113145136657
11	0.5236007969434042
11	0
11	0.5866316152697063
11	0.7821336365594687
11	0.519960371610033
11	0.5547202726659071
11	0.7587733722027828
11	0.6227628206043287
11	0.4927945887533682
11	0.6277362658685697
11	0.490825983216211
11	0.4174108142353689
11	0.5641057025175695
11	0.6549684746547239
11	0.6022928213954113
11	0.5255633311411104
11	0.5790427709173545
11	0.5575291327780812
11	0.6323751721300346
11	0.6466147850018332
11	0.766618133441044
11	0.532439577692904
11	0.713796176513491
11	0.6122679427786784
11	0.4730227080186899
11	0.7522609524076977
11	0.5429759466742958
11	0.7099381458547094
11	0.7657737577849234
11	0
11	0.5858823851637717
11	0.41867231765382873
11	0.6743980703327032
11	0.6024622606983353
11	0.676023904331646
11	0.4803704278339195
11	0.7131699392658748
11	0.49198933645886855
11	0.6132689693624955
11	0.4845689777192394
11	0.6584013719445577
11	0.6041269873779272
11	0.7136257716338091
11	0.473605073489811
11	0.6110614746830669
11	0.7007914777438402
11	0
11	0.5459789916363763
11	0.45831206115009754
11	0.5698648009900157
11	0.6861455711436153
11	0.655280980700205
11	0.7462920343930054
11	0.49911592053699255
11	0.4277054355877498
11	0.7343761669347859
11	0.5844198037304477
11	0.4994169521839457
11	0.6139213668363134
11	0.34702710437212875
11	0.7199977674631513
11	0.663095346678406
11	0.3815124255613872
11	0.5111688164940333
11	0.38925584379409306
11	0.4117296987650646
11	0.790042089364112
11	0.4181209841077964
11	0.4373741675191673
11	0.5330916986069685
11	0.7007975959232745
11	0.540688526162518
11	0.5804899949196737
11	0.5984100518952513
11	0.5689976440112979
11	0.49307920323879473
11	0.5803173211753928
11	0.4347537170623171
11	0.6994602233605609
11	0.8453723430849001
11	0.5888918963990768
11	0.4985023684189638
11	0.618432452831277
11	0.516894366907841
11	0.612068064621491
11	0.4671726019097525
11	0.8094660463034946
11	0.4138838725454088
11	0.5440898177599772
11	0.6779446811707847
11	0.7496420514795779
11	0.4751430570905726
11	0.5827804197304552
11	0.5092899390938429
11	0.49924075678060587
11	0.5715272751801358
11	0.3449919132215492
11	0.49018801914257754
11	0.7699435921500553
11	0.6090115884814798
11	0.41358500408183396
11	0.7761362554827418
11	0.5277815611638631
11	0.6394561460508269
11	0.5381272849078468
11	0.7164817141653141
11	0.406751726504067
11	0.6922196958175216
11	0.7603293150533913
11	0.5482959121857984
11	0.4461306078084931
11	0.5431317206423649
11	0.5325633212903019
11	0.5889775742046625
11	0.5977169179041983
11	0.590898784753954
11	0.5939722612150116
11	0.6034450327757598
11	0.6688280093414203
11	0.6073143004552827
11	0.5608128326660865
11	0.43006697243393316
11	0.6452001824788054
11	0.4606765538073366
11	0.5035985833223975
11	0.5439099861032931
11	0.5757985115609018
11	0.620682653983512
11	0.7231440007172842
11	0.5574081524001933
11	0.3948973837976009
11	0.5757751052512445
11	0.6172363412708936
11	0.6775746426955214
11	0.7835869398165509
11	0.6435994841655494
11	0.6824912939734427
11	0.590531061748308
11	0.5299836811011716
11	0.5209123651224419
11	0.5861926438506818
11	0.36870050424439604
11	0.5926944911637914
11	0.6474926456401517
11	0.5448620782582945
11	0.5160142575393676
11	0.558408341967304
11	0.4564222021707602
11	0.5245068566090959
11	0.416313371064156
11	0.5644474624884492
11	0.46460097228852343
11	0.5764300946419055
11	0.6693720784579738
11	0.5874171953003313
11	0.5631790059282804
11	0.5089041867465849
11	0.7520702268915793
11	0.776293388770118
11	0.821147960988764
11	0.6970741448127337
11	0.5826793272480201
11	0.6016311667346249
11	0.47402642196262446
11	0.6407894463591368
11	0.40492889634349283
11	0.6177717066003411
11	0.5587972517764251
11	0.362787930123412
11	0.697288909486657
11	0.5868814476565968
11	0.4698088578842665
11	0.691148933138338
11	0.7024787662340924
11	0.38930876002802267
11	0.6947170031254016
11	0.5923366055786349
11	0.3667042946603052
11	0.5358173460861497
11	0.453431556683638
11	0.633267642648579
11	0.5816127991743756
11	0.7068032007273093
11	0.6654110287918353
11	0.6732596920185042
11	0.7736685650637768
11	0.4026812007827252
11	0.3759818425280967
11	0.44444811192098654
11	0.8127309223599353
11	0.5620056563011022
11	0.46919550506563756
11	0.6488341503569375
11	0.5554828094947367
11	0
11	0.519146063401435
11	0.6801617910376394
11	0.4783120299814365
11	0.618122511897338
11	0
11	0.6874141010589923
11	0.7025600380629147
11	0.686665973877492
11	0.5618679856623015
11	0.6306451448419662
11	0.6829489963581129
11	0.5961711636725753
11	0.469032084573613
11	0.590148680919364
11	0.7442680822051397
11	0.6388087530229732
11	0.4930070874714129
11	0.5066391063586729
11	0.6121190241575982
11	0.451110841779999
11	0.538386070881674
11	0.7465940031664889
11	0.6579454159469507
11	0.6874656244059605
11	0.5701326890538153
11	0.4035929613898523
11	0.5040253335974957
11	0.8048664904003483
11	0.636920987792021
11	0.6534534479873398
11	0.6129976615745516
11	0.48587251770888606
11	0.5463589774026745
11	0.6908899780777875
11	0.49884079740914483
11	0.591634945949624
11	0.7811160552922617
11	0.3757646631002544
11	0.5813065879456447
11	0.5078096393485626
11	0.8254945220204867
11	0.7134960027116848
11	0.5803846453049526
11	0.6559369160915243
11	0.4367106445165106
11	0.4779261536191229
11	0.6121653758686115
11	0.8211204259531816
11	0.7144568434344578
11	0
11	0.4307347253006421
11	0.3566666492863865
11	0.5423330993701905
11	0.30285092114941486
11	0.6292501571748248
11	0.6324974961791757
11	0.6485327084351641
11	0
11	0.6980522351393521
11	0.865270599541095
11	0.5636395287813529
11	0.42468279354529176
11	0.5485177494356032
11	0.5226924488346567
11	0.6583204719469735
11	0.49708411266452396
11	0.7787166348027637
11	0.5702294651839048
11	0.3696671668345791
11	0.574268709983748
11	0.6192012011986067
11	0.7363422780281931
11	0.8388565537606318
11	0.4763759139778885
11	0.5364483125447936
11	0.6608601329803528
11	0.4877629768346018
11	0.3488528237206597
11	0.775472729362298
11	0.6962727063872721
11	0.6933641586254838
11	0.4554212482096473
11	0.464113796696298
11	0.4263167556226117
11	0.6353000632105262
11	0.8059572575019986
11	0.6215752302642549
11	0.7449378599414034
11	0.6911988393487819
11	0.5089166890121287
11	0.4711930166085711
11	0.37096767892293075
11	0.5930601474326451
11	0.5816098489653411
11	0.5298402024884825
11	0.5147859641758161
11	0.6548543200573032
11	0.49608584382820553
11	0.5067150124946477
11	0.5903325151255108
11	0.5362266749619529
11	0.7503344375324319
11	0
11	0.4117507629122529
11	0.49414370762809456
11	0.5585007479929374
11	0.42097014974649216
11	0.6519396358967866
11	0.6669999007946689
11	0.6792329311617054
11	0.5144497805739474
11	0.6389345228491702
11	0.5525410946203112
11	0.5445886692869608
11	0.5100029910407874
11	0.5805442770394816
11	0
11	0.6527879387050604
11	0.6752023172110383
11	0.6958137181650677
11	0.5494985791122469
11	0.6001190112583551
11	0.4691737732062579
11	0.5351307554669739
11	0.5616782180421186
11	0.7622258923667107
11	0.5220314151572462
11	0.4910297776273082
11	0.4815793164390225
11	0.8251147727643451
11	0.585270649076719
11	0.5677462049429353
11	0.5761375030959526
11	0.5717008603341488
11	0.7548015589123901
11	0.7940990135085485
11	0.5559274181352046
11	0.5851288490322701
11	0.5630501418218556
11	0.5925661870843665
11	0.7794288511512565
11	0.4417137599979561
11	0.5995918152686313
11	0.8179811138781173
11	0.665815749441614
11	0.4255284214856041
11	0.6053351474987597
11	0.40358296015820766
11	0.4390264576972351
11	0.5938165741614108
11	0.7248880797148569
11	0.5141282132733329
11	0.7430145258539179
11	0.49527729113313523
11	0.5772914404984183
11	0.6610452166309843
11	0.7584594826028065
11	0.5436383858977838
11	0.3317835523455664
11	0.4451575461115194
11	0.6098811256806902
11	0.43930793974261895
11	0.8159273766346699
11	0.7786938962503933
11	0.5231240742423569
11	0.4825879875764388
11	0.4525408377796081
11	0.624258120509742
11	0.840151003228694
11	0.7181514775088175
11	0.8131776018978966
11	0.6350235704006105
11	0.48964529277304664
11	0.5745444693303604
11	0
11	0.6892849823413743
11	0.49217612882368184
11	0.4057427357260615
11	0.5589217498164413
11	0.31337589608223965
11	0.6669040040499303
11	0.4343958153071682
11	0.6550937841851628
11	0.7297707722562398
11	0.6186801493946293
11	0.6508985906921212
11	0.5367037369277973
11	0.6215455505685495
11	0.6018748586944634
11	0.4118097620728746
11	0.652478423239838
11	0.5976881180794992
11	0.5691286450624774
11	0.6224871167071969
11	0.7491231426900246
11	0.7547657646810237
11	0.5832465506414666
11	0.4369190855105908
11	0.4177857052932636
11	0.457389184557991
11	0.3889176291045012
11	0.6164522152462958
11	0.7257082266385491
11	0.4301834098064258
11	0.8086198816368743
11	0.5755628982387614
11	0.5409325203595933
11	0.6699416839633838
11	0.580186002637427
11	0.6125506023249846
11	0.5248132242413386
11	0.43690066517172543
11	0.7136089360002653
11	0.6191287342636553
11	0.7220660437001436
11	0.3940383084462628
11	0.46978297023096866
11	0.43622853463154626
11	0.5763115573122707
11	0.6913843378933341
11	0.3855713468446182
11	0.5414222800707176
11	0.7253594585534061
11	0.6074956888034535
11	0.5957190231722769
11	0.48596665995540733
11	0.7043590555468987
11	0.5784627150776306
11	0.5041934179068424
11	0.6321091846194354
11	0.5873241499397317
11	0.6372193322486162
11	0.5963979507634314
11	0.5329672601222339
11	0.8288663987708088
11	0.5435594433826064
11	0.6223795553685151
11	0.565000208584383
11	0.548803094584345
11	0.5920745355630854
11	0.45205203541930455
11	0.5810652217744393
11	0.7036355579531757
11	0.7756198145845995
11	0.4701640374058463
11	0.6505860134644651
11	0.6403777071912753
11	0.5750302010805796
11	0.3972347156220841
11	0.6245922693165038
11	0.5005009720037097
11	0.6610179747458397
11	0.5445115228448542
11	0.5531589464768963
11	0.5178720302926982
11	0.5540634410912698
11	0.45020817368040306
11	0
11	0.8065795589659754
11	0.44385420720968716
11	0.6596475937137669
11	0.7004498016682481
11	0.4956897444007563
11	0.7078742715964159
11	0.5741532003981391
11	0.6489555558824509
11	0.7191392649460628
11	0.5550777522796017
11	0.6316404490982026
11	0.7127371187068056
11	0.6660514888682608
11	0.490817660659993
11	0.6083059244480058
11	0.3124252277778138
11	0.5864273907874941
11	0.5751280893576672
11	0.4525996523510675
11	0.6391517015768113
11	0.6250743569730898
11	0.8258091334080723
11	0.5027753287736519
11	0.6543606733488314
11	0.8372456681031849
11	0.6251203945672118
11	0.4246752313782376
11	0.6409593327626867
11	0.618180661797072
11	0.7217855450487164
11	0.5562407064465587
11	0.5765220577979109
11	0.6636954657233759
11	0.7728993657626756
11	0.4701031031334819
11	0.5255715189299268
11	0.6518363581113851
11	0.780360614347193
11	0.44063545101077667
11	0.6340862890023932
11	0.445830661065252
11	0.47254664297804083
11	0.7608212430802387
11	0.6448094498580712
11	0.7787405094662248
11	0.6895276342411766
11	0.6716960939028852
11	0.7119514881559958
11	0.7959063845146651
11	0.6333951696442147
11	0.5558009505885086
11	0.7808868740129568
11	0
11	0.6691890103448881
11	0.5953230166776275
11	0.6529046525360753
11	0
11	0.527742902472929
11	0.7598324576559815
11	0.6223306675344829
11	0.6339846546212609
11	0.532124292359677
11	0.6850775879841368
11	0.7367623891227183
11	0.4630916803799078
11	0.67004558739184
11	0.6236081029882183
11	0.5954495139821606
11	0.6911633773954364
11	0.5991679523836205
11	0.5288540283808972
11	0.7173591993182389
11	0.45142624718916347
11	0.6151113800453848
11	0.4428049989643219
11	0.5142463562240625
11	0.6216851580754678
11	0.7478695772920066
11	0.6120820822357421
11	0.6151189981006031
11	0.5075824864069002
11	0.6706669117326038
11	0.6185650212116172
11	0.5324347168951935
11	0.4008233579292539
11	0.7802736985694867
11	0.6317853244976082
11	0.6232723625844636
11	0.49220448089706836
11	0.48070689080634854
11	0.37891362188109806
11	0
11	0.4787328286472946
11	0.45995370319653606
11	0.6496117883933437
11	0.6923152339288362
11	0.5962054145634383
11	0.5405418144067218
11	0.5368483360821219
11	0.3943345707476471
11	0.6313480042863069
11	0
11	0.6170408758228697
11	0.5078577808415718
11	0.4112368036788962
11	0.7760507122090972
11	0.7007981918403182
11	0.503855171730393
11	0.6122682959012598
11	0.5798620781786279
11	0.6511236203624584
11	0.6985835178146779
11	0.6842097288644237
11	0.5719697102861586
11	0.45837320978298773
11	0.7666441262274871
11	0.3894700686266768
11	0.5879010393734562
11	0.4530061536489909
11	0.45697918639426816
11	0
11	0.5474687939378012
11	0.6807884435875254
11	0.5715154034377034
11	0.6627517891485086
11	0.3448773961455567
11	0.6634246014765403
11	0.5409324461313334
11	0.6524910476245694
11	0.6394599798740601
11	0.712044812366319
11	0.6275682701353711
11	0.6579717493132196
11	0.5441293548984484
11	0.5898029693892359
11	0.45399909893310386
11	0.6215205987319344
11	0.43415947275009853
11	0.6201321809708065
11	0.6555116838130173
11	0.6559969158818492
11	0.6377206910068728
11	0.6390659950976544
11	0.37204884942488947
11	0.48290673028408854
11	0.5281763273313241
11	0.5285806856239768
11	0.6930238026562996
11	0.5075787853073246
11	0.7650710468516132
11	0.7899894183552437
11	0.5336942777954432
11	0.4648069260621725
11	0.5946812884316728
11	0.6341878585620235
11	0.6193763428086134
11	0.5879593161628723
11	0.692785926238355
11	0.5810064031419275
11	0.5635198204957743
11	0.5628680783985976
11	0.7006052775422383
11	0.6327090702957243
11	0.5821468248872065
11	0.6170478896518434
11	0.6575687682788018
11	0.5492160389567373
11	0.6050439012164359
11	0.4209334395932426
11	0.4936757840404164
11	0.4099643914439836
11	0.5816493546837279
11	0
11	0.7197389275475622
11	0.606097146018953
11	0.6333646854074595
11	0.5372778707578054
11	0.6656126961899659
11	0.5474478084633384
11	0.560623556252142
11	0.5294281911930653
11	0.6090403860128214
11	0.617763546408265
11	0.7450824172286998
11	0
11	0.7724831493012245
11	0.6825663467299312
11	0.39110172937991333
11	0.7655299190457012
11	0.40452453965208063
11	0.5698594748344284
11	0.46777975320375725
11	0.7163677345577586
11	0.5898120376679308
11	0.6741158879261995
11	0
11	0.3440330107656892
11	0.6163978662515216
11	0.664505787552232
11	0.5227665208272873
11	0.4212174933887678
11	0.5797381325409141
11	0.7056366927672179
11	0.5920128257558029
11	0.7510990360217595
11	0.5094421106113683
11	0.6610982351979253
11	0.5667387827832023
11	0.7179126079483965
11	0.4095637105714184
11	0.6456736842040699
11	0.46940200513506947
11	0.6491981765600685
11	0.6005218967862093
11	0.6171779365362308
11	0.535473078874156
11	0.4045849504567894
11	0.5668262010407031
11	0.6945073063946644
11	0.6645087053081153
11	0.6689345295856818
11	0.4530893445694235
11	0.46281978142401636
11	0.38782382366169543
11	0.5725356705280693
11	0.4904458136862764
11	0.5162164183131286
11	0.6039063338257505
11	0
11	0.7432342927067039
11	0.6547523384218078
11	0.7160475768180831
11	0.6478122049257915
11	0.44757912999972793
11	0.5240916597612825
11	0.7949897070760571
11	0.8338752647080264
11	0.569482571218006
11	0.4453219952918904
11	0.6010633445415435
11	0.48293573121853584
11	0.6732871922093505
11	0.4981251111217018
11	0.5484472193677596
11	0.48230780120859434
11	0.7450141605225029
11	0.49619164762611884
11	0.7927003037972924
11	0.528317815203859
11	0.5803712427635076
11	0.43464617105791414
11	0.4657094470833309
11	0.6090908786805965
11	0.5986703948961869
11	0.5697701494880206
11	0.7839855745972691
11	0.5282344642879605
11	0
11	0.535419957845651
11	0.44038103630979863
11	0.6318554707530715
11	0.725309295417281
11	0.6142019653939772
11	0.54661116450328
11	0.6160040228109018
11	0.4079186812784815
11	0.801212564660634
11	0.5903501896027558
11	0.6383249941762215
11	0.5120886946387722
11	0
11	0
11	0.4253229955316896
11	0.5937742011572291
11	0.6405218358931586
11	0.7677584022961479
11	0.6497843207044497
11	0
11	0.3516422516907681
11	0.5673874427754764
11	0.642712888152826
11	0.5403139089124547
11	0.48722537923722514
11	0.7007721765058622
11	0.42803480308167363
11	0.7383773172146022
11	0.5828980255457124
11	0.7080377303695622
11	0.36043174489423657
11	0.5870640714749387
11	0.6686760423434986
11	0.5969481430222924
11	0.49766237637367666
11	0.5237979059353299
11	0.42837433047254
11	0.5357267702812955
11	0.4311883914249111
11	0
11	0.6792293381797132
11	0.5277985910255147
11	0.5524429270042195
11	0.5706282785394773
11	0.7321349240954685
11	0.5233050313760594
11	0.5297423110158327
11	0.6681479151867097
11	0.6777068905552944
11	0.3963205572707758
11	0.526475434253894
11	0.6880190090306405
11	0.6885126579644691
11	0.6429509684884422
11	0.609414493511882
11	0.8344267760574648
11	0.5907385885647208
11	0.6659034697125825
11	0.5627686532114705
11	0.735261986647027
11	0.635977775006735
11	0.7464153247150486
11	0.7143601287751143
11	0.6547480029616001
11	0.7429229198514551
11	0.6064973261908715
11	0.7243319368465484
11	0.5734476043296902
11	0.5619804537931107
11	0.5455477083610645
11	0.6033398213946346
11	0.5478404495421888
11	0.5970160846386824
11	0.5349829485536279
11	0.6254163206447089
11	0
11	0.7796435527269158
11	0.677351290029275
11	0.4371409988395723
11	0.593928580279321
11	0.7094964123986971
11	0.6793102663836129
11	0.6258126240285428
11	0.6017300688157446
11	0.5011086952920014
11	0.6240083588949199
11	0.7171962265828059
11	0.7851146320287201
11	0.6554439905279181
11	0.7024219855662704
11	0.561647534923274
11	0.7318312808006332
11	0.5709008712320831
11	0.6684149270354529
11	0.7137511918940208
11	0.6891187091139459
11	0.3414526215784946
11	0.44757484025213223
11	0.5534395267538231
11	0.42732111890225233
11	0.6189072743683187
11	0.451267310227821
11	0.6467878715738041
11	0.6273719304220626
11	0.6511890624623395
11	0.7187218357388951
11	0.6919846521905139
11	0.6122596132092026
11	0.5004751713618127
11	0.3509683459593632
11	0.6708409070811145
11	0.6500742580498836
11	0.5410176578933432
11	0.41525606823915207
11	0.6700438735851277
11	0.43549089999018925
11	0.6823748510991832
11	0.597615683523268
11	0.7933485253158942
11	0.5771885275138084
11	0.6227694791622991
11	0.6082587201350976
11	0.638742401836199
11	0.729394271890677
11	0.5285116229137162
11	0.7328642743670295
11	0.6402983059096322
11	0.520673919178936
11	0.6541520612562424
11	0.7287561067118177
11	0.47076651520347
11	0.5988543348856031
11	0.583063248181397
11	0.4680743494592858
11	0.571455880031402
11	0.6361054338560866
11	0.45635426097005777
11	0.5569239786198503
11	0.7210794225215326
11	0.5712383524509774
11	0.7503049520934988
11	0.6079169892964373
11	0.4808785796567501
11	0.6085084047952025
11	0.5604330808086726
11	0.6681198476081159
11	0.503757479097965
11	0.8174398615451128
11	0.5906591316856701
11	0.6983417782083758
11	0.3942694027482381
11	0.4822562235697142
11	0.6067319870493583
11	0.5762306696673122
11	0.6335075383402016
11	0.3786326323400579
11	0.3802814547472181
11	0.36175570281184743
11	0
11	0.7546428616930526
11	0.5884552549685401
11	0.5249664847241688
11	0.41421387668718623
11	0.31203583218535086
11	0.7021735531824486
11	0.6871086661057808
11	0.750650489582095
11	0.509582006282469
11	0.5193006836244586
11	0.49094455877492293
11	0.775204681411685
11	0.8282874937537354
11	0
11	0.6995908229508957
11	0.46531755812899456
11	0.5500922424716348
11	0
11	0.7133226008173392
11	0.6082040017642759
11	0.4597622793314051
11	0.7913404104558893
11	0.6471359808231192
11	0.3900869295555675
11	0.4271864211997452
11	0.4304342137133353
11	0.4803418395838134
11	0.5442117650489461
11	0.43464630636113877
11	0.6522289365607815
11	0.4780057729950901
11	0.6752187919809308
11	0.6512356266246976
11	0.5671018624392551
11	0.658008219680573
11	0.5350016759425366
11	0.44448984569115635
11	0.7582684805973033
11	0.6173294635630903
11	0
11	0.7079308345864801
11	0.42754398314760106
11	0.5606437380615178
11	0.6222362367383802
11	0.7141191162978284
11	0.6466897638670899
11	0.7608783680303244
11	0.7136428442562696
11	0.6871741999531406
11	0.5221576510560543
11	0
11	0
11	0.6698589164089818
11	0.48893142158790187
11	0.4303785645741065
11	0.789536744263483
11	0.611418940145235
11	0.6400520543473118
11	0.6008340224573141
11	0.6572742914075056
11	0.5374265624496262
11	0.390203788401429
11	0.6183135636495044
11	0.6166184707118114
11	0.6032672754843407
11	0.48813227310331037
11	0.46451568720081265
11	0.5377906905822235
11	0.6570623512445475
11	0.4768797270792239
11	0.4326062768296497
11	0.5749244960820716
11	0.6197178946596249
11	0.6696501469923891
11	0.5122166356000661
11	0.3563902714220885
11	0.7062224725376457
11	0.47741070560352566
11	0.7119140188291333
11	0.6415177882162681
11	0.5906785756326727
11	0.6400786758996336
11	0.5373793679844893
11	0.4388200681504981
11	0.8201769091061613
11	0.49382115092576206
11	0.648921077215232
11	0.44007786822645045
11	0.46301028043885456
11	0.6703558616341936
11	0.6479563743146547
11	0.5414871662574092
11	0.40876801363835863
11	0.6263828387104796
11	0.5908618201119727
11	0.5176693378102563
11	0.6853634063293809
11	0.4049737108107364
11	0.6242193235029995
11	0.7777821625134769
11	0.3396511245901108
11	0.656965597256321
11	0.5813652431337901
11	0.46262585714695553
11	0.5392688784176939
11	0.826535779398877
11	0.42713964001898413
11	0.660946743957176
11	0.7743973682852932
11	0.8233678607981881
11	0.6908335879745221
11	0.6616504645939595
11	0.438155086498931
11	0.6745527522587428
11	0.5605305433715628
11	0.4343949723825083
11	0.5593473467175479
11	0.6609213992920723
11	0.6596243037848909
11	0.8133552316182495
11	0.5699701141447892
11	0.780949506343415
11	0.5079659566171923
11	0.6124691825750952
11	0.4152520493569176
11	0.792349859612281
11	0.4829280418859743
11	0.5028169035981569
11	0.6097948166072193
11	0.7207002830155843
11	0.5961136618293892
11	0.7708279516288553
11	0.41833206314854726
11	0.6599230678184439
11	0.6881804426540452
11	0.5922148974158994
11	0.6292054572672635
11	0.5163444294026475
11	0.6376478675713992
11	0.40122828316472386
11	0.36343963027527254
11	0.6267596310528992
11	0.38568870787257964
11	0.5975415962330011
11	0.4793527652300996
11	0.6595337340292123
11	0.7086411719147451
11	0.5969334349395083
11	0.509048345751066
11	0.685228439022554
11	0.44688006537880715
11	0
11	0.6682771301806241
11	0.5419577385037636
11	0.5503344675842239
11	0.5893374259630739
11	0.6170794881833018
11	0.4738262590764281
11	0.6865302207921555
11	0.7054899391240187
11	0.610393756241622
11	0.45361667730922356
11	0.7700708849422112
11	0.6725737088294327
11	0
11	0.423015466765445
11	0.7238565173177798
11	0.5840292612577117
11	0
11	0.6761981709971657
11	0.7274723041993917
11	0.6329041142535684
11	0.5281881744456894
11	0.6595735085311311
11	0.676457789584282
11	0.5000584786625104
11	0.650407179393462
11	0.5387271947942549
11	0.5800436895557336
11	0.6690945889470596
11	0.6544607928362118
11	0.578591000280336
11	0.6421135928875087
11	0.5918334298864356
11	0.4582355283638929
11	0.6107103477401339
11	0.6109961493579698
11	0.5692548862564808
11	0.6291294181670338
11	0.6082545750272054
11	0.6367065612781018
11	0.5624871492081974
11	0.33538543726959635
11	0.7275600107554716
11	0.6586571281108626
11	0.56074672781639
11	0.6711876738487498
11	0.43713229406490317
11	0.47406815789583434
11	0.6772416410137494
11	0.6861031734080759
11	0.8480443898459763
11	0.6644705014489931
11	0.5049856661273411
11	0.5986196123890782
11	0.5124047146314555
11	0.6405542397602745
11	0.6251329286342235
11	0.559065434335507
11	0.5858855780301725
11	0.7395707575101108
11	0.6326890983299459
11	0.5268609733098907
11	0
11	0.5687414886519718
11	0.6337248727182481
11	0.6077514468467333
11	0.8159139017632382
11	0.6639236586470177
11	0.542841710938049
11	0.6213433976780501
11	0.5379747814152455
11	0.44124047712487746
11	0.6664046723585414
11	0.7589306979403468
11	0.6003115658902413
11	0.6118513106896243
11	0.7278521034040587
11	0.4375988329722067
11	0.6455475018083041
11	0.7095832930655163
11	0.6209428866336889
11	0.42834019015717467
11	0.7146568558474015
11	0.49056081997019274
11	0.6703041539217336
11	0.7726006169179764
11	0.48656644547813693
11	0.3274911862491405
11	0.6211807951688335
11	0.6340092478755327
11	0.4475719646215905
11	0
11	0.40921750074456775
11	0.6903432312012592
11	0.7508028531304063
11	0.5633352879911765
11	0.4762963801726369
11	0.6080541466190749
11	0.7313605779040625
11	0.5894589857258588
11	0.4192531928569049
11	0.7462143632281971
11	0.6940195450615082
11	0.42622222136195115
11	0.501108029417663
11	0.5605728801409631
11	0.5312140335142288
11	0.6205537401258325
11	0.6855648400194408
11	0.6495779879505525
11	0.6426518991750537
11	0.5702106391063971
11	0
11	0.6283876577899352
11	0.49836498877172813
11	0.5004335746551036
11	0.7105513368243604
11	0.5051684085277137
11	0.5017337499874098
11	0.43656509735660803
11	0.4521565142831059
11	0.5953479698206421
11	0.6901830652203781
11	0.6958907490593099
11	0.44721316600325167
11	0.5658287444757066
11	0.7790036941520283
11	0.4210988375967315
11	0.5760154624525621
11	0.5574046075279286
11	0.5009341444721527
11	0.6500609697081898
11	0.38864201596660775
11	0.6884957183748093
11	0.568467255245617
11	0.5258868510063168
11	0
11	0.6241335170453223
11	0
11	0.6277987924908751
11	0.6211470245303771
11	0.7066117483827603
11	0.6204143648569618
11	0.40483933915379744
11	0.5484099427192866
11	0.36330039877906545
11	0.6904321411937824
11	0.5889218543889907
11	0.6545148238426858
11	0.36378004969727207
11	0.6666148779932107
11	0.6187155830497604
11	0.5706994965883069
11	0.7687275589262099
11	0.6665105908740726
11	0.5909023626904769
11	0.5277421535998661
11	0.6721315176311748
11	0.696454538661833
11	0.5017663397389609
11	0.467795111584442
11	0.3742949614363169
11	0.5937938597107457
11	0.644470620078171
11	0.7450492316004023
11	0.43065672665097615
11	0.5681798348637944
11	0.5103921235483903
11	0.5529349525068737
11	0
11	0.7189932832881647
11	0.7356285016398975
11	0.7294441911045553
11	0.5627925253117462
11	0.6055308648521962
11	0.4948706422781259
11	0.5627242782064248
11	0.31567545181395
11	0.4393500197533447
11	0.6662803586152559
11	0.6958345399994348
11	0.7193284909200189
11	0.605973496218335
11	0.6188570303359374
11	0.5264332621903716
11	0.6671057218836377
11	0.6694916117591809
11	0.5993094640881289
11	0.4198205089687956
11	0
11	0.683636136035827
11	0.45131416141094194
11	0
11	0
11	0.5072722646175002
11	0.69132934359412
11	0.5749587434507379
11	0.35006690621936526
11	0.7625664334975389
11	0.6818460166900545
11	0.60637671273767
11	0.5983045979290984
11	0.6320208154277269
11	0.5684822326354448
11	0.7042631312182279
11	0.738611884911015
11	0.709941372500797
11	0.7720248224663472
11	0.5204632745197246
11	0.7300062920280166
11	0.5693929313914236
11	0.5333774243768556
11	0.720999584362125
11	0.5042655913484374
11	0.5289622837964287
11	0.4263319781819115
11	0.6664653628785683
11	0.4862586125714697
11	0.7458071636064498
11	0.7253165532422271
11	0.6495636101486878
11	0.7202788924015178
11	0.5013919248682518
11	0.6650092544752777
11	0.6886103037221152
11	0.4247535896811516
11	0.6191352431132058
11	0.732153114689839
11	0.7505787098281556
11	0.6528622547596201
11	0.8200645933458047
11	0.6206903059499259
11	0.6459899072084678
11	0.40212598962557683
11	0.48602221001510254
11	0.6721371102875674
11	0.779060319205431
11	0.6582120554501124
11	0.7767692336200288
11	0.5940528685159422
11	0
11	0.5838914247482567
11	0.6239315000505296
11	0.53529387154401
11	0.5333161271089514
11	0.49975097866268287
11	0.46898954837605
11	0.6329659816739279
11	0.806441743847644
11	0.7054650845507467
11	0.5815453380820433
11	0.4379508306881096
11	0.570408251262792
11	0.7617720509681591
11	0.6519781652144226
11	0.6712482175621663
11	0.7545498147016199
11	0
11	0.4899696084435379
11	0.5946511415092376
11	0.5579776671515151
11	0.666057522156991
11	0.6078507656885465
11	0.48464481572634804
11	0.5403402942276827
11	0.6975962028451033
11	0.6744246951900563
11	0.6443274480506499
11	0.6646494998542328
11	0
11	0.5483100037200815
11	0
11	0
11	0.7354970235107264
11	0.6265790222804966
11	0.7417270335863873
11	0.5333318402919652
11	0.5330069878142586
11	0.6326095219952266
11	0.7560220166511474
11	0.7624329810909047
11	0.40607527960834394
11	0.7297754171406423
11	0.6376064951493434
11	0.506114428559088
11	0.6511027654438772
11	0.7744213079394782
11	0.5809966162261796
11	0.6074456699533644
11	0.6667966110564291
11	0.7393391225432501
11	0.5057720867639556
11	0.5016180010437311
11	0.6819769533339574
11	0.5821577404517689
11	0.4904563372181537
11	0.5846602757181478
11	0.5658758517250739
11	0.7698872970381855
11	0.6497957583404791
11	0.5063070595471614
11	0.6535746854795775
11	0.4075260154036124
11	0.4899816728160288
11	0
11	0.7129417678298544
11	0.7118743870363307
11	0.594056274951732
11	0
11	0
11	0.5407907326506676
11	0.4899743760747991
11	0.5056677456449176
11	0.7719743384200559
11	0.4920521635709527
11	0.5278072301083183
11	0.6175471623167997
11	0.47732189819534265
11	0.6273136163574629
11	0.5101606209855805
11	0.6361560225184776
11	0.5935136961539964
11	0.6156972363990217
11	0.4933859039541133
11	0.6307581747630777
11	0.6651409039376919
11	0.6051972973235399
11	0.6900316212092148
11	0.5421275922495444
11	0.7820835169188382
11	0.5139248800989499
11	0.6457085765397946
11	0.7679219489102665
11	0.5876410951023276
11	0.5793375567147341
11	0.7719832880056559
11	0.457979660484628
11	0
11	0.4148129899045555
11	0.7348882608623407
11	0.6843717263086362
11	0.4492815410591245
11	0.5572580247368567
11	0.527553745386337
11	0.7304711605555101
11	0.6060206560186747
11	0.6346795485186626
11	0.6034866903904934
11	0.5972544222319107
11	0.7509066994671753
11	0.6017920792912305
11	0.5514952852476525
11	0.41943206616788603
11	0.7691751621280635
11	0.7044879397999526
11	0.5230989472585333
11	0.6382959679350857
11	0.5810291115240585
11	0.5221364163497738
11	0.7776355573196697
11	0.6011356280059053
11	0.5418927552906021
11	0.5868617700202989
11	0.49476401318620217
11	0.6386976988475241
11	0.7123713350759128
11	0.4994005191726015
11	0
11	0.6574677611394879
11	0.5393767537981882
11	0.49681051939359727
11	0.6704731233944593
11	0.6238585053175054
11	0.5017284923853771
11	0.62945098818201906
11	0.6638100231154347
11	0.5638166929694701
11	0.5148274107199957
11	0.515679608758659
11	0.6284004055577739
11	0.5913547949741774
11	0.6951480881140139
11	0.459562653600785
11	0.8034605683768588
11	0.5385235094633447
11	0.7499280656909338
11	0.42765292469539495
11	0.7669856483341408
11	0.7010573528746962
11	0.4947433714283165
11	0.7590689036079598
11	0.43341175185685776
11	0.7186136845540325
11	0.5411481235517361
11	0.5814557459297895
11	0.7532998957010234
11	0.6227756217430533
11	0.5922603408027616
11	0.6607657337324033
11	0
11	0.6213282300692815
11	0.5987986253021138
11	0.5287239272645412
11	0.36736490959529333
11	0.6003720449820684
11	0.7717137890107889
11	0.5194423477140073
11	0
11	0.4617233784428286
11	0.71914035576974
11	0.715668678595746
11	0.8624194198031998
11	0.5956313050356857
11	0.396705612724292
11	0.4886651380097182
11	0.4313858940037845
11	0.6630622206564102
11	0.7080041540170163
11	0
11	0.7124515129001114
11	0.4565242005978916
11	0.814540471216736
11	0.7839796290219083
11	0.6066591592002899
11	0.5511489662759722
11	0.733612846600427
11	0.6293474041256223
11	0.5742091086970602
11	0.49150814764998285
11	0
11	0.6438888295101799
11	0.7753814610150197
11	0.8687603578875225
11	0.5483743274537509
11	0.5335439072586207
11	0.5250674882788627
11	0.6779553212978394
11	0.4857896605369132
11	0.7331460552019692
11	0.6357255352219989
11	0.4127473901945056
11	0.5211117409427822
11	0.4264105891128295
11	0.3552951550863508
11	0.7256341763670507
11	0.7110171256152563
11	0.6289026112645711
11	0.6205845160069798
11	0.6361483022024781
11	0.7644154612376791
11	0.49311541233361106
11	0.6325443333980142
11	0.6614035746060727
11	0.6811836446489127
11	0.4688874419489054
11	0.7287908205012266
11	0.7342140807635448
11	0.5664100445448166
11	0.5587295030404619
11	0.6894316824119621
11	0.6031764605622898
11	0.49794481829248516
11	0.41336180564947544
11	0.564665318723558
11	0
11	0.636214370959862
11	0.5064852448169799
11	0.6850032926339379
11	0.5071302464409053
11	0.43687394569983773
11	0.5431013874447833
11	0.40565918589740757
11	0.38734395168632063
11	0.6760068701546104
11	0.42196637658248304
11	0.7778159027901344
11	0.6410895986153694
11	0.5531801583089323
11	0.5743236121219651
11	0.6992401661136647
11	0.597290572689677
11	0.6438380193116502
11	0
11	0.5927048167571564
11	0.6744144190187589
11	0.6550921713996243
11	0.765444729180565
11	0.5678594433233366
11	0.6293639310340859
11	0.4996346941836092
11	0.6215087878272759
11	0.49288295795131504
11	0.7373532038713374
11	0.6847985776220818
11	0.5776479041703306
11	0.6545155627925769
11	0.6236754461379365
11	0.6094571611901692
11	0.6952401732445521
11	0.5153977889107387
11	0.5921964616302648
11	0.610775002729368
11	0.7090959291582009
11	0.42235800167802673
11	0.586755083895988
11	0.6739925809387616
11	0.637211690693328
11	0.5846884932996493
11	0.5169212027828145
11	0.58077058449862
11	0.4178766203600078
11	0.6272848587700262
11	0.6969409733324786
11	0.6174537152681693
11	0.552262689120562
11	0.5825126332897287
11	0.39451037016711576
11	0.6829398480857811
11	0.6068635297105334
11	0.5643058684003267
11	0.7634152972370017
11	0.5566470859161194
11	0.482426004013542
11	0.6572650042521123
11	0.6959166840751642
11	0.5892536638055395
11	0.4374798203303657
11	0.6633666114912058
11	0.5504059459427638
11	0.7004675215455157
11	0.5378716347453092
11	0.6337656348948747
11	0
11	0.5460593618216134
11	0.583638516854404
11	0.43437517055515257
11	0.664664503366086
11	0
11	0.48837870622254553
11	0.7039450882634006
11	0.6466861823016207
11	0.6860760690702702
11	0.6786285245977672
11	0.5602293328967378
11	0.6630356717058148
11	0.6879658381812866
11	0.6326608778291196
11	0.5668860423933043
11	0.4364757872814838
11	0.6875244816521098
11	0.5208350071706146
11	0.6922903824939779
11	0.6018547141296677
11	0.5297831663840926
11	0.7642762868634949
11	0
11	0
11	0.45494506399150075
11	0.6264985001046985
11	0.6653008780807211
11	0.3992735197328337
11	0
11	0.6867068780477444
11	0.4610045379702136
11	0.5866179250444411
11	0.5668728400980247
11	0.7552934149355042
11	0.377650642286998
11	0.7528352616003516
11	0.7619204081509847
11	0.7441238707839223
11	0.6923477826211402
11	0.5589988426162492
11	0.6380809271415576
11	0.5457468410792348
11	0.40770865407908236
11	0.5718759295038238
11	0.6543383163754346
11	0.5153564059257557
11	0.5234905489615777
11	0.6341319872660988
11	0.7213605329667658
11	0.5904093305465395
11	0.7144790418332866
11	0.6921422669924496
11	0.4474107068155978
11	0.4131676695600526
11	0.3634233399939376
11	0.655694242155491
11	0.4726815181264337
11	0.6675421820666231
11	0.6587086921814875
11	0.5945594074420681
11	0.6904049493998692
11	0
11	0.6652206430925575
11	0.5808730238097264
11	0.48659088764972763
11	0.3269508384231124
11	0
11	0.5084469429316317
11	0
11	0.7030166093155673
11	0.7478067055178839
11	0.6810486676326314
11	0.3102356011914629
11	0.4198768881674529
11	0.6115600281035752
11	0.4432629238197631
11	0.4440398706450357
11	0.5512349322779719
11	0.6752400543798628
11	0.34342394195990966
11	0.5361274081274314
11	0.6769208231853259
11	0.49205160606931064
11	0.4160274545984639
11	0.4625539367089528
11	0.5048605699484057
11	0.6100876791623233
11	0.7699559302185803
11	0.6166146985442534
11	0.6295342680004028
11	0.652505990920282
11	0.5241879249789833
11	0.45668673520430253
11	0.5077481402147027
11	0.6382253712222986
11	0.6710463977354174
11	0.4449122981172936
11	0.5326539597426646
11	0.6558157698447787
11	0.7983386526382357
11	0.43707575707021995
11	0.46782384454279025
11	0.6019861339262218
11	0.4113531600353271
11	0.4840650680773644
11	0.7247860472081465
11	0.4948977733236126
11	0.4602438455312448
11	0.4756628293379591
11	0.6673374909287478
11	0.627822702194454
11	0.5399715919378678
11	0.6654717724803596
11	0.45415473570443515
11	0.5751174118803186
11	0.638034322726763
11	0.6491779558877961
11	0.6000463749006799
11	0.655861578007284
11	0.6405525764357731
11	0.617698549367889
11	0.680059705025541
11	0.555084328761521
11	0
11	0.8441897923614031
11	0.5621918853831361
11	0.7795700181566164
11	0.5783056597680194
11	0.5019229947697962
11	0.5221693102433871
11	0.6054900152697016
11	0.6111278581280839
11	0.6834355754743479
11	0
11	0.5223055718064988
11	0.641877735044803
11	0.375965714143225
11	0.45490131081630547
11	0.6699796282078634
11	0.6959786025803096
11	0.4547588228720396
11	0.3649251840407471
11	0.5773166188597196
11	0
11	0.6643719100230646
11	0.4429932466660979
11	0.6232773684668154
11	0.7591441810854794
11	0.47976576494923495
11	0.7034752513140544
11	0.46167678501547477
11	0.5754888780995825
11	0
11	0.6048201497393325
11	0.7843594660674138
11	0.38535137091469235
11	0
11	0.63794745613323
11	0.5018048632032025
11	0.4690111120629787
11	0.736075230867271
11	0.602540948393013
11	0.5490654231901245
11	0.5643464349805764
11	0.6705304279681992
11	0.4927063063407551
11	0.4367553891944788
11	0.7469559902374444
11	0.6289836606824041
11	0.6976121640213125
11	0.41695383616368076
11	0.7689900299517164
11	0.5985179850025696
11	0.4661319157504641
11	0.6907510081911141
11	0.5259505534946953
11	0.5997512633830284
11	0.6066317554218634
11	0.606975129299445
11	0.42187985976338954
11	0.4894260688835012
11	0.5849108961371182
11	0.7494603451027574
11	0.5766330856860773
11	0.5217611540464226
11	0.8041968149533983
11	0.4220408304427035
11	0.6208197538500745
11	0.5891121609270251
11	0.4479170592755342
11	0.5409693816165492
11	0.3972503425925657
11	0.6362208692057962
11	0.6986008654599634
11	0.5230763268938414
11	0.6280351124363289
11	0.6797799515197951
11	0.6097083896375571
11	0.6720472174338002
11	0.6801230883994632
11	0.5317140579479758
11	0.46850321351358637
11	0.5327021880737254
11	0.6018554416414303
11	0.5202325222676796
11	0.5843587953999776
11	0.7162466971267228
11	0.5449655421227145
11	0.48323135164079023
11	0.5621491747803997
11	0.6048346325385516
11	0.46705194776862985
11	0.6187863509084168
11	0.6803860614913135
11	0.6927116364840163
11	0.39790389779230817
11	0.4535127116233365
11	0.571861586940161
11	0.4334956032737033
11	0.5333718805697415
11	0.6315750679604365
11	0.7808002969331911
11	0.49292532536940725
11	0.6870184564503137
11	0.591148788992268
11	0
11	0.6408489987727113
11	0.7012404981894396
11	0.5537555069163282
11	0.6195904210121449
11	0.5690454379518997
11	0.5209650137952833
11	0.6378782409594846
11	0.7490606658993111
11	0.39690281320216064
11	0.6568697806776345
11	0.5523651711366024
11	0.42851847928036885
11	0.5616285140040127
11	0.47134237636067
11	0.7704623849052771
11	0.4749449100702416
11	0.6256389667718752
11	0.5166697981525759
11	0.561062570106214
11	0.5971578640334549
11	0.5514424678363326
11	0.737681679265939
11	0.5786006287889677
11	0.5221455547027714
11	0.7307045497577643
11	0.5903967319312601
11	0.8069521063147199
11	0.6220952663449888
11	0.5637214993577514
11	0.5072743825102162
11	0.46905573365488845
11	0.5654151789575137
11	0.5213103611694316
11	0.4891943914877898
11	0.5688086692865808
11	0.6181141132597002
11	0.7735464061139617
11	0.8133021908045452
11	0.4309068256759987
11	0.5061483438948107
11	0.45944284260916185
11	0.5204787399309223
11	0.6669765695132472
11	0.6541920781979446
11	0.4735395759279181
11	0.7196886301899819
11	0.5276920581947268
11	0.48493967138513977
11	0.7382795927831748
11	0.5588384708282188
11	0.426440608040659
11	0.5189117437843221
11	0.47250332934671674
11	0.5520112765133117
11	0.4293550583269727
11	0.4561294198715825
11	0.7556624086869271
11	0.590215388421369
11	0.8488471007262322
11	0.6716772024174119
11	0.6011180407657807
11	0
11	0.6856945342842723
11	0.5030840084554626
11	0.6087649484726749
11	0.5592480466805744
11	0.5898562400877375
11	0.6656695294568232
11	0.5856706190168599
11	0.7430446283256874
11	0.44234207839003037
11	0.7516941598702609
11	0.684756566998723
11	0.6202291611024174
11	0.6629499833500329
11	0.69103002386171
11	0.39651914093999663
11	0.6818902721357615
11	0.8209030521266472
11	0.6085802674338708
11	0.6547746063345478
11	0.42733664212442973
11	0.6356181180613104
11	0.5663267027077663
11	0.6333451041170329
11	0.47110375288212086
11	0.5178209478772346
11	0.6377643499520227
11	0.3257888863278534
11	0.6303737182264161
11	0.5375460766074608
11	0.634294257525955
11	0.5805447452264464
11	0.5862399328227601
11	0.5092956612566222
11	0.5001205615609428
11	0
11	0.6453882700826044
11	0.5352548531156968
11	0.510399070197192
11	0.6734722543650679
11	0.4688123280242288
11	0.5263686146899992
11	0.6082682922942864
11	0.5876106355100305
11	0.654757918184158
11	0.43427347596444915
11	0.5854552822442524
11	0.5442979117142647
11	0.6742329388866148
11	0.6016061384476834
11	0.5783641902189479
11	0.49319228156012423
11	0.43249616227504956
11	0.5829035069110269
11	0.6266628610813422
11	0.7605811271615367
11	0.6284249177009658
11	0.5172315690466346
11	0.6319804560528662
11	0.6694296979918227
11	0.5959413573518739
11	0.6384946780056056
11	0.7282219194633588
11	0.6488778125575883
11	0.6180578619855075
11	0.4655102344022721
11	0.6432499139366334
11	0.6888426613263468
11	0.7816338967628909
11	0.6559921642906884
11	0.42407074702377284
11	0.6264752552030344
11	0.7085783890008148
11	0.7999903405225879
11	0.6434230350576726
11	0.4926767924003574
11	0.6086148324718945
11	0.5856040710385594
11	0.5088034860084296
11	0.42910784370731175
11	0.5966275189705351
11	0.4204197329682193
11	0.6738948549951932
11	0.5867057958961197
11	0.5575193250629917
11	0.5993986988114866
11	0.42196624323194776
11	0.4696181109634888
11	0.45567542622652274
11	0.7051693226039549
11	0.6012339168375361
11	0.5586974853778297
11	0.3837080865244144
11	0.5012048924358574
11	0.498748322221926
11	0.708036677372933
11	0.4989806476297123
11	0.7340600001910618
11	0.5880789381141326
11	0.5930004338001243
11	0.5660800993634105
11	0.5499783066984572
11	0.4050803747522259
11	0.8033952531566464
11	0.6237363953157877
11	0.7152839100677122
11	0.39690156241398905
11	0.7630714811518453
11	0.6137510384020761
11	0.6254647641884599
11	0.6588477061904048
11	0.6704677840860609
11	0.5082009854533918
11	0.4336542442525672
11	0.5736827437726844
11	0.466068493852193
11	0.5689778487651033
11	0.6821678955879804
11	0.6461405497791214
11	0.4914526820099224
11	0.5810432126691721
11	0.7643600436392425
11	0.5891730748257562
11	0.5406957954671752
11	0.5583129065520959
11	0.3842109751502594
11	0.5239909900892928
11	0.61007431654142
11	0.547763655008859
11	0.5512389943055194
11	0.6396688767021753
11	0.4346280598373954
11	0.760231111460714
11	0.7058953481001238
11	0.7342873196965687
11	0.5285165802707242
11	0.5785145124843617
11	0.519090621009616
11	0.43827608472713336
11	0.7194796706326128
11	0.6561428702337286
11	0.5625285127364077
11	0.6656102626014201
11	0.6911284754132938
11	0.6433946779715822
11	0.6804687995328499
11	0.6888864003760212
11	0.6951952827023274
11	0.7660596962157489
11	0.6518922184092811
11	0.5660565260684193
11	0.5584054628045142
11	0.657153217950641
11	0.8027278862764048
11	0.450301781459712
11	0.6201520531180814
11	0.7497024174224433
11	0.5132631053255148
11	0.6135396922402719
11	0.4551029336557591
11	0.8126510104909158
11	0.7427431993167699
11	0.590452356681575
11	0.5681294872105542
11	0.6033636776032302
11	0.5787886896234176
11	0.472522537743199
11	0.7463164757016971
11	0.5300863139297136
11	0.8095852960505941
11	0.6144415747647042
11	0.6039157966284304
11	0.6536567875247625
11	0.6635128747878413
11	0.43513718874587287
11	0.5372522080095089
11	0.46020075952500317
11	0.5507611764479553
11	0.4733462880049343
11	0.5703503344527007
11	0.5376830463435135
11	0.6513043090893103
11	0.6178572873947897
11	0.6058430764230747
11	0.47985702619367665
11	0.748162965688393
11	0.5293712554502401
11	0.7949145895255525
11	0.7643743930974096
11	0.607027161375356
11	0.755610645858219
11	0.5436890493710554
11	0.5207639302779115
11	0.7823975252735341
11	0.5977550491834525
11	0.3536477611025707
11	0.5647880205718221
11	0.554605192214338
11	0.6721049567536723
11	0.7638913248009259
11	0.44078963973493523
11	0.6396129195701588
11	0.5981593104175356
11	0
11	0.5414464630981348
11	0.5196470729211674
11	0.6249869161393119
11	0.48660095141835075
11	0.7604718918759238
11	0.5272193855296382
11	0.6313047311269123
11	0.6209097937165374
11	0.6861688948463269
11	0.7603573673911067
11	0.6546647184049691
11	0.4733392141842276
11	0.5538526224135293
11	0.4817760906231588
11	0.557844645381458
11	0.6609907134187147
11	0.38615730793712416
11	0.4479864952202448
11	0.616025909573899
11	0.6820252516283553
11	0.6637688609280503
11	0
11	0.5693169632828231
11	0.4812584247944265
11	0.5500255304446446
11	0.4934054261489297
11	0.5138312405258818
11	0.6761218700647915
11	0.6433015369175702
11	0.5964139183352795
11	0.47364206574339934
11	0.6491945050928888
11	0.5480794046920465
11	0.624519993214781
11	0.5869303591959789
11	0.4642346462401159
11	0.7477346290566419
11	0.5215336520770318
11	0.6207671985054641
11	0.42129585458856006
11	0.46586140242097474
11	0.7061221234089424
11	0.7874565184221487
11	0
11	0.5290185909985977
11	0.5480780882380916
11	0.5269657826630741
11	0.7512134725563236
11	0.537198329952484
11	0.5420133836980224
11	0.5450745522926679
11	0.6657742880647662
11	0.6172853815164815
11	0.6648952867634368
11	0.523864754384405
11	0.5011217188192821
11	0.6257017472302793
11	0.7886789867629147
11	0.5022944384550728
11	0.6622547740900273
11	0.5020766368422472
11	0.6666149530551709
11	0.63418920750102
11	0.7282977754084359
11	0.6593631599858609
11	0.7298943102683798
11	0.5537807359263139
11	0.6986019526941342
11	0.5152613442231024
11	0.7358607623809829
11	0.6626262256125357
11	0.7742797910202479
11	0.6494825388294381
11	0.40049993832169695
11	0.7732501936655064
11	0.5113365878628894
11	0.7521369583849644
11	0.5002937074980841
11	0.5472844444073668
11	0.6293054957424215
11	0
11	0.7305388962099565
11	0.5392626373527342
11	0.6115436553720797
11	0.5616102133222394
11	0.46426295276429513
11	0.48458188404609404
11	0.6612338992376481
11	0.47989820655097065
11	0.7501946201800813
11	0
11	0.6742780322479432
11	0.4010598708303848
11	0.5268537043779781
11	0.6117424795423806
11	0.5983429337401285
11	0.7960156090886985
11	0.5757455856086081
11	0.6542456239212249
11	0.688198389218804
11	0.8116028263453829
11	0.799180264996121
11	0
11	0.6708495430403288
11	0.32424968411647365
11	0.8093367164068462
11	0.7349234834845362
11	0.7850324358233098
11	0.5807378473416307
11	0.7121573602990109
11	0.6411322267092714
11	0.5950994850568971
11	0.7568272424607293
11	0.7674683798212178
11	0.8088679040548318
11	0
11	0.4439507521705962
11	0.7271253060865066
11	0.5502275633938919
11	0.5782012830180627
11	0.48029087761362815
11	0.5626628556147613
11	0.5001552164972309
11	0.6445178668752783
11	0.6397373928376834
11	0.7125811385310926
11	0.7148364209239659
11	0.7875364548886803
11	0.39224438110549226
11	0.7987538132474414
11	0.6231325104998242
11	0.5852679904191707
11	0.59368150362581
11	0.6352775795772496
11	0.5305628154485041
11	0.4802041392103373
11	0.5556013236436251
11	0.4494870049978058
11	0.4655334944728414
11	0.6515627721434655
11	0.8144853179563213
11	0.7004146549232003
11	0.7016902675941458
11	0.556931211302691
11	0.7348716704748434
11	0.6098684063713149
11	0.488172987877124
11	0.6338429375728882
11	0.5169935951625642
11	0.7740382039612839
11	0.5899350639016364
11	0.6636431051022275
11	0.6011762553232713
11	0.5255177304091221
11	0.7964342304173051
11	0.5016136415779093
11	0.6728556603494963
11	0.49551407834845834
11	0.37005366305094856
11	0.6390949333469794
11	0.6472177819384598
11	0.4959651312974871
11	0.7064963967870511
11	0.5924682331031241
11	0.5093573677367165
11	0
11	0.6370720204217627
11	0.5751454453507734
11	0.4715229185181584
11	0.6201401156963436
11	0.4181943937504544
11	0.5520339098224191
11	0.584147759571464
11	0.47862521192188057
11	0.6418518042251528
11	0.6398492228245928
11	0.6463144777691829
11	0.5844402991338955
11	0.662423308358739
11	0
11	0.7421847464566856
11	0.4498927133138511
11	0.6252152887815369
11	0.7670860278397237
11	0.7391575947466722
11	0.4949480159903256
11	0.44234082508438255
11	0
11	0.5893071740314019
11	0.6042571214892191
11	0
11	0.625028264628907
11	0.6498026174906288
11	0.44996519052161993
11	0.6836174664820429
11	0.4424951557262675
11	0.4111603051101398
11	0.6817847651484936
11	0.5959685114257767
11	0.5454801912057899
11	0.525319558273024
11	0.4102485824611378
11	0.7296403914009855
11	0.6956235192787102
11	0.6128484410341037
11	0.7105847203947203
11	0.5794661154080368
11	0.5934386336570938
11	0.4889692044163341
11	0.5835349658562845
11	0.7337886643737475
11	0.6554924745694249
11	0.5680489503101414
11	0.6967015206593173
11	0.5658328366732721
11	0.5944621577472645
11	0.5382752301962479
11	0.5176769085618012
11	0.5688685848648738
11	0.6531190476381805
11	0.6937989949107194
11	0.49253114270443
11	0.7186306803601559
11	0.5399925190954515
11	0.5616843974770119
11	0.37430880842016806
11	0.4091766345293126
11	0.5865615214075266
11	0.5359325242075114
11	0.6709464622528609
11	0.5640143798225263
11	0.7059001365132789
11	0.819499577967937
11	0.7457435589608058
11	0.5743960596901768
11	0.5904266788430231
11	0.7137673886131417
11	0
11	0
11	0.6120532061927714
11	0.5606855574226414
11	0.6824163712530266
11	0.723891609014857
11	0.703194044291871
11	0.6676004386382801
11	0.7085135606566941
11	0.7430725852409049
11	0.5963705155632658
11	0.6033695839027773
11	0.49836122011324685
11	0.5314103014773947
11	0.42220587164097945
11	0.43792816624264197
11	0.562479372937783
11	0.6370377747328667
11	0
11	0.4391415898834298
11	0.41916161413631353
11	0.7141686864963098
11	0.5977461320627554
11	0.6025017522965617
11	0.5090754359203645
11	0.619362659473198
11	0.4759149767680095
11	0.5368529076905258
11	0.4328689950625694
11	0.6460367935377214
11	0.6251206674725168
11	0.6091729027450812
11	0.3851270299359965
11	0.7274951084352875
11	0.7081837258587556
11	0.6224293390121531
11	0.6112610407464805
11	0.7628478143433951
11	0.6520148909280327
11	0.7408206629280114
11	0.5414002268179049
11	0.8205450399552406
11	0.7530009035201114
11	0.5034177002075337
11	0.5308458377219878
11	0.5749168682283495
11	0.5596721465525298
11	0.5132011366590085
11	0.6379561709363997
11	0.6263202673637913
11	0.6645698507547817
11	0.4908121170359394
11	0.6792049745900641
11	0.3716325015858257
11	0.6961386826824874
11	0.6395958111026334
11	0.5037190335117973
11	0.4093164244779896
11	0.6198437389362395
11	0.5699723709689717
11	0.6095100529330398
11	0.6946845260705534
11	0.597831468261167
11	0.6620054750991432
11	0.7691121701702146
11	0.6042188758863053
11	0.6533414129153071
11	0.5114293054391787
11	0.5626103090059669
11	0.5427324569419103
11	0.6839866525570149
11	0.6491798504064626
11	0
11	0.5037437155997934
11	0.7238099844332853
11	0.6738142703342074
11	0.5798492394486242
11	0.5100262088214127
11	0.6370058686605059
11	0.45891611152310846
11	0.3507529274831202
11	0.5040674622636039
11	0.4938564826864876
11	0.7942077527130698
11	0.43533197000413504
11	0.5632887866539423
11	0.5327703488620056
11	0.5585456904570779
11	0.6331499286800303
11	0.8366742664994702
11	0.5432354005788256
11	0.7427593232741643
11	0.45039136974522515
11	0.5773407663529313
11	0.703833371792162
11	0.7308097564389577
11	0.6857559137507709
11	0.5860814994350281
11	0.6861483631067454
11	0.441503391758166
11	0.6955452853301181
11	0.5358173222466122
11	0.605297863976541
11	0.5831974182770957
11	0.6957031359688093
11	0.5684518853920262
11	0.5669944828486125
11	0.617790151605423
11	0.5765998014129486
11	0.5178904721944655
11	0.6473236410401841
11	0.4564552014578194
11	0.4622280802513391
11	0.6465551474205414
11	0.4687732695980111
11	0.6680421696003914
11	0.5806534029825545
11	0.5497079801993865
11	0.5987282203315049
11	0.5455553130470482
11	0.712892983895085
11	0.6855146738702154
11	0.7660037156285812
11	0.8238982817539678
11	0.6341227917492349
11	0.5504684896991974
11	0.6548098872903123
11	0.7635244111957916
11	0.4648409635464649
11	0.4349146811116807
11	0
11	0.5324853651247768
11	0.7102725611515721
11	0.6312320300923032
11	0.6873157544300458
11	0.8366553773572033
11	0.5025936387716093
11	0.653504524176632
11	0.506531182590916
11	0.5982743190520671
11	0.6770767838584754
11	0.666128631496555
11	0.5230722090510123
11	0.6388640393237367
11	0.5615890111403427
11	0.5028919467998991
11	0.6198646368326989
11	0.7091895214041727
11	0.6610923948997539
11	0.793043182226012
11	0.6432229202878282
11	0.6570592136317771
11	0.5905877257240995
11	0.49607481483308835
11	0.5460795437936743
11	0.6770799459348027
11	0.5481255114140536
11	0.7326669906858807
11	0.739520491027758
11	0.5697691463142869
11	0.7387534611548341
11	0.48697944102691987
11	0.42327705965735146
11	0.6558645431243633
11	0.5927294555649897
11	0.730147953305762
11	0.5210461281218746
11	0.5231432631784344
11	0.6967151220203119
11	0.4481703307938014
11	0.44959314780581805
11	0.6789547984947594
11	0.5168413764436784
11	0.6462104806451292
11	0.4780459203270405
11	0.5698616386501321
11	0.6244793553629312
11	0.6796911709274877
11	0.619030545931482
11	0.47015233866359124
11	0.6792181334918242
11	0.7036375000494006
11	0.5585248899759334
11	0.650868224320974
11	0.7312352199111464
11	0.8130794890948146
11	0.7007097867250183
11	0.6391797368420948
11	0.7555313857647559
11	0.7063886774094047
11	0.687465578007731
11	0.8073114401506598
11	0.6628941911717248
11	0.46964853606951606
11	0.5972073461725046
11	0
11	0.5082679942858377
11	0.6466448941837311
11	0.5530202774177011
11	0.799367516530378
11	0.548261768198737
11	0.576254642128256
11	0.7527927794156238
11	0.4948023613678523
11	0
11	0.7209858268981993
11	0.45132356322359257
11	0.5629362817421875
11	0.8083784908739811
11	0.4704303217939014
11	0.624656505465575
11	0.7963182034680729
11	0.6256799635099299
11	0.7642864121633796
11	0.7138159144711563
11	0.5482369286557336
11	0.7797120343087026
11	0.5255185630820028
11	0.47839113209131234
11	0.6846146429963583
11	0.4269106332596955
11	0.50137157481173
11	0.6840083000483894
11	0.7592249567273909
11	0.6001441080367168
11	0.5954103292936505
11	0.5947995634994431
11	0.5829334195711962
11	0.6931334647681757
11	0.3800269375800763
11	0.69918589252703
11	0.6769069640835915
11	0.5107963657702537
11	0.44637141361016286
11	0.6777778394248212
11	0.632913244889345
11	0.5403991421729031
11	0.5365817845688573
11	0.6883226658849887
11	0.6711697776882283
11	0.6384625888572569
11	0.7022850638921079
11	0.6307375956580806
11	0.37758979172444257
11	0.48563474559231723
11	0.687663908740143
11	0.6047873057256327
11	0.6602218257396194
11	0.47019633015308987
11	0.5596669795467014
11	0.660325000921162
11	0.7435355830179643
11	0.5515016670021594
11	0.6752989015757128
11	0.6838885272520053
11	0.41894518064777936
11	0.5606713040539935
11	0.681706734535927
11	0.631485535127916
11	0.5063348185413592
11	0.4940738561407147
11	0.6533217457893067
11	0.6547668403016229
11	0.7407742035624555
11	0.7845423183720379
11	0.6110485165914327
11	0.8161485550817426
11	0.4552391604644842
11	0.6494539077281303
11	0.6138030650567017
11	0.581409948882158
11	0.6453040834995472
11	0
11	0.7508902026684117
11	0.5668909162632634
11	0.6359600495019813
11	0.5067743121151062
11	0.5105544013568896
11	0.45388301572311557
11	0.4056524218034425
11	0.3176938400627597
11	0.617249150737554
11	0.6714810460847201
11	0.5117012168047361
11	0.7042872742172668
11	0.6518576699478574
11	0.5011368585763267
11	0.5845717185895442
11	0.4880108732218464
11	0.6053935964930585
11	0.5908379854361814
11	0.6546892655331302
11	0.6216114347456525
11	0.717338530887964
11	0
11	0.7193968963213034
11	0.5250728106827224
11	0.7230539039757723
11	0.693914972032009
11	0.4503109541765461
11	0.6694692783853444
11	0.7993870323522833
11	0.5733372444755385
11	0
11	0.4373691444096566
11	0.5893340428198833
11	0.6204423275964005
11	0.6646858324738121
11	0.7921947164831112
11	0.5511515582517579
11	0.567313048875007
11	0.3886236766819398
11	0.5405795152920833
11	0
11	0.6455031733914585
11	0.5006509583848684
11	0.41634913838616644
11	0.7353314351445772
11	0.3618210266349809
11	0.7107955377523801
11	0.5120265523989744
11	0.5991619333689062
11	0.607524088748862
11	0.48560315774067964
11	0.4550731937052267
11	0.42959380668626235
11	0.6666760096576267
11	0.6922694980259227
11	0.6145492060832168
11	0.6335200925138142
11	0.5947636730947797
11	0.7823547232543625
11	0.6124641115166034
11	0.550259605010603
11	0.5273314969331336
11	0.850016163938198
11	0.6933418386524289
11	0.6125014918844263
11	0.7855057246760401
11	0.573370723391107
11	0.6273149423473509
11	0.5199731817406125
11	0.6161764646962485
11	0.7652621245514253
11	0.6085242221138605
11	0.43799287086276223
11	0.6343929697512877
11	0.7804115796227229
11	0.6834851039670575
11	0.5591172431802527
11	0.5265152873446646
11	0.46159993447636427
11	0.5947143448191113
11	0.5752169576650751
11	0.6594137970135316
11	0.45524693714941067
11	0.5408852321329843
11	0.7249730352029826
11	0.6046151430498732
11	0.5723032587709803
11	0.6115370949114897
11	0.5202808184602463
11	0.440619909886869
11	0.5551045329550559
11	0.4603265714875122
11	0.5592104183374279
11	0.5955995197560978
11	0.758148143739758
11	0.42431907878175296
11	0.545086609083146
11	0.7367661835554086
11	0.551288315343616
11	0.7817407023445485
11	0.6507610549822326
11	0.623081580279973
11	0.5823589453021194
11	0.7428568798559321
11	0.5676446752652899
11	0.6527177509853668
11	0
11	0.37994869257566866
11	0.6587286018171171
11	0.4545963718968905
11	0.7224959270923169
11	0.4523443332324644
11	0.5413048987401008
11	0.44823492408692467
11	0.5504175146107062
11	0.7658962081425984
11	0.44451842253164253
11	0.5507779174075434
11	0.5843262676429354
11	0.6253705657445403
11	0.5252189228401183
11	0.6596270771150097
11	0.7765167874877217
11	0.6645057791892595
11	0.506483263722137
11	0.5450284198213617
11	0.4758513547032971
11	0.6259659344411348
11	0.6755575646366988
11	0.6943753803126428
11	0.5638069126852095
11	0.41809464548434566
11	0.5397111410167602
11	0.5555748930675077
11	0.6559508151307849
11	0.5179059378734907
11	0.6510830029327223
11	0
11	0.5138486726408099
11	0.6324990636754173
11	0.6666505248250217
11	0.8137394200403975
11	0.6094157238947208
11	0.5769218589407407
11	0.5281023565360276
11	0.5478837842868381
11	0.6675419180431037
11	0.4201777682462929
11	0.6109752969639077
11	0.7264881400864779
11	0.550136401220048
11	0.7690060020574632
11	0.5696425664011122
11	0.4551792640042787
11	0.6390499326697231
11	0.557809023194087
11	0.5504682238622288
11	0.6797084048534756
11	0.5621808654381332
11	0.6666137916429419
11	0.546858612901791
11	0.6784802083991943
11	0.47019210050793675
11	0.572273646431235
11	0.5117797615186852
11	0
11	0.6247579140971934
11	0.5568289187022547
11	0.4337612275625366
11	0.6306370608749318
11	0.7252788439077487
11	0.8255464059603297
11	0.8250885157996328
11	0
11	0.6258880673602135
11	0.514135013457425
11	0.5073179367487862
11	0.6247598344016019
11	0.672216852818302
11	0.6706431289951188
11	0.472146249245007
11	0.40759935954349635
11	0.6466997410357003
11	0.39622604267228795
11	0.49494082712803916
11	0.48365776979310376
11	0.5199617603143184
11	0.7094593880018599
11	0.793493840049498
11	0.6391856036045847
11	0.7134671082301273
11	0.6311891733153684
11	0.5721550852277172
11	0.5414829482038923
11	0.5743294585427873
11	0.6505302872536907
11	0.5789223932757634
11	0.44818108457592654
11	0.41166290920470733
11	0.757573261360967
11	0.4250709932374662
11	0.7016595367289626
11	0.36482063880463633
11	0.6004752420159344
11	0.5425820533897461
11	0.3766655517629527
11	0.4148240066718174
11	0.7313257012841106
11	0.5490838244960705
11	0.6407280874013392
11	0.5728997521315506
11	0.4422223460993899
11	0.704056207475823
11	0.7015040156358204
11	0.6728452239948504
11	0.6163947139702357
11	0.6115113251467049
11	0.6784025892975359
11	0.5755547403469822
11	0.6500337412646207
11	0.31208680582604215
11	0.6144382640108292
11	0.7595221620199624
11	0.6353008280828123
11	0.6596521046494762
11	0.511669033045431
11	0.4211097710064761
11	0.746200827564717
11	0
11	0.623647385632639
11	0.6108278325838208
11	0.683316822674168
11	0.6254488091686086
11	0.7627494749957822
11	0.5367770849510366
11	0.6661362736350659
11	0.39795880439861714
11	0.5377810493143386
11	0.5771460514272289
11	0.49840181327853667
11	0.5836980583255322
11	0.5973477842000661
11	0.7785170775304306
11	0.6736671777043176
11	0.6154397884385341
11	0.6389231243029178
11	0.6621371915006014
11	0.7067369824303981
11	0.6485012310280199
11	0.5037482891967657
11	0.5352305060130201
11	0.5486801767723937
11	0.4459719973644854
11	0.6696279552511373
11	0.7261995036280954
11	0.8117852183651725
11	0.43843230829152424
11	0.4529963245691102
11	0.6634581589459215
11	0.6581334108377483
11	0
11	0.5895758044455965
11	0.6146516774779467
11	0.4747500580360642
11	0.608955856072194
11	0.4881306509421527
11	0.6386818851887731
11	0.6793155001541356
11	0
11	0.6893856839218815
11	0.5818734298150652
11	0.6018952911562117
11	0.639772692828804
11	0.5432529677580334
11	0.4376101933828118
11	0.6200352648023315
11	0
11	0.39389434535544826
11	0.4253473469090473
11	0.5316426024032355
11	0.6717986335439753
11	0.6555485881147092
11	0.41233041208240534
11	0.5696552156786687
11	0.47429139413384824
11	0.6617214902611517
11	0.504899421097461
11	0
11	0.6262065541213739
11	0.5060007636287888
11	0.6674432543926686
11	0.4897958851360304
11	0.5057078266013233
11	0.44164761639325545
11	0.6474930092913523
11	0.7124119380508388
11	0.7871849164966213
11	0.55585499084807
11	0.40382683950761444
11	0.5180641681463197
11	0.6184206094836958
11	0.6159230747287078
11	0.44265148872227567
11	0.37833856937967547
11	0.7995911940643027
11	0.7829542554710776
11	0.6512493863071642
11	0.41551864148914663
11	0.673098706298692
11	0.4626489062996629
11	0.6752346953144835
11	0.6247227565347175
11	0.6967246124587793
11	0.4805280819718307
11	0.7348865941351731
11	0.5683269369627146
11	0.6563743277125913
11	0.7918212668594028
11	0.4285436060028919
11	0.7294461099097757
11	0.633285273546971
11	0.682659484970799
11	0.6211419408428598
11	0.6336802846694991
11	0.7609774223974961
11	0.7366761084372259
11	0.7045245899954748
11	0.6336225131297946
11	0.67812098960223
11	0.5354820985538138
11	0.4308740812261259
11	0.54556794240708
11	0.593051152347811
11	0.6844318364661618
11	0.7026238294706352
11	0
11	0.40016645750776636
11	0.7624957980645739
11	0.6534298467078222
11	0.5930789790861143
11	0.44225656041718797
11	0.6209022687780879
11	0.3776351442860766
11	0.7480042090408733
11	0.4437464771386335
11	0.6952282279822583
11	0.6831564225815526
11	0.7472652763216503
11	0.40214401564795593
11	0.5959508943481797
11	0.5645976502397336
11	0.591151488968131
11	0.752170424996213
11	0.5804577254499257
11	0.8066649270326619
11	0.7513219189061858
11	0.6698789929970507
11	0.6860567438148595
11	0.540836187513946
11	0.5384091916417717
11	0.485373183281892
11	0.5026699687262053
11	0.44629491171098895
11	0.41833441323357184
11	0.5563587844658914
11	0.6175922004728646
11	0.46737388771067623
11	0.6551434205342536
11	0.6109952270202434
11	0.6531771179889218
11	0.7028552821605051
11	0.6425264244856871
11	0.6982248964467149
11	0
11	0.6764936415295429
11	0.6487578766841844
11	0.6759835277272367
11	0.6211837213781545
11	0.5999357737231225
11	0.7643950899640845
11	0.4829895001052653
11	0.6478441598583432
11	0.7878693151312908
11	0.6354457846619669
11	0.4708706063495669
11	0.46943004423834345
11	0.787575684440225
11	0.4969182464046458
11	0.6327324351443181
11	0.7568957100344675
11	0.6044618671939715
11	0.42522254481132193
11	0.437117348421186
11	0.5137785219592865
11	0.5157261631199958
11	0.4817056687088515
11	0.6961698053724044
11	0.6470450080102421
11	0.587759058752294
11	0.8129354217373731
11	0.4968478621471579
11	0.46143664422541336
11	0.6119443847198722
11	0.6073874817001392
11	0.6056689590913478
11	0.44058831673317317
11	0.5294097221564729
11	0.3702784278930365
11	0.5386493935926577
11	0.5305636303172998
11	0.6230510779234688
11	0.49731427534391043
11	0.684395837432415
11	0.5259750876102214
11	0.5586662294361523
11	0.4589221896122078
11	0.5862326033199955
11	0.6696287888251409
11	0.505670751611526
11	0.4818354965049672
11	0.5406340097749857
11	0.4322496443974963
11	0.639218223665518
11	0.7507447763439993
11	0.6542236391548835
11	0.6353920062444962
11	0.6163130488648803
11	0.6059839234772192
11	0.5713748087262496
11	0.8161196785958347
11	0.6708995076605143
11	0.827668670042133
11	0.4933523513466794
11	0.49135179371257476
11	0.5823921051239869
11	0.5746946921468322
11	0.40255148314763206
11	0.73674147071856
11	0.7173884046204971
11	0.5745359897843355
11	0.742549990652417
11	0.39744685684255293
11	0.7475669909049685
11	0.6190555900554153
11	0.470491130700341
11	0.6211242468675572
11	0.4783794427821809
11	0.5396664185883875
11	0.4827900556273157
11	0.6945790156036158
11	0.6780599962532233
11	0.6445408221261627
11	0.7778283845851741
11	0.5562786089315747
11	0.45774993042888895
11	0.5965502526842119
11	0.6323289361164979
11	0.5460997116329513
11	0.44293491945334196
11	0.5503241234912983
11	0.6289212777332298
11	0.6591252766672107
11	0.4686591659840041
11	0.5679748701867199
11	0.6860397729085796
11	0.7207844009139217
11	0.5782999719655497
11	0.6107744035057994
11	0.4799291191491476
11	0.646051564299115
11	0.6162616388210408
11	0.6435457279124245
11	0.5437275917855133
11	0.768377893676817
11	0.6678123883468642
11	0.7307397915500577
11	0.5890182098453169
11	0.6277254814923361
11	0.5580017301181976
11	0.5670060397578416
11	0.6791135757038459
11	0.5922669923420294
11	0.6393267995419043
11	0.5790431771969998
11	0.35822764892244163
11	0.6312289260335431
11	0.7042439894300875
11	0.5087002622627186
11	0.6124593911868746
11	0.681602170896958
11	0.3907489865160934
11	0.653994646305004
11	0.5345400223448789
11	0.5577762125114055
11	0.7216721302877193
11	0.5820904824135649
11	0.6800132104621938
11	0.6666939334434034
11	0.6421998866907266
11	0.7761735243009914
11	0.5496939818866473
11	0.6424890768894895
11	0.742686689482727
11	0.6092526750638797
11	0.4486347563453208
11	0.7169988754960337
11	0.6456408192444598
11	0.755388610969261
11	0.7402248301428205
11	0.6291818205111579
11	0.4957827480452291
11	0.5806332770678116
11	0.5050607376252458
11	0.6049602010509559
11	0.6110493064294247
11	0.5210419833517959
11	0.5597292713651648
11	0.5243751678947794
11	0.5298984920356247
11	0.5575475809335414
11	0.6906718330898813
11	0.48839868656346386
11	0.6304573343535511
11	0.7226586891064585
11	0
11	0.6206842468523459
11	0.7891350613160344
11	0.3835232545329121
11	0.6432780098588716
11	0.35753606410122174
11	0.6919045791225373
11	0.4891642978819782
11	0.7499988349689569
11	0.7863474035287125
11	0.5263381391720094
11	0.7785322519301798
11	0.7194033609468449
11	0.4376713528660454
11	0.5928343533880905
11	0.7180745852216641
11	0.5794684142463428
11	0.7261013625986351
11	0.7412411116903008
11	0.35649696710114004
11	0.6811311339671385
11	0.6502891668596052
11	0.6718587824821967
11	0.8207930987392562
11	0.8635771157155394
11	0.5389335315778545
11	0.43641458185711385
11	0.567400761170501
11	0.6299113662268935
11	0.4385929959572493
11	0.6968850448180061
11	0.684693615567832
11	0.675217755317919
11	0.6328599695374517
11	0.7762888712928214
11	0.5622113066078765
11	0.680067040989658
11	0.6391809157083274
11	0.8022257506964807
11	0.47739789775073316
11	0.5415207841239339
11	0.47766062671368653
11	0.5446346069213567
11	0.5034128504962921
11	0.4431634417594992
11	0.7741554823328907
11	0.5856042441444391
11	0.7203278693553954
11	0.6795248576905857
11	0.5495943239373923
11	0.6039770300047214
11	0.651774489890263
11	0.5365892252173003
11	0.5961214469874586
11	0.6543434641271868
11	0.612042591910906
11	0.439348701015127
11	0.43880944889094714
11	0.6322522065540155
11	0.5696117999711667
11	0.453901301969101
11	0.6864617592392666
11	0.5019441037153315
11	0
11	0.5653328352788176
11	0.6391100840327015
11	0.534877224209603
11	0.6071806340987504
11	0.510672797594395
11	0.6012654695653064
11	0.7049527114648237
11	0.6703061022636573
11	0.6240534272984559
11	0.624426313130894
11	0.6565892833233673
11	0.536322867344748
11	0.6263507286554807
11	0
11	0.6151755692265447
11	0.5135515863537338
11	0.5244960011338254
11	0
11	0.7113055153019646
11	0.5747551020439572
11	0.5089413795375249
11	0.8300389698899948
11	0.6093270676045661
11	0.5571093295167789
11	0.7207658456310047
11	0.7552397600808181
11	0.6468186889736345
11	0.7756640852109857
11	0.5797602231329231
11	0.5581364398727047
11	0.6428320030569687
11	0.5955636422407371
11	0.5603540021925524
11	0
11	0.7097981935069869
11	0.5356725190113398
11	0.5572524603745911
11	0.7822375821544822
11	0.5729051634044752
11	0.5620485005604124
11	0.6819022422434298
11	0.7317822647351255
11	0.6180902587336198
11	0.5623042319596575
11	0.49539526838316744
11	0.8198332711246596
11	0.4508889209485065
11	0.46518041992507003
11	0.4982788820388673
11	0.4647230549096667
11	0.5636708677972695
11	0.6549787547050065
11	0.6460542803357342
11	0.46677367622996857
11	0.7362787643022838
11	0.6566577542169969
11	0.6250031456265537
11	0.5201246273649526
11	0.7034504896793454
11	0.7798253779408445
11	0.6463188574173523
11	0.6066492106741533
11	0.6901375533845426
11	0.5273723376034777
11	0.45519669142977687
11	0.5572938511596396
11	0.5957675893276335
11	0.7653534897707365
11	0.47929755309805167
11	0.3979535677061849
11	0.71076293074464
11	0.6507195717747837
11	0.5822275047477664
11	0.6562434269197976
11	0.6842775591031278
11	0.7486747852036435
11	0.7695694911237108
11	0.6857900878170389
11	0.6293988324510866
11	0.5008324428484675
11	0.7006968695856464
11	0.7481221771409485
11	0.5737151321625666
11	0.5923566435023694
11	0.47421494428469985
11	0.48109609438524265
11	0.6909014547304891
11	0
11	0.7777030563577673
11	0.7030414799085394
11	0.7536378260148059
11	0.4495973010901905
11	0.4061318644004231
11	0.501253535095211
11	0.5425901037034295
11	0.6362886625728755
11	0.5304103291271208
11	0.4011486935877072
11	0.7256075065199025
11	0.7779086750366978
11	0.7568103646654013
11	0.5322210050992876
11	0.5850058307418591
11	0.46214011817722295
11	0.5811244861026512
11	0.6185496737148364
11	0.7856578267458795
11	0.5891744664337581
11	0.5055558829309247
11	0.7032649057359692
11	0.5379025602579869
11	0.41478878113191825
11	0.4850312098239982
11	0.6600268449255248
11	0.7001669867366805
11	0.41656229242628623
11	0.647256230084109
11	0
11	0.5845982894276697
11	0.48213848569823275
11	0.4579600161206952
11	0.5111364472188453
11	0.537105591112626
11	0
11	0.5470200636384852
11	0.5102672635408797
11	0.6620191558736888
11	0.5622728902304536
11	0.6962296295393611
11	0.7060089688373562
11	0.7392755964133579
11	0.7311368457258668
11	0.6110310381574534
11	0.5409407733021077
11	0.7250584097915798
11	0.5977659137989624
11	0
11	0.5449852187085589
11	0.42291056283099127
11	0.493294931692962
11	0.5628209587302323
11	0.4016231663581477
11	0.6256366624996539
11	0.7743651882071415
11	0.3699141804533962
11	0.6048548406587473
11	0.6732867623293264
11	0.6818402450429062
11	0.5964536270265375
11	0.6480378839735726
11	0.6966653980150617
11	0.6311417298355043
11	0.6062940466793978
11	0.7894056341215214
11	0.5496957295839511
11	0.508070050103206
11	0.6300812282581191
11	0.6608434748551592
11	0.5981276589819529
11	0.627756973945914
11	0.5293443805709629
11	0.5391788932258761
11	0.47856612324617126
11	0.7177897468037201
11	0.7307910701215484
11	0.5762968551395186
11	0.5835587649449157
11	0.752613739650381
11	0.7846899041496515
11	0.7050779754551285
11	0.687016986934313
11	0.7358161903732187
11	0.6222317698550164
11	0.8142341687029547
11	0.7098005291716798
11	0.42614952211036505
11	0.5823958705790625
11	0.8257871175141995
11	0.6822195516167167
11	0.5165071549327704
11	0.7280904513118596
11	0.6582060539523676
11	0.6419776656182491
11	0.6461752850615108
11	0.6045162915161858
11	0.43509334068798355
11	0.5138461478135926
11	0.6908627831223549
11	0.5321077478936511
11	0.5745135258082469
11	0.5123735487775852
11	0.588521565539278
11	0.6167068989861785
11	0.5819802315639271
11	0.536577959843427
11	0.49727622568591673
11	0.582805609125451
11	0.5923840455293308
11	0.5287300822346254
11	0.41952937374323807
11	0.6948215918283908
11	0.670402271900546
11	0.6441909733847379
11	0.4347324639827306
11	0.5334069022768279
11	0.40819942476950505
11	0.6417276933943118
11	0.7657563747718519
11	0.40828288965270076
11	0.8541655748546395
11	0.5869486506415367
11	0.6569365094401407
11	0.4852316120369575
11	0.5233687929734808
11	0.509618245494147
11	0.37478166726419937
11	0.645272025345923
11	0.42884811194123923
11	0.5300682144166053
11	0.5183818584600954
11	0.5795728843128085
11	0.5984526655352741
11	0.6397183866890602
11	0.5865803430608019
11	0.6224543687343598
11	0.4317222600120809
11	0.5373370155568881
11	0.43121840061320643
11	0.6563308127627493
11	0.6228784956137015
11	0.43593312073975493
11	0.6013079481568191
11	0.6639626227957083
11	0.5480100140911248
11	0.6395584136401314
11	0.44508806836794046
11	0.5579707449389097
11	0.6501723613741034
11	0.6219563725310925
11	0.6325246927057107
11	0.5914945794793502
11	0.5638917132627308
11	0.7314297650326322
11	0.43832011580512226
11	0.6799548372203201
11	0.6765035866374416
11	0.5531707117391145
11	0.7805249807546271
11	0.8031299496483018
11	0.7111531137402256
11	0.6920719005852789
11	0.7062715039212485
11	0.674765277123105
11	0.621619474602633
11	0.6195356807250632
11	0.6077999685199978
11	0.5659165771231583
11	0.5927885041780359
11	0.6562763111378909
11	0.6513782668467059
11	0.575451061769678
11	0.6714606276290461
11	0.6921631479111121
11	0.6515976736672727
11	0.6532419251628527
11	0.46621926161081245
11	0.3438984707557399
11	0.42100352143406417
11	0.7206947767480871
11	0.45085745716753955
11	0.6800405844706023
11	0.48727994843781547
11	0.6897697722356636
11	0.6470906888343004
11	0.6617419324682107
11	0.5105386359927906
11	0.6465627160219345
11	0.5292342684538675
11	0.6411429460848374
11	0.5569812316653174
11	0.5923626173428164
11	0.8237150438575891
11	0.5341689298652258
11	0.6969077971121964
11	0.6448909095492463
11	0.4174604855090146
11	0.5459521246141912
11	0.5445876231901717
11	0.3929999982471479
11	0.6524083106282381
11	0.4276359094875715
11	0.7486390780162805
11	0.6574254379430651
11	0.6260943294500757
11	0.4781623263482208
11	0.7836693801174057
11	0.31459773520851797
11	0.6490881314603774
11	0.6545680110741291
11	0.4824802325847439
11	0.46831776219639654
11	0.5828376004111787
11	0.42307692782283685
11	0.7504802716679586
11	0.4850733846930497
11	0.5087880669204609
11	0.5765899809550065
11	0.4883606047214297
11	0.431329628968331
11	0.6554295535214987
11	0.6590705999198228
11	0.5360361649949638
11	0.6804233513740123
11	0.390376005523863
11	0.7019062559081632
11	0.749334159689441
11	0.6439981237018001
11	0.5754461802266128
11	0.6440229368864704
11	0.4759489446447312
11	0.6178397820367816
11	0.5329221207615085
11	0.5076193126576907
11	0.5911470470714778
11	0.7163608067834673
11	0.5537055123249239
11	0.5233750353041668
11	0.5965314754547251
11	0.6442762606786426
11	0.7211499620410795
11	0.518048060360556
11	0.8080374786992373
11	0.5033453597834663
11	0.7616423619382479
11	0.6400103941476587
11	0.590411719557933
11	0.5250738964029856
11	0.4962737494144174
11	0
11	0.5230001435420367
11	0.7349669906169434
11	0.5574283143065504
11	0.43481956209726386
11	0.44280486365751
11	0.6478423655409639
11	0.3973317557461226
11	0.7518276761869136
11	0.48157584716123814
11	0.5352891654987353
11	0.5643033008997974
11	0.5239219086833
11	0.6552185588036874
11	0.5474214572489541
11	0.695241073507786
11	0.6408063148956726
11	0.5483171415297412
11	0.4418565047548586
11	0.5849896562212571
11	0.5457773991285341
11	0.6502199682538153
11	0.48664104102589284
11	0.571106497559776
11	0.868544579495923
11	0.7062129235149984
11	0.4808962405149637
11	0.6943636419570862
11	0.7196910046969834
11	0.6898647147314781
11	0.3853741891149012
11	0.4753910242821435
11	0.6466102025959856
11	0.6251358288878792
11	0.474508785207015
11	0.7284008143878946
11	0.4959796101607528
11	0
11	0.6360090273876416
11	0.5892084822217185
11	0.6122613215855669
11	0.35707540022208084
11	0.6526341742494296
11	0.488405476398414
11	0.8712882653630062
11	0.8088214573553067
11	0.5099692897132877
11	0.5418839431288228
11	0.7518720849952092
11	0.7142558631251121
11	0.7282188285505248
11	0.7789584674711029
11	0.6101296280241257
11	0.7361703564242436
11	0.725383537498994
11	0.6170515769573549
11	0.552465383580251
11	0.6866907996566275
11	0.442210234879693
11	0.48345194422689847
11	0.6339537251665783
11	0.7142076746099314
11	0.5540187549377336
11	0.6258337632005239
11	0.41381036220522194
11	0.5487599986953057
11	0.7778406877935927
11	0.8231698651055188
11	0.638021832630607
11	0.5547287976315206
11	0.7253902773118154
11	0.5481961661424662
11	0.5606274320526656
11	0
11	0.7830742843582524
11	0.5051551899507277
11	0.529622389945695
11	0.6045500723755569
11	0.5226848230249549
11	0.7026808758081547
11	0
11	0.6435926899916372
11	0.8156423244722014
11	0.6309283296480462
11	0.4075145663453833
11	0.6438991825934214
11	0.6828180566682553
11	0.5654974523872999
11	0.5477755497570033
11	0.7176681552189488
11	0.4078619029749691
11	0.5628822422560623
11	0.49215141694959647
11	0.5146157140194544
11	0.7742924158324967
11	0.6726916907710885
11	0.6210702765091743
11	0.7574705291637313
11	0.62796038395689
11	0
11	0.6534514073917885
11	0.5079675831044987
11	0.7551382189882373
11	0.45557821662110576
11	0.5220794816994578
11	0.7142026641367135
11	0.5782574591904559
11	0.645295384714705
11	0.5938954100329699
11	0.47781961512028737
11	0.6243836615348825
11	0.6151193360456911
11	0.6157598364090361
11	0.6508562240002352
11	0.5694685272280106
11	0.4208622326743354
11	0.6417294104389218
11	0.3681512003113018
11	0.6215632498914493
11	0.7339461450654351
11	0.603456751149263
11	0.5318596809749699
11	0.5172724701052321
11	0.6358634709636973
11	0.8635598695318303
11	0.4499503761868832
11	0.6490499818386927
11	0.5387598590863438
11	0.59725435751776
11	0.743926121002304
11	0.4835965856992022
11	0.5517036371813097
11	0.5031082904406039
11	0.38003304152991146
11	0.8104328337993907
11	0.69033067206665
11	0.6864978307052456
11	0.5360396986290925
11	0.5147853985879972
11	0
11	0.4207947118422231
11	0.7006333860590381
11	0.34040739296422967
11	0.3708988077091686
11	0.5966695103572981
11	0.60111231449121
11	0.6700869775543532
11	0.561059784741903
11	0.5140938571439224
11	0.5993428521925037
11	0.6770517448314436
11	0.3941673551714132
11	0.7682931240850717
11	0.4843748307284511
11	0.4176290489989597
11	0.5608959610692589
11	0.5838830189798088
11	0.5270736756530652
11	0.6275335154680954
11	0.6160249858836603
11	0.6202518997939446
11	0.7081637934133168
11	0.7283283554227928
11	0.5925729950983796
11	0
11	0.7386038618292581
11	0.49025032909539257
11	0.5340563683990756
11	0.6806389459400418
11	0.5555975691840286
11	0.47570278956873385
11	0.6171183387375645
11	0.5932379242815813
11	0.5438581617524578
11	0.37243281185923244
11	0
11	0.5928377523208894
11	0.6702699460362159
11	0.6583832180400823
11	0.43971368921588405
11	0.6442934843498985
11	0.6280570833759522
11	0.5346764397755746
11	0.470508513572464
11	0.6231697494306718
11	0.7386481402859264
11	0.5731445528836654
11	0.7412861602178457
11	0.7947401274714964
11	0.5293124213545416
11	0.7902095919456261
11	0.49713999687272875
11	0.4328021748243114
11	0.4304533522098425
11	0.6455014744604516
11	0.6759717446952341
11	0.8218857130932298
11	0.6630816239584623
11	0.7040617698509655
11	0.5844646097248147
11	0.5872854278021865
11	0.4947046624478131
11	0.7416033070048774
11	0.7669779489605619
11	0.7174790764213448
11	0
11	0.4803014756333689
11	0.47554371505433257
11	0.7353640989168441
11	0.7136734635677018
11	0.5096752335054145
11	0.7338911112418754
11	0
11	0.5565179916264303
11	0.4220677040551166
11	0.6597643825429844
11	0.5646373509208877
11	0.4271151742969867
11	0.41072049926314314
11	0.7530179158318563
11	0
11	0.5922678616619762
11	0.5910905288328819
11	0.4394912286664314
11	0.6920183438693002
11	0.4506879678130065
11	0.6276137938848169
11	0.5552225402850676
11	0.6271430650355794
11	0.6635823038240996
11	0.5295654007967356
11	0.7366655017643283
11	0.6162566628828215
11	0.5790001953341033
11	0.770517600535428
11	0.4101571691492505
11	0.6648278733364732
11	0.5753941438358279
11	0.5064602712961027
11	0.6096715592161713
11	0.7456724909751347
11	0
11	0.6536172141944778
11	0.3992393057289633
11	0.3928511646126437
11	0.5867449326086365
11	0.6345431451861823
11	0.5619287875998732
11	0.5254806898278185
11	0.5080731631601594
11	0.5942139274361058
11	0.6005745616101741
11	0.7927454747714452
11	0.43167076500339874
11	0
11	0.4995322205871446
11	0.5297951744279679
11	0.6190007638121017
11	0.7107594217224479
11	0.5773313699372734
11	0.4868847102371002
11	0.4816047817948889
11	0.5776299853542421
11	0.7116478598079748
11	0.5145094682896427
11	0.768597957532413
11	0.448378016848448
11	0.7239090883347828
11	0.5218900336989334
11	0.5570517938878997
11	0.6353637849962481
11	0.6377344032507268
11	0.6204463033189621
11	0.6008091688324851
11	0.5980358280889312
11	0.6619600075842967
11	0
11	0.4406684786340833
11	0.5574822202458936
11	0.5122204536565941
11	0.6198861907868399
11	0.621711185300274
11	0.4203252396886822
11	0.4140378331261588
11	0.8326100470043554
11	0.5205726501275189
11	0.597244090417956
11	0.688063208761925
11	0.6770520331576859
11	0.774090246070107
11	0.42955123008939905
11	0.6540305285721936
11	0.5177903824597211
11	0.4842384571074605
11	0.7702793375718917
11	0.4411826445276145
11	0.6480016786055756
11	0.698311589904278
11	0.6147435756699701
11	0.6327274691281157
11	0.39759695272328305
11	0.5976894445727694
11	0.7576632683693404
11	0.5272928752896446
11	0.40523903361595914
11	0.67712847448345
11	0.6205624201380817
11	0.5183860683276884
11	0.5790646493452253
11	0.7421128492733834
11	0.5435403190219336
11	0.6679233603631516
11	0.3700179230002759
11	0.7177680244945929
11	0.5353848511755112
11	0.6282405858204809
11	0.5649599347985538
11	0.6050400712446439
11	0.5081011726174309
11	0.49289850704915605
11	0.7692989598115137
11	0.40282506748299857
11	0.7871409997627475
11	0.4234925071002915
11	0.7247227841030623
11	0.6418174099824471
11	0.6296321130222426
11	0.4580016035660571
11	0.5756098459100053
11	0.6666854694915036
11	0.4647758216790064
11	0.5235489014365438
11	0.48744564711996213
11	0.6819403163127623
11	0.4803709085303553
11	0.4674079035465427
11	0.6190815037853457
11	0.3977366116247559
11	0.6556190162455175
11	0.7093652523414553
11	0.4776595297475143
11	0.749032140398248
11	0.6272887981067303
11	0.5111299663128955
11	0.41320624269365497
11	0
11	0.6583602920029017
11	0.6627704812619013
11	0.507137833739824
11	0.7879408308853452
11	0.41269611694412445
11	0.7267649427492563
11	0.5438355930542984
11	0.5866893305533332
11	0.6851019669476738
11	0.3959800812810579
11	0.5874964844371423
11	0.6436241400222121
11	0.6721819195240487
11	0.6369745183847358
11	0.793130397183476
11	0.4611887761945138
11	0.4424754131433011
11	0.7080700493317404
11	0.6648554403958666
11	0.6510013605584015
11	0.6772595813847269
11	0.6391123914729218
11	0.4288631781084666
11	0.684540022008084
11	0.7242474732156384
11	0
11	0.6174691736095714
11	0.5026536678370856
11	0.5904350720860807
11	0.5316248600016797
11	0.5306139856789581
11	0.6905184384771623
11	0.703686854934366
11	0.591959099242136
11	0.6857981792766181
11	0.382921350441524
11	0.46333266275330215
11	0.6325939575305185
11	0.6445595806533494
11	0.7641896937202123
11	0.5066864953594894
11	0.7793644694787855
11	0.6987112951885628
11	0.5523136693974965
11	0.6931909490689563
11	0.4025494515892695
11	0.644057722315752
11	0.6229964473670272
11	0
11	0.716449679835429
11	0
11	0.4403795281455299
11	0.682694051121884
11	0.4653442401200705
11	0.711049587624649
11	0.613356363832742
11	0.5209425421942838
11	0.7573503843104107
11	0.5868300182226488
11	0.511046294635667
11	0
11	0.5662836876694464
11	0.8413685626246064
11	0.6114243465390826
11	0.5706239237813322
11	0.6476268530579827
11	0.5171466612635769
11	0.5465610763044503
11	0.5725059560018625
11	0.5165866220639027
11	0.8044427370562149
11	0.5999940535907639
11	0.7736892993899492
11	0.5407105107349378
11	0.7090441491871071
11	0.5183783145737315
11	0
11	0.38145792468687245
11	0.6849946745814673
11	0.6778963339543181
11	0.4840296452151619
11	0.6519971727630347
11	0.7445111661274648
11	0.6812704415239996
11	0.8000037935257845
11	0.4571545950938479
11	0.6385410444708159
11	0.37362960236612763
11	0.7412693246940629
11	0.6431923877242319
11	0.6769624677603742
11	0.5862807094244127
11	0.7229145318222363
11	0.678503126477129
11	0.5813013411905843
11	0.5630322859056669
11	0
11	0.540170859942886
11	0.6614159644247187
11	0.6719816750311377
11	0.7313567510231601
11	0.646179764416622
11	0.6688355151779728
11	0.6859924093146086
11	0.4973847099648206
11	0.5755076253797237
11	0.5713417775518523
11	0.7737091137513922
11	0.64128687083738245
11	0.6871774504768031
11	0.5653850762728059
11	0
11	0.7847246545596659
11	0.6907283198952634
11	0.611404259887338
11	0.6298857841514578
11	0.5534383560190805
11	0.8049583352947132
11	0.49660440454951416
11	0.433201878190427
11	0.6663523986948976
11	0.5861813366527115
11	0.5507522383205267
11	0.5703255299525164
11	0.645602837407995
11	0.658423301183263
11	0.4514932685282797
11	0.6827280144625506
11	0.49073409765887427
11	0.48542261155028066
11	0.45709805799474695
11	0.5334536010795385
11	0.6536125845991406
11	0.5930466053558974
11	0.3936172100568788
11	0.6654388119092497
11	0.6803036488596288
11	0.4859116411664746
11	0.4121934077840751
11	0.4874394799913853
11	0.7541005322871367
11	0.512195446838438
11	0.7543492066171318
11	0.3769207408376401
11	0.8043973077364387
11	0.4865764902431026
11	0.5357459858271713
11	0.5146430101263005
11	0.5830967252426691
11	0.48226097623307806
11	0.5767382214468711
11	0.5755360952395348
11	0.6649524936796486
11	0.5638396921985955
11	0.6247069561624524
11	0.6631107871401106
11	0.4754745641029704
11	0.4961199193543696
11	0.5070639443183685
11	0.6561998208957062
11	0.6655269247531306
11	0.4853407935935605
11	0.5528930174917188
11	0.6020622383016088
11	0.7306889749898603
11	0.43920574678157454
11	0.415742266477091
11	0.4584470944760379
11	0.6609207455908103
11	0.6211360761863939
11	0.5249294107105672
11	0.6571011773226335
11	0.75399033490798
11	0.3311546782469021
11	0.3314293445422853
11	0.4515216525205049
11	0.6828601611206657
11	0.6559369432587919
11	0.5293677556335543
11	0.6135216869246604
11	0.449802416913061
11	0.4901816866748867
11	0.49774969619565984
11	0.5509732351204591
11	0.5393926902504409
11	0
11	0.6395827203357943
11	0.4587479188630253
11	0.47534304604682914
11	0.6395301511723278
11	0.6136395481751927
11	0.7669465509445901
11	0.5343052576964735
11	0.651574102064068
11	0.5436913483388696
11	0.5220037487071719
11	0.5887962469212843
11	0.5209344804133973
11	0.4596775460979892
11	0.7057831640109168
11	0.5473521655417567
11	0.6892235529756501
11	0.5003860503581181
11	0.6279966091724309
11	0.5434317094337431
11	0.6227489483797409
11	0.599445736763007
11	0.609332356589817
11	0.666372881830616
11	0.47887693482041144
11	0.5322435607042174
11	0.4990812445675066
11	0.5169422953221966
11	0.4369140205800223
11	0.5940249756843875
11	0.4132387573970916
11	0.7453778221036481
11	0.4878803697904815
11	0.466101379993459
11	0.6093379672442997
11	0.43525959368379624
11	0.5564444376263008
11	0.5125873947543188
11	0.5448947194426865
11	0.4856049350860968
11	0.5071723733408625
11	0.554256532308002
11	0.5632661757169132
11	0.5607165380915131
11	0.5964012243548963
11	0.411214592925467
11	0.6009331029072371
11	0.47763178212451396
11	0.5993252942793184
11	0.6034340793208404
11	0.5200832697103678
11	0.6595869914852044
11	0.36480954139905186
11	0.36908475268459234
11	0.6747508144906833
11	0.5932179723487638
11	0.6381373432369846
11	0.7197481377555806
11	0.6482044826768331
11	0.7109800795998655
11	0.5811755551960448
11	0.7926662246486281
11	0.8522048359009672
11	0.43008396258796244
11	0.5384482726504048
11	0.34358572641698387
11	0.6317589171383875
11	0.7092395586344139
11	0.4607904555576004
11	0.48814540294742
11	0.6448246755325021
11	0.5290792158674942
11	0.6082571168046291
11	0.682596260736026
11	0.37704986178462047
11	0.6913031665136333
11	0.7383591480509932
11	0.7733519092366872
11	0.803970916146446
11	0.5282198040605666
11	0.38991051196016563
11	0.6852198259198244
11	0.5290760146613005
11	0.7786070786050746
11	0.5358073628638792
11	0.43730180815751674
11	0.662104884893053
11	0.713970310094295
11	0.6133811537901309
11	0.6768690531328685
11	0.6676861556200078
11	0.44334834867777495
11	0.34332815571548064
11	0.6902135836847807
11	0.6931228676733527
11	0.551360711407374
11	0.6002673201791592
11	0.7617784875477546
11	0.7641246362524949
11	0.525374680235986
11	0.6620916830867499
11	0.8046644373849541
11	0.5330379164366973
11	0
11	0.510162858755764
11	0.5905014657345433
11	0.4549803581616035
11	0.5547830469659575
11	0.6287267103877292
11	0.7893429710006877
11	0.44886217493337144
11	0.4245922220919682
11	0.5908234862395427
11	0.6093772982949934
11	0.4630741379819841
11	0.5772822237275029
11	0.628218779328501
11	0.4062179608294727
11	0.8342523144358994
11	0.5720029294014408
11	0.47144730997875134
11	0.6343455220238986
11	0.7577767598311294
11	0.45298405324915414
11	0.6319810360944037
11	0.3623365553754219
11	0.3928108183148537
11	0.6748018252402828
11	0.5426505303319646
11	0.6249208670012939
11	0.7797540336418541
11	0.7783189169410947
11	0.7488561290365783
11	0.761726820454024
11	0.5765216038919951
11	0.6945640464945614
11	0.44038449026134363
11	0.7181924604622505
11	0.6449418502936893
11	0.7441294647193625
11	0.569834021526073
11	0.41815638506487923
11	0.4055534486697589
11	0.7062881332991684
11	0.504080204700856
11	0.43347754787074183
11	0.7090737498592476
11	0.4691198200973822
11	0.7372933218307841
11	0.5492230260028692
11	0.629895644984611
11	0.6268231748178772
11	0.5169834248278973
11	0.6329333222885851
11	0.7361284205064466
11	0.5325376356938224
11	0.5274997623510973
11	0.5669856692833075
11	0.5931195471864058
11	0.673925171800649
11	0.496628423439227
11	0.6110826457047097
11	0.470144307763008
11	0.6049952101729779
11	0.5555172372261682
11	0.4925186239631306
11	0.6347459126335192
11	0.7025458093685999
11	0.6685964041160987
11	0.5367700122269004
11	0.5196084443525985
11	0.4649750160711862
11	0.4544705816016042
11	0.6112859896602119
11	0.44940179334974506
11	0.7641584714345239
11	0.6453784297868583
11	0.7343782008527393
11	0.6665243784621654
11	0.5455107820978887
11	0.7292939543404829
11	0.7790673076601925
11	0.522195158227401
11	0.5389498866139941
11	0.48687722589701987
11	0.472330570189692
11	0.5897090880227384
11	0
11	0.5886161709954961
11	0.44635903844649
11	0.5911668499701065
11	0.4250522326530863
11	0
11	0.6101626207049756
11	0.7417743809134819
11	0.8006726403601571
11	0.8449725715480806
11	0.5203512417988101
11	0.669699992282857
11	0.431247279906575
11	0.6885233541576852
11	0.49888977606432117
11	0.5238213824572988
11	0.716290904175496
11	0.43353341737393547
11	0
11	0.5680069051553039
11	0.6789956705432241
11	0.5434715447534808
11	0.5626704551242298
11	0.7953876601399242
11	0.41292428819259874
11	0.5098863159841909
11	0
11	0.5825908325461802
11	0.5215271807484618
11	0.44564024362759896
11	0.592370448170488
11	0.6518436040159965
11	0.557827410400784
11	0.7902025269546363
11	0.4175244388434648
11	0.5815373143146517
11	0.4090496624287469
11	0.5746786542879347
11	0.6208948345934135
11	0.6700683199836118
11	0.46944829304361285
11	0.5665137201102046
11	0.48292443750627495
11	0.44981167292733354
11	0.6799481275388066
11	0.5934842077600365
11	0.6140579483292721
11	0.6641950795149079
11	0.6403525531103756
11	0.6030354026504859
11	0
11	0.5521990211857951
11	0.5015387873342583
11	0.6006751543078674
11	0.6393739409447703
11	0.6085768156215965
11	0.3352620824527292
11	0.37766191962290624
11	0.6901905450522542
11	0.7029785004617224
11	0.6186645386297623
11	0.7361866648518239
11	0.5813054350440082
11	0.6733008808643116
11	0.6427716459728141
11	0.5255760872040838
11	0.4462969931289376
11	0.7387965607084208
11	0.3694177967329386
11	0.7145929506927138
11	0.6182956756120489
11	0.6637095122714456
11	0.5117796956935474
11	0.5422284522097314
11	0.4036183278169016
11	0.6170895710494024
11	0.6514208509102924
11	0.48181300141605793
11	0.5996490418308374
11	0.7387155763449696
11	0.45959291591136153
11	0.5517410099480566
11	0.6624612098594609
11	0.510599431470679
11	0.4144582742021547
11	0.59489613108349
11	0.4342066142804672
11	0.46947359184212073
11	0.6313157816560855
11	0.47102643455770393
11	0
11	0.5700013418559023
11	0.8168509340019398
11	0
11	0.6283841569809504
11	0.5326431826360499
11	0.6119104221755464
11	0.510263010459766
11	0.39800750244215016
11	0.5480161601356875
11	0.6187257922543076
11	0.6587517711234484
11	0.7244992499860805
11	0.4509645312519018
11	0.569496223306158
11	0.5844538111194892
11	0.7339944257351204
11	0.5466465998615672
11	0.6150554984788414
11	0.5431204110861014
11	0.7265622201419795
11	0.5331010757873078
11	0.770978480385991
11	0.43538135868823596
11	0
11	0.6330063098375055
11	0.6546268196784782
11	0.5997273097415265
11	0.4554016487234058
11	0.6433830595676654
11	0.7160778127499571
11	0.7003800542624519
11	0.5357629410395882
11	0.5817689594975692
11	0.46927405313802006
11	0.7286704607382171
11	0.734124183691664
11	0.7562143394540782
11	0.4625604584479079
11	0.598851770161199
11	0.5501766271786273
11	0.6113002954168955
11	0.46447083063251027
11	0.6756374409385468
11	0.6359503902943551
11	0.6896468600004111
11	0.34682487081550495
11	0.6732125962526672
11	0.4895638035413466
11	0.6038002261165214
11	0.43355198239084186
11	0.394176273485302
11	0.49137261362747625
11	0.6530176926481441
11	0.5082399454452018
11	0.5812344203741773
11	0.764633858664531
11	0.6356782654952037
11	0.7318522375174185
11	0.6355043848477129
11	0.6928492521046402
11	0.6595244235960779
11	0.5235395567393758
11	0.6374580206174799
11	0.6091165786535796
11	0.4980002951128291
11	0.5507160203443152
11	0.7936025506929361
11	0.4536188552169311
11	0.5442009067922196
11	0.7449009108189021
11	0.4857938507639288
11	0.4843532066367565
11	0.6984883330244808
11	0.6772744935304976
11	0.49244002956453947
11	0.3862842002348704
11	0.383019242528947
11	0.5991269772061915
11	0.5948181753476363
11	0.4449711335009219
11	0.5007039270841583
11	0.3927263626667568
11	0.7016683770088818
11	0.4765941237017604
11	0.7782726921137381
11	0.6117524386677845
11	0.6555178418781642
11	0.5211286460198172
11	0.6353509269354145
11	0.48071027176330144
11	0.4320322274056802
11	0.5645403641499143
11	0.5363261696749305
11	0.6931781115513205
11	0.8176944910419973
11	0.6836001937871422
11	0.5733733359136429
11	0.3274521298788201
11	0.6163593611477771
11	0.7108917113710193
11	0.5501125679775526
11	0.5205095996048388
11	0.6890609937535837
11	0.41913197823439424
11	0.46559001226233315
11	0.48290703774317373
11	0.6140103265231631
11	0.6587146978034625
11	0.44666554534833985
11	0.6407495279129589
11	0.6558300116789146
11	0.514393981187349
11	0.4469794050647885
11	0.7843014609367382
11	0
11	0.7998326939075354
11	0.6740060535558098
11	0
11	0.6873502084238509
11	0.5606085011206965
11	0.7028638524510117
11	0.572516388030874
11	0.6297722312164424
11	0.4140189976827253
11	0.5697394072950323
11	0
11	0.7907047809403818
11	0.5669941687234069
11	0.806715165588841
11	0.61972609610798
11	0.544256752573545
11	0.6620805612320828
11	0.40015997392009556
11	0.7661696663845747
11	0.5025532667636828
11	0.7401192066703276
11	0.861925001127981
11	0.7590445382214865
11	0.5893340803367484
11	0.7511410263921474
11	0.6657566312614067
11	0.5311148333260478
11	0.5166767530488069
11	0.5708436179237204
11	0.6060209274119296
11	0.43200535821656655
11	0.6214177380857965
11	0.5720397855113228
11	0.6674463997223324
11	0.6232453529608964
11	0.5624348342286937
11	0.8565626892827992
11	0.626558735163934
11	0.6229459134633862
11	0.5826337161152803
11	0.5584759856340875
11	0
11	0.6724942454424002
11	0.6508113383586717
11	0.5860425825486352
11	0.6458044054421862
11	0.3677624829709304
11	0.7611796750634431
11	0.6170255378393655
11	0.5818257055486692
11	0.8259127913758544
11	0.5424047262774128
11	0.6563473729604454
11	0.6243108874001729
11	0.6509275497337553
11	0.4165991371917441
11	0.6288986456488446
11	0.49672816938467956
11	0.5350641229361768
11	0
11	0.6617848020049777
11	0.620134890140417
11	0.471839580081467
11	0.6738217616881168
11	0.6304347191588809
11	0.49115727796637504
11	0.5325865454777426
11	0.5401321627538741
11	0.4127803805124622
11	0.6837824336213616
11	0.6586912297931496
11	0.6310766832738839
11	0.665628848696878
11	0.5201878525579022
11	0.7447189012120077
11	0.7425146456722235
11	0.5237560938758054
11	0.6873515226684507
11	0.666576002035168
11	0.64691003402248215
11	0.5143718267177406
11	0.842304185755184
11	0.678387125376379
11	0.6333815434210548
11	0.5695386506038242
11	0.8213963572057681
11	0.4984978066634909
11	0.5448545829168873
11	0.7167832947583979
11	0.672575284780626
11	0.3944037985687765
11	0.5811594945199537
11	0.7094293741854187
11	0.593463246768346
11	0.7120462389169867
11	0.7183553855653722
11	0.6431324942538006
11	0.5411038443102966
11	0.6314320698524195
11	0.6441955548484289
11	0.5594058723304568
11	0.39540282278234334
11	0.6181740931414773
11	0
11	0.6950766699373027
11	0.6342953267583777
11	0.7028308870556604
11	0.6762032046693378
11	0.5814500455674859
11	0.6240440323635899
11	0.8200562057895203
11	0.5184058355920741
11	0.5056855310407384
11	0.6103397635222912
11	0.6123842506743112
11	0.4725709910698246
11	0.5585077744434918
11	0.6548598337281905
11	0.5930049693890358
11	0.5558055037286027
11	0.6134419345611862
11	0
11	0.6061926374141711
11	0.5429737045793497
11	0.5788739343878205
11	0.586366247038892
11	0.6156170028982952
11	0.5216911332167444
11	0.5757679024321444
11	0.7982977197790821
11	0.662567499082818
11	0.565459499616589
11	0.5519479106341734
11	0.8661094498187712
11	0.5579037032558208
11	0.7948897407750782
11	0.4393476944668035
11	0.5579084093865343
11	0.3793634908158691
11	0.7628981961764237
11	0.6384465792432438
11	0.5079462014667739
11	0.5715103059717772
11	0.42320174952633605
11	0.5330174508566815
11	0.6241637841925175
11	0.6790950851722876
11	0.6605309806992494
11	0.5906850240254665
11	0.7538574811976647
11	0.6809678382951396
11	0.8211776170259794
11	0.7363425060249766
11	0.37375573134898016
11	0.6160570312037166
11	0.6091965346975035
11	0.44226073599975785
11	0.6733937148027824
11	0.7257167979020793
11	0.5953403248628882
11	0.45664949831835244
11	0
11	0.6837705544055876
11	0.5432454570268705
11	0.6105814266443665
11	0.7613432950793226
11	0.3699250697108119
11	0.5524307590271331
11	0.6966290454812077
11	0.7047304837774235
11	0.4877431289665136
11	0.6551722325267544
11	0.6425086985166085
11	0.40524706657453874
11	0.6430936652738453
11	0.7534117810963818
11	0.7031849282743126
11	0.7781404569530468
11	0.7614441955114425
11	0.6198079376974783
11	0.5081720414733452
11	0.683928142299355
11	0.6530197870339589
11	0.5381419270187713
11	0.4622657679682084
11	0
11	0
11	0.4282523363603206
11	0.6299597297072891
11	0.5291266875606908
11	0.5263519087832139
11	0.5011057188739514
11	0
11	0.7011517536801848
11	0.46497176956700087
11	0.38053941731885543
11	0.5730801229315754
11	0.5271145140439054
11	0.45769593826848737
11	0.579772949760113
11	0.5342847627235221
11	0.7306932826619892
11	0.5876264191753501
11	0.646089629086982
11	0.5213525279507759
11	0.4950340153941026
11	0.6679201650649386
11	0.4870884649362775
11	0.7147801876088283
11	0.651727668019066
11	0.727243907038913
11	0.4622598461689003
11	0.6058490328979154
11	0.49600414935615145
11	0.6570036537520146
11	0.7574718488662664
11	0.5488708522927064
11	0.776968730371601
11	0.5789129529630224
11	0.629953626155412
11	0.6064755988076717
11	0.6136546740676061
11	0.4421684937980749
11	0.7563263198609065
11	0.5697876881364042
11	0.6847566474335873
11	0.5274842331290813
11	0.6600559243661293
11	0.688372734604711
11	0.7556780423534515
11	0
11	0.560097229270488
11	0.7049672891084947
11	0.5122921990522458
11	0.6278442273613627
11	0.7403182102314773
11	0.7177314238615498
11	0.5208059245351573
11	0.621846899872744
11	0.7241177143459119
11	0.5569348762186045
11	0.6493416265093395
11	0.6936843284934401
11	0.5181897075998428
11	0.624024966781466
11	0.7943336043033091
11	0.6434221502265467
11	0.6957521483376604
11	0.6661111123150778
11	0.6227267858289035
11	0
11	0.7929443725426497
11	0.7070152776450634
11	0.5333814550340408
11	0.46667022529741237
11	0.5766261722771483
11	0.41655619026155444
11	0.5567616367869005
11	0.49766613614766836
11	0.6161718010316619
11	0.6129291160471372
11	0.68769237763955815
11	0.447062978694156
11	0.512303976084843
11	0.5837744525236552
11	0.5558473845264676
11	0.6430149942738136
11	0.6826700106821538
11	0.6465221230672381
11	0.6226276718272828
11	0.5559274079967534
11	0.8008311687523691
11	0.6030569440765503
11	0.5779673623129592
11	0.6207524534361762
11	0.525916074376765
11	0.648886463277509
11	0.5867007418658428
11	0.6259167174933384
11	0
11	0.6753636787937961
11	0.6047706104601341
11	0.639774398920659
11	0.5859371655382516
11	0.6012641980330627
11	0.5643969578304716
11	0.5382130501623017
11	0.8000338222558052
11	0.38974412882014653
11	0.6006756332324615
11	0.6702337941631946
11	0.7066187128755593
11	0.7091252956010274
11	0.7371335775104051
11	0.7834199793010204
11	0.6136410451043449
11	0.4146357302583532
11	0.519577060525031
11	0.7069675467652055
11	0.6333329489244983
11	0.6268368213532762
11	0.5912463681500046
11	0.700578205454472
11	0.6376742072745386
11	0.7540337254304651
11	0.43788552885433485
11	0.7155331603271506
11	0.5671901351209059
11	0.5115211197671418
11	0.6840187412832829
11	0.7266212175849815
11	0.6007778857457894
11	0.5426242721677867
11	0.7727305821342897
11	0.6323676158734091
11	0.7613922159280482
11	0.7583202917374716
11	0.5775265091119066
11	0.42676767576147806
11	0.6037775064986028
11	0.42375768146014425
11	0
11	0.6772178050355481
11	0.42975814950092756
11	0.4246976214837633
11	0.6424765137832396
11	0.580309825854623
11	0.5478030753965724
11	0
11	0.7556909563858585
11	0.6650525502716541
11	0.46844855507476535
11	0.49651225126326637
11	0.5677540315629486
11	0
11	0.6546753591627973
11	0.718827221306221
11	0.7766385360217041
11	0.49515854273030113
11	0.6883233765437584
11	0.6383806679958487
11	0.7513031752522029
11	0.5273688489909221
11	0.46375270221481285
11	0.6410845413861411
11	0
11	0.6456592468445624
11	0.6153110781115728
11	0.6249172712250538
11	0.5094611888061725
11	0.48947325442461387
11	0.5865033980086106
11	0.6893755121766093
11	0.5597868249186818
11	0.5492468161272154
11	0.4061790218815575
11	0.6601860902888559
11	0.4166383851100129
11	0.5475148968640137
11	0.6376463079296745
11	0.5970315685284034
11	0.6450001778971027
11	0.5603802713035774
11	0.4937309966609774
11	0.46355337210485764
11	0.7681434297020637
11	0.658544145039856
11	0.5058489645982336
11	0
11	0.7345130373931325
11	0.5974903523024855
11	0.5474610155881544
11	0.5794174863739024
11	0.6207093589857114
11	0.5353735218220045
11	0.5766223080593849
11	0.7145327801524279
11	0.4433342771966896
11	0.4470826828291179
11	0.5469102587721139
11	0.5072500092108061
11	0.6746386585172616
11	0.4962220762404122
11	0.5477233014427652
11	0.7225667688863714
11	0.6970125136120308
11	0.5259556239036438
11	0.5131164341827439
11	0.712344315070705
11	0.7323290038134497
11	0.7271186830818427
11	0.5750780990384493
11	0.6008551979705792
11	0.5991476724991043
11	0.726591175461151
11	0.4279556123301638
11	0.5269744567060037
11	0.7547420956468067
11	0.6326780329092527
11	0.5210055546405473
11	0
11	0.6239590929444564
11	0.5540665125277441
11	0.6892228758686425
11	0.6698806675520781
11	0.4699729050463514
11	0.5587753831149264
11	0.6491951898478117
11	0.5278776095940972
11	0.7975405911116367
11	0.8684688394566659
11	0.5678776163561463
11	0.5942151651089259
11	0.6016714808085668
11	0.6571152402361718
11	0.6689451690476027
11	0.5211541591257292
11	0.521314959445768
11	0.6999257432855392
11	0.5300989111103435
11	0.683750448853478
11	0.6278568037194161
11	0.6425631269187762
11	0.518232828959011
11	0.6900747175777989
11	0.69264808997672
11	0.7464162070529042
11	0.6081194088762365
11	0.4378107550079596
11	0
11	0.5214817153239353
11	0.41256330158380106
11	0.6893188570094011
11	0.4755866354689427
11	0.5146319865716045
11	0.44932137053066845
11	0.4344602897605008
11	0.579428776377534
11	0.668780075210335
11	0.6466433938940249
11	0.7509426946378893
11	0.6971086994437509
11	0.7514520239989902
11	0.5407257565452265
11	0
11	0.4432621935144303
11	0.8077619834396057
11	0.5967825514598042
11	0.5937819171795695
11	0.7201183616563113
11	0.39907813247483276
11	0.6715708870871236
11	0.6841860121433396
11	0.6307530770552402
11	0.6984898176621664
11	0.5162805448090163
11	0.4212755994694068
11	0.4843478520914334
11	0
11	0.6247156805580552
11	0.7429383735340196
11	0.40627102084601896
11	0.4974879232457376
11	0.37374972268863316
11	0.5702303948212007
11	0.7267921722967241
11	0.6708345785480804
11	0.7848917091608838
11	0
11	0.43689894285785646
11	0.47860658986292254
11	0.647858010783841
11	0.7645099074790811
11	0.5483019109558875
11	0.6040429758201947
11	0.5776748855085748
11	0.5099856973023201
11	0.4844088846022816
11	0.6184256959828295
11	0.5430146656662881
11	0.6038274235763929
11	0.4727667663035409
11	0.6031356316154939
11	0.6890425580290829
11	0.6549479650432619
11	0.48500829924869143
11	0.6144929466838054
11	0.5118098540353889
11	0.7692871343518916
11	0.651866709821493
11	0.6113262636061564
11	0.7669267969476768
11	0.6500085925082381
11	0.6497491878335959
11	0.4344671794626671
11	0.6278509013088402
11	0.7827657594380304
11	0.6690786975772297
11	0.752201437095119
11	0.43705240566770454
11	0.493883860145112
11	0.5375554944192945
11	0.4268607506975505
11	0.534380591478396
11	0.6152601638406929
11	0.5534058145645019
11	0.6123258632152337
11	0.7014069586589606
11	0.7373244529617689
11	0.5286347604334432
11	0.6694421345245622
11	0.6486358568634342
11	0.6503540065567854
11	0.6594645018189869
11	0.5957151362155427
11	0.8170671815016823
11	0.6230738048229302
11	0.598244664790679
11	0.4591859221948479
11	0.7484835915924042
11	0.708950148501574
11	0.47700798631201885
11	0.5727414546921598
11	0.6565624015187416
11	0.6197285125636839
11	0.6308166369140873
11	0.626925755254354
11	0.5109070257197806
11	0.7243211948221255
11	0.6934659336237023
11	0.429002032672959
11	0.4613155900577351
11	0.5342734252193385
11	0.5446489015193046
11	0.7757113466389568
11	0.6105757072131351
11	0.5356906768256621
11	0.680364798675756
11	0
11	0.46955478996569566
11	0.5282065045759964
11	0.7118171044902587
11	0.4124733137291681
11	0.670292859929342
11	0.37564037706523634
11	0.5866879949323609
11	0.32709341266594594
11	0.4864142009446982
11	0.6684912526429303
11	0.5131840578947289
11	0.6779990466421214
11	0.45981431101248715
11	0.4842448958812324
11	0.363395337229565
11	0.49723379899798675
11	0.7508421659547151
11	0.4857348405210702
11	0.5440186819159085
11	0.5518189338912637
11	0.45875282032537773
11	0.4893082976867854
11	0.5699092445075038
11	0.6364401797566552
11	0.6006901771697193
11	0.5516418228040443
11	0.6051446029440588
11	0.6368289519195619
11	0.6309477075701199
11	0.6774962377923015
11	0.5008991222498121
11	0.4683948089641125
11	0.5143384325962698
11	0.6238279667390914
11	0.4003444914475603
11	0.529729852392634
11	0.6940962380429976
11	0.7586556314982719
11	0.4091747077987017
11	0.5525269490157273
11	0.6520533525257338
11	0.34406949557840877
11	0.5524852939637035
11	0.6122293896388715
11	0.5335910097107103
11	0.7807136088241194
11	0.6281210215484204
11	0.6810796419822986
11	0.577620423780388
11	0.4881030864077192
11	0.7356945781828036
11	0.40786216193057
11	0.6390997653390114
11	0.5475177695554843
11	0.5540819161673326
11	0.4383271526331136
11	0.798349929543781
11	0.6229634935747241
11	0.5241572838629268
11	0.6078819167435391
11	0.4810127696777975
11	0
11	0.5409791366282249
11	0.39950591771336535
11	0.7854361440566343
11	0.4779092327856744
11	0.4862870520167289
11	0.707751550595885
11	0.6387586578778648
11	0.6179187986005633
11	0.6369552236783583
11	0.41082588616862376
11	0.5070222106260602
11	0.43547393442226284
11	0.6451026072486247
11	0.48085539695792423
11	0.5942067415618686
11	0.6782336536498659
11	0.5891783922660168
11	0.5651940088948844
11	0.5092202536492069
11	0.6112781527988762
11	0.45963725651355775
11	0.6181525253477241
11	0.7110181266510723
11	0.7067617524682067
11	0.6443181264922659
11	0.5643575958823743
11	0.6975629016882103
11	0.48392457464988176
11	0.5274980659252518
11	0.5383269981015915
11	0.7387321814220067
11	0.4557604057159257
11	0.7972147957440746
11	0.48432334038069264
11	0.5948931040095473
11	0.6431105584342773
11	0
11	0.7781434974365319
11	0.7942494096604802
11	0.522107646317054
11	0
11	0.5863860023301595
11	0.7410241077183672
11	0.39512025815913415
11	0.5712828602474501
11	0.620433998263693
11	0.6346579596947063
11	0.4897601854751518
11	0.7696065352538615
11	0.6464421745554498
11	0.7908940340090779
11	0.50804001805599
11	0.6870881521935475
11	0.7252028196665332
11	0.4834865078677102
11	0.6504458063388545
11	0.6361131174979815
11	0.5846178288797426
11	0.6881409918941794
11	0.7284337823784545
11	0.46424909473916337
11	0.5342360387445325
11	0.7214619759276739
11	0.7909889817574012
11	0.4159159468177868
11	0.3348756458659212
11	0.6039699443223562
11	0.5835704763210511
11	0.6381921994081632
11	0.4122872935716646
11	0.8027192974518428
11	0.6653774023659863
11	0.44798884878014167
11	0.6735328129869039
11	0.7268245866485009
11	0.6692197407985468
11	0.7773911263869572
11	0.5397925437004409
11	0.5219347143644797
11	0.5840896623795703
11	0.5077122805233879
11	0.4775524563929066
11	0.5770601503117865
11	0.5872782284345847
11	0.5376105552071282
11	0.522463825299818
11	0.6741603523364227
11	0.5338194899515756
11	0.5127882300447926
11	0.5553370386543495
11	0.6749434759718168
11	0.5981085366139703
11	0.5016423962534289
11	0.4981524936322302
11	0.6052486825963715
11	0.6739984163348783
11	0.6058877408080295
11	0.5938818049033558
11	0.4996807740620466
11	0.7040520326433167
11	0.7615522813027955
11	0.708561143011393
11	0.6497725251614106
11	0
11	0.64798646873879
11	0.49149806589330486
11	0.5280805293153104
11	0.45493347139034257
11	0.8206643192538281
11	0
11	0.7892459223799788
11	0.6175305191722357
11	0.7014913330642472
11	0.5837657259149862
11	0.4082363877819084
11	0.5575925028263953
11	0.7909671792058653
11	0.49284612817070417
11	0.578661291153596
11	0.6855707922905843
11	0.7048068366299073
11	0.7963889227542952
11	0.6349008493695051
11	0.7315154833887773
11	0.7241550914021987
11	0.5673895027385221
11	0.517503499424566
11	0.4669686268980599
11	0.6142549742868028
11	0.6439848247493289
11	0.5464449911762282
11	0.7649674578896886
11	0.5291196828700322
11	0.6715004239757684
11	0.5540031471918595
11	0.5255165671197122
11	0.8344126229905873
11	0.5818127037222734
11	0
11	0.5009259852562779
11	0.47913681827764193
11	0.7365101040452617
11	0.7405272268025965
11	0.8380816146136045
11	0.5344524191835215
11	0.49415442877862
11	0.6057115564164041
11	0.7925676533919701
11	0.6663974558781672
11	0.49229097420530415
11	0.7179252926631403
11	0.5369678122552461
11	0.6935220555175893
11	0
11	0.5394807542809452
11	0.5494372514738977
11	0.6849739526811678
11	0.7364278147135216
11	0.5883372509964003
11	0.4320166919859413
11	0.6467248084664224
11	0
11	0.7433949602380362
11	0.7523202695556747
11	0.698419269747518
11	0.48403964167360103
11	0.5012632719690383
11	0.7549736222587605
11	0.6151631259006978
11	0.4830869429074067
11	0.49954207325251815
11	0.6759882260306088
11	0.594488346030348
11	0.5287774457073894
11	0.5210380697494177
11	0.4087733122472273
11	0.602581279450526
11	0.6230561634513916
11	0.548213595447147
11	0.5976290212552715
11	0.8515559512684918
11	0
11	0.7741957515927747
11	0.4613030563550111
11	0.5763054723359049
11	0.5690071444875815
11	0.6773947931897223
11	0.4266874896496168
11	0.5574866658829501
11	0.5508645348603344
11	0.6378230571500605
11	0.6659634685779524
11	0.6036887246637804
11	0.5504773714516595
11	0.46904604776419107
11	0.616478135960571
11	0.6332842353710637
11	0.6592003365264288
11	0.5850636276662585
11	0.4771002582547226
11	0.6116319880902032
11	0.6840135461448636
11	0.6646155167513222
11	0.6703854767595233
11	0
11	0.4764288347887311
11	0.5172545097414583
11	0.5873989789249713
11	0.5635871230962793
11	0.6207385529391274
11	0.6574802853494365
11	0.6642508708455733
11	0.5142445501796876
11	0.6741882820382592
11	0.6023680514649007
11	0.6818898980937562
11	0.717254637173998
11	0.6673078180594341
11	0
11	0.49007243125512723
11	0.6258455296231815
11	0.8091024626283081
11	0.631145026239772
11	0.6559560596233756
11	0.7173475525589005
11	0.7255660696551137
11	0.5137582923768529
11	0.4937888086612974
11	0.42294248363487247
11	0.6722314646422815
11	0.7223111758611805
11	0.6127444551024643
11	0.6339053441438549
11	0.6109877601839744
11	0.7210917728878665
11	0.6568692664227417
11	0.4056125093996814
11	0.6353491596329361
11	0.6753701562275397
11	0.5561604002457596
11	0.42582612448796114
11	0.6640020643789962
11	0.6423136132604297
11	0.724850950311266
11	0
11	0.5837535742507397
11	0.7607024958936384
11	0.7002830687936763
11	0.6181017809770261
11	0.3923709608527715
11	0.4282947716512726
11	0.7073411999345918
11	0.7475750785020078
11	0.5967772559612238
11	0.6837653174135613
11	0.5752538124288749
11	0.6190909489942561
11	0.629744337414937
11	0.6051984638514184
11	0.6414570423767983
11	0.61385335902525
11	0.49800374100650624
11	0.6276635842878874
11	0.6575715696770331
11	0.46698781560195624
11	0.6283474599799228
11	0.46097179019063694
11	0.40090192199153446
11	0.4207499853728768
11	0.7005923673392419
11	0.6425881514153542
11	0.5976208397589732
11	0.4620138857261511
11	0.4038408997539029
11	0.506379400878628
11	0.4924215992101526
11	0.5599023414413642
11	0.8185620491434897
11	0.7096584316789071
11	0.6210165966189115
11	0.7927448472340416
11	0.5338441864510274
11	0.5795839923394037
11	0.7540936014224139
11	0.7003563931554851
11	0.41641878296228607
11	0.6513885182167805
11	0.4804460611924413
11	0.6173112442669588
11	0.8145300825185785
11	0.4704273876101184
11	0.7494196120294646
11	0.5007821816578173
11	0.6359580110169897
11	0.37624289398595406
11	0.5585635259249682
11	0.4440969948309605
11	0.6535371535958763
11	0.6982827088508897
11	0.44516755402681263
11	0.7670103656094034
11	0.6677911187336208
11	0.4186455933401259
11	0.713965314417358
11	0.5617640920392382
11	0.6053698463540956
11	0.576907965891193
11	0.6669767008216285
11	0.44655214193055015
11	0.5295032692814967
11	0.5894472610890209
11	0.6229389813733986
11	0.5105018218735483
11	0.6318598774651127
11	0
11	0.7407782964178157
11	0.6453045469578272
11	0.7988895046474389
11	0.448094324356897
11	0.4278599733059857
11	0.5768393969602996
11	0.5743441634389086
11	0.7197108107984631
11	0.6429491516716991
11	0.7143582331873372
11	0.6839996702418738
11	0.62840673069848
11	0.6229536239096748
11	0.6770079553592385
11	0.6205432201291754
11	0.6033891250796337
11	0.8125468407544869
11	0
11	0.5365068625219992
11	0.4593587400271823
11	0.4789708015941743
11	0.7622516514731361
11	0.637570720194434
11	0.6627031124894327
11	0.6848727584894061
11	0.551733687653855
11	0.6112341940868543
11	0.553862346563319
11	0.7393128171061243
11	0
11	0.8401047828148529
11	0.6357652516788868
11	0.3879213180432829
11	0.5540156756817526
11	0.5267844155550537
11	0.7778913622842286
11	0.7755223297948387
11	0.6860491464022496
11	0.5391977860080703
11	0.6941174423138842
11	0.47608684163101855
11	0.6073574195672594
11	0.6890125174713438
11	0.3852333705417118
11	0.628186771521487
11	0.5476108511813587
11	0.578856263159229
11	0.6273043969279352
11	0.43322322966453025
11	0.6979186647176376
11	0.4488093495123517
11	0.40857221722942266
11	0.588269664741228
11	0.4543488094312202
11	0.4189804404546115
11	0.8245100205960595
11	0.8086758024596931
11	0.5730335700302244
11	0.631845845550099
11	0.4419750661055291
11	0.5477737171719298
11	0.5934766229944097
11	0.7150797613320478
11	0.4479571565740718
11	0.5846163289011125
11	0.39233552118446513
11	0.5194277148101555
11	0.663627928749211
11	0.5778089823370248
11	0.7314446225777032
11	0.7603114529241078
11	0.49706160358781376
11	0.5947151596730126
11	0.5100060925114892
11	0
11	0.5689060132766732
11	0.41606929256577213
11	0.7253324579718335
11	0.5656513750314219
11	0.4471652587276758
11	0.47868517623336576
11	0.5795252050726684
11	0.6280636592558816
11	0.692937882466901
11	0.6638145272330073
11	0.47521229604689386
11	0.47721740330578905
11	0.6832555229446197
11	0.5486812117746793
11	0.4371918377540864
11	0.6401513139232523
11	0.5081695816562946
11	0.5238138205138426
11	0.39206966105733787
11	0.6711293420101051
11	0.5793170370281988
11	0.4852681030489264
11	0.6691236769244543
11	0.48617384047901224
11	0.5125335578875134
11	0.5309294962127928
11	0
11	0.4960990775089572
11	0.5459575082526263
11	0.7245387410165145
11	0.580409391447287
11	0.5688568805463976
11	0.40962713544827684
11	0.7314486301175577
11	0.7141942437325404
11	0.7293947118924717
11	0.49905861612637265
11	0.5075240265975042
11	0.6658050422690359
11	0.5098857875496534
11	0.5854654412494728
11	0.7786093890157104
11	0.6339634420616703
11	0.4863923411848113
11	0.5836415904768245
11	0.7866407794931506
11	0.5784896503542706
11	0.6874081379420409
11	0.7151997443834303
11	0.565835380798105
11	0.7133981483995063
11	0.645057578164812
11	0.6601989031142869
11	0.5312545270510984
11	0.6203657337872889
11	0.6369140558822793
11	0.4545028712644913
11	0.572155313707009
11	0.578073312679135
11	0.53592115333313906
11	0.5539505737585597
11	0.714677832803365
11	0.5190934626500314
11	0.609685968598619
11	0.5693304859877301
11	0
11	0.6812617065785693
11	0.6922319463532468
11	0.6336335544314815
11	0.44793464888914153
11	0.5130688329969051
11	0.5569344280190538
11	0.42798949542190334
11	0.6653189939880677
11	0.5449652037417387
11	0.6970339770525419
11	0.749521411469837
11	0.4548752514839045
11	0.4638317112977424
11	0.6810547529884637
11	0.4012596692841241
11	0.6727453058670478
11	0.6972389607990903
11	0.5118981343061305
11	0.6795760978636949
11	0.5524843504143419
11	0.5977482337608019
11	0.6339731511337741
11	0.5551906375275416
11	0.5832621226613919
11	0.4353593762337401
11	0.5411630222517346
11	0.6637839439428307
11	0.7504538396788766
11	0.56031561548286
11	0.7656571431028731
11	0.553297550397671
11	0.6295617608058148
11	0.4642232517307804
11	0.49211090087244214
11	0.4109039026531179
11	0.6354408379612383
11	0.5347095727779229
11	0.41579317517735104
11	0.5283154451275172
11	0.7597804275606347
11	0.5957546830669702
11	0.42013032624207347
11	0.7208659443217491
11	0.7926195829844428
11	0.5700280509256759
11	0.6748728991482158
11	0.7827867488216207
11	0.6912016920360831
11	0.6503241042838908
11	0.5981128709971547
11	0.6626982803234528
11	0.5280434601750599
11	0.7684388487430183
11	0.5722521850718623
11	0.6792218050373168
11	0.4301829857773733
11	0.6798743054906476
11	0.5883889956007501
11	0.6517567475864244
11	0.4048808060748501
11	0.5144994066325521
11	0.5281404944933455
11	0.626905946132752
11	0.6487781570620053
11	0.7298180989351227
11	0.6096244153649778
11	0.5859771708014243
11	0.7736476300924716
11	0.7241111618415916
11	0.6412329343538616
11	0.6395792690037058
11	0.6025019630528037
11	0.8332504425209551
11	0.5351093088064773
11	0.5994626235885511
11	0.6289770219084092
11	0.6575338377778187
11	0.5809894131493125
11	0.5912902291140487
11	0.6602160153117203
11	0.7299910995998904
11	0.69722563554825
11	0.5418219305496952
11	0.5187395475419566
11	0.5512062927114373
11	0.5842235137894168
11	0.5474542284120496
11	0.511291427522647
11	0.6684030174836205
11	0.6242250084449938
11	0.6201831952404445
11	0.5255917650265972
11	0.4972371685227064
11	0.571526001499411
11	0.47495837770694965
11	0.5636216955623127
11	0.6541298391309411
11	0.6672471902348422
11	0.5103255586944878
11	0.5440605080401557
11	0.5434029812276757
11	0.5945408280718465
11	0.4303024203566002
11	0.5678207859026001
11	0
11	0.572604487022989
11	0.6245260707442603
11	0.5242690639334086
11	0.39318059140866946
11	0.5890022176341625
11	0.5480368470675797
11	0.6309753890493403
11	0.7360297572527792
11	0.5705066954652243
11	0.6458334172405604
11	0.6818086575511958
11	0.700940252793154
11	0.44265114270239353
11	0.5691056177653209
11	0.6522834401241333
11	0.737184715572736
11	0.450306503114218
11	0.5501701328964219
11	0.6389402306912072
11	0.5955166992189026
11	0.7313128598109117
11	0.44955774715252383
11	0.758785866976389
11	0.7688170927103563
11	0.591918938567453
11	0.7675435865382914
11	0.64922422476526
11	0.5707616762989368
11	0.472247888208658
11	0.5506781771636186
11	0.7226511207190228
11	0.7302027471896173
11	0.6514219299147885
11	0.6782358969222004
11	0.6308571208349149
11	0.7005770603411188
11	0.5707273796158694
11	0.43959332350885716
11	0.5676849579412304
11	0.7185208728331861
11	0.4892134454405263
11	0.6021108417127857
11	0.6514552820617578
11	0.5784209117784256
11	0.43157094668268614
11	0.5952599378580146
11	0.7662701395334421
11	0.6236850810414458
11	0.6894289968701512
11	0.7247689304030221
11	0.693860441606008
11	0.4483147055172681
11	0.7193240361676695
11	0.6899458434981488
11	0.6450513586761911
11	0.5246137128234301
11	0.6643445791117982
11	0.466293783655172
11	0.6325562889483557
11	0.6341227608748663
11	0.5511180097876676
11	0.49440906426944553
11	0.5773225753238442
11	0.7834869972489223
11	0.5480365587985943
11	0.6268145158706764
11	0.5379916475617911
11	0.7166394132549689
11	0.5584667563662699
11	0.7140195327139736
11	0.6224209594242522
11	0.6147350770407792
11	0.560591320161895
11	0.3964932455568964
11	0.7635498200180071
11	0.5314808785885918
11	0.47372806266400913
11	0.7610503629946419
11	0.4220465411984253
11	0.5799204711222321
11	0.48264923254689546
11	0.6011147880023602
11	0.44713488656845535
11	0.6693112403720082
11	0.5691272019089746
11	0.6045337746018723
11	0.6332893548925047
11	0.6730510292289118
11	0.6915721987509077
11	0.7277544100992088
11	0.7360102982260053
11	0.6709421067164079
11	0.5216062549095104
11	0.6901026838941231
11	0.6682511445896527
11	0.4458407622628972
11	0.784811982401539
11	0.7668350878952841
11	0.5487045055189856
11	0.5019467351689209
11	0.7833144711107363
11	0.5173618308445036
11	0.519385975267825
11	0.6134117391445042
11	0.7365962537418004
11	0.5724584351261683
11	0.4800555738122318
11	0.6168418916552041
11	0.5906501667766136
11	0.7164961400564313
11	0.4076467383847352
11	0.41879804774445156
11	0.6154889894772471
11	0.7982762067638117
11	0
11	0.6523827796977822
11	0
11	0.5690878614829468
11	0.571228390569796
11	0.4089398901024913
11	0.6056398884910253
11	0.808529230042441
11	0.6439108894870661
11	0.5792324349054441
11	0.44646959272029535
11	0.616464441165009
11	0.5542074094545146
11	0.4568748950049895
11	0.5393267560100774
11	0.6046903822523321
11	0.7319345127090163
11	0.5533158341031978
11	0.46075266656064434
11	0.5789245758123949
11	0.6655157957544914
11	0.5267454805265336
11	0.5473993285363193
11	0.5849060351953145
11	0.5523987777336288
11	0.5552718082729713
11	0.4549307298881301
11	0.6737792268771803
11	0.7145787622757457
11	0.6513155394874282
11	0.6363272908066865
11	0.6504821517343128
11	0.5661134324462468
11	0.6554296559289374
11	0.44680870611591056
11	0.5405765689696166
11	0.7572656630719655
11	0.5406733386505531
11	0
11	0.4454311909283209
11	0.6337614885359967
11	0.5935478291875261
11	0.5802814706430413
11	0.8362919994123429
11	0.6653408012842911
11	0.5210779471218305
11	0.47741520107254887
11	0.6092061706613153
11	0.64020936317037
11	0.7100882800114051
11	0.530986321164557
11	0.5776659615187401
11	0.4680357355580402
11	0.794022844549129
11	0.43037860944513395
11	0.5214132247962646
11	0.6378037810844182
11	0.5283282050940248
11	0.5395906031551135
11	0.4564961094730771
11	0.6647332525005538
11	0.6346803827602348
11	0.608630662920063
11	0.5089296212624164
11	0.6259521739656517
11	0.6214693244363796
11	0.8042608291051715
11	0.47894828024990377
11	0.5531138924044982
11	0.4312137130958092
11	0.6576249761119048
11	0.7492650151583352
11	0.5274577185531744
11	0.6048506410958392
11	0.46467926523884556
11	0.782901109476744
11	0.6599078788819559
11	0.5932786881025249
11	0.6624474095890771
11	0.5333154058193421
11	0.4364952949956107
11	0.7210471670494244
11	0.516897992993689
11	0.5375638154781397
11	0.5130557513249748
11	0.8277996304939255
11	0.7252395485257858
11	0.48020301321822956
11	0.5343613801024232
11	0.572847494711105
11	0.4866752534617935
11	0.6942461618765617
11	0.6146458887876918
11	0.6890959785662261
11	0.5675246684706895
11	0.6077841161830343
11	0.7333561490967798
11	0.5802603316195187
11	0.6045332302740394
11	0.5694591766922961
11	0.7334994936165222
11	0.6148189844338315
11	0.5879379048000454
11	0.46184341617996605
11	0.5138288201496845
11	0.45438650514540785
11	0.5863530707556438
11	0.7619380959515172
11	0.774924875025829
11	0.5873654059593195
11	0.46235266907434064
11	0.4487817974493572
11	0.42395290855618556
11	0.56426631434425
11	0.7066835866918968
11	0.6819077117163648
11	0.7425725604757283
11	0.6098691083108402
11	0.6216054417991799
11	0
11	0.5508464873767989
11	0.4722524198032828
11	0.5662803271711818
11	0.6869216035601289
11	0.46224413487829963
11	0.6757042797994036
11	0.5581262314268476
11	0.682185131641693
11	0.7048236271928213
11	0.5295122311559023
11	0.6236401119369253
11	0.6236550338234748
11	0.41133746142153693
11	0.5034700617092227
11	0.5766122134928964
11	0.8137091523111954
11	0.5947772388467614
11	0.6626378827403533
11	0.52567040757329
11	0.8174352794164326
11	0.476948447512911
11	0.7531063182648539
11	0.5762624622933522
11	0.5421789022815204
11	0.5789969564161261
11	0.5960738151056385
11	0.5748840812508982
11	0.42716136140065547
11	0.7841308878314471
11	0.6293153401497477
11	0.4632441077146225
11	0.49279420077451763
11	0.6319289881240933
11	0.5063634186159939
11	0.632490055163964
11	0.802999837930289
11	0.6035463228187201
11	0.4550748061215188
11	0.6961663022842751
11	0.7127871589940399
11	0.779236828046352
11	0.7590371302866418
11	0.5808261239689968
11	0.5418726661503269
11	0.45690105167062733
11	0.6218573384787681
11	0.5830261799492932
11	0.49854070052799854
11	0.595589386708135
11	0.6436037400818554
11	0.4647665184364531
11	0.6900913931867929
11	0.44752287945593616
11	0.7719773032663007
11	0.547689399786322
11	0.4366610044542844
11	0.5125755512678408
11	0.6087155079258284
11	0
11	0.403357045699538
11	0.7851113951711735
11	0.6561515523538068
11	0.5852412451776972
11	0.4439249161659119
11	0.6901847794813001
11	0.5231219904147708
11	0.6785077691628024
11	0.7616213491206413
11	0.6391032233758284
11	0.5404063318881609
11	0.6119093383775266
11	0.5835444836411172
11	0.6270331859023889
11	0.5329854933072478
11	0.668044063501951
11	0
11	0.39923076242361144
11	0.48855083871497534
11	0.4976885181576567
11	0.7424064873638283
11	0.3450821563906094
11	0.5832028379578548
11	0.7337139237444704
11	0.4043282787916581
11	0.6929122053819571
11	0.7589897529173975
11	0.5385340152541938
11	0.7139058405985044
11	0.5269474687124441
11	0.4743813074071795
11	0.5340718477375435
11	0.6683519412544786
11	0.6621789430452452
11	0.5298257915408763
11	0.538775355911699
11	0.7101992708117949
11	0.7770196397557845
11	0.4581750041412402
11	0.617568237113471
11	0.49692296530875907
11	0.47054994360416214
11	0.7436398429114642
11	0.6934611628857398
11	0.5308818317929223
11	0.44871405428611894
11	0.7339257982636306
11	0.5016539899551052
11	0.6391728906531396
11	0.6722494419497487
11	0.6141959810076754
11	0.7596563564558125
11	0.5173434901027876
11	0.7140546638142431
11	0.49336429474107424
11	0.6154651018422518
11	0.7526413524668492
11	0.6592174454239466
11	0.7240002155201538
11	0.6223399684512533
11	0.7538532674266185
11	0.6956880799309861
11	0.43635720533981476
11	0.6370778730655343
11	0.4424131905603487
11	0.4713770598016413
11	0.5804445882010842
11	0
11	0.48081882098915113
11	0.676834434881658
11	0.6914434263035856
11	0.48622307235125256
11	0.43170962397363377
11	0.6268744246928244
11	0.5746024505786678
11	0.6906022339034448
11	0.35048584315593284
11	0.646139674639185
11	0.7640219944499279
11	0.7698753402152054
11	0.49851265206521195
11	0.5918072649366398
11	0.6770163440229165
11	0.46838986745975264
11	0.5426871711684238
11	0.776787756921723
11	0.5908441009261389
11	0.5294914885069585
11	0.6901587308778736
11	0.7131997655199622
11	0.4403964092941293
11	0.5874748903230235
11	0.831246069815277
11	0.5864162276085136
11	0
11	0
11	0.422254414745211
11	0.7104698357806045
11	0.5745985092877266
11	0.40793253247820965
11	0.5883010008986981
11	0.4831943642087157
11	0.68444691969036775
11	0.5984475242903309
11	0.5951995915878329
11	0.597963573964144
11	0.7245513948720568
11	0.5949772042736046
11	0.41487546482865323
11	0.44991980927176967
11	0.5955678912451913
11	0.6328863055711912
11	0.786069653654502
11	0.6957283785090963
11	0.7056699998621032
11	0.5003501265526303
11	0.43391675345671316
11	0.5351240435138611
11	0.6299799625952818
11	0.6378282562693697
11	0.6668965694460635
11	0.6018870316168081
11	0.47386068852950497
11	0.8097791853189317
11	0.4907265693601289
11	0.5870992469333859
11	0.5262280377054722
11	0.5904758068264543
11	0.616672639307931
11	0.5216964872459365
11	0.6591749196723029
11	0.6852206183876589
11	0.7930511399312415
11	0.8421233555148554
11	0.5979631906613163
11	0.6635988972611713
11	0
11	0.6745467836968354
11	0.5081412890171025
11	0.40410628350426187
11	0.5711508926915188
11	0.6853438568145902
11	0.6680794062029658
11	0.46812610014897604
11	0.8156954495647507
11	0.677742382079757
11	0.5742033913375922
11	0.5466517649032234
11	0.7766420292634545
11	0.6505618216884144
11	0.653315294600128
11	0.5353809433734475
11	0.4663601103803662
11	0.5411914677830721
11	0.44854746759852915
11	0.49564012365968113
11	0.6886842046550625
11	0.618187449530502
11	0.6275680321185314
11	0.5680287795154965
11	0.7607099397488069
11	0.5319692676202593
11	0.7723712874075803
11	0.6410449173059709
11	0.49054354721949667
11	0.3700607555252359
11	0.49219012770130904
11	0.6791643454459992
11	0.6610252771392987
11	0.579661556777482
11	0.7726197131517016
11	0.3303848944681177
11	0.6122394983079436
11	0.4717023158584881
11	0.4125447839019045
11	0.5217611305582156
11	0.5467251167740316
11	0.5829575903408666
11	0.5448576941309532
11	0.7077352009316693
11	0.5225082986435228
11	0.3665428199792067
11	0.47045683746668937
11	0.665571645668525
11	0.38874084684779736
11	0.5474569878136608
11	0.388749188150313
11	0.7390307715924512
11	0.6912173408648797
11	0.7551485522014407
11	0.6672072790542901
11	0.5806051774515494
11	0.4665795992729091
11	0.4836457228490433
11	0.6136182883737032
11	0.5637136960804672
11	0.6068059117838882
11	0.6750436986154916
11	0.5272465249512799
11	0.7547439610698776
11	0.6294351712529813
11	0.5203768493430732
11	0.3619890315285736
11	0.7495484089354407
11	0.5374216776901758
11	0.8075301009100136
11	0.4160842030146828
11	0.765057818593262
11	0
11	0.6248751868382347
11	0.6446562482341758
11	0.5687496993537863
11	0.5399767549250943
11	0.6248479858409669
11	0.7789978196528277
11	0.5585558985529413
11	0.7546322601139481
11	0.6111591121243739
11	0
11	0.539739155082454
11	0.5266842986722005
11	0.5147264496045131
11	0.7855743690761786
11	0.6441225317611217
11	0.5573797443553883
11	0.41347914878599695
11	0
11	0.44672376849905726
11	0
11	0.5058198492969797
11	0.6007800009963277
11	0.48748511645721215
11	0.6740150750585233
11	0.5873707775913666
11	0.4810777074249786
11	0.767367715890556
11	0.7443582228335968
11	0.4658965703712485
11	0.5388383988414656
11	0.641122719390305
11	0.6796554792678344
11	0.5622108835656323
11	0.6161385302114673
11	0.5493502617061352
11	0.6361933028181698
11	0.6970229536186514
11	0.411104126005523
11	0.4588806416052279
11	0.6520316905398039
11	0.6037213810042396
11	0.5816539375156794
11	0.5365171432069661
11	0.3887361930876018
11	0.6561496128444919
11	0.6202565831366911
11	0.48908989771899175
11	0.45284282805679943
11	0.611966028291896
11	0.3748683106812276
11	0.5839141515615783
11	0.6276672651212233
11	0.648429934032026
11	0.7212557708071113
11	0.5089814523551465
11	0.6256708818977307
11	0.7491375910621936
11	0.6400289561658827
11	0.6419974134535102
11	0.5092445042571877
11	0.7782346098326084
11	0.5480214128888415
11	0.3848697296258346
11	0.6284400381216623
11	0.6994404537974093
11	0.578162374428395
11	0.6606335539168375
11	0.5470758998922183
11	0.6680996789564798
11	0.6266210886290159
11	0.5325960645739853
11	0.45622501209868493
11	0.40217500460680167
11	0.4273442726701459
11	0
11	0.779645123378954
11	0.6604364325608143
11	0.6889241611436225
11	0.6189004078294691
11	0.7203856467696317
11	0.6318111260478377
11	0.7020639566993458
11	0.6535526604557359
11	0.5687661955231772
11	0.4767145840677509
11	0.5360036811011688
11	0.6864513765776358
11	0.721279488518165
11	0.5285175755582096
11	0.6900914394141896
11	0.7741716832806982
11	0.8159626308560027
11	0.6509606952237786
11	0.6729075491979861
11	0.6238390004904878
11	0.7210637190812442
11	0.5233365063086699
11	0.7373186456796987
11	0.6474875083334004
11	0.7930949701732606
11	0.5643243213396537
11	0.6192657040403937
11	0.6111138919965763
11	0.4900494184164294
11	0
11	0.5381484576741251
11	0.6722472872656953
11	0.416049426885912
11	0.6080188576035753
11	0.5684840718464851
11	0.5371972475600691
11	0.5437418658879876
11	0.5906204706570704
11	0.6975550501221505
11	0.6289026445097371
11	0.5728132123544057
11	0.6825029000110148
11	0.5126106998158048
11	0.5376493882008776
11	0.7372511230360684
11	0.6631863712371069
11	0.6239514931720468
11	0.47863697748737644
11	0.49516969551772666
11	0.372707732682293
11	0.6614603381298934
11	0.5044903145985393
11	0.5970283099601076
11	0.46257988438004
11	0
11	0.6642700925111479
11	0.5202619072346026
11	0.6193269136989098
11	0.4899657878745145
11	0.5894379593937349
11	0.5381366884279795
11	0.7802425161612803
11	0.5902893629373915
11	0.6845093851852139
11	0.6937652977660962
11	0.7484314732401246
11	0.5971322946898722
11	0.566733320020347
11	0.6042484381516199
11	0.5249049042308289
11	0.7116840137540902
11	0.6646550032269233
11	0.608841056516362
11	0.6176991526582002
11	0.6075193361867486
11	0.7224091909658831
11	0.551297075845808
11	0.4779718037024441
11	0.33048710420156335
11	0.4441055117901926
11	0.5066781016487428
11	0.3438539019711453
11	0.6566165138406405
11	0.602645511677534
11	0.7821709887786537
11	0.4484772572754155
11	0.6659320061372498
11	0.5768936595992759
11	0.7422074006241094
11	0.5002238722123067
11	0.4946101801261734
11	0.6725858551465079
11	0.48903082676280196
11	0.6796747138081853
11	0.7451578616723604
11	0.6925371309889193
11	0.8173946490937283
11	0.6299509215632033
11	0.6005224112889237
11	0.7220290216660211
11	0.6330095828749442
11	0.6060341968656865
11	0.7032861271592136
11	0.6580417446100177
11	0.7836456120021494
11	0.608474610749394
11	0.6772186138040319
11	0.6088242955184516
11	0.5977657977956378
11	0.5343745525616371
11	0.4711702210531246
11	0.5520515618911166
11	0.558707297807799
11	0.577966987699164
11	0
11	0.4201510458811235
11	0.6172278706135093
11	0.43105803914974566
11	0.7392334685914611
11	0.690094840626081
11	0.5749219141316201
11	0.5398401613532756
11	0.7085747964133626
11	0
11	0.5860800291348843
11	0.5762316615468865
11	0.5643489498377974
11	0.5433252633458512
11	0
11	0.6890039801465659
11	0.7005655397661888
11	0.785271375140638
11	0.7323513209688822
11	0.6514529897736019
11	0.645966052344925
11	0.5610052224857713
11	0.5485710140976022
11	0
11	0.7369544681806508
11	0.37156315175955024
11	0.5144461260772563
11	0.6713584143119231
11	0.45623917537258796
11	0.5279995873075153
11	0.6410319817353621
11	0.4390330888016017
11	0.6814598977261432
11	0.5824298086011919
11	0.6103610006646082
11	0.6796320471494007
11	0.6383164643535172
11	0.42660556761486174
11	0.41867818864000683
11	0.6523861318994939
11	0.6171212682639956
11	0.7029475767594355
11	0.5410152672828158
11	0.5879182828155779
11	0.5853470163058477
11	0.6579833335571742
11	0
11	0.6316501022416792
11	0.5984913804512308
11	0.6170437904007177
11	0.5941092145563508
11	0.6155837643020314
11	0.6177370476709979
11	0.7437926833619817
11	0.49601232773149784
11	0.38354329531262177
11	0.7275156873373113
11	0.45521043978542697
11	0.635069564992809
11	0.7459046466927706
11	0.7935630399254756
11	0.8253568864169094
11	0.7066544471249363
11	0.7224707589980794
11	0.6135393809454208
11	0
11	0.5271777648409861
11	0.39026788760639886
11	0.641117239606608
11	0.4212433031187855
11	0.5789629839150581
11	0.7048448732415898
11	0.6692286159829383
11	0.6922860236208409
11	0.4819362358524535
11	0.6399736945929454
11	0.6582788546723537
11	0.41858054333545697
11	0.7352671288060381
11	0.5820005673468968
11	0.4715279762074039
11	0.4234418538077141
11	0.6732313778387853
11	0.5182501199592238
11	0.5851866212895376
11	0.6301310772843717
11	0.7471190724705243
11	0.5017216793923593
11	0.5398729692657581
11	0.6384300723983318
11	0.7702280070779038
11	0.5780953311526503
11	0.555432431581233
11	0.4036527548486144
11	0.7317749531414712
11	0.7087041848170504
11	0.3894630664803008
11	0.5564683387329712
11	0.5592696211820772
11	0.7154741822102438
11	0.635553864529544
11	0.7676152946231565
11	0.6416207733341928
11	0.6797253249560772
11	0.6985519436202463
11	0.5679581394461607
11	0.5009642374220431
11	0.6248678770603806
11	0.8033781702113247
11	0.7582809934219017
11	0.44523485666155815
11	0.5670046120334779
11	0
11	0.46896149693475697
11	0.6552002516936087
11	0.5348053167764222
11	0.7215406435996333
11	0.46920509764968804
11	0.5732409812992333
11	0.6272805463006469
11	0.8184766136744746
11	0.687412019321395
11	0.6719672365535309
11	0.6635583069402897
11	0.5387745998094623
11	0.707737080781605
11	0.40235027575417753
11	0.7973087394672164
11	0.6642584412507583
11	0.5348631798317335
11	0.4942838955891486
11	0.5699517672078608
11	0.7157112995169519
11	0.6525362028788336
11	0.645053928086523
11	0.38077010548691725
11	0.532303632612879
11	0.7109394091769924
11	0.39214331997635726
11	0.6383568372718051
11	0.5408164988238745
11	0.602610984444585
11	0.49940630667623304
11	0.5405116019952562
11	0.6317491608527359
11	0.6412573490978674
11	0.3353596700997221
11	0.7503953258336737
11	0.6892629232146783
11	0.7148722541468603
11	0.7951842173175375
11	0.6334138983800518
11	0.4830228534912258
11	0.5784629684274761
11	0.5140211459677029
11	0.5886565120424787
11	0.6340434865153799
11	0.7092282184475818
11	0.4309042988666927
11	0.7346141857014206
11	0.5032712073068196
11	0.5800594214599989
11	0.6713464835893779
11	0.6478204190195201
11	0.5784261648852086
11	0.5999613090432829
11	0.5826509639452984
11	0.6467580756939595
11	0.5932349422430115
11	0.7458910424842689
11	0.5686189859948839
11	0.6954223946678517
11	0.4234644256057192
11	0.6133429236203511
11	0.48118245312809926
11	0.4789858668227546
11	0.46786849190450713
11	0.5463427476621271
11	0.672094544289547
11	0.4976572211558521
11	0.678117269967015
11	0.6137486637295599
11	0.8126586307487234
11	0.6466200462702463
11	0.503800076700384
11	0.528917254875701
11	0.5300844034341511
11	0.5690133929956558
11	0.4349377344272767
11	0.6865204794012821
11	0
11	0.5422823199875756
11	0
11	0
11	0.5688287133793652
11	0.685482640159333
11	0.7953522492604589
11	0.4565126961945485
11	0.6804261853174298
11	0.4626669238604717
11	0.40719541932130726
11	0.820730874644545
11	0.43084740713069103
11	0.4776057070715528
11	0.5533101322591705
11	0.7254203719226289
11	0
11	0.5118802866813028
11	0.7977332563956192
11	0.6733065741063468
11	0.4630220610433607
11	0.5602261830212621
11	0.5900439004166211
11	0.5420287402690133
11	0.7451408582171937
11	0.69356745133551
11	0.49728990755606417
11	0.4773519996942412
11	0.6218378637209185
11	0.6838507858922982
11	0.6054216787062576
11	0.48344707331502407
11	0.49597840882677935
11	0.6358522179526712
11	0.558118377606555
11	0.5754380856423901
11	0.7820161829009479
11	0.44443722867291224
11	0.5072721135182412
11	0.5879334995252469
11	0.725148657192702
11	0.7799066237250634
11	0.4412335402963098
11	0.5370259371869561
11	0.6137865626332577
11	0.7889862263824262
11	0.6121483672015369
11	0.5487191643120891
11	0.5204643356306603
11	0.5309621758575502
11	0
11	0.6486126147757697
11	0.5852876510508249
11	0.4734247858822793
11	0.49366021013875905
11	0.6762692858725531
11	0.5528593555867469
11	0.8433994727990906
11	0.39209073406472916
11	0.6488116254696539
11	0.7928475971216393
11	0.43990364565990187
11	0.5511955956009023
11	0.7111878457755098
11	0.5810775031444326
11	0.5600131966653921
11	0.5600881308568784
11	0.466806199396333
11	0.6793343907351344
11	0.7490633740334116
11	0.5218715470732689
11	0.6236098040013871
11	0.6581451091486993
11	0.5261818497133559
11	0.6712611891926157
11	0.8015015896409955
11	0.5025704533413644
11	0.4531681149150832
11	0.3998900442034556
11	0.6250019795414024
11	0.6820389764090625
11	0.7897575515383558
11	0.35999663647433955
11	0.5347140774451964
11	0.6499291883542458
11	0.5493042315900024
11	0.7546617416989977
11	0.6095526770755729
11	0.6683049524046994
11	0.6373351145134908
11	0.43912173266253396
11	0.7647321223483314
11	0.45334903614387106
11	0.4670983963324904
11	0.6240946201593952
11	0.4958633092692576
