cval	avg_intersection
11	0.13050727950271698
11	0.25708433976291334
11	0.10638194821144727
11	0.1866058412883164
11	0.10691601268055603
11	0.2161245785190401
11	0.15675990102538975
11	0.24305296453444802
11	0.24422261187412195
11	0.15259933581997784
11	0.2530179869978554
11	0.11472408696335284
11	0.13689609880527254
11	0.13566316710555873
11	0.07975637835159728
11	0.24685062813621098
11	0
11	0.1668336309990329
11	0.12745098360399953
11	0.1751180217021454
11	0.09533463644698277
11	0.08509039024963228
11	0.17683757572977987
11	0.12507779487933238
11	0
11	0.17891513243430401
11	0.22964807864223302
11	0.13672922899676318
11	0.1879646589616576
11	0.15166879142534767
11	0.08730689993828683
11	0.2118110159973219
11	0.0958846507556174
11	0.18712592040768847
11	0.07654692755221808
11	0.10233691287850592
11	0.3018114315639308
11	0.18565876009176183
11	0.1260046753715873
11	0.19543749651504716
11	0.19857252471858786
11	0.2681576489518971
11	0.12021977363605195
11	0.19361458087854452
11	0.15960472993615438
11	0.13934954138942987
11	0.18045638987768345
11	0.13582390579703255
11	0.15090617789607344
11	0.21512264380711196
11	0.19479837589032514
11	0.12275707842694142
11	0.11207421945573827
11	0.2702569349327439
11	0.16110298655648495
11	0.18213147448091704
11	0.14427228091399094
11	0.09429368496412197
11	0.13669798712746356
11	0.17478986023229207
11	0.13373722322516823
11	0.1839825553357302
11	0.14525192006329354
11	0.15123763314532895
11	0.17892921627515926
11	0.10046008325833329
11	0.28972105134642095
11	0.131932561404044
11	0.16525709369700345
11	0.1708240901074891
11	0.17526926769149273
11	0.12541355071214974
11	0.15126109040497218
11	0.2140566455129559
11	0.15901912659123454
11	0.293765719567547
11	0.17259488745323398
11	0.13387876491253758
11	0.19642523645991836
11	0.11430882763065804
11	0.09943315312691756
11	0.14678057750697127
11	0.1884569215180354
11	0.11415371455761383
11	0.11917592092903954
11	0
11	0.18441006649714617
11	0.15873440353592033
11	0.17607701649045762
11	0.16128152163064466
11	0.2034884279794602
11	0.1154812775367011
11	0.12172603557147417
11	0.1256740902482101
11	0.24037756201993088
11	0.16261004132783172
11	0.060273863811140006
11	0.23578912743584166
11	0.11451161728803202
11	0.22883947942039518
11	0
11	0.15925313239774627
11	0.2332025753546743
11	0.1483596884784977
11	0.18449628014701208
11	0.12215195740828705
11	0.2787275513997541
11	0.24805607857378534
11	0.22019088314412605
11	0.12838607167297955
11	0.17148092246746016
11	0.16910160691980122
11	0.15513650626818212
11	0.12051569545262965
11	0.1214213165626417
11	0.10502638411862494
11	0.1382442055801644
11	0.0714056633159063
11	0.2754076202713559
11	0.22650570475715068
11	0.15647725335620286
11	0.25096224527036237
11	0.15947314578920765
11	0.2855737712041023
11	0.12369003670259242
11	0.16169083974402096
11	0.18570796214630061
11	0.14991328578555824
11	0.15505244835009802
11	0.20290230518622351
11	0.16474184147296478
11	0.17497891692146703
11	0.22962162331427943
11	0.1940773996752988
11	0.10682694846764043
11	0.08859877555802523
11	0.20309419932307235
11	0.18548005132907497
11	0.09139557661342941
11	0
11	0.16454275186707734
11	0.16336949453435773
11	0
11	0.15056025180916974
11	0.22640824389027212
11	0.1353539595330059
11	0.1175213284876117
11	0.16428643190707876
11	0.14152103262006493
11	0.14469562780729006
11	0.09487971428841123
11	0.13063504721322994
11	0.08163829854522453
11	0.1790789594827657
11	0.08698238061134672
11	0.1502694273456669
11	0.24574683199873412
11	0.08652588794810002
11	0.2283616448605721
11	0.17475883577813514
11	0.1399014737825978
11	0.20495144052630895
11	0.12848078345065664
11	0.19696777305248844
11	0.13662016019098883
11	0.16117216862954395
11	0.07180674630345629
11	0.1269697089690359
11	0.11231416028964547
11	0.27492661055647266
11	0.08510636451525445
11	0.1033736231670111
11	0.15102366995693897
11	0.20573890254097157
11	0.19306766449551988
11	0.28099275658856726
11	0.14205598250679705
11	0.11010023955195396
11	0.2352082143356276
11	0.1279710227532377
11	0.12840318440453186
11	0.28494271894043544
11	0.17142667688772534
11	0.2286340249486021
11	0.2505304501013854
11	0.10681419656017253
11	0.16929528041164266
11	0.09770298532848301
11	0.08497180684912267
11	0.11648060061392057
11	0.1857944853818117
11	0.22451002994143865
11	0.17368892826263763
11	0
11	0.18384386650000928
11	0.11818094882930166
11	0.30868999959868587
11	0.17940198906748892
11	0.21850105779953255
11	0.1729151453030743
11	0.15830812754909132
11	0.2831012622334494
11	0.1384034605239195
11	0.09532715451426359
11	0.17581025093253413
11	0.1285657812931664
11	0.11930445676806489
11	0.24161409117965593
11	0.10209915468037216
11	0.1655142413491021
11	0.14685388545099312
11	0.0886667332774381
11	0.10633830177993375
11	0.13063501674072964
11	0.2074384269318362
11	0.29913876370674386
11	0.19612345590316665
11	0.13580889754468067
11	0.14195846397304815
11	0.15758609316915134
11	0
11	0.15343530601858965
11	0.1781773121029705
11	0.20384469645054398
11	0.19151402912361426
11	0.12117960340314826
11	0.12628146976139434
11	0
11	0.10556712784623044
11	0.25896963877801654
11	0.1946303488087806
11	0.14156166107822765
11	0.16545320419755696
11	0.10372346618375174
11	0.18118527847815055
11	0.15110562112573195
11	0
11	0.10927514381978831
11	0.1962845145925575
11	0.15805288032224446
11	0
11	0.15395653615089427
11	0.1747160754727061
11	0.13904101382794462
11	0.1017128161594395
11	0.04832573952545096
11	0.17980886856577394
11	0.08541293008118181
11	0.3319364159591098
11	0.21226135404673194
11	0.2091312598423238
11	0.17136960086324496
11	0.20764751985738836
11	0.1468660913777683
11	0.16118588365894432
11	0.19484563402775765
11	0.12797167318632383
11	0.1315799047047141
11	0.265714388112009
11	0.14915353547680574
11	0.1489996268103581
11	0.140962149646477
11	0.2536051322273216
11	0.24359055910709146
11	0.29479728117413206
11	0.19068622184105108
11	0.18815424028574015
11	0.14386210278977882
11	0
11	0.12762441463081056
11	0.0840258493838756
11	0.20448489953796395
11	0.14415444518252837
11	0.08180014456232965
11	0.11667076546559804
11	0.21946456837447856
11	0.11713211093686783
11	0.24000942442248718
11	0.16890712223673957
11	0.181967087588928
11	0.17698820822726716
11	0.15044252206923237
11	0.1274559984146396
11	0.13460998447808484
11	0.10080501147865796
11	0.1511269258531724
11	0.12324255886095813
11	0.16937051126083566
11	0.1604971592123069
11	0.17735319554589177
11	0.2176875103694067
11	0.1668321391333432
11	0.21635874570747346
11	0.15069613739963938
11	0.1709358536587878
11	0.10327522295314108
11	0.1829975846092124
11	0.10049172939252923
11	0.19354902443891234
11	0.12468358969874449
11	0.1753617357405968
11	0.22080619134264876
11	0.23949769116796413
11	0.17042190128119658
11	0.22500056682366854
11	0.13061535994904316
11	0.16220475337409782
11	0.1472962386861973
11	0.15551734857245494
11	0.17368760321358825
11	0.06870472212974396
11	0.16237784090830154
11	0.23928695275910913
11	0.15981493117064746
11	0.17492006497721518
11	0.11699343904278497
11	0.15310559047399688
11	0.15192561725774895
11	0.23085334370974597
11	0.1585590233299243
11	0.11739117253749672
11	0.12173282315552689
11	0.23584850549411973
11	0.14306312937523735
11	0.19008614090895112
11	0
11	0.18659002331188948
11	0.23539711337924923
11	0.2689721501279583
11	0.2183772615738847
11	0.2734033346653288
11	0.10092533408119995
11	0.18683723694606497
11	0.1530457394354509
11	0.25863746270777593
11	0.09900971634872494
11	0.19299815690759226
11	0.24688324383354615
11	0.2629196579901254
11	0.2102024340187467
11	0.1972045704934205
11	0.08319866373142042
11	0.09430485263682335
11	0.1639244203342943
11	0.13305684429430026
11	0.0944981980347032
11	0.13087215208606615
11	0.15838539745940322
11	0.10464947464575913
11	0.18374486165109147
11	0.1813839281015475
11	0.1681962657040939
11	0.19448209301982633
11	0.13248478657942994
11	0.13268990381800863
11	0.13252201748534542
11	0.09331241679773018
11	0.1602978372957848
11	0.25632902895394993
11	0.14097861283153598
11	0.17522793585216712
11	0.12080105323591502
11	0.09685465330679482
11	0.2097544087706616
11	0.20063524011628878
11	0.19657714169162238
11	0.09047382343014898
11	0.1770647027684742
11	0.2517938523658775
11	0.19505977613595557
11	0.2473989519547401
11	0.17671068181607458
11	0.07906874817810738
11	0.22102238500123003
11	0.16738060558483056
11	0.1481348316127939
11	0.302876929523058
11	0.214784709160609
11	0.0726648373481078
11	0.169702505733718
11	0.1527118986930627
11	0.20769222584682037
11	0.0845877741544646
11	0.19163225309505003
11	0.15993026985607836
11	0.23828147327308913
11	0.07268597970008149
11	0.13016887999375062
11	0.1595203754661065
11	0.30083266758000576
11	0.14722335695176703
11	0.22238793720523575
11	0.28854178079551335
11	0.12762766139800116
11	0.09388988134169128
11	0.16958539163553046
11	0.20789537029506605
11	0.16417746924189247
11	0.08874301783679531
11	0.10216061197343951
11	0.15330179119204387
11	0.1705626926967297
11	0.13169309380270122
11	0.13173213542750392
11	0.2012287618144326
11	0.10925889135678218
11	0.1817332790180485
11	0.20473650426442883
11	0.20673606288600943
11	0
11	0.08066101696700004
11	0.11597378040983579
11	0
11	0.2077089202242569
11	0.13456367452616091
11	0.27153437230913746
11	0.08541705644109807
11	0.12760663917568746
11	0.14121883078718417
11	0.17396977329688007
11	0.28049745759773587
11	0.13600603816934678
11	0.1984116695916056
11	0.1075366202117387
11	0.22899339662248422
11	0.2042227940479192
11	0.12046547422136941
11	0.19954140669922488
11	0.24340065262173854
11	0.18351041086940917
11	0.1547432002393772
11	0.08346444159383072
11	0.21191154934115589
11	0.14496060595370824
11	0.12041173713531989
11	0.11416817647479287
11	0.08842568544729039
11	0.15243278246506825
11	0.18895674988153002
11	0.21653401246661044
11	0.0814818542648891
11	0.1966245785796107
11	0.1870785797049406
11	0.20026065748459976
11	0.1749092565199852
11	0.11427513795127049
11	0.15016981126200293
11	0.18305529774284546
11	0.23586927410069172
11	0.1050839060961143
11	0.1817336748759464
11	0
11	0.17497826443791245
11	0.06767218767951763
11	0.20862413135913158
11	0.10306669180101977
11	0
11	0.13385922230544062
11	0.15185077825342508
11	0.10529649827036526
11	0.133877025071581
11	0
11	0.24649380184336275
11	0.14834125538860257
11	0.26536249660295025
11	0.2062640640371402
11	0.09615649071321969
11	0.07113669942442112
11	0.14992945664794338
11	0.07725323473736719
11	0.32886079869251067
11	0.164209098398428
11	0.12113956191375774
11	0
11	0.07103463073076374
11	0.14272598658708915
11	0.15324894826865182
11	0.18377780631210813
11	0.24454890087827488
11	0.25153545756292417
11	0.3189956835084053
11	0.15991412758953913
11	0.14846023968718647
11	0.31948975399463975
11	0.11071926883128033
11	0.18830082512962135
11	0.274218440547119
11	0.33925868177348806
11	0.30209117752064496
11	0.2470404215965404
11	0.2147704756595739
11	0.18930485226364635
11	0.08591344288621992
11	0.1328764936372152
11	0.19400181604390773
11	0.20405644623858393
11	0.21623683294683713
11	0.1859734935245846
11	0.19181069147208996
11	0.18774109638680775
11	0.29972781524550035
11	0.2198861732251725
11	0.13425884886787784
11	0.14054214637984713
11	0.13411854145741275
11	0.1662201147617666
11	0.2564469339384943
11	0.11929307006152162
11	0.12551872583863247
11	0.22893091059574017
11	0.11877518744867606
11	0.14185906171439058
11	0.1615838412202606
11	0.22898079593167556
11	0.21722735323112635
11	0.22295804935541605
11	0.16338595059899777
11	0.2029064150226538
11	0.20741929907603335
11	0.13034586938355103
11	0.16330946505666002
11	0.14611601766698137
11	0.13797281812428663
11	0.1402073092391415
11	0.1455435196629203
11	0.12437954249455684
11	0.09883515168243638
11	0.18744063926740226
11	0.08696704467563689
11	0.33053280243436534
11	0.18655899278297683
11	0.20485398744509148
11	0.17931835639445148
11	0.08008849447675276
11	0.20129435818370273
11	0.11592963404022051
11	0.26344691357270095
11	0.26366096460491123
11	0.14769686756290526
11	0.19550455217631355
11	0.15957700154739263
11	0.3166901715691655
11	0.1277725677541446
11	0
11	0.18846700620722318
11	0.0894153263181916
11	0.12978402779479128
11	0.12042435383923451
11	0.11974941279230408
11	0.09078028969764729
11	0.2562153518035785
11	0.34439925897266643
11	0
11	0.1526045243951257
11	0.16176965848870656
11	0.17744815858113822
11	0.16853336232136137
11	0.08077014667865066
11	0.19917394862444787
11	0.15755633180758716
11	0.20538022951682933
11	0.24249676040269028
11	0.07214626867002345
11	0.18487567080472303
11	0.14362782150117104
11	0.17117990235950842
11	0.17925579297360908
11	0.1669052829357831
11	0.13988895213737648
11	0.08054713177879341
11	0.20008890502814045
11	0.13163589973038017
11	0.1772250197295744
11	0.13819002537836284
11	0.21234374041728468
11	0.11366791299656234
11	0.16760569048489396
11	0.15104839111001575
11	0.10326232027523194
11	0.18218381894036054
11	0.22533785622071267
11	0.15190812604365458
11	0.09896870145036273
11	0.18686687165035945
11	0.16442615870407065
11	0.23032677194960854
11	0.25408288778652716
11	0.12283770472074634
11	0.09344574037680439
11	0.24132632012023358
11	0.07796549025126974
11	0.12042230148362167
11	0.21446516415857939
11	0.16786886801144388
11	0.18839744032166786
11	0.25969948549271227
11	0.18246476522055793
11	0.11294486894560264
11	0.12566569296838434
11	0.1469904915345978
11	0.15338053807159635
11	0.1494798746267131
11	0.1850759974276927
11	0.1709582439429168
11	0.07195363257080159
11	0.2904431377983895
11	0.08180526172743594
11	0.12213757243342549
11	0.2034836581211621
11	0.15400697184707893
11	0.10850964348693337
11	0.22565397418987135
11	0.11485043333626009
11	0.24322148541132704
11	0.1847406834651838
11	0.0884564920200332
11	0.10535643286295883
11	0.16560439364778534
11	0.12070327324883179
11	0.19731169406039778
11	0.21235582578571027
11	0.2918314235013324
11	0.07150412576195961
11	0.11373867957121334
11	0.23977425139627753
11	0.1706927991647019
11	0.19392397101869477
11	0.10642906922518468
11	0.22952443668362907
11	0.1279035159310977
11	0.20741167966603954
11	0.132269855705668
11	0.23494820413571327
11	0.12486211691243328
11	0.20857877363210067
11	0.14363728315146934
11	0.3324988153687092
11	0.16959642459677
11	0.16415159926605183
11	0.2976816458704397
11	0.13701468769314298
11	0.1334646567383981
11	0.10817792872763207
11	0.11869800105664895
11	0.21058541275960915
11	0.10859078615261461
11	0.2596981971408782
11	0.1697384739395208
11	0.21982524048476534
11	0.1171692379803942
11	0.11084223100179305
11	0.20545754818892875
11	0.08194284065701833
11	0.1424612736277155
11	0
11	0.07352834572266093
11	0.10494169645210262
11	0.12249772676470966
11	0.15123894959551612
11	0.10395283213949955
11	0.2685278164190916
11	0.07676048552325591
11	0.15683629206035662
11	0.18458247667619257
11	0.21833792535411747
11	0.15864933949811522
11	0.206609051506904
11	0.2541503742817521
11	0.10097444682491147
11	0
11	0.2564934974646689
11	0
11	0.2409700534982956
11	0
11	0.1830273211251364
11	0.24490843021463096
11	0.19219237377417017
11	0
11	0.15458823837886063
11	0.12734109586013873
11	0.12131528320091045
11	0.10621280551946526
11	0.11560266448959182
11	0.16557836650958
11	0.20016605510504482
11	0.23309259367583052
11	0.11938661639854625
11	0.17329015772033546
11	0
11	0.1104535934687989
11	0.1773960797129035
11	0.17330271875946693
11	0.09314157157956839
11	0.18732753928759502
11	0.09523974925936621
11	0.17350702709189694
11	0
11	0.1459459816269719
11	0.15466445253406558
11	0.20290090777686365
11	0.16235417616598685
11	0.18084287076022396
11	0.15220637933964704
11	0.1383969406688621
11	0.0919934644000192
11	0.12502088952247417
11	0.118090590137002
11	0.0832764585025241
11	0.11021357657418439
11	0.0917110944555423
11	0.11370648491500979
11	0.10950651592062052
11	0.1500446814815523
11	0.15670585562778702
11	0.14620291647461064
11	0.11519817194217806
11	0
11	0.11397390631375985
11	0.22641184784287055
11	0.08072934682495922
11	0.15889604128254053
11	0.12916539061751287
11	0.19333987515513795
11	0.1912964096492803
11	0.13440050678682433
11	0
11	0
11	0.1442957382970627
11	0.20465671400736016
11	0.07474783441634561
11	0.1685789595017716
11	0.1643750328249945
11	0.22605393881749067
11	0.21870488301807323
11	0.09260904810074987
11	0.15296986967516282
11	0.11865554455761665
11	0.15596785154589762
11	0.08771544397621785
11	0.21775297600313237
11	0.24178134541136734
11	0.12871125853517826
11	0.1424614033372076
11	0.2842906609988284
11	0.20920222284262
11	0.13657730938127863
11	0.14783741733243838
11	0.1723872724330622
11	0.0849951055447587
11	0
11	0.14180726981110794
11	0.15891102762775086
11	0.18439046391773248
11	0.08189750219591173
11	0.20327979737869012
11	0.122189954267139
11	0.10780864817177825
11	0.08674894213190039
11	0.07106115726131655
11	0.21550494350643026
11	0.14382224607396935
11	0.21343501364278597
11	0.17427371237134942
11	0.09655588678296191
11	0
11	0.1678753993559035
11	0.08300547046590792
11	0.2056827164450497
11	0.1408212047425619
11	0.19153041918908922
11	0.17695191186038156
11	0.2778019396471594
11	0.20418716306207776
11	0.21343634124603383
11	0.3213875678741888
11	0.17263726764056547
11	0.1911931960162283
11	0.12203053101316846
11	0.16184707948086122
11	0.1199157825152971
11	0
11	0.09871127466747473
11	0.09788981185241158
11	0.2049212245238691
11	0.18579165563013145
11	0.13933953302892185
11	0.12584035071659927
11	0.15908839355908447
11	0.0706377758782358
11	0.21477372440053014
11	0
11	0.1499258250034648
11	0
11	0.14701379414859894
11	0.21233764099228797
11	0.18660119857646632
11	0.2042415998299115
11	0.22034151060408066
11	0.15875560724816984
11	0.16512755564800613
11	0.23032602755841158
11	0.29764931024998387
11	0.25690028215900473
11	0.117338086060345
11	0.1423720612046234
11	0
11	0
11	0.10765289279805934
11	0.21719283732847136
11	0.14041254087279725
11	0.14455671738652554
11	0.1822107745438527
11	0.2187245759695513
11	0.08257764327256162
11	0.20620132742123343
11	0.15543071420882643
11	0.15669252596968197
11	0.14265581320170378
11	0.08464584773121232
11	0.15399334026623646
11	0.1175930627425575
11	0.17920074089347274
11	0.19417608154843413
11	0.1399718865832283
11	0.25121452951181583
11	0.07400933249262251
11	0
11	0.12818735842475343
11	0.2506538918069093
11	0.2575217561818992
11	0
11	0.17243675757414992
11	0.17209133741074667
11	0.22212836380114043
11	0.11822106715148352
11	0.10190565954406
11	0.19007149700627918
11	0.11208174620023778
11	0.1442577460477866
11	0.16048620942147937
11	0.16778121967173992
11	0.1349999664124791
11	0.17193318480309155
11	0.13695354934085022
11	0.23384128865287934
11	0.19334413980941184
11	0.17590452878322693
11	0.1727027650640905
11	0.12229443560192642
11	0.19920187638603817
11	0.13840377305084356
11	0.09726233052946588
11	0.09759821884773329
11	0.13207369463338717
11	0.15374993511991658
11	0.18785907298779647
11	0.15181755834324476
11	0.23752833043350233
11	0.17347684826711288
11	0.13887902024939872
11	0.14596051289865966
11	0.1344777749322679
11	0.16786964271999485
11	0.1742835668459159
11	0.10036832432228907
11	0.0793499849799948
11	0.15231470761549717
11	0.26107870004040384
11	0.25436197480620015
11	0.1872730208143491
11	0.17830899728272015
11	0.17138989942410057
11	0.15897443997316837
11	0.14516089803826476
11	0.13166951978454433
11	0.13632003143123175
11	0.13134725377515946
11	0
11	0.18760633276412578
11	0.2643004691013031
11	0.06320018301868222
11	0.2319379025133842
11	0.1385319775135828
11	0.20188912338692724
11	0.3235004656751728
11	0.16069956748090364
11	0.115061467835949
11	0.21719131793567825
11	0.12782674172491088
11	0.19325735502594335
11	0.12391262511740898
11	0.25904768868401185
11	0.14680903641798204
11	0.14026429583254763
11	0.23286818636338483
11	0.10620596913793588
11	0.12517136621715896
11	0.16707781786202225
11	0.29133231330699483
11	0.12452332341289137
11	0.1729135654180893
11	0.18111995178551096
11	0.1033096692679544
11	0.2232669216125679
11	0.13685970464043207
11	0.10687772001520138
11	0.10810932196370504
11	0.07525985744839234
11	0.278337898368577
11	0
11	0.15777230379538137
11	0.16720602014732208
11	0.14890360756076765
11	0.20517631304946113
11	0.19521353533115285
11	0.1502993786511608
11	0.12561264056683769
11	0.22633607008243628
11	0.18403427346014378
11	0.1678326662765759
11	0.18605171826176214
11	0.15267062935813405
11	0.13688524186511747
11	0.10687267984051387
11	0.07733878922609473
11	0.11509111672535101
11	0.19853260396512862
11	0.15173465268256467
11	0.1741538145841496
11	0.1892706009453651
11	0.2891399515943402
11	0.1654549459260727
11	0.17746231066955404
11	0.16556872408112144
11	0.165323000896236
11	0.2203591381136199
11	0.091247925403524
11	0.21265994727473472
11	0.16373884784898987
11	0.17311134895533392
11	0.15391521064204614
11	0.10180609867088256
11	0.22345057372390625
11	0.11449267533223642
11	0.1579919659137526
11	0.14263316808474594
11	0.30562886199051476
11	0.22250649227313915
11	0.12366611623316714
11	0.30078771966921203
11	0.13515254647141983
11	0.23509194746457
11	0.1192264057097243
11	0.16193960577540334
11	0.17921506925870628
11	0.2050146149692696
11	0.16816189245803728
11	0.10540142018912578
11	0.18110397585547822
11	0.25611621445833
11	0.09764081185317591
11	0.1398921128254542
11	0.24451036547688879
11	0.23708627517828806
11	0.1885916183703599
11	0.12693712066898882
11	0.14185553600824458
11	0.22072933769126338
11	0.07332382934685734
11	0.17125131840746602
11	0.1423323711213771
11	0.14950912923205728
11	0.12918516700154034
11	0.23154546723596142
11	0.1532713229301951
11	0.21493795655270437
11	0.095777673919839
11	0.13534820610031809
11	0.1410566153772693
11	0.1454777676692762
11	0.12225656638908182
11	0.21567045024050271
11	0.16673534609966958
11	0.2493079927612189
11	0.11427656514179645
11	0.16618793090297163
11	0.14673444732546662
11	0.16318233583468442
11	0.19271851253856254
11	0.24172711116099588
11	0.13997515695127957
11	0.12118115841105448
11	0.15481352866022896
11	0.1231849726219653
11	0.14492921523290028
11	0.2300831163671186
11	0.12083909830343426
11	0.1302454478674997
11	0.21051180991653087
11	0.11661227164682013
11	0.18710396625679548
11	0.24988824913133711
11	0.14661683839726528
11	0.22605351782594074
11	0.15753332644745746
11	0.1267962331380034
11	0.16387031371641844
11	0.10697260278326572
11	0.12951180642743143
11	0.1291960077756192
11	0.11130424861109164
11	0.19539817289260772
11	0.17563365956970206
11	0.2548802389561811
11	0.15889968827488213
11	0.2479440924022962
11	0.12892815098825847
11	0.09901252357382938
11	0.18945222238028583
11	0.0655117023790793
11	0.11418704564097874
11	0.14294077417039117
11	0.18331660363673188
11	0.16511864844588706
11	0.09373478444307738
11	0.13004383415419746
11	0.16459179141968222
11	0.08718623620595463
11	0.12133444907844727
11	0.14820853935005263
11	0.1334906522487363
11	0.09656442691544494
11	0.16917782399966746
11	0.16436540961827184
11	0.24100503206399718
11	0.18011438553668188
11	0.20667387001837953
11	0.1772869527894292
11	0.23078072671037758
11	0.33853173884995075
11	0.18714532091085923
11	0.12804656166173903
11	0.19008139550830983
11	0
11	0.16779824827309456
11	0.15391262248610738
11	0.2184115758729768
11	0.10515246610054339
11	0.16177417077448453
11	0.19156786129482728
11	0.2839970735255738
11	0.10742989233912079
11	0.13772674528470616
11	0
11	0
11	0.1116469480530216
11	0.15853724554378784
11	0.11905958646160211
11	0.06671057538072123
11	0.20508595049222392
11	0.23161607540381843
11	0.17420374221868407
11	0.17683157120003276
11	0.14180674963125964
11	0.18348612239307635
11	0.23907197157829618
11	0.21230474103273836
11	0.21966669653823198
11	0.22466617071776818
11	0
11	0.12818862488381386
11	0.1774621072205863
11	0.09013545693397862
11	0.19469618851302753
11	0.11805704309615316
11	0.06631970506030123
11	0.23272506117505512
11	0.12756773671409996
11	0.2226761620138023
11	0.14302796219363373
11	0.16616156854535283
11	0.09375309732483114
11	0.1144869897819079
11	0.10458277749825529
11	0.15853292778924824
11	0.2509866859744164
11	0.18732290943948007
11	0.24678674346825286
11	0.13829303042760044
11	0.08159304415157421
11	0.19850921804457086
11	0.20525759279042122
11	0.2748354741364589
11	0.18622813822199233
11	0.15893688673245765
11	0.16361453134591933
11	0.23398884502863698
11	0.13491456187298836
11	0.22190558748100997
11	0.193757005823822
11	0.1775817165189648
11	0.1929305461618965
11	0.08613998174786493
11	0.2095716159323774
11	0.13298565417190664
11	0.18355307092784526
11	0.12614299547653016
11	0.237468909516343
11	0.14413423055577448
11	0.17401731792274347
11	0.20918871677250625
11	0.2418234146097395
11	0.2055418645225874
11	0.10377456139543915
11	0
11	0.16652512974967262
11	0.1501219892379023
11	0.19153355685234594
11	0.09731404886312091
11	0.09274904667393588
11	0.08885897533301561
11	0.17250023587933758
11	0.14641063913209262
11	0.14518565227088365
11	0.1744225199716071
11	0.13138547398321124
11	0.14417328008350153
11	0.0970849991483551
11	0.19391227325293553
11	0.21059057162496947
11	0.14139526159267915
11	0.21307576850025675
11	0.2564681934651245
11	0.24771434443935322
11	0.13155452563148845
11	0.15988308697636172
11	0.14507911232574308
11	0.06368088492043382
11	0.13475514048142634
11	0
11	0.2096230301964977
11	0.11830955770686581
11	0.22618117307507105
11	0.18159503302969565
11	0.1966320573437175
11	0.17794470685704106
11	0.17065898824025688
11	0.1987837054121232
11	0.18855746984485341
11	0.11816790233378169
11	0.10939723089465084
11	0.18690020299475998
11	0.226819162900608
11	0.20558667704688546
11	0.09172814298626604
11	0.1523716715979892
11	0.23865561467166246
11	0.09091255915312312
11	0.17335168923964128
11	0.09166288328385315
11	0.10125315450703805
11	0.14998844916855175
11	0
11	0.10211023349257824
11	0.1471877418269572
11	0.2492555299292655
11	0
11	0.18995299714739816
11	0.12833202521553522
11	0.12889100792209246
11	0.08377722509294493
11	0.22059110794345552
11	0
11	0.216583800992114
11	0.13608919010468376
11	0.11601640355430902
11	0.16068662837217842
11	0.09558384974105762
11	0.17879540638966424
11	0.1784609674772524
11	0.27554059723506186
11	0.1624373231882517
11	0.24610471415041227
11	0.2752228687624571
11	0.09086948420945017
11	0.14704808567194888
11	0.12574729909250074
11	0.16058680993876304
11	0.15280979325827435
11	0.12120302988849552
11	0.23121818682465814
11	0.2567217411242615
11	0.20952151733169425
11	0.15986521674523085
11	0.1206694916060799
11	0.23581603480216826
11	0
11	0.17704271937524318
11	0.11785910143831534
11	0.1334284137738324
11	0.14177142203679635
11	0.20153296445787403
11	0.07587542824003014
11	0.3007074215302021
11	0.20321165136917674
11	0.2977208098307504
11	0.19984375759913142
11	0.17863593172860462
11	0.07507039967026055
11	0.19046811406681435
11	0.20037275140917393
11	0.26478926042266127
11	0.08976779350707388
11	0.20091527894147332
11	0.21876408954862672
11	0.12456095232785563
11	0.22110139547658886
11	0.14906671198444998
11	0.12151650582850287
11	0.11315470518391872
11	0.27860251576343753
11	0
11	0.16254288677252252
11	0.2749573744443167
11	0.06452315396541727
11	0.1399293215969349
11	0.15274166609208395
11	0.10313266903738175
11	0.16123916344836825
11	0.18943621312221948
11	0.12530720131489143
11	0.1233454804955589
11	0.19132223048381214
11	0.163478598259614
11	0.2168488106218669
11	0.12233718018607632
11	0.1759178733871999
11	0.22203135065887442
11	0.15443768897438936
11	0.17481101665895982
11	0.207875059258415
11	0.12029135144074758
11	0
11	0.2631841607624766
11	0.18305276741345253
11	0.11899476764999228
11	0.2608246199111454
11	0.08373681900462962
11	0.1681970663287873
11	0.09331352105820465
11	0.1249357264984881
11	0.16192384979805508
11	0.19743870009303272
11	0.09235044588913009
11	0.19939323356830896
11	0.17693163730032707
11	0.14447971288427178
11	0
11	0.1249062485603575
11	0.12742247746499008
11	0.11255341678306469
11	0.16461243411009274
11	0.0924514953258213
11	0.14143438594941893
11	0.1238400158053607
11	0.15581376117751472
11	0.22660276047687575
11	0.20128396205059623
11	0.206149545243176
11	0.12390339922886476
11	0.19387687809072132
11	0.1464757447544292
11	0.08322924037580981
11	0.18629970600244422
11	0.13874519351597364
11	0.14036973827569554
11	0.16632836794204137
11	0.12447601522883651
11	0.23963907040010657
11	0.1619936864783958
11	0.2793657312001515
11	0.19943656716139077
11	0.1049381278763112
11	0.18109210755298114
11	0.09507527421946335
11	0.1398331991428383
11	0.30055930359716876
11	0.1037028116669159
11	0.2440416596300122
11	0.14922908143051564
11	0.2287405414079083
11	0.2324395461758328
11	0.13829025599178907
11	0.17293149235612584
11	0.19096110573881067
11	0.17583224456658494
11	0.1623858615671811
11	0.12884868958719406
11	0.16959925736154416
11	0.07379670174863048
11	0.20659153415163942
11	0.19234101666355854
11	0.11183189649227115
11	0.1608186109624085
11	0.30304221905565426
11	0.13494542885875452
11	0.1569304253843064
11	0.18447659222748336
11	0.09775339975067336
11	0.1256433085083556
11	0.11211462073706949
11	0.066345797531767
11	0.1252516173867571
11	0.21671999386110716
11	0.09777024970091407
11	0.13629486412902522
11	0.12490129676933942
11	0.12811680382879703
11	0.15307574613611916
11	0.14708639297403212
11	0.24315626186865158
11	0.14190190391730803
11	0.13012234749357857
11	0.13987753623747287
11	0.11629140400045536
11	0.23533212415311208
11	0.1463374057774513
11	0.08419833565914193
11	0.12781598532409086
11	0.1424828847776163
11	0.21869319929527276
11	0.1920445844644105
11	0.28015005061042697
11	0.15083784570870062
11	0.08628739708842739
11	0.2393047310355929
11	0.08189043759344522
11	0.16215034862981798
11	0.13349301699630167
11	0.18837053034402154
11	0.15072198568102924
11	0.13277001830030466
11	0.21813630528124875
11	0.10609741879295122
11	0.15202137186656095
11	0.21536127318391798
11	0.24348779587168323
11	0.2036645858406358
11	0.16352443379383866
11	0.1611351443842761
11	0.11496910601858036
11	0.16751752556285918
11	0.15387854894419797
11	0.155587599053856
11	0.13078319296612875
11	0.13241603644347302
11	0.13004012737142107
11	0.16253348715143384
11	0.10629226140710601
11	0.15306552020508776
11	0.07694149729323423
11	0.09477291537969668
11	0.191314488378316
11	0.15002760515901647
11	0.15807321399268157
11	0.23424419349881698
11	0.09111543602083962
11	0.1903750523311719
11	0.15941425728302386
11	0.13185161940397927
11	0.15123299815030425
11	0.10706318157075469
11	0.15354470736295162
11	0.1289933259178003
11	0.13295651330241604
11	0.1166682076013386
11	0.17762358200303507
11	0.12549453144329673
11	0.10625343551796036
11	0.1911261204605953
11	0.1979209534544712
11	0.12551692602049033
11	0.16961065481674015
11	0.1446299786465857
11	0
11	0.10498063055822657
11	0.11236222173609578
11	0.09486684324384594
11	0.16727457751581384
11	0.12727572879124485
11	0.08827514860208824
11	0.20636763312331619
11	0.0703262154459869
11	0.32419287000478725
11	0.16079118901124964
11	0.17461596484899156
11	0.16484373755496526
11	0.09658084468111539
11	0.17327312526698052
11	0.14509973988834404
11	0.11416809346680284
11	0.15873816521734035
11	0.26170082891346225
11	0.22627694381907926
11	0.12603361785487902
11	0.21549657132899075
11	0.26537285718319564
11	0.12244927856361616
11	0.09887671063357756
11	0.22950850166232073
11	0.10072029802170313
11	0.14723475390933158
11	0.2256913205804485
11	0.10661965940509927
11	0.13116281611755434
11	0.18947451211464789
11	0.12295140961433045
11	0.267746113525756
11	0.054925553365933535
11	0.08250339022680568
11	0.25154107080471005
11	0
11	0.20633720750969128
11	0.21274737395963317
11	0.22609063479694652
11	0.10419282293330417
11	0.12349522358857125
11	0.12679378957388632
11	0.23390714940193216
11	0.15342789511892319
11	0.20631660155439688
11	0.16545722691229833
11	0.14283693659698887
11	0.16242984864176002
11	0.11361288230778012
11	0.1889119237351604
11	0.2496583683313523
11	0.15958470576082656
11	0.08648105613280459
11	0.11010347978802584
11	0.09982623218461988
11	0.14771198026529606
11	0.34332294208036696
11	0.11211102171636361
11	0.2112486813330976
11	0.22766169039621445
11	0.19649206274726883
11	0.2235312628384529
11	0.20743256223111625
11	0.1905302419373204
11	0.15750341070331625
11	0.18450685472254238
11	0.08646761515289517
11	0.32754864141250806
11	0.20018290689888452
11	0.3391365071747168
11	0.09888684427496565
11	0.10674096551292926
11	0.13187643125213575
11	0.07575648410509143
11	0.15869945613306582
11	0.11948620697304818
11	0.28761214516455236
11	0.10475214914808748
11	0.21280156429836722
11	0.152129567945207
11	0.0897262725732612
11	0.17856405404670034
11	0.1750406207750954
11	0.3403123390008079
11	0.10879203907231184
11	0
11	0.2232797116193703
11	0.1962371189632133
11	0.1545923933361946
11	0.14552826409088215
11	0.23492231855286488
11	0
11	0.22349561520209713
11	0.2352858292442775
11	0.1260258112887359
11	0.1181781922829584
11	0.23190220654698465
11	0.23982862955617507
11	0.15099592733041498
11	0.18405748717025305
11	0.10117683128490083
11	0
11	0.09334376868915653
11	0.17429117219640655
11	0.08519761662704074
11	0.1734368304467773
11	0.19120087868010735
11	0.19724062700066977
11	0.159503742688562
11	0.1443176688940484
11	0.16816678350341582
11	0.15933280418269527
11	0.24284083154056543
11	0.14441259102994974
11	0.10729323679262474
11	0.07410706771071551
11	0.07611522382738066
11	0.15329377660588417
11	0.10403297086844145
11	0.15544576335507984
11	0.1031709859666433
11	0.15881030279041677
11	0.12190289991929738
11	0.1964832904225861
11	0.17989604499233278
11	0.15668353078214553
11	0.16658498531120022
11	0.18168985648292793
11	0.2908079946685466
11	0.12395876756339683
11	0.11060430217854819
11	0.3292328368943766
11	0
11	0.2220693324789001
11	0.1856532689613054
11	0.17850548608110398
11	0.08690950767468825
11	0.27281057218463667
11	0.09803379487933647
11	0.11573366637928544
11	0.17356959828945412
11	0.13350952381214606
11	0.18309696014970578
11	0.1228766392990541
11	0.14325201312451577
11	0.15557565758114855
11	0.22277408175555768
11	0.11312244937208166
11	0.27977404970685066
11	0.16920375629502987
11	0.1149292576697602
11	0.15723703632557726
11	0.2163747852544636
11	0.1672424004007796
11	0.19839602079614518
11	0.17192383496445218
11	0.17537848187940727
11	0.1361122351964345
11	0.21596749886245328
11	0.16210023413135538
11	0.14302227124328667
11	0.17912630284654654
11	0.2066520168977357
11	0.17599054242642873
11	0
11	0.14888386191657144
11	0.16510031487146593
11	0
11	0.20087013297640538
11	0.19632856190842035
11	0.13360732196958872
11	0.09528661705649931
11	0.12259562306956581
11	0.18267703923322795
11	0.13288217200457156
11	0.18356787027733731
11	0.1476635229996978
11	0.12708266172713095
11	0.2634976377405689
11	0.11587970858603401
11	0.2733771301069436
11	0.22122951001366176
11	0.1648921489145322
11	0.12777153344972061
11	0.13649476419587636
11	0.2529414401175353
11	0.10906101338920954
11	0
11	0.1595241172426067
11	0.15000059351663345
11	0.2072264732617429
11	0.10478118668798041
11	0.14951714227573804
11	0.15429702502081885
11	0.23157759695863636
11	0.17702408918379123
11	0.21761481232523405
11	0.20231288167942196
11	0.16545770215942165
11	0.19898736372807482
11	0.0691128822574106
11	0.11300835464519388
11	0.2654555551325578
11	0.07848304734902553
11	0.2241309781185747
11	0.1583633953900925
11	0.12013220854866431
11	0.1791049637407894
11	0.1640484010357842
11	0.2577088417660979
11	0.15331781064776948
11	0.08617401559384893
11	0.21640958168931418
11	0.20587777963084708
11	0.14657331341377858
11	0.07262965675607386
11	0.11564560210033559
11	0.15463051959080412
11	0.24885365087688718
11	0.18385384939513458
11	0.10449669224535363
11	0.256925428736063
11	0.1304773330698793
11	0.12087446650750273
11	0.18887354115428975
11	0.12529095989120137
11	0.15758213121344594
11	0.17798843803643616
11	0.19096030744273854
11	0.11420367202114433
11	0.2322097169730465
11	0.15830061058337003
11	0.07095916934207919
11	0.1606719312825793
11	0.24108762708558604
11	0.1104174311305336
11	0.09302631651066626
11	0.158706423122125
11	0.16445428808940094
11	0.13380570689237434
11	0
11	0.1773137253711855
11	0.11822539852215179
11	0.06322248343372404
11	0.2157157640667126
11	0.23811085832852036
11	0.2494397046739939
11	0.16435709237874158
11	0.2073046497427534
11	0.18278937122559089
11	0.14062363829983232
11	0.16996556365685642
11	0.15884115428264978
11	0.21544229716405167
11	0.2045846354347095
11	0.15568771869485684
11	0.1510064133566603
11	0.13474892786650697
11	0.1492628847220656
11	0.1414115117427661
11	0.11001881540508188
11	0.24326796248966187
11	0.19747452519601788
11	0.12511468202647963
11	0.08245950549809941
11	0.18051929299369435
11	0.12003975185974523
11	0.12966732354590715
11	0.08617303833532929
11	0.11891377876866116
11	0.2402403863123688
11	0.22420117868212508
11	0.23177874400680387
11	0.13956507603072002
11	0.16124448981346057
11	0.14890584485970712
11	0.21133311057696577
11	0.17043487507559466
11	0.18781897857963512
11	0.0971560980129751
11	0.15223809009792616
11	0.09566364348821584
11	0.14637689712827168
11	0.14163263729936582
11	0.13089407104259357
11	0.1093900024425207
11	0.2507575084500603
11	0.05687122641479088
11	0.08877165169613574
11	0.11205669050405344
11	0.12334143852985849
11	0.14058670401425571
11	0.11270349646770424
11	0.1336090961737299
11	0.13163932191505126
11	0.3688171402496919
11	0.12397163011660814
11	0.12906750289963162
11	0.1766456844154835
11	0.15051293326026513
11	0.2794977383933403
11	0.14051049041883817
11	0.22106700503369536
11	0.25234777126961616
11	0.1714414932523429
11	0
11	0.15075281440330096
11	0.22421288267164505
11	0.14372193011570958
11	0.13734304404773484
11	0.26837616539056586
11	0.2373315821337226
11	0.21121087198230074
11	0.1298228728676486
11	0.2751322505735247
11	0.08506110333605789
11	0.2163680990543321
11	0.18717603661817966
11	0.2478333764951044
11	0
11	0.1424480428770771
11	0.20460399171668825
11	0.2566316351237794
11	0.15098905790625777
11	0.14685004438538118
11	0.15428588068909763
11	0.12105196231292766
11	0.11529854414501332
11	0.15342698012363445
11	0.14987876666325936
11	0.09292499827184816
11	0.20083904495530835
11	0.18224419516216275
11	0.21895006906881248
11	0.21855473962145158
11	0.11218118545890278
11	0.23206718691280193
11	0.16414042486346533
11	0.17498901781348952
11	0.26665015057626124
11	0.1726376067315271
11	0.1506398453678931
11	0.21312815548610037
11	0.19355324101784477
11	0.1647621320562469
11	0.13803623577195687
11	0.23050284051758577
11	0.15697042594181101
11	0.12961935484628342
11	0.15422452413199775
11	0.10511918057693195
11	0
11	0.16560486789862067
11	0.1733088868300744
11	0.1816380888290044
11	0.20601550246330608
11	0.14560896543313923
11	0.093792882477072
11	0.1792637749159305
11	0.1546237887192343
11	0.1389629763979666
11	0.11699596721472272
11	0.10594726357963452
11	0.12254693784918999
11	0.15946475836673846
11	0.0869301966398353
11	0.1582619153001441
11	0.1346789946623645
11	0.14684802190013807
11	0.16494348363867023
11	0.13134175844119073
11	0.13096717912531386
11	0.22170268508604388
11	0.20245432079151882
11	0.22467216468061665
11	0.08770068458743696
11	0.21223963270631716
11	0.1485418100214957
11	0.1826148701983962
11	0.09877864113643929
11	0.27151855700416083
11	0.12007428438106478
11	0.2610552407774328
11	0.14081644871048468
11	0.1359807975520904
11	0.13663099583168167
11	0.24156513423198625
11	0.17519784227193633
11	0.13795615567995462
11	0.13190469668943186
11	0.33212346285881383
11	0.1278555555285699
11	0.18459522396772743
11	0.26544886546560165
11	0.1980835038699775
11	0.12524138357670384
11	0.15381038506506883
11	0.1437847054252946
11	0.16821345677115357
11	0.10196871510099374
11	0.2007403366634572
11	0.1779403761487404
11	0.16094400012121537
11	0.2642643668593589
11	0.19664959782345165
11	0.29820836705736725
11	0.15472474296094985
11	0.058681826537413564
11	0
11	0.1395299659004389
11	0.11332361129933648
11	0.17384439931994092
11	0.08327304118142705
11	0.1196961579054596
11	0.07178886807873677
11	0.1449879280510752
11	0.20477652168738256
11	0.12137856021552271
11	0.19856470359030592
11	0.19768829660538031
11	0.29388497084735793
11	0.2154560994006271
11	0.16286557953697303
11	0.14126723884297002
11	0.19726188004319634
11	0.13605743414546176
11	0.15576884031030377
11	0.13117915078185413
11	0.14289004233618965
11	0.23983887821005145
11	0.14839494379965704
11	0.11343419685292426
11	0.1864977045582609
11	0.09540152916613855
11	0.08870939948443632
11	0.19540555292632256
11	0.14552246655747972
11	0.08792601914098186
11	0.09793596671058452
11	0.1527518874409323
11	0.17123050999134284
11	0.11594622981575381
11	0.10893747130311025
11	0.0798266587323394
11	0.08625115155488706
11	0.18823352745190874
11	0.14609678347760652
11	0.16544377593295678
11	0.14327909287600205
11	0.14451214135687354
11	0.12412665014990655
11	0.09860814648906513
11	0.16864453124536363
11	0.13029478233363592
11	0.19359019420273418
11	0.10489686815062613
11	0.24773734018335458
11	0.16128682849706885
11	0.10331858002317194
11	0.1829018599180131
11	0.2399636948001319
11	0.07959854841644697
11	0
11	0.14372411726813555
11	0.22373767746294987
11	0.24961038343509917
11	0.24767033889824944
11	0.1736813440643503
11	0.12084587111581586
11	0
11	0
11	0.12626583918047465
11	0.25788144538301055
11	0.17084320890747945
11	0.17544263975449148
11	0.2328659032969408
11	0.18481552263879963
11	0.1334579602300804
11	0.10442874145790616
11	0.19603475749063684
11	0.17518650977255953
11	0.15773891989188127
11	0.1476023271504539
11	0.20085055660145187
11	0.13294001208351255
11	0.17911550122249123
11	0.1902273243372515
11	0.2124872355660815
11	0.14481765341550346
11	0.2408871509850286
11	0
11	0.2908003324363443
11	0.13064123647702974
11	0.24324771056738878
11	0.1344440976351316
11	0.23227089042054766
11	0.07526852704234406
11	0.12292874043626756
11	0.1259294243856174
11	0.15619082138618676
11	0.10256641910536289
11	0.07934555369251681
11	0.11158359330043889
11	0.14737368814784138
11	0.12865305193262688
11	0
11	0.16371488132098633
11	0.27020530613377064
11	0.1484116197523795
11	0.1609227976325382
11	0.13515639953594621
11	0.14588533065240258
11	0.13374471401946536
11	0.11328766448296806
11	0.26693868541045
11	0.06323218088956489
11	0.1736745607059145
11	0.10399640920607957
11	0.08942566181317636
11	0.21901351491217244
11	0.20600948126116825
11	0.18386435121313568
11	0.10983449796834645
11	0.1604019471992939
11	0.21454127417217114
11	0.13714648837456334
11	0.08444849506228201
11	0.20786798098130127
11	0.24428185731861365
11	0.13545553513755332
11	0.232458585463895
11	0
11	0.14166895786934755
11	0.19112607704399256
11	0.10774235645100921
11	0.2913936450990461
11	0.16920076731578276
11	0.12669761982111738
11	0.10381952751085272
11	0.16443213725405914
11	0.17149703212037118
11	0.08701275170239707
11	0.20542000777694372
11	0.2633087048529873
11	0.15715551425676505
11	0.2904901803420698
11	0.2666223178223193
11	0.16849368458784525
11	0.11971932554159587
11	0.16669133511489811
11	0
11	0.2621185560571138
11	0.18243126139136953
11	0.1652974930747062
11	0
11	0.11363713570442098
11	0.19866757482877048
11	0.22016518825928633
11	0.24411808179227476
11	0.1574128567109508
11	0.082209347752781
11	0.12204189226143135
11	0.17606871945563557
11	0.13084638186627262
11	0.19953371230259215
11	0.11024473904024046
11	0.08264690239062841
11	0.18533237214461284
11	0.19146742590163612
11	0.1363524904625399
11	0.20057215943351864
11	0.19907218804144225
11	0.1744500870260005
11	0.11502510438743115
11	0.1602817857115215
11	0.290136913110347
11	0.09506816789229944
11	0.2490764375915718
11	0.19087743960322331
11	0.1678637770917077
11	0.18949318769929593
11	0.25629602533923007
11	0.12616392429302478
11	0.0953958734178933
11	0.13581624633369666
11	0.11159451302589637
11	0.21071135022691848
11	0.13431348888590483
11	0.18926455842744339
11	0.17139676865053385
11	0.109733721296805
11	0.12325871155481721
11	0.18900726326149567
11	0.15596304001481046
11	0.1848019526793915
11	0.16196117507268865
11	0.16539238423571645
11	0.15839532082085003
11	0.15108790267525923
11	0.1635346790822563
11	0.27180849996775786
11	0.18678486717655712
11	0.1022747376223642
11	0.19976600539871883
11	0.08526802292013251
11	0.0786136775919205
11	0.1840761840553796
11	0.12370507860326971
11	0.1945378033743687
11	0.19080871557392973
11	0.14699977329679167
11	0.17858602232662385
11	0.2762195560560927
11	0.20005739436030937
11	0.17113669942149912
11	0.1596449751393089
11	0.14741719121223057
11	0.24827071046494645
11	0.07179685755053353
11	0.12718863063748276
11	0.15161760234030902
11	0.19509279432123797
11	0.1923461292113539
11	0.09543628001355821
11	0.13908908033578016
11	0.20265594843053114
11	0.08136200328841581
11	0.21667928162092642
11	0.1792010064689112
11	0.2689798268817919
11	0.26899834647510806
11	0.15481584068913298
11	0.2541671384293013
11	0.1624732795114642
11	0.19465185361129217
11	0.08418030212737491
11	0.13367270928370992
11	0.18642786901854888
11	0.18681239963976481
11	0.2068139825738895
11	0.2424422045990614
11	0.3132297939070487
11	0.13535807578920264
11	0.26798061456837063
11	0.283995765135502
11	0.1460984472744644
11	0.15399819011300853
11	0.0952669090380314
11	0.10495363631269522
11	0.12551244592980565
11	0.14335817826728803
11	0.17085057959965314
11	0.1795406937029088
11	0.20152197458115628
11	0.22565586713829833
11	0.1311733545026436
11	0
11	0.13171932221802038
11	0.10249612131620599
11	0.13577390725591454
11	0.22068820883453266
11	0.16462436936023597
11	0.14075238223074954
11	0.1261806352246622
11	0.14654479273760576
11	0.13471788457214473
11	0.11277630214224003
11	0.2323477594264298
11	0.23595848168318379
11	0.15683915396882375
11	0.17148216902233346
11	0.15623164546087587
11	0.14313244225608499
11	0.11292142045638921
11	0.18264009368630893
11	0.0861977403213616
11	0.13585652838557352
11	0.10842280870794181
11	0.1412085286284243
11	0.14557269578289692
11	0.1912261658136969
11	0.16860776117797652
11	0.16081743855276215
11	0.0891241691802015
11	0.10224105947907182
11	0.18968195443390062
11	0.1702158355646818
11	0.21696247451626618
11	0.1363171856509699
11	0.11210249783070489
11	0.12007138703579447
11	0.1758302802247154
11	0.17610748007027097
11	0.14594506381687558
11	0
11	0.18137146421159328
11	0.1369574135202206
11	0.1356151377676718
11	0.16255973906278676
11	0.10401958482305984
11	0.19489194175632998
11	0.18203735097919
11	0.18532227591317874
11	0.17783863885689744
11	0.16568799682634403
11	0.11240699230067534
11	0.15601702129956432
11	0.17705516900552598
11	0.14821346273482935
11	0.13122483210912206
11	0.08806462711020711
11	0.11610361068533635
11	0.1737875684641716
11	0.2874378072626749
11	0.267783779734085
11	0.16451565843293273
11	0.06504587408717064
11	0.1136794663387063
11	0.17821677048493068
11	0.21135963397807922
11	0.18133470947758348
11	0.16034915940119254
11	0.0739712890125135
11	0.10943067668437369
11	0.19598642730726173
11	0.1342596664471462
11	0.09141242334644248
11	0.12032812548077117
11	0.11957130471872601
11	0.2288114248690944
11	0.14064325944744854
11	0.18120947991320455
11	0.1751433582428983
11	0.18222951483207753
11	0.17238158023475697
11	0.19974792780841635
11	0.13484906365392635
11	0.23580066537699695
11	0.1506506530414225
11	0.23756409326366498
11	0.07316688345595265
11	0.10442042420634026
11	0.20296848115944963
11	0.20703247213223636
11	0.15316087910761847
11	0.154894066568363
11	0.12897853019912206
11	0.2521248086414325
11	0.13573417029435947
11	0.08559650114343902
11	0.17018610737068435
11	0.07509088596259379
11	0.11957834053711922
11	0.06965201835058496
11	0.18350289139052045
11	0.20388104912645563
11	0.1378518964159649
11	0.09348296888959196
11	0.08842671580739139
11	0.2033596239626092
11	0.22147908735831634
11	0.1315210831052928
11	0.1759879072141816
11	0.16571828269083824
11	0.1533243307036747
11	0.1532203263022959
11	0.21839880862591424
11	0.09402629014022298
11	0.12803437182625407
11	0.06907521732791976
11	0.18914286058575838
11	0.12511530038831753
11	0.1984885844435855
11	0.13276537835185884
11	0.22943832237074968
11	0.1507646389860791
11	0.14275544215137156
11	0.2204601743334501
11	0.1554107467306885
11	0.17138370555610932
11	0.22718721143371623
11	0.19610951721734554
11	0.29460243371060585
11	0.12361683602061496
11	0.26743079074775783
11	0.18401976858940508
11	0.171155808068363
11	0.1377264275962171
11	0
11	0.2326066879742604
11	0.07952334737332138
11	0.12608382960120584
11	0.0887336412976404
11	0.14896162466536444
11	0.2784567405155172
11	0.19257165596772094
11	0.1285954448132738
11	0.24435908825217093
11	0.21564192261135462
11	0.09962616255914293
11	0.1913373745064692
11	0.16030661647726596
11	0.16492841888114432
11	0.2225860536881091
11	0.1832508916081699
11	0.13077292982537053
11	0.2139597977890431
11	0.3136625232661741
11	0.16028498486085022
11	0.1996291955736758
11	0.16248550657793184
11	0.13901334136103516
11	0.19295556841146644
11	0.12698798978695403
11	0.10102011474190005
11	0.13926313415905364
11	0.1339674440621471
11	0.17015971769385257
11	0.22185352558612995
11	0.12594068865235825
11	0
11	0.3040799746360841
11	0.15861507183302584
11	0.09714071317937606
11	0.2190339112520782
11	0.1637638851630231
11	0.05351906978575737
11	0.1525811791538344
11	0.10104173832248114
11	0.22042741323556728
11	0
11	0.19665621704939903
11	0.1789229645302159
11	0.10133983195152266
11	0.2361107892959913
11	0.15674003247450946
11	0.13616999471855057
11	0.1580620790328502
11	0.15378089525855737
11	0.19000526889096706
11	0
11	0.24522875012761908
11	0.05545471081678377
11	0.14802650742800863
11	0.1566305070345158
11	0.20553877788579314
11	0.11784640354943204
11	0.06528589226983472
11	0.12439634008656063
11	0.26708903200019074
11	0.21936428844998715
11	0.14768692327633315
11	0.1971378794482064
11	0.17452349933622327
11	0.16201035069088182
11	0.13416255507313252
11	0.1548508409648091
11	0.15621088836352226
11	0.12358267720039665
11	0.14570849440193195
11	0.19393624594946518
11	0.13029129845524393
11	0.11653102287288222
11	0.2048409209131952
11	0.150726100232228
11	0.14891307458704583
11	0.1574512355428915
11	0.13411683206114508
11	0.16492655282851165
11	0.13138463956266086
11	0.11354944122618234
11	0.10832300768620379
11	0.2409952650105467
11	0.147482188251108
11	0.11230169150882596
11	0.20194837206168148
11	0.20756137300308466
11	0.11973075908660816
11	0.2812127079537357
11	0.08829271771098367
11	0.10440065409355195
11	0.15863782083052996
11	0.17281135837520775
11	0.18378346859551195
11	0.12175251671695679
11	0.14097029039342107
11	0.1811821905141578
11	0.15482878325781646
11	0.33957008327686894
11	0.10690430221453395
11	0.15665697042818622
11	0.16288867943479524
11	0.09762419628074152
11	0.17732153765416342
11	0.10203264225831887
11	0.09111390198089452
11	0.2279859837558013
11	0.10184745089032429
11	0.2352571055389574
11	0.17881831318562946
11	0.13127004315774882
11	0.11621425820860302
11	0.22889556025466842
11	0.1349197648016232
11	0.2341199255945329
11	0.053116313748348354
11	0.0848570765913966
11	0.12507573625529542
11	0.14067678051559396
11	0.17625924035106166
11	0.2685353123861392
11	0.13890386779541036
11	0.23639881103719948
11	0.11445028870124875
11	0.19572425180520037
11	0.152197812294867
11	0.16987892154328704
11	0.28277123893232803
11	0.2068287835472972
11	0.20333823651740027
11	0.18258469962698234
11	0.1285660474515818
11	0.1695354340820941
11	0.16236200566744674
11	0.19494478447140817
11	0.20368056860245476
11	0
11	0.11908103308494862
11	0.10476447134934218
11	0.12808089587069416
11	0.20760503715504214
11	0.0937181026656058
11	0.15630905510930554
11	0.19459735732842504
11	0.18896301966428178
11	0.10791921370349068
11	0.14009065048567562
11	0.1287864748709469
11	0.11772396869930779
11	0.11710237637710798
11	0.16094537896359437
11	0.16895815049386137
11	0.10005782387505889
11	0.11946239393235533
11	0.06296640350927826
11	0.14018893828456735
11	0.2072810510914125
11	0.1370273617731693
11	0.1328285361996643
11	0.18680908335178886
11	0.21087738043980725
11	0.11210091160946206
11	0.1606417341052947
11	0.19227538646040196
11	0.17322134961160696
11	0.21714094563324096
11	0.1776237956186386
11	0.18897598684340933
11	0.0780269945316271
11	0.11456316330419342
11	0.10068056859103025
11	0.17737559752986043
11	0.06291843278123384
11	0.14385275149556395
11	0.14932794355710724
11	0.3183561001608225
11	0.16773835319655034
11	0.16052561991112108
11	0.1552274075573564
11	0.1977926809410305
11	0.1503092000744264
11	0.169912921311825
11	0.18131912103782655
11	0.11015975357072492
11	0.13792264709391952
11	0.13008716618280583
11	0.10954950624979458
11	0.22614527305167131
11	0.09532508371969252
11	0.12575023818952055
11	0.13208498008021982
11	0.19042403173443886
11	0.17717854255549836
11	0.17438099271184934
11	0.24288722528223225
11	0.17019900075040675
11	0.1714921803874768
11	0.1946620928569325
11	0.1847486182301991
11	0.16878385065358012
11	0.08825809892418644
11	0.2057363578404969
11	0.221521409223674
11	0.25026597245842563
11	0.18509899695392973
11	0.16101733483215974
11	0.1806306997804691
11	0.20073735569182777
11	0.2055348653238447
11	0.2035467232517601
11	0.1595167621767129
11	0.19270923998506354
11	0
11	0.18187056548909966
11	0.13496797990581988
11	0.24337918099307662
11	0.1650927853445351
11	0.13644799707671212
11	0.1957423802587508
11	0.15167493388572303
11	0.12990477350646373
11	0.3083728393272669
11	0.18723101188535446
11	0.13214211682634916
11	0.2378028198330669
11	0.18280072498434524
11	0.10120645195869846
11	0.12896308054246725
11	0.21442140618034658
11	0.18867903942651723
11	0
11	0.11795713431715457
11	0.10005790488893683
11	0.22548080536145637
11	0.18317221338975126
11	0.2096469764653268
11	0.09612847696326758
11	0.10886497696197768
11	0.24275682863481407
11	0.17974684397881519
11	0.10783886844877281
11	0.18639755388179138
11	0.1578757398554883
11	0.10822985723172032
11	0.2650433716466801
11	0.12099601782550504
11	0.19934523410797927
11	0.10038403603614299
11	0.20146455907546912
11	0.1962275188295161
11	0.2463584980779607
11	0.24771802407155638
11	0
11	0.11408715426806623
11	0.18921196579086666
11	0.24152450967876696
11	0.13481236348822295
11	0.112304129319034
11	0.1305201786603693
11	0.18150336627535682
11	0.13742458072429264
11	0.20057687998612714
11	0.07742026584026214
11	0.16282675021767795
11	0.2031395843663972
11	0.10747767632730844
11	0.17580327679825566
11	0.1275531905043326
11	0.24711945439835464
11	0.16077673141858756
11	0.12514235661684894
11	0.25732079849499706
11	0.31760908932301674
11	0.16793458013819226
11	0.27746916301099345
11	0
11	0.07404973665461902
11	0.13292568582098765
11	0.06877601055195223
11	0.12465798543498571
11	0.1631559627612866
11	0.19815507632860715
11	0.08703490948330893
11	0.07906678169655346
11	0.14246990151732597
11	0.11488463869126214
11	0.15112230978891203
11	0.1736820253454008
11	0.2518650368139676
11	0.20368466795929588
11	0.2734652872045482
11	0.10493287559010754
11	0.11465821936349177
11	0.14234684815472928
11	0.09981247780783482
11	0.13089192849482137
11	0.10709579058671426
11	0.10666996623844016
11	0
11	0.14762592539282618
11	0.12595817858901373
11	0.16505817621404764
11	0.16441862392741768
11	0.1633015958557719
11	0.15178403420657166
11	0.1318449686662724
11	0.1878725599772103
11	0.158338617272678
11	0.09638497708035233
11	0.15439955402845157
11	0.16674951395344764
11	0.2376278386188643
11	0.13506872156164754
11	0.09861158134506191
11	0.11527585489226795
11	0.22802852798560316
11	0.15405440614037771
11	0.125959138666797
11	0.12521307382392163
11	0.2061040594272059
11	0.09156738935064321
11	0.09421632239960233
11	0.20987449904438585
11	0.16588229292727644
11	0.09383499368464482
11	0.1133515519194635
11	0.21238255555267085
11	0.1321276185324827
11	0.19210444912689179
11	0.29715858576624304
11	0.14846697606432252
11	0.16530704381974215
11	0.17157334069725477
11	0.15763864721891638
11	0.2259171590465667
11	0.1717652036557492
11	0.1534435578219818
11	0.24296231633634924
11	0.17188099159710563
11	0.18650691300528588
11	0.14569331194913543
11	0.19603804222030438
11	0.20884776865523794
11	0.19900023812586734
11	0.1579230193076165
11	0.07750448477083242
11	0.08938674129201327
11	0.23931119526458067
11	0.17346044368900398
11	0.15466426754930826
11	0.22918009779226625
11	0.0643543981598876
11	0.09281640640607117
11	0.11319789012267625
11	0.15351494832930013
11	0.14582618232214942
11	0.19536906964659953
11	0.19597680001902693
11	0.14879809910182584
11	0.10644325445210977
11	0
11	0.16275716774693333
11	0.11558673042425396
11	0.08013347479235229
11	0.1658223031798011
11	0.15430555690979036
11	0.1428476626748847
11	0.14261733766123388
11	0.2669335925875057
11	0.19190327008408334
11	0
11	0.1456355406216938
11	0.08972701391942922
11	0.14759633512629167
11	0.1708241352545248
11	0.08816702340217858
11	0.22142821458713932
11	0.1562600100276466
11	0.1810911794756457
11	0.15992377474124178
11	0
11	0.10481008890931702
11	0.0769419057344148
11	0
11	0.272407733469902
11	0.17066057565013706
11	0.13398669966053633
11	0.22165166606090425
11	0.12362991859464412
11	0.16467194050325182
11	0.19522597017610924
11	0.11187878441964025
11	0
11	0.13039862045447884
11	0
11	0.16282745477772992
11	0.14884243791988022
11	0.16210740283439637
11	0
11	0.2789353870387011
11	0.14350112847659957
11	0.21381307238950364
11	0.19172313748456773
11	0.21555071159542905
11	0.1626856101221449
11	0.15547042661902458
11	0.0952172150204474
11	0.18478565835729685
11	0.23832079302712425
11	0.16203937538260305
11	0.20777025956378822
11	0.1937455835605351
11	0.12013290872579392
11	0.1053309432128302
11	0.1625268327610724
11	0.1753700271644873
11	0.14974305546796646
11	0.15771419908074394
11	0.12232570082820055
11	0.20442806066519084
11	0.1333505017117263
11	0.2032957686046941
11	0.24946388474761294
11	0.16587139986385038
11	0.08836975420542968
11	0.23607191691150484
11	0.12954587768894568
11	0.136665855696225
11	0.2727934849016415
11	0.23147540555359988
11	0.13951981800167412
11	0.145317779475278
11	0.1481257719514834
11	0.10924365384359107
11	0.21965059767230274
11	0.1803074583025484
11	0.20211145220787832
11	0.1434708957440216
11	0.18382340197712935
11	0.114957785312572
11	0.10390918633734299
11	0.07368411849057005
11	0.20704152300948128
11	0.11791421129990134
11	0.1364122924341122
11	0
11	0.14974457859526655
11	0.13670918982649846
11	0.1907603639262435
11	0.20767228810322907
11	0.12481142877706602
11	0
11	0.17743341670483528
11	0.17915451718941647
11	0.18145758006299628
11	0.1005077005217972
11	0.21502758090928054
11	0.20868652838747945
11	0.2078004536000286
11	0.22143864711211012
11	0
11	0.16795314730500502
11	0.1496564707310015
11	0.10119615145163932
11	0.08574144588844891
11	0.12340803434356806
11	0.14285522508061313
11	0.14916079585487405
11	0.21137866804386007
11	0.21818703104319329
11	0.13159788246568038
11	0.10172689456544645
11	0.1277635026385504
11	0.08974609624848191
11	0.16559942884383388
11	0.22993868446811472
11	0.21440911868753854
11	0.24015405698189912
11	0.2673469901815087
11	0.17064193335545547
11	0.11341886500738252
11	0.06568366007463647
11	0.18419400397079472
11	0.09290189282578681
11	0.14876657164978907
11	0.24230366519174543
11	0.13426339399348328
11	0.11626363860363975
11	0.215701677215564
11	0.1681933379349891
11	0.14842822131965713
11	0.14884002318398915
11	0.28559487533056777
11	0.2156397711271278
11	0.1474663778181631
11	0.086333803439686
11	0.1319508141360775
11	0.16295358597465115
11	0.21284326844679038
11	0
11	0.2508604717360098
11	0.24626197175033956
11	0.12330349785575398
11	0.24828373644370005
11	0
11	0.09624111444822007
11	0.15926411045017475
11	0.18454442694756007
11	0.28953192303527175
11	0.07312092654932854
11	0.15403501826386812
11	0.08797557946642075
11	0.1729873308519914
11	0.33834754763246994
11	0.11492171774873244
11	0.170809432365815
11	0.16543525945264825
11	0.1436761044885704
11	0
11	0.23780552769929353
11	0.24654326801488644
11	0.12376252351370721
11	0.2270900062781016
11	0.12726192521139248
11	0.1758068782219576
11	0.21218072305392946
11	0.17593468471334237
11	0.27602293639573333
11	0.15233450081748368
11	0.07840335076322044
11	0.12976069600057705
11	0.20750633288894324
11	0.1931761373850561
11	0.11348562492517952
11	0.12185768817247002
11	0.11291002578368912
11	0.17387355752653297
11	0.1741588333147989
11	0.2170966276474452
11	0.12257484733976742
11	0.13843682172999605
11	0.22065121708884491
11	0.291883386732821
11	0.17688270175861873
11	0.10589170566470037
11	0.22869826049711933
11	0.14772404404704137
11	0.0708605548423115
11	0
11	0.19447267867396414
11	0.2247400496990157
11	0.12540692851713234
11	0.09814701632252999
11	0
11	0.28143378220378334
11	0.16507117398690851
11	0.14586694475893178
11	0.14933980406770406
11	0.11954920424003677
11	0.2532512358379821
11	0.1328138783726086
11	0.1552371509257896
11	0.08107858073869648
11	0.18960557873016023
11	0.132861184338991
11	0.26019341758071096
11	0.14293860096105104
11	0.22588162799703035
11	0.2682657840168142
11	0.16006193232359922
11	0.07626539632109505
11	0.14332716575187363
11	0.1736222792239337
11	0.15991522806844724
11	0.1843789441667689
11	0
11	0.13118081518844207
11	0.15202575182037795
11	0.10745494961491876
11	0.15474532287976636
11	0.08227199143466778
11	0.3018805304401529
11	0.19491634025886437
11	0.17665548189831196
11	0.11229315725653401
11	0.31308283376410556
11	0.10090023090040096
11	0.1504752915078349
11	0.34289409872086096
11	0.24961389451780602
11	0
11	0.1956174683424523
11	0.11338820816540565
11	0.1610360568650352
11	0.14039554564678236
11	0.11026928607818118
11	0.11660052517763436
11	0.16427049663022308
11	0.19017145710688443
11	0.1780192817213259
11	0.10778975405269207
11	0.11517236866888789
11	0.15806704520063897
11	0.09544598346347374
11	0.07910669122140415
11	0.24023079170347622
11	0.11647941694243885
11	0.15561020379189988
11	0.14287319870471057
11	0.09759813120552989
11	0.15884736526017754
11	0.11625417560880494
11	0.1737573455662755
11	0.13177764452184734
11	0.1528147011716555
11	0.14042894651587337
11	0.2845264822772855
11	0.2280788337747974
11	0.17051538026528287
11	0.20049166063144286
11	0.09367074202982456
11	0.26224991182348134
11	0.1488201425431947
11	0.10480423172758381
11	0.15405008770336695
11	0.14838107221409055
11	0
11	0.08847741411258715
11	0.1656358027870929
11	0.26843884787896594
11	0.19661317414900953
11	0.15381347836821907
11	0.1368181772991348
11	0.15046255095360106
11	0.12220840059068015
11	0.21430251381167867
11	0.13953064136315646
11	0.18324503227872588
11	0.1687003242836105
11	0.16903085988707023
11	0.10013028617702069
11	0.28667417488268493
11	0.17666567287780977
11	0.15982986970968652
11	0.21436234829258677
11	0.2808150452868909
11	0.33506904900859347
11	0
11	0.1952985121272566
11	0.17080469702076478
11	0.20352108935846172
11	0.1383953775439892
11	0.29412603845344654
11	0.10226922376704728
11	0.05846943640909838
11	0.09491133363601195
11	0.1415312846681504
11	0.22091083688864477
11	0.2589026139427674
11	0.2076457768238917
11	0.13120793327574765
11	0.15174695756851503
11	0.10746949017626169
11	0.11965670847754943
11	0.16283872932959606
11	0.11699714844305036
11	0.1655486167295692
11	0.17130272573661032
11	0
11	0.2034932405194433
11	0
11	0.1309629204347769
11	0.19948107295895084
11	0.145740087691863
11	0.1390805951846921
11	0.1662015118904556
11	0.08785187265240585
11	0.10830855288326155
11	0.2468526334128577
11	0.15275604469582485
11	0.16443454935197063
11	0.14581786559395413
11	0.10234570057969578
11	0.19703721771230287
11	0.13419979186542144
11	0.10380933649556366
11	0.2119902967560259
11	0.14166075476510834
11	0.19525094075292043
11	0.22070280724689936
11	0.09879683823326232
11	0.1737934121826133
11	0
11	0.05226101749280827
11	0.11471485118901754
11	0.17943042087670888
11	0.18406897971434658
11	0.21963939095026133
11	0.19022998697942275
11	0.18069987582868607
11	0.21251938723421177
11	0.19054760424750233
11	0.10244753843951303
11	0.1267524773297158
11	0.24736141940000317
11	0.16180624601794585
11	0.09057439081234535
11	0.10739181226602464
11	0.24850312205062788
11	0.13769039928291876
11	0.18179757102933344
11	0.16022988516813902
11	0.23694764332910304
11	0.13464344833164493
11	0.2824239127521392
11	0.17778335322707414
11	0.26026502972487864
11	0.22720860420789538
11	0.31218391100697024
11	0.24507942474015637
11	0.19914919899127068
11	0.16183867199141083
11	0.11910504463568325
11	0.13632051952342475
11	0.13758309821552037
11	0.16360644704417288
11	0.20396389384816788
11	0.1931743879812608
11	0.20398473484613
11	0.07581774451509021
11	0.21461050155530043
11	0.19946663419100166
11	0.2909317881005362
11	0.16078245068738126
11	0.25753374251368366
11	0.14521093226742052
11	0.23083790467995252
11	0.1914594135805974
11	0.17844419638010164
11	0.1447725933747092
11	0.1291745349006236
11	0.12648536554886758
11	0.20821487782899756
11	0.1287292698185374
11	0.3033252708542466
11	0.130265961386735
11	0.14269408405229894
11	0.14103521792557747
11	0.0801771542548635
11	0.2086631169582838
11	0.19938491145985
11	0.26377205243515367
11	0.08889979332481847
11	0.24120867953318118
11	0.18461254450126838
11	0.10462043279639617
11	0.11608061448783194
11	0.13510779330490516
11	0.12201832392975316
11	0.0877269955485824
11	0.2724221186447706
11	0.170237959777498
11	0.13280887965478577
11	0.14791653837679797
11	0.1626737112520576
11	0.14735576327728994
11	0.17478542317921647
11	0.2663949084354938
11	0.15182232383871871
11	0.15739843714550728
11	0.0749815544623136
11	0
11	0.15864223890436607
11	0.09779740952239926
11	0.1998929733913928
11	0.2602432891179731
11	0.20979120071329094
11	0.194208952103581
11	0.06307434724851972
11	0.17958600224730312
11	0.1626133572271644
11	0.1490814386404213
11	0
11	0.17683690438386854
11	0.09520974304953747
11	0.25490055104031933
11	0.20254825204595076
11	0.09473321894847887
11	0.16923833689809606
11	0.17402923646900814
11	0.10721903001681171
11	0.16364172455036308
11	0.10957124615644247
11	0.22417916013231762
11	0.17013096599288374
11	0.20885499364208768
11	0.1242775216017183
11	0.07507878259585889
11	0.1713497790552505
11	0.16316955810268058
11	0.2522591232237042
11	0.18972011304069974
11	0.1195599407117472
11	0.144195444727857
11	0.20522128793306407
11	0.06368223252104273
11	0.05672669198457232
11	0.14986091829941026
11	0.10581928964201796
11	0.15588326499192
11	0.21398749616563995
11	0.11786367190813127
11	0.08176928044606109
11	0.187983012650721
11	0.19665993143313712
11	0.1774226730046948
11	0.13287916791811202
11	0.14430549042968988
11	0.19492780191403988
11	0.1399047126670422
11	0.1663821293464237
11	0.17541899378193565
11	0.10373716305459683
11	0.20841573640167402
11	0.14329920622811176
11	0.12968853788113177
11	0.11496002031974294
11	0.125947953728015
11	0.17645583816468824
11	0.14398567410931412
11	0.11477733139629094
11	0.11328129860658633
11	0.18538900584636211
11	0.0838909358375582
11	0.07962006126066452
11	0.18814116055225313
11	0.0773348834394833
11	0.12817356505624766
11	0.2181246180704923
11	0.10987644487458102
11	0.28127666449847455
11	0.13155666551190665
11	0.28327642842270273
11	0.1505438025953266
11	0.08031568120418274
11	0.18171202377019363
11	0.2248782255806142
11	0.184675449334296
11	0.2533807000512522
11	0.17589655383464575
11	0.1834241217499717
11	0.1072326981119573
11	0.23761176326441372
11	0.1321629958048981
11	0.16486821099294421
11	0.16511016378268942
11	0.272923546060068
11	0.2642420116779598
11	0.3547221673020088
11	0.15613849607044025
11	0.2421095301053776
11	0.19093748476234818
11	0.1688901352646755
11	0.06657439664063292
11	0.13293818172647223
11	0.16383802205772288
11	0.15138041820854858
11	0.13990251781554086
11	0.1383012909184271
11	0.19210987580417466
11	0.1355561970505683
11	0.14146675780849094
11	0.2171303983421563
11	0.12495172679742601
11	0.1360025802281521
11	0.2647605216539381
11	0.19361745487310528
11	0.23689608588862074
11	0.09443089079190238
11	0.0864085120953671
11	0.2267149117507312
11	0.1126162398048383
11	0.1611400895116651
11	0.20299580677811074
11	0.10129400948165289
11	0.10488331879480066
11	0.12244751820254234
11	0.23948942463222606
11	0.17565127774627678
11	0
11	0
11	0.1824669420716175
11	0.14724242235180243
11	0.1608540926480012
11	0.16282616726599536
11	0.1267821567943933
11	0.2601649503815567
11	0.1086048039611528
11	0.16938596835446112
11	0.181865886334367
11	0.20154206910376551
11	0.1259850643615453
11	0.12313079850440854
11	0.1383407004944185
11	0.16726223049061903
11	0.27440018416524514
11	0.15837751302672737
11	0.18554084177962155
11	0.2120402164168238
11	0.16389562141082678
11	0.1780579523995263
11	0.19117852466310242
11	0.135678148455822
11	0.07858064267030744
11	0.11301404053105028
11	0.13086244384321463
11	0.15686352178172064
11	0.13878154730944434
11	0.1386938156962536
11	0.2558018233891668
11	0.23293435733997728
11	0.15217283349812993
11	0.0672266246261288
11	0.18744980025389826
11	0.10627967675709857
11	0.15900981656483504
11	0.31928000543372353
11	0.11338426236043074
11	0.12227191468821415
11	0.08414987073284944
11	0.11924394121558997
11	0.16909234232478088
11	0.20109757050783608
11	0.1773096906118441
11	0.1714029865791836
11	0.18387016432076203
11	0.19429275039769475
11	0.08527589501424541
11	0.13658514783545414
11	0.18427356110920504
11	0.1099810244415226
11	0.19761468475052324
11	0.21057627028696668
11	0.1244206145454007
11	0.11546116163575662
11	0.09761422978823302
11	0.12484470589091182
11	0.17758539221175113
11	0.1054495663156133
11	0.1951507385871087
11	0.16835304439712512
11	0.15676273880502897
11	0.19158772749899705
11	0.1385486759674483
11	0.18784441247062897
11	0.15224169931783063
11	0.28753496704358655
11	0.1651912668833471
11	0.06374361302816627
11	0.11276077961058804
11	0.09777632663204827
11	0.19600906674531104
11	0.12083405256673663
11	0.14583079967375473
11	0.10800761482855481
11	0.12169708354310967
11	0.13629637966151179
11	0.20881637642594797
11	0.26641631446574565
11	0.22019830859665518
11	0.1442290042028906
11	0.14936884764592076
11	0.21137229996954685
11	0.08491324606982102
11	0.19273265696629444
11	0.19895946375945858
11	0.17791983264703898
11	0.174270544878539
11	0.21510455748399807
11	0.1756952057250917
11	0.15690630841944075
11	0.07800964330540634
11	0.08857210295433603
11	0.1381866220044834
11	0
11	0.1524563191481844
11	0.16342212963293604
11	0.16802620227518228
11	0.1507189750849629
11	0.1414744285880238
11	0.1619750960254031
11	0.08710559248495842
11	0.22057785681199021
11	0.2019584822942701
11	0.1577458508681582
11	0.17357939990274132
11	0.12604048919131175
11	0.2881812549507643
11	0.10709804077938657
11	0.15016465180543212
11	0.10875566244735789
11	0.21351576265829675
11	0.11836895362232877
11	0.1765510018594507
11	0.25429851219985583
11	0.1426135876684092
11	0.23975538325170115
11	0.2063267532821938
11	0.21730804378062427
11	0.13477541255698366
11	0.21359211129354772
11	0.18990742950314224
11	0.2165654245582506
11	0.2194353933302723
11	0.12442573824189061
11	0.16474351873370527
11	0.11367885708143405
11	0.16398027817778735
11	0.08119200429797828
11	0.20051353354512172
11	0.14986345191428455
11	0.10003616592394121
11	0.13642142668774293
11	0.11231558795733308
11	0.1944726002706453
11	0.24731037229557118
11	0.1225224522269485
11	0.19719747962779854
11	0.13466141018107747
11	0.09570177671122444
11	0.17432154381648993
11	0.14196701789583793
11	0.22110532259853882
11	0.09002274619645277
11	0.08582096019142703
11	0.17213175404446418
11	0.11158385446521586
11	0.13747083334905447
11	0.21503590767324288
11	0.23970800271051823
11	0.1318968820959124
11	0.09294295882850245
11	0.242325469972127
11	0.12916220545893756
11	0.07954919694886847
11	0.1692102605104591
11	0.1248623698557496
11	0.1468949259004177
11	0.11549433695174273
11	0.14158649078012275
11	0.19228608545335074
11	0.16902332448510868
11	0.20808801841896118
11	0.13762329346288843
11	0.17852078632779889
11	0.14679290007437643
11	0.27936711645610446
11	0.14157658753096292
11	0.12841509246797259
11	0.1686908549579726
11	0.11033758277589606
11	0.11901524472102461
11	0.10040339278666725
11	0.09646129956974617
11	0.12363281185147847
11	0.17482807481988177
11	0.07673006298484025
11	0.20131991790587916
11	0.16889433116389937
11	0.17858570551132769
11	0.13080720763232645
11	0.09374376001882527
11	0.2392556403261381
11	0.09231828728653363
11	0.13394026569542083
11	0.19115813503747653
11	0.10340736168926709
11	0.13075694155194154
11	0.09788312022886062
11	0.20621700185226582
11	0.2597113446364802
11	0.14278652911893558
11	0.1510464243434895
11	0
11	0.13527774291535377
11	0.13014574372276552
11	0.19049126284638254
11	0.13856847582893206
11	0.20195585292785745
11	0.10146697782493665
11	0.13118627762551152
11	0.08262065864870483
11	0.19431244067205888
11	0.12977631735028666
11	0.15769430068961965
11	0.15536774895259453
11	0.09616553680753716
11	0.23713422699521683
11	0.11260560170008212
11	0.15176272083338724
11	0.15864510191613787
11	0.25400364997266045
11	0.13925636009865866
11	0.2248478511296276
11	0.09902521502574538
11	0.16235693376570362
11	0.12809336561570556
11	0.30642775138915923
11	0.10539963812602016
11	0.13231523551628963
11	0.21716307854898395
11	0.09045861616911474
11	0.2856211273488704
11	0.2078023969282278
11	0.09720003395582646
11	0.11818920458333099
11	0.143155154026092
11	0.1672129911254149
11	0.06440270118443091
11	0.1726809970587116
11	0.1840148206848262
11	0.29186345410004444
11	0.17347772753980076
11	0.14040743478018405
11	0.15274940120187894
11	0.19657601503714456
11	0.1444217978274536
11	0.209933220526318
11	0.10999032312341873
11	0.18600218231004176
11	0.20311504248863727
11	0.3279884743700309
11	0.15077921659735305
11	0.1323340473038809
11	0.1435905996093247
11	0.10643504773906501
11	0.15947670803087907
11	0.16882067260409628
11	0.20285171699826063
11	0.14044245466632313
11	0.23537336925548638
11	0.11726074973720085
11	0.1534401602344006
11	0.23788253614450802
11	0
11	0.20275139517562304
11	0.16329751797642633
11	0.062460308294262794
11	0.16781257184642207
11	0.1412417799943139
11	0.11233069664289401
11	0.12000196877640076
11	0.11859557429814996
11	0.17907660004532766
11	0.14910096784035792
11	0.1661331140293488
11	0.16545026562552972
11	0
11	0.14258421786793266
11	0.13149999317412134
11	0.0850348071603103
11	0.15041356168627612
11	0.10490502486361586
11	0.17142897849447172
11	0.1700601270932886
11	0.1697410005502067
11	0.22239399748754832
11	0.21555304828043648
11	0.11378787562964363
11	0.08430144995706125
11	0.06736565275237691
11	0.11212013374586233
11	0.08119189990285552
11	0.13283813219998133
11	0.22937717343159159
11	0.1605208264191067
11	0.0882045283843577
11	0.20023234714384494
11	0.22973148448625277
11	0.23549852781509029
11	0.11682664877192221
11	0.14123729104787033
11	0.08712030118137269
11	0.30158970275834385
11	0.17529089353282404
11	0.3376648519993004
11	0.1579825565353847
11	0.1746461140736476
11	0.23841114234729838
11	0.20413459712289792
11	0.16992702901787138
11	0.19392475716582191
11	0.20409194726861446
11	0.18487831929706555
11	0.18135899065902747
11	0.22906166325507396
11	0.14373154559114062
11	0
11	0.1405119016936224
11	0
11	0.1943235563331112
11	0.0737118570541338
11	0.18953675097609868
11	0.12937933179956987
11	0.1225364785797519
11	0.10581952696116927
11	0.1440078082838709
11	0.0671956529748732
11	0.2044921358314942
11	0.19635206832179225
11	0.1560511771703096
11	0.0867212101436252
11	0.11698667736473531
11	0.21527630221294858
11	0.27181518863892923
11	0.2350623089358593
11	0.18168439814351897
11	0.1346301385020589
11	0.25039637575242923
11	0.23837645356462217
11	0.13101900625247018
11	0.19766151963357992
11	0.14934242046492374
11	0.1928967240030707
11	0.15754078460167087
11	0.2095274568685431
11	0.15357550066486458
11	0.09167031862308253
11	0.23283797722602276
11	0
11	0.11320642258834397
11	0.1780900211480661
11	0.25196029127540226
11	0.1556562802224746
11	0.20394578927778367
11	0.13786289015023825
11	0.16804164598605942
11	0.2542274039264033
11	0.17661054894269707
11	0.16505921529536396
11	0.14269255812547502
11	0.16881343187639253
11	0.16241978690097583
11	0.14506190127026297
11	0.1357412769055905
11	0.15264737114115678
11	0.15383074146464495
11	0.13501185983233738
11	0.11717098979383198
11	0.0878170411014633
11	0.23441725155715518
11	0
11	0.17918930046516096
11	0.21090466655365822
11	0.10643520965631578
11	0.09726042161552359
11	0.23246443350666235
11	0.17732799927878296
11	0.18544566273951107
11	0.119508964239448
11	0.21844040203617127
11	0.13491907306294695
11	0.1913886250407723
11	0.14047469733292675
11	0.15597279994184152
11	0.19984109428377517
11	0.16334367762638985
11	0.21930555521143666
11	0.11797982471324626
11	0.13911725730025337
11	0.05484896923241952
11	0.14246177222499773
11	0.08064993014473001
11	0.2191803851996384
11	0.2148019246172219
11	0.21873248372490564
11	0.1271463181521915
11	0.09245419349991883
11	0.16207426016954302
11	0.16013347269266906
11	0.19586269386069843
11	0.19953360204946743
11	0
11	0.16699145782322264
11	0.16546667886250063
11	0.21268966705065148
11	0.2679804434480882
11	0.21976241584575903
11	0.2903719198898594
11	0.1378256326150133
11	0.09862004801472836
11	0.09608375695200616
11	0.19546422641231112
11	0.1959111490726877
11	0.2212896278655779
11	0.09288838415410382
11	0.16888827102661863
11	0.1645443832230736
11	0.19434398853434068
11	0.2511399124295628
11	0.20581109017765825
11	0.12894616339137221
11	0.14288250996826
11	0.09438645605768929
11	0.2490728074758316
11	0.15020182171093882
11	0.11260302189024515
11	0.19708725578645156
11	0.12135815522611264
11	0.09019675953588276
11	0.18050443807032088
11	0.2939788703502987
11	0.1456600894223163
11	0.1059329043856058
11	0.1319119778815994
11	0.16050409143426084
11	0.1766897595257238
11	0.32552312122086025
11	0.13731438763906792
11	0.08188728582311974
11	0
11	0.11290600895898313
11	0.12887669506052207
11	0.15016733903379334
11	0.11927955470621422
11	0.1423737013860509
11	0.1390551786497077
11	0.3297988322960123
11	0.11374808905569339
11	0.17082230338187654
11	0.17080674387201145
11	0.10703248078157689
11	0.19502787309166297
11	0.10322645762190756
11	0.12496148088565263
11	0.20054890340324308
11	0.22266650811965033
11	0
11	0.30673480562300154
11	0.15838185689929607
11	0.07576831349963109
11	0.16536401917304405
11	0.148297378239
11	0.2544602555904471
11	0.13699057793588082
11	0.3038261828389454
11	0.1650981986685532
11	0.12013898021949379
11	0.16082732608998382
11	0.2832405790906514
11	0.13835839422354718
11	0.162269727549529
11	0.1973190361198931
11	0.19623240936368433
11	0.1569509527250791
11	0.12819093943047302
11	0.11332261226042877
11	0.23446386796404814
11	0.2747510182665018
11	0
11	0.14518881296971703
11	0.21169412003747937
11	0.2638121105466322
11	0.23603710348502066
11	0.18484806831372608
11	0.14013745253614526
11	0.11368428780996823
11	0.120581299110309
11	0.21244085631613066
11	0.14556346746612467
11	0.238242316611171
11	0
11	0.20687412209501194
11	0.15939618805596403
11	0.14609184343961876
11	0.11229595330441432
11	0.16396758813434137
11	0.3462688854041728
11	0.2065260302824097
11	0.1697271185093727
11	0.21840595904873178
11	0.18653159225175353
11	0.11381548697383631
11	0.12268314170448472
11	0.22489841732350135
11	0.23372860977649354
11	0.1863259105014202
11	0.2199896239223984
11	0.1055006353084058
11	0.2441688857551285
11	0.163185240279988
11	0.16024898564938975
11	0.07996589344556503
11	0.15523694204040078
11	0.15160588818055012
11	0.15922685208799478
11	0.11537155857811475
11	0.20564108795107647
11	0.17785813352983534
11	0.1111517218849736
11	0.18082238262680228
11	0.26517919584549277
11	0.13776051917941975
11	0.18893010612015274
11	0.13146561904708742
11	0.19986961048180224
11	0.168910569623523
11	0.18854835190914862
11	0.11913111801864752
11	0.24336929381352546
11	0.07956366385159014
11	0.271264883718224
11	0.09734267683798757
11	0.11134780189840413
11	0.18001402579419468
11	0
11	0.11948959608839656
11	0.12106960184420089
11	0.13679594662840838
11	0.13706758252366666
11	0
11	0.24978484144028928
11	0.11492234935771159
11	0.06498917024713356
11	0.2142610899215487
11	0.2988496829338168
11	0.15970950081401017
11	0.2206168501309589
11	0.3230652727038081
11	0.10426914294797918
11	0.10793774032460325
11	0.26318510519115257
11	0.2097194038277273
11	0.12759655090153693
11	0.08991571608695159
11	0.26042275011325
11	0.1121287281849707
11	0.19540582850982746
11	0.1775111518168416
11	0.14679676053115467
11	0.17261965916385966
11	0.13268247077707324
11	0.18155669551899914
11	0.20129107610652455
11	0.12514588697586018
11	0.08807027262315933
11	0.2232229374276718
11	0.18602516581076914
11	0.1723642720601381
11	0.30697459501836133
11	0.22584312663257655
11	0.14713424835873593
11	0.09556953873078036
11	0.24969004155642768
11	0.08235754658025618
11	0.12343383851584545
11	0.11782135563177877
11	0.2023692140911901
11	0.16738200225781394
11	0.195720032719099
11	0.18961798488478032
11	0.12649955013504247
11	0.12080191508762869
11	0.09134252084585773
11	0.13780415483606517
11	0
11	0.21206523303121488
11	0.1597274051328384
11	0.10059188077683029
11	0.09969243417165531
11	0.20127697878307582
11	0.10706548412248582
11	0.19503845680434367
11	0.17629620937235924
11	0
11	0.1474704025320027
11	0.1295393647006593
11	0.2657782327621156
11	0.12886381676540115
11	0.11115961737563289
11	0.11434713101901321
11	0.25393583008903264
11	0.13420233035572823
11	0.3254116160653796
11	0
11	0.15893482909321507
11	0.16390888735672482
11	0.19247511146335042
11	0.11998117419608477
11	0.09691011179821282
11	0.23202162545977553
11	0
11	0
11	0.2308024770223989
11	0.2159712728895163
11	0.1474067171707182
11	0.08785246396680368
11	0.14515985585407648
11	0.10508568367511072
11	0.12355238232757258
11	0.11974012581084298
11	0.05848885572828161
11	0.1675065798020311
11	0.12919750703793442
11	0.12243008233001447
11	0.0672555495177597
11	0.16579070646099375
11	0.09707440226922535
11	0.15355113699618309
11	0.1808279644419803
11	0.20245159639831184
11	0.0712320314254568
11	0.11406420165332959
11	0.14112759470772496
11	0.23287348150703366
11	0.13794399683986483
11	0.16580632675396212
11	0.10740252808349984
11	0.15225299665577813
11	0.25043210528686205
11	0.18061006832507986
11	0.17804083856903555
11	0
11	0.11915718494176282
11	0.14243334727118348
11	0.12716342965541919
11	0.19588852358333952
11	0.1281756209609393
11	0.10343438410434953
11	0.11261348227052177
11	0.11981782898830974
11	0.11990232035437297
11	0.16087608215915045
11	0.1055286033232671
11	0.08572944860373657
11	0.11585651546543564
11	0.152478762070126
11	0.3013907271021345
11	0
11	0.14410154483171173
11	0.12459448750312119
11	0.18172438741098926
11	0.21729995642938343
11	0.06823538169013761
11	0.2044017198576797
11	0.18167779200573506
11	0.14218371990798417
11	0.12054094259404154
11	0.15096939948783647
11	0.18542602402585148
11	0.18271387126497884
11	0.11214532547506843
11	0.2610196062070903
11	0.19360680899886054
11	0.14358966107130147
11	0.1684736435965204
11	0.11997161373859654
11	0.18030714101924492
11	0.3038661564541571
11	0.13112738052330994
11	0.15629837716876518
11	0.15867923442439508
11	0.18398972338391034
11	0
11	0.16884290468939292
11	0.20446694620196354
11	0.22396194307137474
11	0.1609731041601499
11	0.09416293313992144
11	0.07298815806680732
11	0.1425519390305929
11	0.1127085754703373
11	0.16747372473568353
11	0.17341447634790785
11	0.1840483807948651
11	0.17359769159845778
11	0.22779455346301422
11	0.11014150990022666
11	0.18193049416620768
11	0.06093914229974794
11	0.14340197371666671
11	0.12777642498422795
11	0.10900555635497348
11	0.16437895912678127
11	0.2492398533938448
11	0.1523789101734172
11	0.15687917693144798
11	0.12616995735735745
11	0.11754598816048986
11	0.17271353240078988
11	0.17500018141191057
11	0.13713347298528572
11	0.2618517128486327
11	0
11	0.16816165847744952
11	0.13611173128081422
11	0.14025610796462765
11	0.15589333863453556
11	0.1484172797943753
11	0.13493333654693684
11	0.17183112913399576
11	0.16385280435643826
11	0.1409602157131975
11	0.1839379710503656
11	0.15156139976339736
11	0.17617107941741164
11	0.14477183454648
11	0.177080957527359
11	0.17797223788519945
11	0.13573876074881022
11	0.09287296575771053
11	0.11347495156734945
11	0.17944743739145116
11	0.2330916328186411
11	0.20667280162308507
11	0.06009182856112069
11	0.16175708976739156
11	0.10329260027733425
11	0.11202187726197564
11	0.1331330460942117
11	0.21183904715960372
11	0.0679381410469215
11	0.2961802838720561
11	0.2236870947244858
11	0
11	0.12166612748056138
11	0.12624834781131594
11	0.2730665585170709
11	0.08540434450710833
11	0.1590041288563808
11	0.11395968850488891
11	0.3246896045315224
11	0.2221406530059447
11	0.14690002420927406
11	0.12531086146351622
11	0.1649950841300745
11	0.08926424438342112
11	0.17240116252449217
11	0.10186365827344604
11	0.04928470977935371
11	0.10503976158557254
11	0.22015533833534834
11	0.2564301087436481
11	0.16263421397908853
11	0.13781238667192058
11	0.2312522984001312
11	0.19665988314727761
11	0.22727404279491725
11	0.1692204687849886
11	0.1289218137971474
11	0.1602279683648414
11	0.21430539554662248
11	0
11	0.07939674518306217
11	0.07081799737887827
11	0
11	0.20987440516755493
11	0.11972474900107263
11	0.1947491738916246
11	0.28523081050420496
11	0.1876134638601213
11	0.19560976983278053
11	0.08818258742582512
11	0.15272659718867956
11	0.12074942457378349
11	0.1299744481111885
11	0.19872917784250865
11	0.3133289052317695
11	0.18165322479407411
11	0.18552770231230128
11	0.173914472617665
11	0.2983892459568091
11	0.25915275770755514
11	0.17255674352902164
11	0.11820396319191057
11	0.3182357955707057
11	0.12084583132179
11	0.22825060981322062
11	0.1685275309011806
11	0.08393243835351569
11	0.18737361659065116
11	0.1632243717719276
11	0.19979169611759123
11	0.21247935479023705
11	0.16268138566958304
11	0.21107566960849247
11	0.23618694937223061
11	0.193130317837752
11	0.23951971731843744
11	0.14484747558545955
11	0.1779441038203872
11	0.1799052306504407
11	0.10760891945735315
11	0.24548213160913662
11	0.28301496035427703
11	0.08803848584063116
11	0.15689258632314582
11	0.13760646621360134
11	0.1096389211711274
11	0.18121052776688198
11	0.2832401771669628
11	0.08094445057134993
11	0.16462665864670736
11	0.24061005680223235
11	0.27670934402090486
11	0.17654685340894555
11	0.135117841348274
11	0.10455276562456159
11	0.131230822521929
11	0.13775488083429746
11	0.1447039363114587
11	0.1400767919581783
11	0.12144945329317015
11	0
11	0.25295600505293697
11	0.12001380911131983
11	0.1880207349786267
11	0.25964105152759204
11	0.13367997900426185
11	0.22653498535958586
11	0.13888718576983444
11	0.16361631319136621
11	0.25152672743036114
11	0.16220369892651065
11	0.19396777352969105
11	0.18778766362719157
11	0.18162205418283103
11	0.11643020089209043
11	0.2153216878774131
11	0.18047711400522418
11	0.16281093890000492
11	0.2187241463437558
11	0.18093998175705614
11	0.11468710857440895
11	0.21248113301144234
11	0.16571305085347549
11	0.12584142696160622
11	0.1744589098367875
11	0.12302852983381876
11	0.102038375142439
11	0.20289239541048815
11	0.16168038082925795
11	0.1668497930291121
11	0.302804670459038
11	0.10923092462427968
11	0.1432810922501359
11	0.16920461054986372
11	0.21203132843225303
11	0.16958543788839636
11	0.357275608334656
11	0
11	0.08909054493609156
11	0.14680364045746824
11	0
11	0.14064855189909994
11	0.11668570366616174
11	0.0862430578243941
11	0.34892512073726667
11	0.17401554961322055
11	0.2068382169265737
11	0.1951015794420863
11	0.15126337084564237
11	0.13358785750178218
11	0.13272269487147698
11	0.17647372442475578
11	0.1472869481870265
11	0.14645734006300995
11	0.19485884774733475
11	0.14243919372878058
11	0.18158601026848928
11	0.13175871981357326
11	0
11	0.25420322397224404
11	0.21471275854442315
11	0.2162488689064936
11	0.2404165219018489
11	0.17268029889773787
11	0.17734714871392881
11	0.1363158804180824
11	0.18945168948046776
11	0.20190712984990083
11	0.11734640029689986
11	0.08762029485756138
11	0.3572668615183819
11	0.14813001828949635
11	0.170333452418007
11	0
11	0.10076403345483287
11	0.16608926811729782
11	0.24560791247354272
11	0.19677741963468035
11	0.12978666849323853
11	0.21218757095161983
11	0.08813486871005827
11	0.1597699522014494
11	0.15565262833553453
11	0.14195224249227165
11	0.09408826302656434
11	0.12766382937736276
11	0.17867438474649913
11	0.1610489305538201
11	0.12494899627757852
11	0.2688038593687625
11	0.18372493425516703
11	0.17156168582284265
11	0.18747907145289847
11	0.12537423249920118
11	0.1298836246804358
11	0.07738561895841076
11	0.13756486355266792
11	0.08048133250013292
11	0.13632808385513392
11	0.16552721781540278
11	0.13906590731748392
11	0.16356422225108472
11	0.1478740502464476
11	0.2495108648857183
11	0.10395830233534802
11	0.19683050538916388
11	0.16182456326755693
11	0.0705823920580565
11	0.14296337662081346
11	0.16491670358418795
11	0.13655891199048803
11	0.21228603372336427
11	0.20732221429067155
11	0.11408435868926751
11	0.0984714454038182
11	0.13247084591285244
11	0.18599561303951953
11	0.12608154214424955
11	0.13451708033365142
11	0.15820547398172338
11	0.16051941770926687
11	0.13474831490702077
11	0.12326467705318665
11	0.24226605005003732
11	0.11890202782477607
11	0.1757352574884386
11	0.1505911846908766
11	0
11	0.24698275913275458
11	0.13890953620601518
11	0.15354620880071645
11	0.18622860036232516
11	0.1879640809253952
11	0.13633776258370156
11	0.1319459404613415
11	0.13441565093274288
11	0.15536984119209182
11	0.17247873766189
11	0.09571683998293423
11	0.20453384765117008
11	0.14093744162723687
11	0.26297820599399474
11	0.13329700364121688
11	0.27329603127478236
11	0.17892670943165864
11	0.111330390671155
11	0.07631015640651019
11	0.17930230422397347
11	0.15839955973804493
11	0.16795163098311675
11	0.3638507994754365
11	0.22092217905249006
11	0
11	0.18665153215578978
11	0.21009396024618193
11	0.1664264880116263
11	0.24228033473266508
11	0.07910710300152674
11	0.12874296565284662
11	0.09453145003397914
11	0.15614403140161331
11	0.10203664545326971
11	0.2717721732639607
11	0.15974172873813489
11	0.1736918554140806
11	0.1342398838788472
11	0.1275239166881877
11	0.12190636552246481
11	0.10558174600442637
11	0.17735511567137074
11	0.19793785702756422
11	0.21330761304178716
11	0.22833835931955992
11	0
11	0
11	0.09718792589628829
11	0.3009362916969399
11	0
11	0.17221801863052005
11	0.10163024520773609
11	0.24068376552331305
11	0.12112725237361338
11	0.17649965455984734
11	0.19221061748299176
11	0
11	0
11	0.20335454125378924
11	0.1369867093458291
11	0.1423451323792183
11	0.1953102138309939
11	0
11	0.22087814438859069
11	0.2914141299751574
11	0.07896615393204155
11	0.14866646488904553
11	0.3405515127506408
11	0.22657537640995043
11	0.1258652440162747
11	0.2686509052051051
11	0.16128701723614847
11	0.11477581791490889
11	0.12736079544685847
11	0.1259891632926591
11	0.287470598177475
11	0.19795866959600897
11	0.19039220177254684
11	0.14989715514196822
11	0.10492883250477496
11	0.25267008777783967
11	0.16990960269449598
11	0.21414587322634307
11	0.1764173021498639
11	0.08411583067270752
11	0.12208429384167664
11	0.10962380415399481
11	0.10979060792940838
11	0.09673155587396147
11	0.18193359311570378
11	0.23461601448698224
11	0.12810206781080094
11	0.10629594102749992
11	0.15433844905848987
11	0.07984559557998312
11	0
11	0.14499927492100034
11	0.1724399386960737
11	0.18021839509696752
11	0.1242721272449942
11	0.23703098195776726
11	0.13250669882900756
11	0.15456205133140383
11	0.26307037645362824
11	0.09218354987668295
11	0.13961236114320488
11	0.16425182291874307
11	0.24248285218135587
11	0.1612972181894166
11	0
11	0.18079877762800517
11	0.15620169259422098
11	0.20475473834372995
11	0.1322276592064774
11	0.1058236582681948
11	0.1351131052452496
11	0.10664379282854694
11	0.18832041498403393
11	0.17583841748735357
11	0.15124745501214495
11	0.15008916156375776
11	0.21934727842139162
11	0.10364447695988517
11	0.13462940923571481
11	0.10477105874599309
11	0.11733167130047469
11	0.06490204404427011
11	0.1768667887660361
11	0.10958486139098784
11	0.14313129443106345
11	0.1564005562348679
11	0.1944893716865153
11	0.22424890176547044
11	0.11951590938007274
11	0.23935236638844867
11	0.071392537242564
11	0.19808541589824485
11	0.1262567358843746
11	0.143209565288537
11	0.2444416853477994
11	0.1128908613637115
11	0.19141452817337598
11	0.14533252771775218
11	0.16698691596246046
11	0.14665974275270932
11	0.1958504546920923
11	0
11	0.23628929483892316
11	0.1754001556341319
11	0.14406096755518186
11	0.1548780968575141
11	0.10585788023174166
11	0.17706250468142523
11	0.17633973780034876
11	0.1697512064948878
11	0.129569994862199
11	0.10993148166130519
11	0.16555252872316972
11	0.12104213339105953
11	0.15008633663701915
11	0.14760876723389182
11	0.18595329296850105
11	0.24515564316402144
11	0.09470672403042966
11	0.12921740930423334
11	0.21009842942818246
11	0.11838102886962187
11	0.21843360030936823
11	0.17895851339954671
11	0
11	0.06689939980326567
11	0.23071645662381132
11	0.20503624717839347
11	0.21399352137722716
11	0.241373942119787
11	0.26473577828527894
11	0.09517796879030299
11	0.32772314542592185
11	0.15779296355166597
11	0.09284704913363535
11	0.1128476078953262
11	0.1052870460408408
11	0.18356292895790202
11	0.18725625062354037
11	0.19430408355321926
11	0.10757072870190328
11	0.15223389637524
11	0.08771785410231403
11	0.2043650479767939
11	0.13122770585637164
11	0.22223363004802102
11	0.15576536217341674
11	0.27363001616382493
11	0.21599852780390646
11	0.17654623431724129
11	0.27863568984961323
11	0.1427581901567516
11	0.07410711839119098
11	0.1610989394141962
11	0.14507151899239498
11	0.12050268750311827
11	0.14878018522475334
11	0.14229951349693035
11	0.2673354791101576
11	0.3086045053071954
11	0.2631123282271219
11	0.14357934814106343
11	0.14753708277184824
11	0.13250715528664514
11	0.21474097774798578
11	0.1631107275967858
11	0.15146974952807665
11	0.13363656075926222
11	0.2333049043158728
11	0.11396506438380212
11	0.29391732113725255
11	0.15242323225014068
11	0.17657601398324482
11	0.32441619320593457
11	0.13734774379407771
11	0.16198342487631942
11	0.1517704384092973
11	0.15262617304006992
11	0.17927159394968495
11	0.16785405503625783
11	0.1822005968944698
11	0.15427024880561865
11	0.1904719067600029
11	0.17163108697505422
11	0.22000939646075426
11	0.18172025347386506
11	0
11	0.17192195652861506
11	0.14974584428478574
11	0.1419468667520615
11	0.303131416290232
11	0.29731505598076013
11	0.04777068100542698
11	0.3102922008415129
11	0.3272913478865813
11	0.1374488396076812
11	0.24842166032974558
11	0.05718533830508446
11	0.1345697172973506
11	0.25268914366611667
11	0.2517249683699553
11	0.18737026231975076
11	0.127004462686406
11	0.08686458273487785
11	0.14861750032938337
11	0.16234206689003994
11	0.1557712351310253
11	0.1774701803575752
11	0.20742078413746376
11	0.15195712656947613
11	0.10470463902302189
11	0.17413831648030256
11	0.07348905073567552
11	0.13474002857421927
11	0.20856651265412388
11	0.15198802543185302
11	0.20154489882959128
11	0.19843573899592085
11	0.14645117603474592
11	0.13966231257468664
11	0.1193270965941099
11	0.12916732330535938
11	0.1770365030873083
11	0.18222976068948313
11	0.12982156588466173
11	0.15941003849968413
11	0.1846980672306023
11	0.12860034400746065
11	0.2242894364151771
11	0.2406982910584857
11	0.23579952377604046
11	0.12921117504741655
11	0.2585560537962974
11	0.15989914200678526
11	0.2529079320951613
11	0.15018019714062622
11	0.2531333097912981
11	0.10006528445392225
11	0.14324814749208664
11	0.16320585930881804
11	0.16513294505010742
11	0.13706822980842304
11	0.12614928997653158
11	0.18196856394144195
11	0.1795570344043565
11	0.21872507915330364
11	0.11717106484300512
11	0.25216540347744315
11	0.24179393321843745
11	0.1374419373726423
11	0.13612602614003874
11	0.10764082419311684
11	0.11668936547762147
11	0.1562100922681053
11	0.13547959366027187
11	0.1910837306921425
11	0.2003815963427462
11	0.32896664623197797
11	0.1360983955370543
11	0.33831328049519993
11	0.13629984948170634
11	0.06665047583266327
11	0.23462576902309326
11	0
11	0.08414508325469601
11	0.15454738362838558
11	0.28604723824537753
11	0.11142692189443111
11	0.19667284854138822
11	0.1675378727210973
11	0.20644736211589032
11	0.1633226625554512
11	0.18487544639690667
11	0.1769768582948995
11	0.08373299659417714
11	0.10195983017515842
11	0
11	0.16468364437155716
11	0.07219690546857721
11	0.1790385636956261
11	0.2843160883230189
11	0.22719769119948113
11	0.14443549014745727
11	0.1885010003306886
11	0.13837733577141056
11	0.296304587787602
11	0.1192000971726548
11	0.08520429179407132
11	0.10664646182584048
11	0.11801603987237091
11	0.19237523226841388
11	0.18748178643966812
11	0.20404975412245838
11	0.23872354287485315
11	0.11241731882810757
11	0.10094426558454274
11	0.19936604178960884
11	0.06628145285709051
11	0.22864509851972453
11	0.08165666932361255
11	0.11809577567131652
11	0.2409087633783259
11	0.3043886683355445
11	0.16936875450701738
11	0.12076286275399714
11	0.14366186486523624
11	0.09425895895764318
11	0.16629339640675062
11	0.19903549569302237
11	0.14028896567022525
11	0.17378221313123215
11	0.08910134152747556
11	0.07666427399129706
11	0.14681836915828753
11	0.21224273426774612
11	0.16719998185758259
11	0.08924949497694755
11	0.16466561971688012
11	0.12561449572138228
11	0.14969666051381117
11	0.24729162115028502
11	0.12683487241659758
11	0.17174374354751293
11	0.26005550891887796
11	0.1669222011108847
11	0.3233689610458792
11	0.16615554720927514
11	0.1978700270272272
11	0.18914585131850495
11	0.23974692696883335
11	0.174495307335563
11	0.2003854851979523
11	0.15187218719619247
11	0.113098030687592
11	0.21262804657664297
11	0.22866671186395274
11	0.1556240377906589
11	0
11	0.13610857169919888
11	0.20536384316644254
11	0.20706839216123238
11	0.23486445653293214
11	0.19623691130382673
11	0.1281291296420362
11	0.16097291181840187
11	0.13330723579047452
11	0.22763101709430109
11	0.2475767075178282
11	0.11156388613043425
11	0.10504344892333886
11	0.23848961584618314
11	0.22156922627405715
11	0.17546917594161515
11	0.0902550679311196
11	0.15370548494545444
11	0.11260526861679844
11	0.13170611064188845
11	0.16646860647554132
11	0.15339734693445128
11	0
11	0.11749804805515848
11	0.0906355930423022
11	0.20746545904501387
11	0.16025541880795482
11	0.17539655471546498
11	0.19965844529560456
11	0.12607349691978956
11	0.11905753025450731
11	0.09353856495980277
11	0.18194193886881715
11	0.18371318421967003
11	0.1975333915515707
11	0.29364766720407776
11	0.23026475459769896
11	0.1836825071702575
11	0.0861610445260904
11	0.12394628326717097
11	0.16582466581014085
11	0.28205423749218655
11	0.27601613990131446
11	0.21065571291621898
11	0.15770218942807498
11	0.21615749148312066
11	0.15756711577000343
11	0.17482558958306943
11	0.08199276826174523
11	0.10320601080855121
11	0
11	0.12182896913202963
11	0.15929179919876524
11	0.31792532921408145
11	0.12275968207720757
11	0.15535016367281987
11	0.14490727570442888
11	0.19986055138296607
11	0.22460592925666292
11	0.10567097363952296
11	0.1266204119877924
11	0.16827456568839746
11	0.17763482157465002
11	0.16454844968026078
11	0
11	0.13920083723302965
11	0.13811435252739
11	0.11664358602880551
11	0.2131460812012133
11	0.2543049740475874
11	0.15438199163881597
11	0.13933398646732148
11	0.09253490259155149
11	0.13347554165773273
11	0.19723294100082114
11	0.18812161941297423
11	0.13040764483098274
11	0.20796839706349415
11	0.10144415004689974
11	0.10238992893141675
11	0.19244870544504028
11	0.1551393213691373
11	0.17368231051982425
11	0.16875044241072684
11	0.16778986114734992
11	0.1876969395851591
11	0.13440691249970182
11	0.09865595716248941
11	0.11884532955177789
11	0.11383994211353617
11	0.306880928026614
11	0.08110129290193958
11	0.26372404627278034
11	0.17857208962409712
11	0.17385848959611266
11	0.16912554725185444
11	0.16504044127294576
11	0.18633033533857374
11	0.11720822630373336
11	0.2766840738048286
11	0.08868988075266337
11	0.15617844459139302
11	0.18576214353562795
11	0.15474267430054472
11	0.283741842825397
11	0
11	0.22139885895646166
11	0.1266765308889554
11	0.07269328402321514
11	0.1510301747852778
11	0.09071269553416005
11	0.12103104350370231
11	0.14592037689220985
11	0.13787507975612062
11	0.09605510672530833
11	0.15031566660679224
11	0.24194663556221993
11	0.11729244353865027
11	0.2135292261355146
11	0.16867985446479744
11	0.17095361090698072
11	0.10183537227209057
11	0.10624670932585492
11	0.1854950837381822
11	0.09972100457546842
11	0.10853200493744146
11	0.15253706787107854
11	0.08726942592538414
11	0.18870475819993973
11	0.19316731051599037
11	0.18664249150706266
11	0.16043958634431146
11	0.11284826274101484
11	0.13746741940398371
11	0.1255561928175208
11	0.19014077252537023
11	0.22324406892010842
11	0.19954263172093376
11	0.11105853490142541
11	0.16990942488534547
11	0.14273074665539123
11	0.1190971190825491
11	0.1520162054167244
11	0.14542368109428908
11	0.13697906447716415
11	0.12043523431997492
11	0.14980743196794044
11	0.08880901896662968
11	0.2640086390694686
11	0.13196593776922483
11	0.19791906855865082
11	0.18374630233225056
11	0.16308204234977303
11	0.1644863246470217
11	0.16337224486107313
11	0.25592209969173035
11	0.1541712987311211
11	0.2808272112193994
11	0.12179114386373092
11	0.12189827695033137
11	0.23132293896506625
11	0.22301455266144857
11	0.07509846623211985
11	0.2143795945690395
11	0.17178746491466995
11	0.26015489829250654
11	0.10305016580264578
11	0.12488333480816607
11	0.2814764118149863
11	0.10812067745948299
11	0.16471390335579308
11	0.1244942079385938
11	0.1393959895773338
11	0.07755200856084574
11	0.17392067583684895
11	0.10911810485774229
11	0.12597100372224576
11	0.13060717816944467
11	0.1087832472959937
11	0.3272409343203638
11	0.1298238411258111
11	0.16647544042509996
11	0.1657113609009732
11	0.17345380483139688
11	0.12031068404983
11	0.1745745885395522
11	0.21933570778674114
11	0.1351686362990405
11	0.1515981829431171
11	0.15141453013266695
11	0.11852808394628633
11	0.12790712218395708
11	0.16656932181419884
11	0.0901942125011583
11	0.1577892965876663
11	0.12336575581114778
11	0.2783976671217405
11	0.12320025672833484
11	0.2563467862319628
11	0.1354501773359748
11	0.14161940475876783
11	0.08878889294128363
11	0.2095072643318568
11	0.14947975774113
11	0.15783831973839224
11	0.22848591232506113
11	0.0790469158858503
11	0.07377291412458058
11	0.11304568018948075
11	0.1313756179566125
11	0.0877789818033016
11	0.1238911335320482
11	0.16916544610759515
11	0.19633417473596138
11	0.09453208336585166
11	0.14792903960518053
11	0.18425662141109306
11	0.12962645388648283
11	0.1811882586780623
11	0.2539971462297608
11	0.11552562724067422
11	0.12417113703550985
11	0.09831837505488221
11	0.1731643407517373
11	0.13403762783104814
11	0.09437666454999966
11	0.14188161427579585
11	0
11	0.14473340122080075
11	0.08777226675259436
11	0.17921515631836196
11	0.13128156148956163
11	0.23480299803479246
11	0.13817770198529816
11	0.10393161373681778
11	0.1500288872280292
11	0.19651096291221376
11	0.10909784621330369
11	0.29643054529415536
11	0.11909373299045124
11	0.08143801055008706
11	0.324913119879483
11	0.12331019412061688
11	0.20299787781208778
11	0.14624088408952396
11	0.15502938102018352
11	0.12156152517195262
11	0.22693399124999658
11	0.16875614003054557
11	0.23860489764356999
11	0.19950425939734712
11	0.22206510339365018
11	0.08696013471826129
11	0.17237865637985245
11	0.09487396374467597
11	0.14682541837108468
11	0.07858733704343508
11	0.1753835089337669
11	0.1258242852325211
11	0.2273518141864027
11	0.08412006686199403
11	0.1643768373453775
11	0.10880724465533244
11	0.16401881738333593
11	0.18424380885872008
11	0.11783739485537525
11	0.268990105487803
11	0.2361917517956423
11	0.17025806329526072
11	0.10672574915076057
11	0.20267856737956305
11	0.10372076623974145
11	0.17524479192431713
11	0.203245326932904
11	0
11	0.149920987584857
11	0.16314838965263884
11	0.13952994495082338
11	0.13979272216212757
11	0.11283425638255445
11	0.26086011396957803
11	0.09590578227107276
11	0.23060078939367804
11	0.1482665282337719
11	0.23814518332502527
11	0.12183395152572193
11	0.12647780287855717
11	0.20522003572410472
11	0.16266903591100315
11	0.2602489965014739
11	0.09913416120417365
11	0.09732688497443676
11	0.262727878981264
11	0.23072931753219464
11	0.14245065701604945
11	0.14859635690226772
11	0.18116860772098325
11	0.12209336358078741
11	0.23991215690082066
11	0.21218264926237385
11	0.14592447630959024
11	0.13434422262684245
11	0.08301711396309684
11	0.11490340201449631
11	0.19250445881700207
11	0.1801800181394864
11	0.07491095327419439
11	0.14326211171452174
11	0.08308725650258801
11	0.15412294412493008
11	0.13206889183930448
11	0.10352966809465997
11	0.18897601412694467
11	0.15548278909293808
11	0.14986807688562706
11	0.18929382858193436
11	0.0811493555760483
11	0.16607800204067394
11	0.10084037262900572
11	0.14971493053547197
11	0.11942122550206673
11	0.11435453779504254
11	0.16505554675216702
11	0.18684836274682842
11	0.15166992149603736
11	0.1594074703362825
11	0.18975754309993123
11	0.15352178857561405
11	0.11037694900134593
11	0.12591597616674727
11	0.10889112114077366
11	0.05889128808220252
11	0.1116807736434832
11	0.09513865368951517
11	0.10758871843285475
11	0.1294180449547556
11	0.10311411499964246
11	0.23835225588727468
11	0.3125005388673865
11	0.08164771901241082
11	0.13762332991750667
11	0
11	0.13643272722690195
11	0.1133608261759376
11	0.15457182111277087
11	0.18517622924367724
11	0.14942379484259197
11	0.18800349294700489
11	0.2117516545753083
11	0.14051384704206624
11	0.3052892451703545
11	0.0999891242888438
11	0.16724951804416774
11	0.21163086864951194
11	0.14961177617434177
11	0.1286683941007739
11	0.14691815917475093
11	0.12498600485145524
11	0.34538214851346405
11	0
11	0.1107856432697508
11	0.09935800122737226
11	0.265045303046165
11	0.1928875481277841
11	0.09494477155542196
11	0.0672728374450455
11	0.22679081754043054
11	0.2775762082604713
11	0
11	0.10649944944603716
11	0.26986893225817143
11	0.0764269886991432
11	0.12375319704652805
11	0.086181121997945
11	0.16609576272739338
11	0.11617962636324224
11	0.17191830476317263
11	0.2010194915747227
11	0.2717064417429936
11	0.21929253433715035
11	0.13996199351397495
11	0.20795663384079122
11	0.15415001053503988
11	0
11	0.18664569857497296
11	0.12837756536351802
11	0.14554868897650933
11	0
11	0.12106890415782932
11	0.14161963758507942
11	0.27531211425592095
11	0.14362347415154647
11	0.0955316172265012
11	0.2325824915063515
11	0.21138551355673768
11	0.19987617345327335
11	0.1919619866291797
11	0.17671717816924049
11	0.18289766783258618
11	0.13538304354522196
11	0.15829652592131574
11	0.19133135840227
11	0.16674649172316114
11	0.20359239954004477
11	0
11	0.3005186837603902
11	0.12017578280910544
11	0.10358185187748566
11	0.1772566429304851
11	0.12978266124198579
11	0.09882674505841844
11	0.15734446414454623
11	0.23956461079749583
11	0.10970087120567704
11	0.1317419027284311
11	0.1846297504784293
11	0.2165902996713023
11	0
11	0.2100328185416314
11	0.23384937894680694
11	0.2795019290714348
11	0.10529193264527928
11	0.16065342662359322
11	0.17909958199695492
11	0.31609291667283834
11	0.16861701031517087
11	0.17502719308985976
11	0.17407194653724128
11	0.1230289720785897
11	0.17362392244336067
11	0.17476960494541208
11	0.14828028173060173
11	0.09467087922872554
11	0.26011010419179154
11	0.18791682082074887
11	0.2654644354882579
11	0.20122170616181495
11	0.10458578097259298
11	0.08724708927226675
11	0.17730039424618216
11	0.16438884534353101
11	0.20255112306572345
11	0.11593087718356568
11	0.160135675327166
11	0.20397565446144916
11	0.09722989892460365
11	0.09471683327463748
11	0.16567386334774747
11	0.20151363819247367
11	0.1131601826833627
11	0.23919343194254308
11	0.18367827657017385
11	0.23202586143643117
11	0.15126706003263607
11	0.10546680122293456
11	0.15691449042082248
11	0.17358356234337108
11	0.18405036766528193
11	0.14767651257312056
11	0.10562627772675523
11	0.26633499546683437
11	0.12407119179073704
11	0.18081886017502113
11	0.15677239585973762
11	0.21089894079686095
11	0.1741327846860958
11	0.14213683168901098
11	0.1523216946301942
11	0.07760199976754056
11	0.23132511084257842
11	0.39095169462138013
11	0.1305616568345964
11	0.2304472425295092
11	0.15028082111948218
11	0.13357922826502458
11	0.18624560971454107
11	0.08770834694284597
11	0.07558022300277686
11	0.16123597938897025
11	0.1354804379395184
11	0.14111858769746444
11	0.14655099124513452
11	0
11	0.16267198492135845
11	0.14843133797776212
11	0.24207069335090203
11	0.12865101093130313
11	0.16534588830288843
11	0.15262083873907317
11	0.18321642440561994
11	0.10228231094499393
11	0.14895547305464577
11	0.14680459627342343
11	0.12660593178084023
11	0.1579585183431058
11	0.17975961709703173
11	0.14342900737782283
11	0.09126027960148532
11	0.24509391316924015
11	0.13529855781188083
11	0.16185271586160796
11	0.08564902111715002
11	0.15146227576581114
11	0.15857696355180229
11	0.24778409383164926
11	0.12509085696444228
11	0.18791235721012245
11	0.15454972952185567
11	0.14992493655035893
11	0.09326484161764292
11	0.1371516191020031
11	0.2950242124116037
11	0.15452562446554308
11	0.058896824780103545
11	0.09464317056736231
11	0.1452676331541787
11	0.2567672361665592
11	0.16569094986124816
11	0.2599992971761746
11	0.11717237376422764
11	0
11	0
11	0.19124868830859898
11	0.12478874893944089
11	0.2280019356759663
11	0.12096713609229844
11	0.15071045195947155
11	0.06274308393732995
11	0.09712847913077893
11	0.16755513151464804
11	0.1556330791134958
11	0.14214627613365116
11	0.09433427521996847
11	0.25066768629698855
11	0.21242621766933426
11	0.21538815373550269
11	0.13901440186753922
11	0.14635397851702345
11	0.17938953285712908
11	0.12298366824641926
11	0.1772037610848125
11	0.17200239706442091
11	0.11438388802339285
11	0.18357705693978096
11	0.2965091335639752
11	0.049735769591098884
11	0.14512634459591056
11	0.15874637855703652
11	0.21515572883393932
11	0.267719094987664
11	0.08962803229291927
11	0.13507181144240815
11	0.09861167390563033
11	0.22100640534699673
11	0.12107894125834436
11	0.13511816797603818
11	0
11	0.12526293237620392
11	0.14020085136451563
11	0.21026452262177248
11	0.23283475120866268
11	0.16918876879868874
11	0.14162249518775333
11	0.2144085032655683
11	0.11189241361693847
11	0.14011715508393727
11	0.15483966414939254
11	0.1711756281578758
11	0
11	0.10772704518116825
11	0.13849758074909502
11	0.19667730500833408
11	0.17129077656257258
11	0.1460057930201364
11	0.18407843085893888
11	0.1594662879681829
11	0.1742519556324124
11	0.17408464220912867
11	0.09571542493141555
11	0.22871187308442545
11	0.20941940690611294
11	0.11043787350046946
11	0.1762380936026505
11	0.21116978054859922
11	0.18589394125583214
11	0.14155476319151847
11	0.1646703979650817
11	0.11971555385594593
11	0.17323743375294717
11	0.14037510994444202
11	0.10828059182916486
11	0.20226315893402633
11	0.13052951520757589
11	0.1063586422169325
11	0.09583368754673752
11	0.12969141944823342
11	0.2093318993634475
11	0.09278965266006722
11	0.08705992465720858
11	0.22160937040034293
11	0.14268516266006237
11	0.1812793449646539
11	0
11	0.16487683713172047
11	0.13633421892376946
11	0.21837790448956798
11	0.20545531320334845
11	0.17994171133754247
11	0
11	0.19221124600497153
11	0.10036744058133813
11	0.17906100331803126
11	0.17330366406970898
11	0.1199302134722536
11	0.1360719887307376
11	0.11066092087519058
11	0.20704763832622378
11	0.23592893787795569
11	0.19393359620874734
11	0.16976681084626372
11	0
11	0.19302755608608987
11	0.16923549027483703
11	0.16156717021918296
11	0.1524068281729592
11	0.18659304500582288
11	0.12883177751505395
11	0.25808744673745976
11	0.17356808367977491
11	0.18338850527031147
11	0.15733241064283435
11	0.11276377978133546
11	0.24371160825131397
11	0.2157078733638226
11	0.11924352550001191
11	0.26120978078422735
11	0
11	0.16457778324573347
11	0.09812771766855519
11	0.1622361366573981
11	0.15548792701306097
11	0.22297677514896788
11	0.14478791642382616
11	0.2438182501095308
11	0.12011864816729238
11	0.168474824813097
11	0.16426332081443534
11	0.2234630996213581
11	0.12748298418415413
11	0.18375043714427086
11	0.19178238973298178
11	0.23969778654535936
11	0.1752487514222653
11	0.21422198165817358
11	0.14303394487102108
11	0.1641673611962344
11	0.08240797438507402
11	0.13578879528666804
11	0.1449943256371273
11	0
11	0.20188852524743814
11	0.1526550884747307
11	0.10831603241275238
11	0.1616065051661484
11	0.08284068979018325
11	0
11	0
11	0.2154464098773049
11	0.12091584940149713
11	0.14039209585215276
11	0.22967999655316673
11	0.1936456524037512
11	0.21547841426817568
11	0.1635616924254077
11	0.15965256828292534
11	0.1653004976200146
11	0.17098184110334222
11	0.22345432423263226
11	0.19999473687150585
11	0.08785631117284858
11	0
11	0.18526725311666026
11	0.1725413393205224
11	0.1935328970854348
11	0.10620837601082168
11	0.1753650745422225
11	0.12093597787312133
11	0
11	0.21688370361816434
11	0.22947303435064087
11	0.13511221197627185
11	0.1834967964000016
11	0.11807815493768262
11	0.21349653644662742
11	0.10400077967231608
11	0.12551406486696837
11	0.20011737848341338
11	0.1518592676560075
11	0.19788773995448264
11	0
11	0.16663445174598182
11	0.17996003096196386
11	0.25141321697806995
11	0.1441162075410425
11	0.15099554634061274
11	0.13372008922961984
11	0.18190058044087057
11	0.13566903606077116
11	0.1324607993014425
11	0.14553481971628465
11	0.11033167459824082
11	0.16690894861497826
11	0.24865232102070026
11	0.15193914692726926
11	0.1706519846953062
11	0.13740888126499393
11	0.12605197910854782
11	0.2013768749966988
11	0.09768359447618662
11	0.16757890066762776
11	0.19789852573937386
11	0.09789136015430278
11	0.14699908669063674
11	0.2559375021497204
11	0.1790582206724384
11	0
11	0.14708893666615558
11	0.19651787231839724
11	0.08525409929827087
11	0.19367860818365343
11	0.24095933669974937
11	0.16161750842555592
11	0.13029095696289514
11	0.2606066441481118
11	0.21197885126700977
11	0
11	0.1406087287170566
11	0.14450466668773235
11	0.08717763691255816
11	0.09399056215261276
11	0.1895243146557861
11	0.14431324028710454
11	0.16069369692338795
11	0.2673000594668974
11	0.2058712002676977
11	0.21695057504127396
11	0.18463357906025732
11	0.28946894647026167
11	0.12006265436918788
11	0.20109127420929415
11	0.14200221464035487
11	0.1329991373886304
11	0.15098124519743664
11	0.14692337587927454
11	0.2648783380160168
11	0.18790345792583418
11	0.26122392396496025
11	0.15739853542122767
11	0.2781238559455839
11	0.12815158094385723
11	0.21835321187028872
11	0.1637437760323522
11	0.21855981368941346
11	0.27349957410342524
11	0.22225735214728917
11	0.17065217243326783
11	0.21158950656075334
11	0
11	0.20674630475738093
11	0.23490179939598493
11	0.1754872285204595
11	0.13194452357231853
11	0.2757546142452769
11	0.1825371348152121
11	0.20446307712636433
11	0.11348796122991221
11	0.11831916539023526
11	0.14939105707274716
11	0
11	0.20197351857072277
11	0.1516418024677508
11	0.18824431618317927
11	0
11	0.12858068829071403
11	0.22785615529930542
11	0
11	0.10408688777281662
11	0.17668520606648813
11	0.25220881840288406
11	0.13841650943085035
11	0.15111662264432593
11	0.14292778612173956
11	0.2254760731138415
11	0.16368745389558814
11	0.17677454589066557
11	0
11	0.11994793707979387
11	0.06506901546810022
11	0.15882087608157966
11	0.2029503958125082
11	0.15480819560256145
11	0.13739053040072893
11	0.17065121870648023
11	0.17411471212235335
11	0.15122897047377917
11	0.16901186595065582
11	0.15084559153482655
11	0.29944374917869493
11	0.13690381920091813
11	0.16546787100887883
11	0.15144043830920134
11	0.14403814973739879
11	0.14153547729342708
11	0.11652349262357865
11	0.05536393417224095
11	0.17605063897153012
11	0.12576328770476766
11	0.1810017477919828
11	0.1476182244227929
11	0.12259619540746548
11	0.23201164849368294
11	0
11	0.22765458892749965
11	0.188880552782063
11	0.2034544694704447
11	0.22899361089218842
11	0.1460386818726412
11	0.1795533601185787
11	0.10809745693818718
11	0.15976032161459108
11	0.19411639972963826
11	0.2123704566772
11	0.2166974430169846
11	0.12027675594997239
11	0.24008360469686482
11	0.2679039129572466
11	0.10659760229338594
11	0.2493031230600487
11	0.11742303145117615
11	0.2692836781898939
11	0.2517389935750525
11	0.16670613202287968
11	0.09601961597091603
11	0.1876377069782628
11	0.15231738653028531
11	0.1120874376541157
11	0
11	0.29659309538372525
11	0.17250057778379646
11	0.16280998913267175
11	0.16993777094475515
11	0.1800096751214147
11	0.08434259812898544
11	0.18486744346627917
11	0.20856870487360638
11	0
11	0.0740957761697238
11	0.07111732071465104
11	0.2522327021466798
11	0.16715208505699486
11	0.17340146462228065
11	0.09446094919908588
11	0.115384677566081
11	0.21597978749999053
11	0.21498988292691307
11	0.10068814750291168
11	0.18059478704465806
11	0.17637890033951745
11	0.15332054108369206
11	0.17017667305290746
11	0.16741051754647496
11	0.14001410901488684
11	0.11671754008995225
11	0.18281682250625236
11	0.14649281410944956
11	0.16834242796646318
11	0
11	0.13485016095828334
11	0.20045716797739727
11	0.17200540784523133
11	0.09732882851316757
11	0.2170395925525182
11	0.13730386405092862
11	0.2640172896282555
11	0.06635167913272642
11	0.20749470679503712
11	0.16573222377203883
11	0.1901516484174182
11	0
11	0.2027370223303982
11	0.19689866651783808
11	0.2064444957240785
11	0.2118863013092136
11	0.08293021364266752
11	0.11096065025825134
11	0.21985291174669824
11	0.1359075561639832
11	0
11	0.09363212776958438
11	0.10098186781958635
11	0.18799668700620725
11	0.18889209475159324
11	0.25922514591604456
11	0
11	0.17314439762655587
11	0.15829043820987396
11	0.16786560008136028
11	0.20477909064856423
11	0.17064932742632397
11	0.09475436439629001
11	0.21301764515511015
11	0.19944963240538097
11	0.20524152335098456
11	0.26694378238334165
11	0.2514012207442767
11	0.16315585453790105
11	0.28799730022108067
11	0.2526716467320492
11	0.2594128852256617
11	0.09568201372447527
11	0.175134701402057
11	0.12326388298077028
11	0.13715021563517485
11	0.25354516169096597
11	0.1762971135871226
11	0.1695430662640556
11	0.15120456744870298
11	0.13233401157180752
11	0.15436833741826333
11	0.19641278066594345
11	0.21140635377644804
11	0.13842792533382023
11	0.11851786324275787
11	0.10694402092015537
11	0.2063903253949259
11	0.29285718863854243
11	0.19545049524176897
11	0.08760261048910001
11	0.2279276225916436
11	0
11	0.20450540720034133
11	0.07317495619899417
11	0.1747005290545888
11	0.16550548043143865
11	0
11	0.17995472479237615
11	0.15544249338961993
11	0
11	0.09197194687189272
11	0.21792901441521534
11	0.15980046634768486
11	0.12070659431401923
11	0.06429651723365644
11	0.22976133778882915
11	0.11828674933342086
11	0.33057444800374103
11	0.09187290894019189
11	0.09184365169530631
11	0.18216192070152062
11	0.0933263894175367
11	0.08174327955199479
11	0.3052709662512301
11	0.13686950276400708
11	0.11147944659734224
11	0.09292544052520388
11	0.2631583088362887
11	0.2073415567663932
11	0.25896138825775
11	0.18756453018292674
11	0.11976786000593688
11	0.2258831745654237
11	0.08355642261484628
11	0.07500555971841615
11	0.1676607668161006
11	0.12222522969614968
11	0.22900242829576317
11	0.14002970969073922
11	0.19983248989757285
11	0.15119220990700297
11	0.23781889981537527
11	0.18351277745348404
11	0.2285093706445237
11	0.07846827631675442
11	0.3183404862035659
11	0.1963439463831055
11	0.22809242577884067
11	0.1433790151490588
11	0.17368851773086955
11	0.11116660126266928
11	0.15397994316809988
11	0.18320956488582715
11	0.12514967929179002
11	0.14913408717945903
11	0.18859172296462096
11	0.190535419292104
11	0.16174424358505204
11	0.11150224422684998
11	0.2327242369591376
11	0.17232121220958158
11	0.14075967039281187
11	0.2424366981921379
11	0.13083576244849
11	0.08908042343242868
11	0.1565995032280373
11	0.11031730927805004
11	0.17852435037941336
11	0.15671454354532283
11	0.17043671812641364
11	0.3657868221138955
11	0.1925213176443317
11	0.06580451143946817
11	0.09421772666533727
11	0.15484792972284453
11	0.22135308874002668
11	0.2020703873160198
11	0
11	0.13442552383808035
11	0.1500996933420509
11	0.1163954705406687
11	0.2494454479102475
11	0.10540895788719618
11	0.21893283962325827
11	0.0771176792383268
11	0.19090146743582057
11	0.1353729899814058
11	0.13780517780339646
11	0.1713956892585397
11	0.10718675000951992
11	0.11532977683524176
11	0.17477436345706182
11	0.12296782678493183
11	0.22057560645309424
11	0.2436039883914311
11	0.2358079941459586
11	0.1585412731901476
11	0.17867149034162647
11	0.2787617895045496
11	0.13330677361800555
11	0.19108121358757432
11	0.18831062222102238
11	0.2144585571790243
11	0.11049296604828762
11	0.10178597823845008
11	0.2308397861387634
11	0.2192061854165651
11	0.0754288029714615
11	0.14267648062602478
11	0.13310500986280757
11	0.1657566635836861
11	0.060204877223071676
11	0.10197646895251367
11	0.14726025153010694
11	0.21217171464931864
11	0.08664940001932543
11	0.15025415051932678
11	0.15923069919313598
11	0.15572002732259252
11	0.18880801191407942
11	0.17120205052184823
11	0.13090505575832587
11	0.14001471517349495
11	0.12107975863078878
11	0.2242108802953028
11	0.3015315775921805
11	0.18531459288336477
11	0.17971966984435933
11	0.1058494267217117
11	0.15305958846117015
11	0.1896896382483244
11	0.11538611693591314
11	0.2566708900108133
11	0.1355448739480828
11	0.19605867849496775
11	0.1091221473142291
11	0.08828114259822892
11	0.18532186142579987
11	0.27493589665838225
11	0.1671766428989044
11	0.15342858881557306
11	0.16129573530988406
11	0.2181248657596216
11	0.15957913302989657
11	0.1303989784739054
11	0.10529192344001809
11	0.1265066540384245
11	0.2282606541794768
11	0.1447054685237228
11	0.21907395814762037
11	0.16364970570133935
11	0.2507237549584668
11	0.14866022863425452
11	0.17658811763827692
11	0.1912480692880732
11	0.12857001300428736
11	0.12485311339801995
11	0.13691070832716679
11	0.1619293527521427
11	0.15199485292348397
11	0.19457283460416627
11	0.20184931969424214
11	0.12053816480396991
11	0.21171989586667445
11	0.10723476529795874
11	0.14519521119811118
11	0.1706246131852232
11	0.12024869394980854
11	0.10671687234262524
11	0.12949095306044728
11	0.11452261707265897
11	0.2096692743173516
11	0.1217601743652995
11	0.08510897311608046
11	0.16591558280563423
11	0.14147758243678146
11	0.1212392617262039
11	0.1572365701457597
11	0.1682805062170333
11	0.16830853832483592
11	0.09802620981728288
11	0.1997304680890471
11	0.15782028410696203
11	0.2934182792723038
11	0.24978036205398305
11	0.19831097627089506
11	0.23283768141530437
11	0.21369367805534698
11	0.19010081964614037
11	0.17510479506777452
11	0.17574699609046437
11	0.1679572235886585
11	0.22979349469647867
11	0.17166804057720603
11	0
11	0.10555399671246726
11	0.10812522372542151
11	0.2516299360167938
11	0.1527681425713543
11	0.11486847699389077
11	0.2529399476684428
11	0.14906002621156336
11	0.2961749477361252
11	0.1508752809444456
11	0.2149845224891259
11	0.12518275555699393
11	0.13094846449919653
11	0.10797641330980641
11	0.15204776412482918
11	0.1654951048560577
11	0.22759621823017612
11	0.1829018373640859
11	0.1503800487530902
11	0.18753296944398234
11	0.10319994714512783
11	0.1668213090013482
11	0.18343491307801588
11	0.12252668141158521
11	0.26322547007915376
11	0
11	0.06976926604315314
11	0.28756141168987065
11	0.21032433706810513
11	0.17538744627368535
11	0.10521028150794777
11	0.19454512798953566
11	0.1875758679238848
11	0.2498266668848895
11	0
11	0.1963978582311576
11	0.1460161195912358
11	0.2268575782259744
11	0.2015665758197338
11	0.06609174149181068
11	0
11	0.16406844934867457
11	0.16192806511089108
11	0.1926906156100684
11	0.16258989620481548
11	0.11485756071884293
11	0.17777174578657942
11	0.16825820132845598
11	0.12219097416074157
11	0.162697867431826
11	0.22430930014071346
11	0.19329729690876915
11	0.23627256616654396
11	0.16446250100761187
11	0.16665185243944308
11	0.10379087754426676
11	0.1877932458559186
11	0.1383918219262908
11	0.12336935669075985
11	0.18572413460263032
11	0.09533039969837594
11	0.07838600461036402
11	0.13972608593971164
11	0.28199349931519163
11	0.2159520146680378
11	0.09018769666824417
11	0.14161600194591187
11	0.14288514525883939
11	0.13076584114657705
11	0.19682706005391074
11	0.16691769460381853
11	0.06859779298788875
11	0.29395003301580974
11	0.08435614229445837
11	0.08434026693797869
11	0
11	0.0901367623899123
11	0.20147498984067946
11	0.1464492722059069
11	0.15942348269423678
11	0.24121112183530347
11	0.17550822732033033
11	0.13917572323417776
11	0.21788184413620865
11	0.08395989735801813
11	0.1467518627744729
11	0.09384975203045581
11	0.17868551256422313
11	0.257153150948944
11	0.14230051176548517
11	0
11	0.10739642909228761
11	0.10430462575835708
11	0.23646249731957833
11	0.17422760556295422
11	0.138882483289884
11	0.19802739595160615
11	0.19161246509112237
11	0
11	0.20426330308629828
11	0.17848682641796396
11	0.109568254257195
11	0.2166717953398799
11	0.10316700716232043
11	0.2386773904598459
11	0.23886406795244894
11	0.18403835731422996
11	0.12323151986318802
11	0
11	0.09441966166020604
11	0.24196344436613998
11	0.16009027871436765
11	0.12380675266215206
11	0.16702383056179876
11	0.10114759409140446
11	0.17808733030601837
11	0.12223739289618758
11	0.18515138567462208
11	0.09367307208555492
11	0.1831592072253629
11	0.13555356019044318
11	0.2247075980228732
11	0.33583015930667953
11	0.18687536952365794
11	0.18059024695480871
11	0.281691860015775
11	0.141744726692276
11	0.08411290910185623
11	0.13370185223154502
11	0.1588141777992109
11	0.09053190295081016
11	0.30464816813212864
11	0
11	0.1030717388842007
11	0.12877373331202455
11	0.12222781818689694
11	0.166261237822749
11	0.23133152709840377
11	0.21470401243738987
11	0.24094264143685393
11	0.14411197204868462
11	0.2585033092849504
11	0.20139942990278287
11	0.2955133123728265
11	0.12114766428404591
11	0.0648753455487144
11	0.15728986843070192
11	0.18482326227907755
11	0.15234997036895115
11	0.12498845407553406
11	0.17713750988376428
11	0.1189093187606233
11	0.23395746212369747
11	0.10859757962307606
11	0.2218835330490715
11	0.08919546661898585
11	0.29821552161189285
11	0.20894269067918136
11	0.1650777253885214
11	0
11	0.15347236398232786
11	0.10225478584117105
11	0.06045678922023791
11	0.09180380415664433
11	0.12961093476818264
11	0.13679559248529152
11	0.17377046124374096
11	0.1544926971798034
11	0.22589697180700297
11	0.18523628944508186
11	0.1721448773933807
11	0.29376314755981286
11	0.16981498065158004
11	0.12798831090994817
11	0.1736391872962355
11	0.23742342695157007
11	0.13963320619592479
11	0.2194731696735223
11	0.1495848424701595
11	0.13715567082266536
11	0.1242848456492532
11	0.2284151297711838
11	0.15973059979342333
11	0.1664163270957638
11	0.21491199947793266
11	0.1359524264058964
11	0.16306625104551936
11	0.09056426719268713
11	0.07578546240780482
11	0.16393625350679222
11	0.13952746053953155
11	0.1075928857843573
11	0.21527539406755944
11	0.2004789102896857
11	0.10898372660913835
11	0.14747961438770915
11	0.08696042405461814
11	0.16140419116178836
11	0.23295551847969995
11	0.09825849102870521
11	0.1036091942758099
11	0.14303197319636787
11	0.13858128573220843
11	0.06517501770208228
11	0.10900568965371019
11	0.1952987315311158
11	0.12162582463864141
11	0.17169565223744318
11	0.1962281572209556
11	0.1613432399280982
11	0.16172274406627937
11	0.14804132852891624
11	0.1628927882245745
11	0.12333921930178562
11	0.10179437936042525
11	0.06496037696548743
11	0.21095096190216595
11	0.1986333007590153
11	0.25654599452565735
11	0
11	0.09708896858611643
11	0.2989338784599044
11	0.17660332482746
11	0.09461139140021149
11	0.32087173752066556
11	0.11500951642369987
11	0
11	0.12372780922097544
11	0.16151320520897852
11	0.18551716106227456
11	0.06998612503732113
11	0.1683252173349774
11	0.24437242605914497
11	0.12008716902374829
11	0.2363165313940413
11	0.14852832014549394
11	0.15570194987254318
11	0.13019070832988286
11	0.08917200411034643
11	0.09044953178604133
11	0.13763354288658872
11	0.19984028854457528
11	0.22282993262891637
11	0.13677125455695027
11	0.281659972773533
11	0.11172854453943165
11	0
11	0.09776951648813965
11	0.1112708293171326
11	0.1356535595741603
11	0.06160121583927762
11	0.12725737764648157
11	0.24352850796626707
11	0.19547532565439246
11	0.3392468316107665
11	0.12478173517580846
11	0.16868160383887307
11	0.16633151924052297
11	0.10869611833121692
11	0.10746166635665888
11	0.13662542740694075
11	0.1284434966423141
11	0.1965275634364763
11	0.12358193085051879
11	0.07856122960357585
11	0.17569861587286095
11	0.2802109899446776
11	0.09799940303891237
11	0.11239422751811136
11	0.12707035107431533
11	0.09497391506524162
11	0.1585292889713475
11	0.18065959954604005
11	0.17725529193495182
11	0.25391288337542806
11	0.19748017944426927
11	0.19905270047442655
11	0.1377289758356387
11	0.13559141023755963
11	0
11	0.2239424337085048
11	0.27805515451086205
11	0.2397701077093597
11	0.09566024891367403
11	0.10000299637964993
11	0.2033848105059623
11	0.2611469418293719
11	0.12603703784368026
11	0.09478936961652334
11	0.22171086671546364
11	0.17389514580659293
11	0.06744097565377255
11	0.11965620073638146
11	0.17382433052158913
11	0.14453824848858443
11	0.16947745551352117
11	0.19300944451319585
11	0.17686490916611128
11	0.19095091335396394
11	0.138457588579338
11	0.11833519406223526
11	0.16402565188399254
11	0.22124921038301135
11	0.18907567098186054
11	0
11	0.22926753077466885
11	0.14240555133756236
11	0.12410118050687242
11	0.20332025072390744
11	0.1467238592676379
11	0.07833081005225928
11	0.24192120135608366
11	0.19819155007264067
11	0.19312382633027003
11	0
11	0.19748137317796918
11	0.12188772761739985
11	0.1691242392836464
11	0.21344564051058765
11	0.17090782594297826
11	0.1934111846098596
11	0.18730752424449224
11	0.07474527338776421
11	0.24293281538846323
11	0.11583824925452649
11	0.1868702329554097
11	0.10922808619829726
11	0
11	0.14899118960880992
11	0.11791939059083607
11	0
11	0.1821907347837991
11	0.19143886770311225
11	0.13840134022204667
11	0.17788642224638948
11	0.0972252309642071
11	0.12562817676320903
11	0.13864189881555672
11	0.10645283979019755
11	0.12945249176299647
11	0.15950445552264816
11	0.23150404104205674
11	0.23698001684054176
11	0.14016257642875538
11	0.25580865911968476
11	0.11525408359537556
11	0.09459327570017007
11	0.18076826085592232
11	0.1302582159003258
11	0.14485579558329323
11	0.14304936037366986
11	0.12175910359633475
11	0.1834914044063842
11	0.18107105610406568
11	0.13674929127296337
11	0.19268272191638683
11	0.32102466105368255
11	0.15469906576073023
11	0.1490171611704823
11	0.12601660220963506
11	0.31713789396918934
11	0.09083166240082423
11	0.14669765948818023
11	0.30344691308116284
11	0.14090115125968863
11	0
11	0.20531490893705082
11	0.10305768485964674
11	0.10709660045567627
11	0.20713100273689752
11	0.20162362217065838
11	0.19687527130471413
11	0
11	0.1740152536889793
11	0
11	0.2004844233156424
11	0.18038351010338152
11	0.2090315388843207
11	0.27783919993657236
11	0.11706034552230966
11	0.21399725123914104
11	0.13478697707809398
11	0.21845884534456736
11	0.17081878983580742
11	0.1804348392735643
11	0.23632440152429096
11	0.15384217376646894
11	0.11046512645052771
11	0.09000163375699988
11	0.25956627995145704
11	0.12583574759064375
11	0.1284012866250464
11	0.1057492982532481
11	0.31827429509117533
11	0.1126936540865515
11	0.26608374589224604
11	0.11517889237811135
11	0.27469029184265825
11	0.08470020439866303
11	0.3106576730697439
11	0
11	0.1877467254152857
11	0.12267567951564358
11	0.05615829465408921
11	0.09214406797150791
11	0.09808656725074616
11	0.13088048610755967
11	0.14130424138380002
11	0.185615897436291
11	0.19219725849252253
11	0.19219294266976036
11	0.16481673518759513
11	0.11988563195458261
11	0.25932706747447587
11	0.1403719437059285
11	0.23739163426407092
11	0.09887099386937315
11	0.1516997193040443
11	0.17942108193677117
11	0.13072217967106187
11	0.14104558454054603
11	0.1787770566009669
11	0.16885511559319583
11	0.2663751159451936
11	0.2562311805470996
11	0
11	0.21882111249974104
11	0.17929308568114707
11	0.1402696600845954
11	0.25508005663017574
11	0.14694374291755025
11	0.09218208381558757
11	0.10213275309279168
11	0.1780122473029018
11	0.22229466008767665
11	0.1334935409353905
11	0.17914841535426868
11	0.12981656004302
11	0.2324820780510968
11	0.2209436450781549
11	0.18266116432916218
11	0.1806247825524958
11	0.14001092178769448
11	0.1469323560418669
11	0.07735323041442273
11	0.09423922203716052
11	0.18596456431219588
11	0.15287612493422767
11	0.24045868157990927
11	0.16987073615095238
11	0.1848790355683735
11	0.18829567294705588
11	0.20049760864338334
11	0.18184205102018605
11	0.16138150052459735
11	0.23904988752540074
11	0.16027851151936967
11	0.25091740002108914
11	0.10278800016752211
11	0
11	0.16527687483417097
11	0.18846219411215268
11	0.21074390157268097
11	0.1327735491105101
11	0.22680828040502318
11	0.1292673609123779
11	0.15393357518505218
11	0.08836309444735509
11	0.23690495705727554
11	0.23771665075391604
11	0.1116136168816048
11	0.14594463064779475
11	0.2363144907094921
11	0.14798033081647294
11	0.10609401330324292
11	0.2706802020354909
11	0
11	0.27212358440836765
11	0.2426538013779345
11	0.08791129618758639
11	0.14614613882547975
11	0.1944091984649308
11	0.20277948471776008
11	0.19916958733941567
11	0.2944025182320319
11	0.21119480191880222
11	0.14815633323787852
11	0
11	0.13439466618652576
11	0.11152854667910635
11	0.18363028748892107
11	0.1420111717441123
11	0.15127591059677245
11	0.12681224167238397
11	0.1552354274133101
11	0.25300954765178885
11	0.1413076841513656
11	0.16482040767554404
11	0.19679832171798928
11	0.14482377368268134
11	0.1613039827583263
11	0.06014415655857207
11	0.14319550045961724
11	0.09432653091499338
11	0.16383940353546503
11	0.1734334618977441
11	0.1504411219397198
11	0.2040434284513283
11	0.18755494361820882
11	0.11518749016824766
11	0.12641165835929388
11	0.1565971413181659
11	0.1696249544428516
11	0.15487117730812422
11	0.1503340025720521
11	0.18762120362064522
11	0.238360638116165
11	0.17292006465111848
11	0.18933459617885806
11	0.1456059648229259
11	0.15317456917677144
11	0.1619025096133564
11	0.1539621053715514
11	0.22906103337094064
11	0.18181625589410225
11	0.1903130156375833
11	0.10799733924465231
11	0.26883616313100184
11	0.17885675213377594
11	0.19123540805778305
11	0.1940344242209282
11	0.18707604770442052
11	0.19443519215806956
11	0.24621107116528354
11	0.2832058295415599
11	0.11971817191310237
11	0.10707425724354709
11	0.21836766785762896
11	0.26542216963394116
11	0.10014000640628729
11	0.09067309067775624
11	0.08560823067059485
11	0.1725270618045189
11	0.07796504264829097
11	0.2215570125101388
11	0.13368221363080832
11	0.1567896534135176
11	0.2290438915543792
11	0.11583130518073048
11	0.266747809321036
11	0.2244691958648402
11	0.18353119896303705
11	0.23674393200968386
11	0.10664272565882411
11	0.1739412257432333
11	0.17410923779423232
11	0.09280435562089268
11	0.19855582795683918
11	0.06934562708439723
11	0.09361103173910779
11	0
11	0.1519045454174206
11	0.24646238752030675
11	0.06248333540008286
11	0.09473756631909976
11	0.19818821398045092
11	0
11	0.1756895276222982
11	0.1227195335588875
11	0.1689729961261669
11	0.14582404828969805
11	0.09699346875335103
11	0.13517957543806267
11	0.1673152392089992
11	0.21757348645673663
11	0.1489870598576466
11	0.23091271532438723
11	0.2116708880592322
11	0.21343547426714563
11	0.08205656595432771
11	0.20933563530095567
11	0.14658583961668917
11	0.09453044289603159
11	0.1483944887174361
11	0.12233781588906942
11	0.13060263043046957
11	0.07712461226863464
11	0.19862495171550598
11	0.1546817976526135
11	0.21783555392900547
11	0.12466510604176395
11	0.2047348508985287
11	0.24193574364774617
11	0.13874921528169504
11	0.27712209328104265
11	0.155330566775643
11	0.12326862979043184
11	0.13756494738777014
11	0.18568233023017144
11	0.25262302738840253
11	0.17116609173643418
11	0.10548973208744765
11	0.225886515546909
11	0.14505014172800534
11	0.1444871903332665
11	0.1548643025043995
11	0.21979874938519497
11	0.12117328589132484
11	0.09097563778630587
11	0.13329675760935855
11	0.1811756357928421
11	0.1615271016891227
11	0.16005117025580007
11	0.17912767947871122
11	0.0880242419416213
11	0.15561738148780802
11	0.09227899986121618
11	0.0684409926911001
11	0.1151609239698785
11	0.10668738685237764
11	0.22260659978003097
11	0.1479493821105609
11	0.08089682024029612
11	0.1570993156524064
11	0.10361301382848462
11	0.19139063058103206
11	0.12156270151659902
11	0.214760721746279
11	0.12977899334894313
11	0.09008893158233804
11	0
11	0.19559067345290332
11	0.2112255257907001
11	0.09597286556113746
11	0.17283381753925176
11	0.14417795146807819
11	0.13053355618904725
11	0.05983057529467342
11	0.17793406326788605
11	0.12636647727534753
11	0.1464969964509036
11	0.1487303083458672
11	0.13351327838011903
11	0.14070745021162703
11	0.19377321470523923
11	0.2360953897247445
11	0.149829619238851
11	0.18298319080247055
11	0.17077579521400071
11	0.24613608595853909
11	0.29903569820917175
11	0.269303911493295
11	0.1392012592351172
11	0.1759846235861903
11	0.18175335490790986
11	0.19252839475110908
11	0.2409162114738012
11	0.22718213853406177
11	0.11908329049086636
11	0.16259123068300965
11	0.17751226949280532
11	0.1937049541259002
11	0.23607517199660016
11	0.10478810862686083
11	0.21728748824261018
11	0.2019148740918351
11	0.18088855700749476
11	0.08540523825515461
11	0.24805090293507728
11	0.18429628806229784
11	0.11684456770460407
11	0.07723325598102229
11	0.1533296235083798
11	0.11654328876053728
11	0.21160016229584688
11	0.10041116164031264
11	0.1589016830725003
11	0.2038794911133763
11	0.18749195772512176
11	0.10193540048870332
11	0.26182129246565294
11	0.20272951169254333
11	0.10067989286542946
11	0.2571523916587285
11	0.26979679678562296
11	0.09704376541180523
11	0.17081019943029477
11	0.13656035287290993
11	0.16668943485648888
11	0.18447693035603988
11	0.1164185038084008
11	0.08646752250307543
11	0
11	0.11271421579035142
11	0.15402246016270288
11	0.14864472915156754
11	0.11047200695986663
11	0.17279137332539532
11	0
11	0.1550756024155788
11	0.24886272596604364
11	0.3191862559057987
11	0.1952497877797863
11	0.28899790826102423
11	0.10191804840822982
11	0.15250722341439357
11	0
11	0.1807399225989911
11	0.220837932531124
11	0.22843243917409617
11	0.134727419610309
11	0.12831304973020596
11	0.17865594593260412
11	0.15842022089853774
11	0.2011225611732854
11	0.17332789552400868
11	0.1905928065644535
11	0.1348040108191796
11	0.12276589521621542
11	0.12783427217239113
11	0.35165761012799485
11	0.22551890071629105
11	0.10958169718913409
11	0.15415500880942198
11	0.1650892851507822
11	0.244940792856592
11	0.11469219675611556
11	0.14802821809313496
11	0.14369094722134557
11	0.11896007732236127
11	0.16215489600423572
11	0.13373385022837025
11	0.17305039247215648
11	0.28832521973238084
11	0.20680677807029665
11	0.17434132669092348
11	0.1417601523302235
11	0.28454531147104617
11	0.2649092438984556
11	0.15883036708745005
11	0
11	0.15885693608202767
11	0.228405003515739
11	0.1726146699309913
11	0.1440622733699706
11	0.23424927229586404
11	0.22523905431714666
11	0.08747343915749606
11	0.1711000483030183
11	0.11861261519883862
11	0.18224639411822163
11	0.09387460320156227
11	0.11163348470179488
11	0.1045091200873181
11	0.10238156615945246
11	0.18772724943850766
11	0.08022059781350908
11	0.12956631709051422
11	0.21947158967936695
11	0.2002859189295849
11	0.14916482567938863
11	0.13617841568543868
11	0.10329043263734118
11	0.18416956465700682
11	0.1271317562538994
11	0
11	0.1722997733629506
11	0.21054011142560625
11	0.18708763679184495
11	0.14517359244577308
11	0.29833322199336026
11	0.07966649228620747
11	0.1495842617787199
11	0.1883528376217219
11	0.2294177408995353
11	0.13821626978306242
11	0.11640593212765085
11	0.17941896176710928
11	0.2004735887874838
11	0.17990829663608204
11	0
11	0.14886791101917995
11	0.09707223727526666
11	0.0947758036114214
11	0.20903423127771767
11	0.16581191356449462
11	0.12571449263773218
11	0.12418693146873987
11	0.22915139502022075
11	0.15528541422184078
11	0.08582579599585385
11	0.11304958401469725
11	0
11	0.13266514446928873
11	0.18472751474965668
11	0.15686757495693657
11	0.13122292915468317
11	0.14303138288446815
11	0.12279502227284121
11	0.1900233695779687
11	0.2326203534252846
11	0.3036942636639266
11	0.23411703263806022
11	0.0972217971701834
11	0.16694493057243054
11	0.14081928194027252
11	0.11455810434629955
11	0.17583495557871098
11	0.14826863590203435
11	0.2170299241136721
11	0.17826402340649286
11	0.32014814788393786
11	0.1907068628555017
11	0.10291207641413588
11	0.12180430004618412
11	0.12164662603934955
11	0.19346491305856298
11	0.22643498699258463
11	0.0905725039820146
11	0.16525283740346938
11	0.23286445273976675
11	0.12607472463554836
11	0.12330037308912296
11	0.18870177802790764
11	0.14293378210043717
11	0.16106723049235194
11	0.08331299009201783
11	0.20435937386516076
11	0.1818196904854791
11	0.15645240086564696
11	0.19872574002326382
11	0.1804890721007959
11	0.1540490572431017
11	0
11	0
11	0.1575976047255683
11	0.18178457841555826
11	0.10907825372233894
11	0.15525760291895918
11	0.19629362716746823
11	0.19898047334974717
11	0
11	0.17665659166341596
11	0.14479655643813624
11	0.3160114574753755
11	0.13592377139731185
11	0.10429824285953172
11	0.17682417340692497
11	0.1830093173967529
11	0.13513660295342766
11	0.16388945982245207
11	0.11688141401639202
11	0
11	0.16672739737460968
11	0.20237516009664147
11	0.15404290229293058
11	0.15647088076812077
11	0.15318149586339702
11	0.10645025971886062
11	0.21159173567865588
11	0.23552574386146818
11	0.18553318668715024
11	0.15303310660505126
11	0.14955404526954333
11	0.18011551366674525
11	0.10033432937409353
11	0.15107346524201803
11	0.25195410245779853
11	0.11710201537979471
11	0.11433125655309923
11	0.07347089685956432
11	0.20069042674648363
11	0.17072292206422524
11	0.1641147232554152
11	0.19410911504151565
11	0.19438259996815954
11	0.13530569117209917
11	0.21099927968534604
11	0.16550120786550487
11	0.0959770199227956
11	0.19305017069677655
11	0.2278345627047486
11	0.2586986467445218
11	0.2160401062477321
11	0.08537484453827227
11	0.16835793362568835
11	0.1432293330701996
11	0.16984391392207746
11	0.18710844034029994
11	0.11962252432001544
11	0.2854567139797687
11	0.2869470977252396
11	0.1453994861971051
11	0.09004636847129739
11	0.27422284689593085
11	0.12601221915317765
11	0
11	0.17863678853196455
11	0.25743324653243627
11	0.19341321389554703
11	0.11553885144136554
11	0.20908074405421054
11	0.1594465084646275
11	0.18873262716519387
11	0.1509097110495084
11	0.1598079437502068
11	0.21759050230387544
11	0.1410303999857556
11	0.18166722943828592
11	0.1517046677989479
11	0.2724196520308219
11	0.14113538383200633
11	0.17214716290512797
11	0.1429473962692267
11	0.15978928585203045
11	0.15318180644732343
11	0.13983812353979086
11	0.1476009290661549
11	0.0910506510604427
11	0.161526077225684
11	0.206309707287967
11	0.158985172725974
11	0.2044200461069459
11	0.1592827687744745
11	0.11376391593996642
11	0.13563655674664504
11	0.23807709831644433
11	0.1936826765294208
11	0.15072033055419165
11	0.1670505204927023
11	0.08637580558343837
11	0.10795786935713235
11	0.19933084705430323
11	0.1282943843313596
11	0.31597330613223773
11	0.14096993437492988
11	0.12486055512173475
11	0.12544659026173882
11	0.20716321545030586
11	0.2259073498407194
11	0.12566614373818516
11	0.12732013504721268
11	0.1498843128244493
11	0.1430940950057551
11	0.11950802887004575
11	0.16884781958088632
11	0.2644364208948946
11	0.29080897710658715
11	0.15247220087255023
11	0.14934215499411582
11	0.1571496328098697
11	0.15431669716419144
11	0.22685326675019402
11	0.1141095905729762
11	0.17076915305802717
11	0.22244976225575872
11	0.1506993300829111
11	0.13099085832732996
11	0.14315440136271984
11	0.09171845166907808
11	0.1784181406901334
11	0.16382182561329697
11	0.19617981475530744
11	0.20279582113072125
11	0.1783606713818403
11	0.1715479580446468
11	0
11	0.09451798333865163
11	0.1420439871144336
11	0.28312921517078105
11	0.16560733497262478
11	0.12367563216690278
11	0.1072126770472531
11	0.25851385479927785
11	0.27184858789148325
11	0.2714680481769325
11	0.2441008753025223
11	0.17115959599091143
11	0.18729664158178969
11	0.09926296216352161
11	0.15545092511604033
11	0.13132925521577526
11	0.15989769327674097
11	0.07566486000101724
11	0.13553076873090658
11	0.19226797913720847
11	0.13624232705091777
11	0.27135477536761576
11	0.12677265173064686
11	0.217435863411912
11	0.3198563634317931
11	0.17640474292777472
11	0.11183708658303929
11	0.08693036983774076
11	0.2576766764180182
11	0.19336664981230112
11	0.20934225960385336
11	0.247852200841102
11	0.09486201246510878
11	0.12933779837627618
11	0.19345661224663782
11	0.20975088904192732
11	0.0951723811553143
11	0.0995162042181324
11	0
11	0.2855602751556832
11	0.12536691066429895
11	0.1983499879626807
11	0.16556840937842862
11	0.1929025214127683
11	0.2832828727835163
11	0.17554885281828686
11	0.23629632711397522
11	0.1766201248434455
11	0.22394806646356683
11	0.144879277669916
11	0.23224182083837994
11	0.1797045194608292
11	0.08862252357174331
11	0.09797257630178959
11	0.11546736414719812
11	0.19534779058775803
11	0.09630558155439085
11	0.15391159517349257
11	0.1276331412556907
11	0
11	0.18100385177462036
11	0.1140590877013422
11	0.08192418174812466
11	0.16328640612475046
11	0.09391227832908267
11	0.12628510479869462
11	0.1473538301930903
11	0.23746456177765712
11	0.10502045093704951
11	0.18463766082403404
11	0.14726731207956584
11	0.2070988986747776
11	0.1882996454774208
11	0.15793615081466886
11	0.18468910741279496
11	0.16150403025464238
11	0.14479856617946854
11	0.15562962260825944
11	0.22817360445391147
11	0.1806580193681045
11	0.16007920411111298
11	0.25858134998289445
11	0.19340270857175013
11	0.26369487043427425
11	0.19043707746783767
11	0.06330096756743962
11	0.09142028169458609
11	0.15495506915999657
11	0.22392868217234893
11	0.150511350765091
11	0.2218558183309619
11	0.08921806598393424
11	0.2385943203152197
11	0
11	0.17037905513761029
11	0.14056413443439858
11	0.19644274918068844
11	0
11	0.1579498705744568
11	0.1779086972497451
11	0.16745036643139546
11	0.11291993072110766
11	0.2331967319510041
11	0.2373942894350135
11	0.22522773396701695
11	0.1982725842692412
11	0.16397772194254362
11	0.3258883499477481
11	0.12643855914276247
11	0.14451085035389866
11	0.09943735657213887
11	0.09987408148663802
11	0.3089966594727431
11	0.1141651424466926
11	0.07760624468697101
11	0.23255649829379269
11	0.10743904145104104
11	0.11312175092302977
11	0.20842265752763578
11	0.14001711776872458
11	0.1528447765568338
11	0.08305196161951696
11	0.0975279586216886
11	0.11417901974627306
11	0
11	0.11797999406287915
11	0.16534020080329698
11	0.12111698374873325
11	0.1305755202161198
11	0.2038539319383453
11	0.1616903942801298
11	0.14717566728687398
11	0.2235747336661582
11	0.24316057918310477
11	0.13694699328172041
11	0.19120669097337076
11	0.162008353719574
11	0.1414819670597905
11	0.1356130295058746
11	0.20899406741474832
11	0.13018404282096327
11	0.14034452085006235
11	0.08165768011538597
11	0.1520749862425192
11	0.2015088985488534
11	0.10995970433079578
11	0.2887309165853254
11	0.12448560403159434
11	0.13907544928111504
11	0.2358868300701909
11	0.16738693952627057
11	0.12845101840943965
11	0.12322235550672227
11	0.10663437438849499
11	0.11600283876301742
11	0.07515705011120834
11	0.23106136127020863
11	0.17032919520654463
11	0.15848861806026843
11	0.12004669171250813
11	0.30075665551499875
11	0.11457172850782156
11	0.17397217861553677
11	0.21288586410285448
11	0.1809935677481942
11	0
11	0.22144353313091777
11	0.1388261201673686
11	0.11678391876390846
11	0.14186418289641886
11	0.07623589412538169
11	0.20386475436719534
11	0.14678098800594777
11	0.09218788031821255
11	0.16041309693508296
11	0.2807050166960932
11	0.16300817068223736
11	0.1755521999535856
11	0.17704170312624481
11	0.1703122681222017
11	0.14256086592155442
11	0.11915066545110205
11	0.1717877821369869
11	0.19379705589295115
11	0.18170133246023135
11	0.27269566911565074
11	0.1175093127386633
11	0.19973625693322186
11	0.13098868356011664
11	0.16453824546442897
11	0.09958450551231947
11	0.12421742851478339
11	0.15099503655321223
11	0.09399433049449125
11	0.18502088687123142
11	0.13422784525763912
11	0.2205880257368676
11	0.16132193577719256
11	0.1251031900355764
11	0.1881096330573923
11	0.259605192792064
11	0.09610055103811257
11	0.19334697989360244
11	0.0798291144816441
11	0.13576787368731857
11	0.16432080507722194
11	0.1592141675869113
11	0.17302884611079958
11	0.13180209062766918
11	0.27370000032803443
11	0.13010667182322186
11	0.20895509283817199
11	0.2256506371232232
11	0.20020576416108354
11	0.28687273508943983
11	0.20717365624957743
11	0
11	0.1186332768932612
11	0.12549074361789536
11	0.19875725746702938
11	0.1521174639258357
11	0.14086674597106533
11	0.19839909129803637
11	0.16863221813396906
11	0.12531862565183569
11	0.20022500621620923
11	0.23806150919133118
11	0.22066328921263922
11	0.17447007907186782
11	0.12071244960669458
11	0.19083543027650982
11	0.18348952274085395
11	0.1734041925519116
11	0.24338006510736665
11	0.11252280521729376
11	0.25671478124053165
11	0.15164120136268264
11	0.3068560468726668
11	0.21135718830558048
11	0.20738221823241848
11	0.11317587467169735
11	0.10017305331354391
11	0.13983530411789616
11	0.10269773117053137
11	0.11161064072327163
11	0.0732533557777282
11	0.1927384392376246
11	0.21438374230920934
11	0.11601536014617587
11	0.10200870797294834
11	0.08563119935087586
11	0.21573126487842575
11	0.10441652152883969
11	0.26529933803267947
11	0.10954310781897823
11	0.12188217319073602
11	0.1272182593362732
11	0.0870845214926543
11	0.2749000723536103
11	0.17132296012806703
11	0.15756556483165907
11	0.2080978314584839
11	0.16055155429201345
11	0.20120940677480853
11	0.0890074882550147
11	0.2609850417474915
11	0.18073549047450999
11	0.1188294190506558
11	0.11354178195080741
11	0.3366915709541643
11	0.17622493550500332
11	0.2064246313565019
11	0.10197850145262756
11	0.17110134069928368
11	0.16717057129254637
11	0.1634098183041601
11	0.12585819317952818
11	0.12787167752749828
11	0.12982347564282348
11	0.1470176086346793
11	0.17532180875172027
11	0.13596763439884466
11	0.15915496769335785
11	0.19567986088486664
11	0.13414943907290833
11	0.11319757326954036
11	0.17012451091571
11	0.18304249271369635
11	0.22682886566096702
11	0.16795575092048035
11	0.12737103154448529
11	0.15772451478884011
11	0.12598433721781704
11	0.1378935066681226
11	0.18443085548072585
11	0.2493086406193269
11	0.09974295345587647
11	0.13685343356798463
11	0.18473197996975435
11	0.17173249510079694
11	0.1269328290920516
11	0.2663157459612476
11	0.2414647427608313
11	0.2076365589007889
11	0.1960420627962949
11	0.22201488677262535
11	0.1935689046628169
11	0
11	0
11	0.2523265254880919
11	0.19460992724331608
11	0.12864454730946104
11	0.1319639829760084
11	0
11	0.12456231521234291
11	0.1623066548840828
11	0.06365540907667681
11	0.2593343854063271
11	0.12600488844669078
11	0.17377506480870056
11	0.09370327931335629
11	0.10839244146927605
11	0.15953456379987638
11	0.1576240371282775
11	0.16933711411065247
11	0.1751935905947549
11	0.10613279253147928
11	0.20318554480570553
11	0.25831404029857813
11	0.1678319022932367
11	0.10086114883923922
11	0.1857018584256181
11	0.21694993772593585
11	0.19222266383760075
11	0.17472611175354508
11	0
11	0.11790415539524036
11	0.1727185842420191
11	0.1870051603131194
11	0
11	0.12800365157033328
11	0.3020337523488236
11	0.17570267836507142
11	0.1286850587090021
11	0.14071584867248207
11	0.09729424254440897
11	0.16987964179938295
11	0.12180762063463284
11	0.16851226097548597
11	0.13352213447679548
11	0.09624508600861324
11	0
11	0.20233557492357504
11	0.10419974235217092
11	0.10842151199600056
11	0.12559748056974454
11	0.19612463948790207
11	0.2968747629822147
11	0.18013663481456543
11	0.21335405000144564
11	0.12353770107482982
11	0.16064244397468658
11	0.19536624412415193
11	0.14972196854189773
11	0.1973248959057088
11	0.22067528167383202
11	0.11997615302851311
11	0.20059451609777068
11	0.13084965245330013
11	0.10322384500216439
11	0.25090015372113206
11	0.1786403608178231
11	0.20673209820901453
11	0.19145002993605673
11	0.2055065521552989
11	0.12599948508747413
11	0.16435079871087113
11	0.24233461291486022
11	0.13516760899467284
11	0.09086341387592912
11	0.11258711019746075
11	0.07797557083933247
11	0.10413544446712752
11	0.13039619679326533
11	0
11	0.1345996882595744
11	0.1418004582578938
11	0.1746127272177265
11	0.18466424427862058
11	0.14615436490935144
11	0.10059405713033535
11	0.11402223182833102
11	0.11975033346619612
11	0.2404305495114699
11	0.1568811882046479
11	0.20022624471413106
11	0.20078621685784284
11	0.1338680712839457
11	0.08235982072588405
11	0.09389127867413737
11	0.20020069711875024
11	0.13312224380455984
11	0.10003715580583147
11	0.0908298120706946
11	0.11531322322740356
11	0.13783732106630026
11	0.13250681564948633
11	0.09848207409150536
11	0.16443178764867217
11	0.13878776474362625
11	0.18244465529065837
11	0.18335136196242902
11	0.17991394693508633
11	0.16417495581831107
11	0.20463410778075697
11	0.17525651141834556
11	0.09653421519889183
11	0.0712781598502012
11	0.10446980203196847
11	0.1337703641286472
11	0.15246191238557594
11	0.12913915157887124
11	0.13029582202485862
11	0.195787098883852
11	0.2644831364464173
11	0.1570198722445082
11	0.19720269681673203
11	0.17352235105945432
11	0.1506846496883531
11	0.09867492670471217
11	0.3209886424910097
11	0.15731142418002234
11	0
11	0.18816819756709044
11	0.19175381210993697
11	0.14563163558521847
11	0.12307476938189786
11	0.19809674030997163
11	0.14364902807050897
11	0.18680817546746176
11	0.12954059510926924
11	0.1378234568848851
11	0.08907709524377005
11	0.21400042364287067
11	0.09176537667521156
11	0.14683497555002645
11	0.17333561443677986
11	0.13700900913387018
11	0.16605684821748998
11	0.2278050069011531
11	0.19435909292864298
11	0.19268121241528638
11	0
11	0.15033751949235788
11	0.18106751214815195
11	0.123082682749043
11	0.1614426290765115
11	0.173705445887204
11	0.12314932216361328
11	0.08303871118688465
11	0.11140437291819176
11	0.11767303731149242
11	0
11	0.16518691668486352
11	0.1173418357327733
11	0.1425279593431137
11	0.0897860762578678
11	0.1485983627181151
11	0.1899990801271178
11	0.19662486735888604
11	0.2222910278674777
11	0.09679315696204412
11	0
11	0.15939899258282517
11	0.1190630083068775
11	0.17053500129695082
11	0.16654448904767988
11	0.1489054444556483
11	0.1476032575525124
11	0.13810556145171043
11	0.2407341530121961
11	0.18151807954009372
11	0.11057094097755266
11	0.21568921061577984
11	0.20455008048035936
11	0.14375797861812378
11	0.150309747638055
11	0.15416895853818444
11	0.1608145867187627
11	0.2403907212432824
11	0.1107488918079147
11	0.20237151978573267
11	0.21774983485874813
11	0.142755087101024
11	0.11151367489635015
11	0.2182437847834388
11	0.07203390617246082
11	0.23277844215120638
11	0.11435728118778983
11	0.1260408336743346
11	0.17740642971783563
11	0.1944750795665396
11	0.08524065865585838
11	0.13217619127388763
11	0.20209516758170057
11	0
11	0.13594363105720625
11	0.0907830744631368
11	0.1816794331801946
11	0.19314539490137597
11	0.1152695449172742
11	0.08285835784040442
11	0.13035716821291607
11	0.12617941750559747
11	0.19046396358071072
11	0.25633442923505145
11	0.12791597172154623
11	0.15058327465550742
11	0.2052665458224097
11	0.22332187878042797
11	0.1878472176343278
11	0.16335358699190083
11	0.13407933760132293
11	0.1455379745456217
11	0.2430392806231393
11	0.1908980080660269
11	0.09856813935444567
11	0.3790872371742245
11	0.16787640729048128
11	0.1336031479254897
11	0.26854501376844286
11	0.22398348973528207
11	0.15532103057935093
11	0.2087193737349102
11	0.07987863353020336
11	0.144886240120312
11	0.13489080965901112
11	0.11753497104592338
11	0.1707304393175209
11	0.2850992908455138
11	0.2108284427497702
11	0.15955515728873523
11	0.16882321073431464
11	0.11689990626700629
11	0.17087687103485863
11	0.23432993242688946
11	0.13092634169828346
11	0.09632654083990054
11	0.20945854893682284
11	0.19660402781731215
11	0.09169999424975031
11	0.23289251394246618
11	0.28552392012288846
11	0.180088740056714
11	0.1598171633029727
11	0.2157531454787874
11	0.27652311779396566
11	0.11770408063809441
11	0
11	0.18168493313765471
11	0.09555328889988537
11	0.10431047049374528
11	0.17104179868631114
11	0.09178093884617856
11	0.24163964300879548
11	0.09522776601018561
11	0.08995307652597588
11	0.09790992861626767
11	0.11506910053082237
11	0.1620700706856458
11	0.2018999176070244
11	0.218218941482189
11	0.2758107703225711
11	0.17192300191172435
11	0.15170074680518172
11	0.1698791176584389
11	0.16475722444062937
11	0.10997814634829148
11	0.09318822600297214
11	0.1508204955705719
11	0.2167549363032358
11	0.09885356976208691
11	0.233560978830322
11	0.10125898340689429
11	0.19352432489887028
11	0.1348200468532305
11	0.2572958521957654
11	0.12881631990938858
11	0.11814322172589738
11	0
11	0.10122835271343099
11	0.16224285804730756
11	0.1380879799039391
11	0.18371251350121345
11	0.13050634942124334
11	0.261714894019299
11	0.15630666612995905
11	0.17861244422348158
11	0.10653542310633535
11	0.19464227335007128
11	0.15087772251600212
11	0.11557914796627065
11	0.1050104837357556
11	0.1493099719755962
11	0.2624908049427583
11	0.25102420191222646
11	0.17929222176172024
11	0.18710172842521672
11	0.10519811312073392
11	0.08810019721231864
11	0.22247155469280874
11	0.1553131065745874
11	0.09157004720066175
11	0.1235329192373177
11	0.17988780852336259
11	0.10383001082771519
11	0.15564800956079128
11	0.25158198176103014
11	0.2320663500628812
11	0.16100164197550434
11	0.15256108639294247
11	0.19650264143660523
11	0.1315285669903805
11	0.07257584067396126
11	0.11005583830835669
11	0.23691022521159513
11	0.27809200853304716
11	0.14018615453632813
11	0.13473914754981708
11	0.33439926981183915
11	0.08675804808877981
11	0.15859561483989856
11	0
11	0.18897679127990466
11	0.0628610321569124
11	0.21230688025905362
11	0.25022871036117483
11	0.2121673252358268
11	0.0625868863258426
11	0.17216812743478616
11	0.1531312099243969
11	0.19143087467496395
11	0.16914913791123476
11	0.19411426600800538
11	0.19128144278811635
11	0.2155525038888456
11	0.17109893947296792
11	0.16244762744216246
11	0.19986798632131617
11	0.11650940714085643
11	0.17322540144876794
11	0.1592789127663069
11	0.1752998995086914
11	0.19447538392539915
11	0.16193563437963035
11	0.2550548441398079
11	0.2679508768363304
11	0.16317025066522725
11	0.17575175344310928
11	0.13037343579121163
11	0.12755338976746458
11	0.1982630065089724
11	0.06890129527856084
11	0.12657735345517188
11	0.13574812711292805
11	0.29152269487240323
11	0.08147836958959301
11	0.17876813239182507
11	0.0897203363060161
11	0.17606391921942052
11	0.10660061524982924
11	0.11942014547503707
11	0.1696792297031183
11	0.14972436295206867
11	0.15232680040413013
11	0.10781641956846874
11	0.27712571756031557
11	0.22749515757538674
11	0.19394471647083805
11	0.17303295736594174
11	0.11689788692835466
11	0.19196079189870405
11	0.19712811234595984
11	0.10826977067254025
11	0.0957790570375783
11	0.09351857939132627
11	0.2868865007535079
11	0.08003487835328471
11	0.12462657232697191
11	0.1303112046117789
11	0.21396153664459286
11	0.11453416844095855
11	0.17421883562739654
11	0.291488872023208
11	0.11247552927019495
11	0.17571387500803168
11	0.12605461613963143
11	0.23186772724374602
11	0.20047183600164137
11	0.076107498778692
11	0.1202238172050786
11	0.12296798849043987
11	0.2662466867678848
11	0.17375071049542729
11	0.18478915175557817
11	0.31553609745948025
11	0.07052036323850482
11	0.15053566868421017
11	0.09747767506731296
11	0.23168131485439086
11	0.13803791548794345
11	0.1668333793052669
11	0.11449966565096967
11	0.19162610126252747
11	0.1302954618976567
11	0.07429693947729119
11	0.15891401863877316
11	0.11319786293057259
11	0.07998965094444864
11	0.22366571293669701
11	0.18180789619479484
11	0.15736197024460194
11	0.23607078196633655
11	0.15535597436398357
11	0.15613057958693372
11	0.18106919025081195
11	0.1829505366726021
11	0.18551453055327957
11	0.1502569706419158
11	0.197129808914036
11	0.15163366376683543
11	0.1558132520077227
11	0.14338859655682978
11	0.16981682935128017
11	0.15524073486943404
11	0.12975142017265623
11	0
11	0.1286318263734233
11	0.2093491909221171
11	0.1832364483631449
11	0.11166662569292639
11	0.2051472279402958
11	0.14479366028343837
11	0.10063296677360911
11	0.13834885526456833
11	0.17793519172526237
11	0.15340899926561707
11	0.10638090357686929
11	0.2630289932133535
11	0.22257546058207037
11	0.16000405323225186
11	0.2293696852673379
11	0.14215628078980125
11	0
11	0.2770221783323618
11	0.14108707417962899
11	0.19186401523334506
11	0.14285492499470887
11	0.20409237817324494
11	0.08607870310072868
11	0.06840039623721887
11	0.11014054788632537
11	0.19871240365834447
11	0.09201456518375725
11	0.16811300151533617
11	0.19313303736333784
11	0.24745058826797292
11	0.1487542947507536
11	0.14771735340689213
11	0.12561030764691258
11	0.2598070149229839
11	0.22813737271622708
11	0.17256393759848823
11	0.12681446517035003
11	0.19981087448660756
11	0.13313660322309367
11	0.15690165485782678
11	0.2975882511933439
11	0.18127675969695958
11	0.14309231878063455
11	0.28746890909980405
11	0.1047900814820137
11	0.12121960769880297
11	0.2276470263449351
11	0.18534945503495748
11	0.17932053997968628
11	0.12105983014259314
11	0.1865567148376687
11	0.13498993546491117
11	0.13918756213989475
11	0.15350808375442343
11	0.1440850688451275
11	0.13120293407508715
11	0.09071530727435836
11	0.16141966564011784
11	0.11571708360072946
11	0.12931865196467104
11	0.11311412458194796
11	0.1071847780762367
11	0.1471987185422392
11	0.1288590497111848
11	0.17147135872525596
11	0.23779708903866933
11	0.14860877206684248
11	0.2118921418360772
11	0.16522419895832902
11	0.15196837090899332
11	0.1159754230451685
11	0.18447975700518382
11	0.22398329503304493
11	0.11092334524978947
11	0.22182678536223296
11	0.18279713074202109
11	0.16008704217235573
11	0.2572519029600248
11	0.11967681321121526
11	0.12760489566253158
11	0.21208885535745992
11	0.1684988833424521
11	0.10640799027106874
11	0.15129901640480106
11	0.15848906940932933
11	0.15098718970053412
11	0.22484185052062813
11	0.16502880436027206
11	0.15308152993936447
11	0.09717524157952855
11	0.11576886903039399
11	0
11	0.17823634091494062
11	0.21103722445358478
11	0.15593209690045226
11	0.10439332098924517
11	0.12071234595889899
11	0.1843656835976853
11	0.20348564344738537
11	0.22550111616040758
11	0.23155496406953122
11	0.2609462735475594
11	0.09860888680543498
11	0.14753587467328688
11	0.14826000361183916
11	0.2884046333136001
11	0.0891597050417794
11	0.18644266661100614
11	0.16046028251556005
11	0.1496076198919566
11	0.24626822849362456
11	0.1131318647081096
11	0.17740033985163883
11	0.19258179626046112
11	0.13840412401306734
11	0.15223462971316734
11	0.1542689840990126
11	0.23436468207077862
11	0.20248161607766926
11	0.2754934051639145
11	0.13104122732056067
11	0.16417754451227626
11	0.21136827040283523
11	0.2229358477046954
11	0
11	0.12416923092966585
11	0.15389999010510125
11	0.1592490843127946
11	0.18325894294620848
11	0.1343608672891271
11	0.10071134985328568
11	0.14139637846289368
11	0.0859544292099447
11	0.1539529840130446
11	0.1395177529956048
11	0.3087204268165707
11	0
11	0
11	0.08110283094131575
11	0.2958765447983267
11	0.11023799055806335
11	0.11979986793696282
11	0.1303195488681304
11	0.1846190738287751
11	0.19775674558175294
11	0.1533314637565153
11	0.1313592807899118
11	0.18387299743332056
11	0.1248852418440915
11	0.1810327592733961
11	0.10220819086198497
11	0.22142349869862712
11	0.15827505683373946
11	0.12975919310934805
11	0.1159168710063855
11	0.2681233761272011
11	0.2481709893576054
11	0.15410018834673983
11	0.13406638035910462
11	0.1891948751770444
11	0.16816317413828666
11	0.17779489306675333
11	0.17263865768019704
11	0.13491772554919512
11	0.3038877999920533
11	0.21343963233478405
11	0.1885823247164753
11	0.18455019634112002
11	0.10441017373107743
11	0.16817686766060858
11	0.21972411431447764
11	0.15969844117197593
11	0.25570468417247966
11	0.1328361225863268
11	0.19170250210117307
11	0.19847136015105502
11	0
11	0.15359253176825158
11	0.14332774420428535
11	0.2273889152338346
11	0.11164032249113358
11	0.1309118196375936
11	0.28349799300090867
11	0.11049140871276687
11	0.14314832285606427
11	0.18393650030759928
11	0.20805442406622318
11	0.14011649430597603
11	0.2424491293434354
11	0.14226129232715556
11	0.3232525444526091
11	0.18647366969475948
11	0.09544788589137605
11	0.23950824281789715
11	0.14806085562022012
11	0.15384062649578614
11	0.16153534422175891
11	0.14486560951232197
11	0.15044642745056705
11	0.07608961887062804
11	0.14608404199135394
11	0.18571875572381852
11	0.19294103735259882
11	0.21240242834129572
11	0.13049634436138394
11	0.11631808820511896
11	0.09790785150804175
11	0.17024269894147148
11	0.1492911371395053
11	0.1399976470816455
11	0.1824540885790352
11	0.19510127854179019
11	0.13833611041300037
11	0.16209644997059175
11	0.18388564571646457
11	0.08164561212883176
11	0.11422817848809894
11	0.11669340059350475
11	0.13730267081000078
11	0.13919261098184385
11	0.14590077342970795
11	0.08740059126094755
11	0.2375060448864396
11	0.086083547383842135
11	0.17443700239787943
11	0.1669431861747894
11	0.09769240637438015
11	0.11940463458542339
11	0.17087417943219613
11	0.12731307274538622
11	0.1934487270858279
11	0.13446261684746527
11	0.19469384542059115
11	0.19674333740156
11	0.18021123067488806
11	0.1271611547730001
11	0.16464406030169298
11	0.17635608403858286
11	0.1289988923663445
11	0
11	0.17954214224662618
11	0.14105896136310117
11	0.21738034689071262
11	0.15673714153367901
11	0.11798717949263857
11	0.195500390783646
11	0.1502729209892546
11	0.16918561116714126
11	0.18059857332538454
11	0.18150017097258167
11	0.21372027576346503
11	0.11504426619810529
11	0.11914706769241956
11	0.0958341000763669
11	0.10006669659254586
11	0.12378855768435532
11	0.1883035456991188
11	0.22264996352422686
11	0.14460179855808433
11	0.1366973730599238
11	0.2279276371424591
11	0.07005806713464462
11	0.08183541267692127
11	0.19723045530971797
11	0
11	0.22559321257607662
11	0.1653022381518105
11	0.18661001782490724
11	0.1787021753992302
11	0.13733807318027416
11	0.1112089593275633
11	0.1624602644313325
11	0.1267621008587628
11	0.15648624393140947
11	0.10121360804960658
11	0.19279072214831944
11	0.11616829967898586
11	0.19930607550524507
11	0.11941638660075854
11	0.1014491091142311
11	0.1447436035534599
11	0.14038959751414856
11	0.18125585295374294
11	0.12813456952420868
11	0.17453683592036684
11	0.1494776348676362
11	0.15752201413998534
11	0.09984174921494571
11	0.11999395730408118
11	0.17727315029343463
11	0.16803807114911806
11	0.09428274340974531
11	0.10330238585329625
11	0.18419954810210898
11	0
11	0.10848337607109299
11	0.16457668893061325
11	0.12805624068806437
11	0.14088682793906457
11	0.1294001903983838
11	0.18719097767564788
11	0.2618833433950341
11	0.15459371860068394
11	0.16369924406041553
11	0.06409684062968214
11	0.173603951538094
11	0.13248276015846122
11	0.15325335772068766
11	0.1879849319411592
11	0.10939465411229164
11	0.24661080735889854
11	0.1376428093521171
11	0.14398787864662752
11	0.22690839862888149
11	0.11010484555623537
11	0.1874383213332011
11	0.2623005885784166
11	0.16733259374283022
11	0.17080812761384517
11	0.25283526070616624
11	0.27613054682876514
11	0.0731768235891736
11	0.21514508086869955
11	0.1506238264971974
11	0.13831674137056285
11	0.14815976151754376
11	0.17084959465825458
11	0.1668515649242477
11	0.19177773258933603
11	0.20561045642555545
11	0.16544964652801725
11	0.27539779029522315
11	0.12640630640842995
11	0.1954024282276846
11	0.19615154856154246
11	0.19231065396541763
11	0.1947493541293983
11	0.3157290344659646
11	0.2228518777758233
11	0.22739837709573854
11	0.1430235800397222
11	0.2247142701701809
11	0.1955458965875957
11	0.2357058126536269
11	0.20003206826001585
11	0.16983162788718076
11	0.16761436481284292
11	0.09324102251995327
11	0.1214664577702875
11	0.15969325289286246
11	0.12245945637405384
11	0.22115357569983116
11	0.12908091659884116
11	0.18943651281077892
11	0.1829901042979226
11	0.2541220651936124
11	0.22083674317575586
11	0.15053590256199037
11	0.1902124969126634
11	0.10691672297638699
11	0.19027675761762516
11	0.13870775454407228
11	0.2408243555250733
11	0.18763601408244326
11	0.216802247579194
11	0
11	0.08063235317964099
11	0.23751624598846247
11	0.08109679677067078
11	0.20163489188861777
11	0.16046470217799136
11	0.16236614778750091
11	0.1096640625067032
11	0.2470984476346202
11	0.20033747076126268
11	0.20829273883505456
11	0.1401608349031154
11	0.15639817503803172
11	0.1842003460271777
11	0.16335002273233437
11	0.22536350011892858
11	0.12334427744528959
11	0.19581372864938318
11	0.20812308789012532
11	0.22028480853592433
11	0.2345845877805146
11	0.22534517020208697
11	0.25076838676029645
11	0.11818161191711203
11	0.14862793701394206
11	0.13816029820471035
11	0.235578047483721
11	0.1588641691905268
11	0.11829538313755579
11	0.22472343067927666
11	0.09943788135774817
11	0.11805139756319273
11	0.22686470338235099
11	0.13007037665359542
11	0.1986486353037212
11	0.18419446358305402
11	0.15361468184935068
11	0.13660177952796368
11	0.13950763766964983
11	0.24752095566027602
11	0.19011495981887194
11	0.19048253903732204
11	0.2151079098110093
11	0.12434295822223894
11	0.10738846666030014
11	0.22381126047102065
11	0
11	0.29188417632251884
11	0.10244755114369879
11	0.13078408092288576
11	0.1354388769991357
11	0.13763945749860082
11	0.19082859142897746
11	0.1423311090611607
11	0.16131282492575008
11	0.24786704032715437
11	0.11352100615543223
11	0.21569054776299892
11	0.2310209167936483
11	0.21389973391387787
11	0.25849201938251987
11	0.12629341987159728
11	0.18504334462474042
11	0.11644340801904185
11	0.14887596608353965
11	0.14039032860099035
11	0.25169392733340545
11	0.09482971335023797
11	0.24807702704534346
11	0.15249234931731898
11	0.1499109810632172
11	0.2843696260290412
11	0.10656651765535387
11	0.11460260808739776
11	0.13750239383729404
11	0.15964305187010552
11	0.11371102326897098
11	0.2173317933963773
11	0.09963967553527571
11	0.2471296586192883
11	0.10115343396529235
11	0.13565876160327797
11	0.24320529100769098
11	0
11	0.26649049253876733
11	0.13615586485003792
11	0.11449909494442292
11	0.21061432415677792
11	0.20546670235809594
11	0.12085995508796765
11	0.14605319040013806
11	0.1643825319576379
11	0.15695100165620984
11	0.08975055437022451
11	0.1789824828895508
11	0.13289340600163077
11	0.09805543083551847
11	0.08989260409699515
11	0.17391747334331845
11	0.20783826496751934
11	0.11361376884870776
11	0.16801563612790915
11	0.17168689943540508
11	0.11421993734667983
11	0.09306876961272437
11	0.1814531668141475
11	0.08946198095617294
11	0.2119326496594355
11	0.0872632863639751
11	0.11358011179206638
11	0.16837183252437052
11	0.14840234656488888
11	0.17871422853166738
11	0.06910067663810096
11	0.1269388690306637
11	0.07437753823038899
11	0.1753989387471877
11	0.19802479664371267
11	0.14463202993505153
11	0.2045078033506961
11	0.14084867465174641
11	0.1926306990018659
11	0.14672446482633703
11	0.20345513195909304
11	0.10286870143992055
11	0.06383222908393532
11	0.2135674351043449
11	0.17676121766956063
11	0.20498402268737625
11	0.08793936671928622
11	0.10108803136882542
11	0.2132045992644163
11	0.27121778223089416
11	0.150165809967631
11	0.19439941863777754
11	0.2010345022785019
11	0.08088873179500793
11	0.22525896520396185
11	0.09814777996416346
11	0.2502643040250024
11	0
11	0.17650993988486988
11	0.10045030190225882
11	0.13759879086448087
11	0.18627303393180747
11	0.13961646994609073
11	0.18136268849459183
11	0
11	0.1740646163241006
11	0.19882833024398627
11	0.11009815713247749
11	0.15594359095650054
11	0.18997201864683663
11	0.3101208175766918
11	0.12295553613963012
11	0.18945363649974725
11	0.24920603112276654
11	0.1492822621541108
11	0.21196774703968665
11	0.0984609034620384
11	0.1262979124273045
11	0.10394867159180436
11	0.22762657893646995
11	0.10679675611480427
11	0.17160857340619481
11	0.09952471227348286
11	0.17206005597934781
11	0.16576919478997
11	0.2556791153317638
11	0.11673660381211438
11	0.11648206265452461
11	0.14536847796162825
11	0.16875823518830574
11	0.268018910331143
11	0.1888673713487833
11	0.18401076847502018
11	0.19509551416815096
11	0.21615774506870786
11	0.18117973782227492
11	0.1132088069540851
11	0.08519912577337967
11	0.17295696163056362
11	0.14200274982773273
11	0.1280793378965535
11	0.17615649241388254
11	0.24791974471474654
11	0.19164091519215565
11	0.14400540254920527
11	0.20975240167330292
11	0.14672897287845313
11	0.190367326330702
11	0.1849544406407745
11	0.13932846890082443
11	0.15418440262664918
11	0.27011237302567564
11	0.1521065715569671
11	0.10251212559880893
11	0.23463365658479546
11	0.23094395111370267
11	0.20679390360476893
11	0.08848462526415052
11	0.07686223983768348
11	0.14132078766139036
11	0.09572911270441067
11	0.22112378759175852
11	0.18872820571626805
11	0
11	0.11073167349366822
11	0.29538943030985754
11	0.07655540267779401
11	0.19341407773867803
11	0.1350124545592032
11	0.1959264753394491
11	0.13256366446044446
11	0.15756488024294876
11	0.1658610328998427
11	0.14146383812302177
11	0.21717378227218037
11	0.19741065416218564
11	0.23377912368803705
11	0.1333634561054873
11	0.1902787347051197
11	0.1089376684963464
11	0
11	0.16439788415421044
11	0.18867676716243817
11	0.24108326859437582
11	0.1701694775977193
11	0.24932499876278005
11	0.13427014084843053
11	0.09974645481914762
11	0.13197865067259862
11	0.09495005712084642
11	0.11507535144663268
11	0.10721843052564814
11	0.12806354169283518
11	0
11	0.0947140212684876
11	0.08835559367038387
11	0.14387228437611593
11	0
11	0.10100295724902998
11	0.2955489380017276
11	0.24517931681465516
11	0.1874184181840306
11	0.20420752547567617
11	0.150240798857479
11	0.1944888790742977
11	0.0802166158947408
11	0.12020355096955591
11	0.23574242043185495
11	0.11677077106287251
11	0.2224320539872355
11	0.11920145729582998
11	0.13960192348161066
11	0.15010678450724077
11	0.1630885424244889
11	0.12148677914331768
11	0.12076149935252455
11	0.1754342850421795
11	0.19722940175363426
11	0.07844004015406844
11	0.16543990170173692
11	0.06657799287665721
11	0.1736839433154104
11	0.18870715941356897
11	0.14315177389079273
11	0
11	0
11	0.18624923832112905
11	0.2309195731277801
11	0.17166814800753438
11	0.11546959837821032
11	0.2267462911026578
11	0.14180617115292987
11	0.1589463909011896
11	0.3123512291452638
11	0.1107225511409947
11	0.10852991732407521
11	0.12784172941292846
11	0.27197612243619773
11	0.21958500758922617
11	0.18016083969672345
11	0.11627716881498587
11	0.1543390262060393
11	0.10193551976186609
11	0.2179856594866456
11	0.2607363036515315
11	0.26358366142022827
11	0.10142670609059971
11	0.12813806573874748
11	0.26080409606621685
11	0.15765613432496225
11	0.20321311519527505
11	0.25756700701703383
11	0.12427422580227365
11	0.07640292744914524
11	0.1517558005239516
11	0
11	0.1884498912440261
11	0.2612989065057403
11	0.12397246785625268
11	0
11	0.14799439281975046
11	0.11488449523229528
11	0.11094388880654187
11	0.13545765272889043
11	0.20711683446272258
11	0.1906448600622604
11	0.125202665099106
11	0.14108457520105536
11	0.1718249930250357
11	0.13771981231345312
11	0
11	0.1891931184962916
11	0.17926349091235488
11	0.10461930005402573
11	0.19311472917234201
11	0.21331137708801748
11	0.21408840532799472
11	0.17971118786889695
11	0
11	0.17138748965750675
11	0.05235195072797245
11	0.3130693971161518
11	0.18514857303357377
11	0.10657539669295117
11	0.2020830446434038
11	0.11855798596842552
11	0.2522693431418524
11	0.19634455768241924
11	0.1139840994937303
11	0.16917478953258575
11	0.28453787165656336
11	0.12643196729525902
11	0.17890889738387533
11	0.19989756004198808
11	0.1417552917434594
11	0.21603852461102097
11	0.16262027298627996
11	0.09270779151668536
11	0.13480647536167134
11	0.15870771266020056
11	0.16879180712742506
11	0.09801042651398711
11	0.13078843747180088
11	0.17596655168091385
11	0.15405680643975866
11	0.13620191443796406
11	0.26133805350677813
11	0
11	0.18768136981226044
11	0.139140349325275
11	0.2552896541865583
11	0.1617557611948237
11	0.16039440578669165
11	0.1447163278453821
11	0.10481587289270777
11	0.12384424929231302
11	0.12439400913328458
11	0.18411074161458704
11	0.26803774645614353
11	0.17660513556741114
11	0.16109818616984792
11	0.1160934386512837
11	0.1504465452557099
11	0.17875285399953836
11	0.23198037575818217
11	0.17546213658927368
11	0.10881588201580927
11	0.11136132723147181
11	0.07595659482379476
11	0.18320743428217334
11	0.16334340762265134
11	0.10714221658726837
11	0.22579701990877116
11	0.17265510924521243
11	0.12698822281511565
11	0.16463096073568595
11	0.1657930021197531
11	0.15120367610688543
11	0.1423999225320144
11	0.11504170179546155
11	0.13568413955661007
11	0.17498492924934528
11	0.1490284861154885
11	0.1073901162628145
11	0.21094799113537138
11	0.08525290985899107
11	0.10871614515507058
11	0.17682231628805994
11	0.1645212227681364
11	0.1211382465441327
11	0.21449968229628527
11	0.15909324996265836
11	0.17944075332428633
11	0.13105676870148197
11	0.20961870406647884
11	0.15896535646642984
11	0.18982987852391
11	0.21341069770574106
11	0.15611414902123957
11	0.2108383946452709
11	0.1850566760335067
11	0
11	0.1206599583119678
11	0.27678715193442793
11	0.2195187220968232
11	0.20245195033717434
11	0.167454133747032
11	0.10521350772128937
11	0.18903397399239324
11	0.16235989822527602
11	0.17785025894642417
11	0.12082017086616713
11	0.18493154874579873
11	0.11864017286617258
11	0.10840473804347694
11	0.07010072323911176
11	0.27831634420324314
11	0.19703050601591807
11	0.09379928995957737
11	0.12863737543095774
11	0.25675140729900314
11	0.10613045423423105
11	0
11	0.20262739364818544
11	0.18586400872590864
11	0.13552428334081928
11	0.2518963224792733
11	0.12161514499232749
11	0.20668058075058074
11	0.2226023900955548
11	0.18125641910375734
11	0.16034312140947138
11	0.17061360043223628
11	0.09181540495455287
11	0.05231586293580546
11	0.22451546544752396
11	0.13916386595284097
11	0.23913344018814925
11	0.1810788153237713
11	0.20241012244786635
11	0.10385938445400654
11	0.07984364046448927
11	0.1888189626268558
11	0.14767292243167532
11	0.2756010984040431
11	0.1361351184832683
11	0.1897430425533467
11	0.13919248412847698
11	0.20910519033594213
11	0.19814160743454587
11	0.28709189736832197
11	0.21283087247824675
11	0.08654932158898869
11	0.1374144183989386
11	0.15205145579696064
11	0.11985207342919137
11	0.18708337297355507
11	0.1780610106463869
11	0.10455506301830068
11	0.19715228028483553
11	0.18524348071713415
11	0.19354415560369212
11	0
11	0.1777565795786654
11	0.1777817794966452
11	0.13094608268372576
11	0.13857206024987864
11	0.12351419396407096
11	0.1505842733860085
11	0.23084099286750068
11	0.3120930830128654
11	0.12522292681019226
11	0.20395746910905102
11	0.23834215410095563
11	0.07074258357704395
11	0.23011084992316372
11	0.12279183033712296
11	0.17087464347731904
11	0.12139084858880381
11	0.091031853190219
11	0.11833334828164602
11	0.1410843823728755
11	0.15315697410030643
11	0.16696118639318666
11	0.12399272052711684
11	0.16876375898172272
11	0.15710562910985848
11	0.08570360865136305
11	0.11718162777215259
11	0.23925255637682197
11	0.23559576321181583
11	0.10852695435811809
11	0.1383905351187691
11	0.20400645913882826
11	0.23304642172343515
11	0.17064646888758092
11	0.17531368834425062
11	0.1703421194969383
11	0.23365989501630222
11	0.18919557617869773
11	0.14986554994149376
11	0.19034538384182645
11	0.1840174858199831
11	0.17107409266467882
11	0.17899152322672127
11	0.0816002502900605
11	0.1025319471054105
11	0.09663786078915512
11	0.2373891914259293
11	0.1495994987142435
11	0.07630405663979115
11	0.22241384673609127
11	0.08479759216337825
11	0.14867366944440596
11	0.14733015235322536
11	0
11	0.2799582866706787
11	0.10473087695880522
11	0.08248006395896663
11	0.1370022061863775
11	0.07747544832909246
11	0.12260040666796167
11	0.1487923180726535
11	0.23064608853192495
11	0.09863287882360314
11	0.15040334276773915
11	0.14698397304989627
11	0.15687558025288856
11	0.1822651281932585
11	0.10506756933921901
11	0.10023497752275623
11	0.09540487829613287
11	0.15412081619710755
11	0.15940723942875515
11	0.31574364733374893
11	0.211838332113695
11	0.07912705829338271
11	0.1546106377136745
11	0.21421322746163746
11	0.1251244681187135
11	0.16059859832657253
11	0.09715785650180206
11	0.15626842000703453
11	0.11898004720462187
11	0.13309171970120387
11	0.09513968386474557
11	0.18134680188822982
11	0.1946645759999214
11	0.12483486118988661
11	0.13020168415048078
11	0.13310572046707764
11	0.15153315217713306
11	0.09111676767526503
11	0.07596089690214111
11	0.25335153158323326
11	0.17882578649811956
11	0.15405277329389633
11	0.10029562652330257
11	0.15584802748425486
11	0.1470509147700902
11	0.22328533679313037
11	0.14281198474565673
11	0.08526668066956267
11	0.1598403208976318
11	0.24334620626852793
11	0.1658419873716353
11	0.20919973693129612
11	0.1830367363309255
11	0.14493108295969775
11	0.16289297190016488
11	0.13280731311817706
11	0.14090046885984794
11	0.14955379219957005
11	0.15128632361812144
11	0.08746677206078637
11	0.2489040772663766
11	0
11	0.21510560900829417
11	0.18686193161125664
11	0.09943209346008962
11	0.10507059083594653
11	0.17670405066599704
11	0.12528936530367119
11	0.1416052714049354
11	0.10514812268431131
11	0.0873702766539665
11	0.15905814234020949
11	0.262895841255955
11	0.14874560555729144
11	0
11	0.17679947882835678
11	0.200441630373298
11	0.2465861068478538
11	0.1392059251936247
11	0.17355290516389824
11	0.0800279206264844
11	0.17762096816849293
11	0.16489517714248172
11	0.14204017114291398
11	0.11177693694633442
11	0.20160419576691752
11	0.12771021263267304
11	0
11	0.16817614786416404
11	0.19690322210467487
11	0.31494549655572635
11	0.1839919878507373
11	0.112322957780072
11	0.1577189854874354
11	0.12380729236027184
11	0.21605810228317282
11	0.16538162991791155
11	0.12355240557219165
11	0
11	0.1976406797797185
11	0.09832143299638947
11	0.12648772472912048
11	0.11628932406413725
11	0.14384914449772693
11	0.09906061640398954
11	0.17231346532352332
11	0.12359403478093987
11	0.22770642701554328
11	0.1311054682761399
11	0.1113353524974943
11	0.10614411575138881
11	0.12824017065173923
11	0.17915277633748045
11	0.14176289740213233
11	0.12822188578034777
11	0.22063280429044563
11	0.15735583224059826
11	0.14611883163068032
11	0.1149680538765485
11	0.14970844209553683
11	0.08174410720158935
11	0.08681045563513906
11	0.23689503740704612
11	0.1087188713409694
11	0.1464330141707658
11	0.05528250413027756
11	0.11833489202924931
11	0.16934222885985037
11	0.13461772080509793
11	0.16886198039178216
11	0.29961605021511645
11	0.09821080170496639
11	0.11537412972506722
11	0.1191797968603423
11	0.28114469262452046
11	0.10348011275088452
11	0.1750411616994806
11	0.10291495478435102
11	0.2701101840455972
11	0.09123252114645397
11	0.22232873102208453
11	0.1556229956878428
11	0.0987793842645345
11	0.18735297028446193
11	0.19099285827430693
11	0.14709885868289044
11	0.16671499145257157
11	0.25308445231101795
11	0.22864509191570534
11	0.10933982685805718
11	0.24228883081631297
11	0.12934555911077722
11	0.11979513901574954
11	0.12636660341332248
11	0.22499725549233468
11	0.17799863182260517
11	0.14279963349626976
11	0.12444465562948849
11	0.16786049725075788
11	0.19105443027806618
11	0.1308071302479953
11	0.112345604929125
11	0.10683657202820554
11	0.1668878640125061
11	0.17784942213344163
11	0.16520671807619458
11	0.11352577286671527
11	0.09173233061228805
11	0.11103625759186901
11	0.26140041767196726
11	0.20887704795762532
11	0.11057871819043731
11	0.2231391477613037
11	0.11414606358548886
11	0.25451048595453696
11	0.14201921314438629
11	0.14898151282863026
11	0
11	0.07418017166761942
11	0.07809852773559232
11	0.09037911737279634
11	0.0890240949485489
11	0.2599168407803587
11	0.12350043249723687
11	0.07523050227709041
11	0.10426365923607658
11	0.20459479026041985
11	0.1398923937893988
11	0.2065051512562719
11	0.17944113395972972
11	0.21444909266367665
11	0.09843026013378907
11	0.09586838663132276
11	0.12347682736006174
11	0.18209841346414693
11	0.11217610974127624
11	0.12032752576490227
11	0.21621307765718145
11	0.06410530397231272
11	0.17770950726280782
11	0.10643668355037715
11	0.11950169052189864
11	0.14675172992784002
11	0.19005532017801188
11	0.25179683086581195
11	0
11	0.12394239959413188
11	0.10828265090419603
11	0.13705129764875554
11	0.16191901944394516
11	0.15442654578340928
11	0.14887909961205303
11	0.12830339579829741
11	0.14478421940833364
11	0.20055205054460748
11	0.15078372276015847
11	0.1428580726572467
11	0
11	0.16171263784309284
11	0.18856416687717625
11	0.13282468135573167
11	0.12805444653712814
11	0.09667187347303793
11	0.104772761668884
11	0.19563045769396345
11	0
11	0.1027574458998743
11	0.20361484020471857
11	0.26847243449791697
11	0.1788409587144234
11	0.28992931513244447
11	0.10776093388668764
11	0.16447562993833043
11	0.15995630451360524
11	0.08669590312569403
11	0.18171782185864932
11	0.14761002338686302
11	0.14853287074944724
11	0.22806592494196987
11	0
11	0.09433836392193842
11	0.10969796207537334
11	0.0953395914691968
11	0.16713328171927233
11	0.1499363228755768
11	0.09403832562178126
11	0.2464624218977719
11	0.15151206188422975
11	0.08191983710383456
11	0.2562707504910817
11	0.06862157521549041
11	0.10299922845025793
11	0.09579151670423201
11	0.10181705844354708
11	0.1915723682568464
11	0.1996848746972341
11	0.14905071845817194
11	0.1606432697192345
11	0.13212560083498745
11	0.12458209872435237
11	0
11	0.18901973532592184
11	0.1405240744980368
11	0.1566566590762271
11	0.13236552186418699
11	0.380301488895806
11	0
11	0.13572259837026743
11	0.18716831896259983
11	0.1345077889711417
11	0.1481523711669949
11	0.06203974296361302
11	0.16161538195568684
11	0.16602274114863647
11	0.16245101502129244
11	0.19606815186340337
11	0.12809318982067433
11	0.17694174348851333
11	0.16213679258221536
11	0.1986760118914025
11	0.14350603164628672
11	0.09757001823860091
11	0.1329265716270713
11	0.1801537987278623
11	0.11360881731366566
11	0.13045794576536335
11	0.08419940017927716
11	0.21387472095490134
11	0.28889406880413665
11	0.2672949930793481
11	0.1363477271685631
11	0.22361026038743917
11	0.22462082670162548
11	0.18216087055534794
11	0.0716134816256291
11	0.20330751694351665
11	0.16164867541530384
11	0.16681448966842438
11	0
11	0.0772691422969738
11	0.17177045352882667
11	0.10208947125760524
11	0.25238966221631953
11	0.20748658127367495
11	0.12411344030247978
11	0.11845519578237036
11	0.15022121110051678
11	0.15243828216756342
11	0.1879066290880619
11	0.11571975460768227
11	0.3144458325196084
11	0.08361369596076207
11	0.11693169022964785
11	0.1370344080220134
11	0.1805068831774897
11	0.1884523946719726
11	0.2272440092113996
11	0.21536114919559912
11	0.22703899395224317
11	0.19894177974542304
11	0.2115652045131474
11	0.26900987808840127
11	0.09493900690490362
11	0.14352075822858126
11	0.08688361025602086
11	0.16301423674173682
11	0.21294976786870756
11	0.08136330781110171
11	0.11831142870123351
11	0.2137509810618336
11	0.14073439950999758
11	0.330236857895469
11	0.2230739000615764
11	0.2526770780055053
11	0.1656807216994428
11	0.1298797900174978
11	0.14187848114806115
11	0.16830617469553202
11	0.19180822573151624
11	0.1061953633700755
11	0.17097623139301318
11	0.15259772123470364
11	0.08596062167697417
11	0.11024730470949598
11	0.20998616775228593
11	0.1861544073493358
11	0.08114231710934283
11	0.1673664304785901
11	0.13008485057413055
11	0.10398298374278545
11	0.19935142146308785
11	0.17429181222887227
11	0.12204131385077237
11	0.110853028584926
11	0.19260734731634846
11	0.11198787085339763
11	0.14846967229469935
11	0.204589885875632
11	0.13569368680736693
11	0.1799813023991904
11	0.15693205191950096
11	0.17728008275655385
11	0.28551357867896354
11	0.14927029717113727
11	0.16499508441517702
11	0.0891804336835658
11	0.20187323420674286
11	0.15552926849660728
11	0.1978531721989495
11	0.2634431838866364
11	0.15188176885086224
11	0.1368209118991651
11	0.20510951846337766
11	0.1326802105289526
11	0.10816328241065672
11	0.1273373865075592
11	0.11590539420680275
11	0.202958004184381
11	0.21980773737637274
11	0.07761687020805576
11	0.1008331645233192
11	0.1666701434909392
11	0.1694927916130799
11	0.18582809019658833
11	0.15628740840542885
11	0.20057217398095112
11	0.16097513557159332
11	0.25960317078448425
11	0.21711803979594338
11	0.18180129159566563
11	0.20292610493485583
11	0.15732784378461617
11	0.08864304896373308
11	0.16751118098140022
11	0.23101692868161047
11	0.14845812452328283
11	0.18663417881094704
11	0.14903372737163587
11	0.11776594193626609
11	0.19073093808726885
11	0.24034141812543147
11	0.12462700726828331
11	0.21983596381342954
11	0.27490870225477676
11	0.15497575645638287
11	0.06469754672212796
11	0.1399054666170819
11	0.19814818509509494
11	0.24304355989336368
11	0.2027809407456544
11	0.14149564325443403
11	0.11697211537954487
11	0.147569567833647
11	0.23008457979203292
11	0.18943293127428185
11	0.14022538110735336
11	0.21061544590586379
11	0.16996517996632715
11	0.12225925310892044
11	0.31182314933725597
11	0.1964917052134447
11	0.22760108237998836
11	0.2185655369062917
11	0.1672210494977024
11	0.1578464734267916
11	0.19020460490817817
11	0.15986595749884508
11	0.12450952885773336
11	0.11768856523301606
11	0.24259123659700782
11	0.180153554485454
11	0.2256484142443474
11	0.24252005941430999
11	0.17810777270380335
11	0.10223920103287815
11	0.238072237021124
11	0.11364756786387534
11	0.1901042310176161
11	0.24786414004671511
11	0.12714847354619788
11	0.10010507354634166
11	0.08518703711281375
11	0.09004240371298725
11	0.21761131225985358
11	0.13928766031627599
11	0.1305434737559595
11	0.1816090093966003
11	0.124880365881692
11	0.15532217264145615
11	0.1112806838616789
11	0.13568886108432954
11	0.14430403400405178
11	0.08278268232279698
11	0.15219329966638032
11	0.07526675429903534
11	0.07280593319058037
11	0.06798975328508676
11	0.20183931563460936
11	0.20229726852438165
11	0.2499338221597412
11	0.10191706903678589
11	0.2181424043595265
11	0.15214786703480118
11	0.2302508796003819
11	0.1542776130379252
11	0.1648487285130213
11	0.22791537201110706
11	0.3439076201051367
11	0.19212484581247158
11	0.2716955981973513
11	0.24957957436716924
11	0.27745399849079616
11	0.19211153988963828
11	0.17529282088765802
11	0.09520941462270907
11	0.17397510218588771
11	0.16066071989364755
11	0.26394296597194633
11	0.25162174332196335
11	0.20582560141455036
11	0.07269789651811806
11	0.12449831065094474
11	0.22041563493130173
11	0.24047097796540223
11	0.1667636077305771
11	0.1022828354374921
11	0.2033201690908126
11	0.13384657175910095
11	0.1522057977296642
11	0.10277003968267534
11	0.13568977769244792
11	0.14793317517351073
11	0.14431691435222085
11	0.12298634461592048
11	0.1824780014537447
11	0.18536965628627813
11	0.06076956593582555
11	0.13606910288498605
11	0.11730462783472799
11	0.16152832184148264
11	0.1863708863796582
11	0.17874916565118412
11	0.10816682955621877
11	0.13900848490628287
11	0.1934340364732332
11	0.24250490214140927
11	0.12618633333940585
11	0.13068606593607937
11	0.2825941196381562
11	0.13383064698691213
11	0.2952742798279512
11	0.15363281705790577
11	0.11790687215877765
11	0.14324344161561203
11	0.1323418838436008
11	0.18760898502281256
11	0.09844938856466516
11	0.0719256788377075
11	0.07166953033852788
11	0.2734731340021761
11	0.11468654136098398
11	0.2063395308202746
11	0.09731764276635282
11	0.2174525714510253
11	0.16841456890313156
11	0.1651848405711958
11	0
11	0.052250725537269324
11	0.1554834258824054
11	0.1885608653908347
11	0.2103253300119326
11	0.06986998353756106
11	0.24776167331055368
11	0.18448201037760298
11	0.11812031040304764
11	0.20297052912384772
11	0.11820161823792805
11	0.09762323815080944
11	0.2319939759076383
11	0.1511194179340667
11	0.23667368206428058
11	0.17699977623102545
11	0.08723054896712962
11	0.1702267498960544
11	0.24244041563252364
11	0.11183836398882228
11	0.10293976903750056
11	0.1321405093930049
11	0.13160355584628866
11	0.12315022365666635
11	0.18976162661376111
11	0.1648485610613043
11	0.18359587109589776
11	0.266070697397256
11	0.17970875077014462
11	0.1577282621099031
11	0.09346651971083575
11	0.11657411812938205
11	0.12777160692922587
11	0.13211390453170155
11	0.20019372496447793
11	0
11	0.11231088699569097
11	0.2230862971253085
11	0.18052074028869156
11	0.19022482912136057
11	0
11	0.23179730427733505
11	0.12108160089647307
11	0
11	0.20044436110922467
11	0.22420319459059268
11	0.1531594992529631
11	0.20315322008831335
11	0.15949504560667624
11	0.11014711126152535
11	0
11	0.20951002953042086
11	0.12461779478744257
11	0.24790989813592396
11	0.2926497023793598
11	0.1603555358793128
11	0.12117573424180032
11	0.1285031664146675
11	0.11369011836272788
11	0.2598540563776023
11	0.10663125264598285
11	0.0970684759951311
11	0.17466892281224008
11	0.15721941680963974
11	0.09671282563878755
11	0.2745837848691787
11	0.19092059163562294
11	0.17234333816075662
11	0.20919171166524778
11	0.13069886016869892
11	0.18429422508835772
11	0.15171376196361785
11	0.15476540608420317
11	0.11703106561594477
11	0.22308402830280685
11	0.12712585050758343
11	0
11	0.08176721415710937
11	0.12492855624666677
11	0.19992706907149488
11	0.18590308797174512
11	0.19383997391823482
11	0.15650256689245287
11	0.1442189581610399
11	0.18661192833736492
11	0.11048998030418279
11	0.10314989787594053
11	0.1790026079068243
11	0.1974772835012513
11	0.20978923645042713
11	0.19332938295134677
11	0.12138907340081773
11	0.1580303325839642
11	0.1045323306406982
11	0.09524626016580674
11	0.10920287183329427
11	0.0919755229742133
11	0
11	0.19641018672334334
11	0.14196749266492104
11	0.12828685728934563
11	0.17832242559101621
11	0.12046345035628322
11	0.18086523334625362
11	0.09163735214895859
11	0.19716301487266458
11	0.19650695305497196
11	0.11547879003177597
11	0.12223535290985657
11	0.277153412789619
11	0.1314672562891054
11	0.17608643934308646
11	0.15327141170521166
11	0.3286350184726876
11	0.230299362669857
11	0.20458829918116458
11	0.07258799245679032
11	0.07302102313316165
11	0.15406733503810707
11	0.10080763557501604
11	0.1907898037021966
11	0.10759158646532142
11	0.2314819243860192
11	0.24797871935410498
11	0.15105592245314772
11	0.13804736631901457
11	0.13931148797590034
11	0.08524735122147008
11	0.10895122324129236
11	0.14804189023217065
11	0.14157891858044644
11	0.1751246870450311
11	0.23562741904496146
11	0.11639908639710231
11	0.12956386730617436
11	0.16116741991323646
11	0.16752892253914095
11	0.3429656781823615
11	0.19441289534665054
11	0.17691310815469374
11	0.26014880398835605
11	0.1413611148658586
11	0.14526457380372093
11	0.21344611236615169
11	0.1353410699715953
11	0.13144834917826023
11	0.24978792580264655
11	0.12853839324265665
11	0.09675107489943656
11	0.1775381687802174
11	0.1473284154163024
11	0.13903761839016837
11	0
11	0.13706109031481764
11	0.25182827406562064
11	0.123677056333477
11	0.11031147734490199
11	0.2323025473500388
11	0.1676841920628107
11	0.25295607069789083
11	0.15905435499508994
11	0.17863080998756733
11	0.15512875396704517
11	0.19592623367301132
11	0.20073744032993454
11	0.1871171037434826
11	0.12506540854426043
11	0.2329007506974196
11	0.16280441493993164
11	0.1484909083406209
11	0.1350669643940471
11	0.2234307903545239
11	0.16310553140257747
11	0.19028928469653988
11	0.1914967731488836
11	0.06473468976045804
11	0.2860215768910657
11	0.15376218710373726
11	0.10111373375088871
11	0.20898441928181893
11	0.21278528319251783
11	0.10724971945074724
11	0.17895336199058107
11	0.1376223692173647
11	0.09653808512415289
11	0.1408590945136996
11	0.12430560302894635
11	0.23490857593005335
11	0.1674283772420977
11	0.13245305374849559
11	0.17096314369879081
11	0.16214917832798362
11	0.2793170154353387
11	0.2303018341675648
11	0.2219161293112246
11	0.16503589354277906
11	0.13876188037441523
11	0.1351832977307562
11	0.16560822892266197
11	0.1485069843197828
11	0.1339561795528225
11	0.14402839210583918
11	0.121279223225933
11	0.18542800278278682
11	0.20695528533270707
11	0.12198323675723169
11	0.20252616679841007
11	0.10743188552858854
11	0.19853367363652696
11	0.20565792273341962
11	0.23711398461288202
11	0.1588570018100913
11	0.09065996680068407
11	0.15003135181804578
11	0.2319711534006897
11	0.1359066500486061
11	0.09905551224207028
11	0.23176129193889905
11	0.10489113452824116
11	0.08974878250656541
11	0.17707008696819437
11	0.1113309636678922
11	0.1546334855884246
11	0.12211821815859351
11	0.11934629351321283
11	0.058627508511036104
11	0.1337635507747177
11	0.20245664794870388
11	0.21067879978108398
11	0.15302216646273678
11	0.11494550848412419
11	0.2613424719830383
11	0.15018082334759045
11	0.15678033198040797
11	0.13602129707805152
11	0.09868445827655788
11	0.17751655215494122
11	0.15046993802095704
11	0.16906366039491888
11	0.1693272949671382
11	0.20609078568400999
11	0.32193334476952634
11	0.27967569828196376
11	0.15654175621826452
11	0.10376209141423426
11	0.2598984801959145
11	0.12812097194766328
11	0.11421437437813779
11	0.09387810703007364
11	0.1037320619385797
11	0.07105129431204123
11	0.12308649678550372
11	0.22577336965336448
11	0.17635545691258947
11	0.18739242690085173
11	0.16384971257515432
11	0.09668010804100809
11	0.17522375696689932
11	0.1502427229572132
11	0.08719355120388615
11	0.12545166336858735
11	0.18414383900740897
11	0.2604911286152742
11	0.11651646744044843
11	0.19551132395930743
11	0.31634723607890947
11	0.1011198033017763
11	0.22390108915945253
11	0.16928787188897781
11	0.16126762034522962
11	0.2033602405703355
11	0.12352820796088244
11	0.1821211225836153
11	0.25599032884175976
11	0.10062335200135407
11	0.17020837508424333
11	0.11451388847903345
11	0.12899722613363515
11	0.13908976343700588
11	0.16867894077103476
11	0.24026899381189845
11	0.20703608053198466
11	0.17318570269338415
11	0.2854789395114584
11	0.13832247837602776
11	0.09204598727267323
11	0.14856007747291883
11	0.1312267676612204
11	0.1814097186728073
11	0.29941307614523577
11	0.2262883019814112
11	0.14123230889688657
11	0.20112734861898793
11	0.2431949154500577
11	0.12480418484227615
11	0.1394736852482131
11	0.1730447628866303
11	0.11964311478363314
11	0.13717578875021194
11	0.3536581018220511
11	0.11487829042893061
11	0.20795313733684362
11	0.17127201233686815
11	0.2643393036370198
11	0.2049643031975736
11	0.20137356934009779
11	0.12024957756734836
11	0.13211407872343645
11	0.13737902693810403
11	0.11971221643651088
11	0.11017556371342739
11	0.20375761513795884
11	0.14198124783289778
11	0.10596554639730602
11	0.11535709145032744
11	0.20201688271554682
11	0.23382207812561212
11	0.2722118173579436
11	0.15794179712855125
11	0.3245454602697692
11	0.2467300512891393
11	0.13562798159120396
11	0.1806510075978107
11	0.2846472017403828
11	0.08550693074004462
11	0.16646864081956048
11	0.10769088405490576
11	0.16406849685540792
11	0.11381178837978118
11	0.1981684762384166
11	0.1268328697382004
11	0.14565092885850744
11	0.20958395495998045
11	0.16996368481950702
11	0.16596055846985563
11	0.17034767852928662
11	0.14800759828021984
11	0.171530320895073
11	0.1975067104767856
11	0.19533642522087732
11	0.17580903919612384
11	0.25312213219396124
11	0.19907342659903385
11	0.1419951150259645
11	0.11554674679578768
11	0.1472660795750084
11	0.11357587024840277
11	0.18060821525086038
11	0.13058114106516955
11	0.2188637460858202
11	0.1897875605408213
11	0.18651285897212738
11	0.1754546813115202
11	0
11	0.18774024579812143
11	0.2453658820878424
11	0.14744733040175426
11	0.2414737926290547
11	0.1435385059938286
11	0.12369437519909485
11	0.20537608264048765
11	0.21663964372122801
11	0.21609283191608933
11	0.11828257945825324
11	0.1587737667840993
11	0.18376664763071707
11	0.2396593995450142
11	0.24404027191176836
11	0.2199106324643979
11	0.13594743526871772
11	0.11381110896515809
11	0.11142777984282967
11	0.1256300466776014
11	0.1701131321815699
11	0.15760101191950737
11	0.2282675143719887
11	0.15813210111336595
11	0.2472697903804257
11	0.1642747809035931
11	0.15227887880792798
11	0.11642071695670983
11	0.19276678979773681
11	0.10502012500378818
11	0.10780938271391709
11	0.08799219332912804
11	0.15947602583705844
11	0.1779717837374256
11	0.11226783269227214
11	0.08830762198240677
11	0.16951322816268333
11	0.11979251316156266
11	0.14385248591018013
11	0.12475285157077654
11	0.14264888514455112
11	0.1569470390937093
11	0.16265713213587724
11	0.18945618700581135
11	0.15969682051848008
11	0.05384085506029642
11	0.17834521653660304
11	0.08619235301843278
11	0.1778091596523325
11	0.175504160448636
11	0.15694380760339469
11	0.14254321143074133
11	0.12277720450789406
11	0.19589106468020842
11	0.1276181510254979
11	0.19622662714905573
11	0.11105060727554353
11	0.09666553148231319
11	0.1537907667628832
11	0.17433694793705387
11	0.13696158644301873
11	0.05565880144848345
11	0.1757160225038774
11	0.15895368215652256
11	0.08087370676245764
11	0.16547855315397395
11	0.12030593863095032
11	0.13584114802486902
11	0.08939556897616917
11	0.08627512621787461
11	0
11	0.1226539425251839
11	0.07373164233624048
11	0.13960229725067497
11	0.17416235308787908
11	0.18497616979030065
11	0.1363854763077599
11	0.2224259153434432
11	0.2662330915637721
11	0.1454488305399991
11	0.15954282695930697
11	0.17803502575080707
11	0.16931762490425237
11	0.2063621165449142
11	0.21077594282775602
11	0.11748232599178982
11	0.1233753391915007
11	0.13645410190653015
11	0.18032055543232803
11	0.19301203109818674
11	0.1978578460680111
11	0.11778564250774719
11	0.14807628781566795
11	0.20413325730946447
11	0.19769562371270138
11	0.18359221720538713
11	0.23857971257401597
11	0.18605787510439184
11	0.10838705456961428
11	0.15623110495883294
11	0.11610670201987931
11	0.18734566404597314
11	0.10730893866272659
11	0.10807642583549064
11	0.1450737738092915
11	0.2160199759926282
11	0.17385871620268784
11	0.1335278675441495
11	0.13074407820721132
11	0.10522505056077108
11	0.09694250583092817
11	0.10038470334065941
11	0.18728318186390203
11	0.15454026975533683
11	0.21365830048810178
11	0.24414298652765737
11	0.17181919760006278
11	0.13725723418859562
11	0.26927265805644807
11	0.3246517814791473
11	0.19606135342992737
11	0.1616028062545364
11	0.2449451504197403
11	0.14068771477935757
11	0.1824542394958322
11	0.20388954084610533
11	0.18733476731514384
11	0.1073749485607469
11	0.10126685308728661
11	0.19097970302918507
11	0.08784294431491414
11	0
11	0.2103263758131911
11	0.16116646417560615
11	0.17516911854919956
11	0.11114393250533554
11	0.13179470139468663
11	0.18960737852389534
11	0.1737404860202734
11	0.1608033334735636
11	0.15871577221416894
11	0.20244589923147824
11	0.14894535459202113
11	0.29935858553212447
11	0.2136591942513824
11	0.1388560268393441
11	0.23854642603510168
11	0.19924411795118194
11	0.17043303826243436
11	0.19599875016563623
11	0
11	0.1032019498038638
11	0.095101531425451
11	0.09084387179787845
11	0.16582206523236756
11	0.18941673423436822
11	0.1998149938727295
11	0.10779039605141034
11	0.15293165285742577
11	0.16071042564922752
11	0.11194851239610475
11	0.22302854770000852
11	0.17913578817328812
11	0.13113558332036562
11	0.14661161293541192
11	0.09811523240069084
11	0.0834785206674762
11	0.1656261910340575
11	0.06632667881679383
11	0
11	0.22827474339735565
11	0.24673566954047507
11	0
11	0.10293242320272526
11	0.2635372396673097
11	0.1432822630208872
11	0.13589631367935026
11	0.11718481727115183
11	0.0832356268616608
11	0.0992417645529325
11	0.17145268326649896
11	0.14109727243631137
11	0.15283335724665945
11	0.21018017668136305
11	0
11	0.14609133120021867
11	0.14714520088967822
11	0.18430707928994655
11	0.19213479553176985
11	0.16175698900983881
11	0.1798399532851917
11	0.2109487560021995
11	0.1853921311147263
11	0.09871907913432185
11	0.15220413421410253
11	0.079093581919612
11	0.1456854834022844
11	0.1428434753220765
11	0.20908424086432345
11	0.32505078691038747
11	0.13232833288136692
11	0.31134453911692483
11	0.1737806599212674
11	0.13378010715860789
11	0.25932512693922116
11	0.1750265550854225
11	0
11	0.19546992609230032
11	0.18388274281431694
11	0.08398821693998121
11	0.10993177122059715
11	0.16175756352061882
11	0.12916821141610565
11	0.17902659486634206
11	0.09375739557030173
11	0.1835846751409303
11	0.12617914963903915
11	0.15908389772874618
11	0.1744351422878564
11	0.23272687668323833
11	0.16406810454178086
11	0
11	0.21506618500883873
11	0.12802132120022028
11	0.12822181809329025
11	0.13143276550054223
11	0.16124973152831457
11	0.30032717969568473
11	0.25259502867735756
11	0.15072588809289675
11	0.1873354428398625
11	0.17300155418094865
11	0.1861013565487107
11	0.20997420415292622
11	0.23327280371741796
11	0.053866563580755214
11	0.06304685227416787
11	0.1383841097369988
11	0.16182055218067276
11	0.19153930623970153
11	0.11534197370873708
11	0.22537233589019826
11	0.12650569683188936
11	0.12866005500347355
11	0.08472485789642903
11	0.1308225007894097
11	0.07689943434109554
11	0.1429852427220891
11	0.22042827466224943
11	0.16059549554303354
11	0.2599037278204161
11	0.26707556716484254
11	0.1090792684055836
11	0.1857990193076448
11	0.1743373499589376
11	0.14720241267136203
11	0.11739950441003312
11	0.20015503044903624
11	0.14486086683037835
11	0.19421211286329515
11	0.1348027167617508
11	0
11	0.1647440740632398
11	0.15752794392055802
11	0.21403572013150904
11	0.08548115446573183
11	0.12326842159233205
11	0.16446171289679512
11	0.1642658777975961
11	0.11465164052939622
11	0.12535419351494112
11	0.1437731876132208
11	0.17109150323203248
11	0
11	0.21765684549887052
11	0.11587308545322554
11	0.10302026728288416
11	0.19904467598712586
11	0.08423492035323789
11	0.10856368926276837
11	0.20079425790064784
11	0.11407139838543767
11	0.22122199710733811
11	0.28844494690709616
11	0.1675807908863784
11	0.10436668214102647
11	0.17771833125795614
11	0.1869083239372116
11	0.1568110409575798
11	0.2091967441797371
11	0.1173048566198957
11	0.2164302798905638
11	0.11816173804346794
11	0.15033421660857238
11	0.17975058028834837
11	0.22106200458621234
11	0.2137870039564273
11	0.21644343221381512
11	0.17579372802906607
11	0.11522842124128539
11	0.207685651166582
11	0.12072363078218713
11	0.1922229395774246
11	0.13211571130829491
11	0.1282025069576896
11	0.22272507273460432
11	0.15581963325450837
11	0
11	0.15071863448868483
11	0.16801846048320274
11	0.14689027894706966
11	0.14163494907360097
11	0.2156796009050611
11	0.2415814422237404
11	0.13368398810681692
11	0.1547202643071771
11	0.14731272420635605
11	0.0778788086217394
11	0.18057590368596182
11	0.18557891775757537
11	0.1776024133817605
11	0.07718479137612218
11	0.18519513613434233
11	0.12773264539373125
11	0.2317265441710047
11	0.10943244804701495
11	0.1191956322609785
11	0.2932361052117519
11	0
11	0.19071324010063254
11	0.2235757831536079
11	0.14200899401953648
11	0.2047266478774311
11	0.23315062014715995
11	0.2587166151476057
11	0.229697935894371
11	0.193347650700267
11	0.10338252946643127
11	0.10384168124107997
11	0.11531825488180902
11	0.09433395031865878
11	0.1903974764656094
11	0.33670057404701326
11	0.12673637204938878
11	0.15612206025456518
11	0.14393549153524604
11	0.20286467109289685
11	0.11088295323676663
11	0.1741676974992632
11	0
11	0.19890568013211588
11	0.15384805169572915
11	0.11566030134708243
11	0.10682562791430861
11	0.2312098523832605
11	0.16442713402708387
11	0.17186402274041776
11	0.2269270349503239
11	0.15750836078478017
11	0.19079480765648296
11	0.20550902527470094
11	0.11991205850862519
11	0.20643655562570512
11	0.2104975856655978
11	0.08727560293734124
11	0.19364638248665894
11	0.12125013903689814
11	0.18860381269294121
11	0.126987301046167
11	0.3799269986792558
11	0.15953426918040226
11	0.09192745064243758
11	0.15038801291860282
11	0.17377322553045557
11	0.1478154824946773
11	0.19975728029224224
11	0.17205303186166346
11	0.1384832149091005
11	0.24997395106518694
11	0.25924815978138094
11	0.14642090814107997
11	0.09807152772143697
11	0.22464188605502544
11	0.25564855097828304
11	0.12552477481864874
11	0.16054741108437
11	0.16344904426247653
11	0.19992876404615445
11	0.1781603380538363
11	0.15621639984058291
11	0.11593130871892639
11	0.18051120716261573
11	0.1689543113982836
11	0.14331054339563554
11	0.10578664861983035
11	0.20903800733294406
11	0.13914190690214567
11	0
11	0.15990997103935878
11	0.10738753525852637
11	0.18090016441464293
11	0.10503798814795194
11	0.14611753950459638
11	0.18863872751925873
11	0.13894786359907632
11	0.13390341485452148
11	0.1981954667347611
11	0.1697289643826571
11	0.12204750984336957
11	0.1461816706814723
11	0.1596697440412778
11	0.23171028941446659
11	0
11	0.25949383388051184
11	0.1394207212422033
11	0.1510791864418778
11	0.29962698338248134
11	0.1766746157368486
11	0.13033869879846183
11	0.06750248389845266
11	0.1398896622984617
11	0.16923033250396816
11	0.15377255229856054
11	0.17702692148573737
11	0.1624535510144506
11	0.1022206877148713
11	0.15786391610346318
11	0.10612464057163522
11	0.25133280419318316
11	0.11258640859023918
11	0.1776117804677681
11	0.12851992549888275
11	0.12162508200259192
11	0.17026545817379013
11	0.2637341179615448
11	0.13920588337605877
11	0.12745453570483775
11	0.17991644318076586
11	0.1418647140155399
11	0.17327625226659804
11	0.15490059988926547
11	0.1738606348011071
11	0.21325917776090647
11	0.1659297096557117
11	0.18636519550557387
11	0.14060222854571533
11	0.14899784569266028
11	0.13803938532050355
11	0.16371366020245462
11	0.21748557223296724
11	0.20353664376596883
11	0.13195043422937167
11	0.1109818327560577
11	0.12974331171364645
11	0.3117116152121535
11	0.2103465358583714
11	0.21732437057378423
11	0.13982876649513556
11	0.24415003873890398
11	0.16464522416886798
11	0.20575534828412242
11	0.2707074307398187
11	0
11	0.24748303150884415
11	0.15958102650551026
11	0.16336212510318032
11	0.2624763467363303
11	0.15684340014722306
11	0.16545721893037194
11	0
11	0.18526216456744515
11	0.16531806809966515
11	0.1331002977281157
11	0.15386891486097812
11	0.1909930528228453
11	0.19497382785681514
11	0.24315409753615716
11	0.14891720326650817
11	0.1814606936822124
11	0.17034486506712151
11	0.222084923014847
11	0.15289322714989767
11	0.11839354038341621
11	0.14191452868071464
11	0.13129177167362843
11	0.15477406077090078
11	0.16423777274839885
11	0.20398107156600662
11	0.10542453279575177
11	0.2360978584036647
11	0.10227807852002253
11	0.10300199792652828
11	0.11612883174429181
11	0.1315230680598884
11	0.18245891996140354
11	0.25118376055848013
11	0.21741333468166685
11	0.08640469515359862
11	0.18364554864475538
11	0.13624778002293972
11	0.15799197479547064
11	0.1174986227541784
11	0.24742551993551218
11	0.07367942897200129
11	0.189101939176251
11	0.14282411225296493
11	0.21236346548592602
11	0.050991139848877945
11	0.14824175577444576
11	0.10304810321754708
11	0.19465173898911797
11	0.17480551182147613
11	0.17125333496084422
11	0.23441846317704695
11	0.13826156976260962
11	0.22312754506431431
11	0
11	0.2088495478993849
11	0.18101563225253453
11	0.1399542899752111
11	0.08675348400884995
11	0.28139578828616885
11	0.07419484894596845
11	0.11007942055681362
11	0.17453253310475925
11	0.23719308291021382
11	0.11288317332377344
11	0.12022159668429647
11	0.15026700635071202
11	0.16319533015430576
11	0.15377738047083414
11	0.17120218004784754
11	0.13858061074072664
11	0.07251721231918697
11	0.11335914912826105
11	0.17213917636445017
11	0.09976494678329986
11	0.1381688021683713
11	0.30443450439962266
11	0.2336142389138735
11	0.1748248119134605
11	0.16076885015793713
11	0.10837552592273114
11	0.12677142694747007
11	0.20020998896662406
11	0.08649929753466834
11	0.15215685417609787
11	0.08488337016952446
11	0.17116936221706955
11	0.1686973621191996
11	0.19349023652399766
11	0.20132600341700832
11	0
11	0.18145806775572484
11	0.19731957346828888
11	0.20289705876820016
11	0.19654116504578445
11	0.10995666051686372
11	0.1284192428649843
11	0.206275838759523
11	0.16310468151809088
11	0.07279877279068861
11	0.10041491387016309
11	0.16302057364238623
11	0.16581715295515023
11	0.1858367465701804
11	0.1994641900970599
11	0.11271165760348886
11	0.18843753291350857
11	0.3090613051070288
11	0.12097351366168459
11	0.15956430194772933
11	0.21534073847275903
11	0.2373277698937054
11	0.173893756732606
11	0.17452947660149298
11	0.24448659096002678
11	0.15580804812734253
11	0.1440302412394084
11	0.1586220011327204
11	0.12095415412279172
11	0.11089308273175305
11	0.15162436269903318
11	0.21339750735741772
11	0.2948496647275661
11	0.22429835544007545
11	0.19742365472191217
11	0.15522474643824768
11	0.1488190966596083
11	0.19704520853251703
11	0.051192747799374945
11	0.24875603585161635
11	0.20216664480882068
11	0
11	0.1896383978035382
11	0.15523883733311822
11	0.13534027199359197
11	0.20301326869444217
11	0.13035079936981872
11	0.19895882972426615
11	0.16171904075406823
11	0.21048238183863743
11	0.057795302480170646
11	0.16608608706382783
11	0.2158943983086055
11	0.2164065707796346
11	0.3381507907353577
11	0.10411077319328801
11	0.25544753853268853
11	0.21932369490237866
11	0.0908008459085197
11	0.10607156274473162
11	0.1489947215816023
11	0
11	0.14386229888031357
11	0.1328187909712152
11	0.14937161727389256
11	0.24342417162883095
11	0.18151831647076294
11	0.1555535514753574
11	0.0576020696801255
11	0.196123155145789
11	0.13514898270757306
11	0.1532442402266053
11	0.13639890368857438
11	0.13457962390815584
11	0.22056723918301332
11	0.20715794629831447
11	0.1579380210185999
11	0.1809924192469151
11	0.13378170858849336
11	0.23568994766304338
11	0.19769721415551839
11	0.13287705270403669
11	0.16393511111987613
11	0.17121655295484517
11	0.23005036629790968
11	0.16191940517146286
11	0.1108752783713536
11	0.21594743411806155
11	0.12295301356876262
11	0.15882966462898995
11	0.11518488682561799
11	0.15184238384400023
11	0.24990485302063215
11	0.26921150738431365
11	0.147728033163521
11	0.2304406969044636
11	0.12200418410929002
11	0.12095546675238379
11	0.22580229835385054
11	0.254011985397087
11	0.24641293638510584
11	0.20145678409212303
11	0.07505689019365265
11	0.13525074290166078
11	0.19699059175333178
11	0.14070874369120817
11	0.13202570125125354
11	0.19922539289240576
11	0.18973358436836307
11	0.11421100594010426
11	0.1821495869497312
11	0.19807210317641852
11	0.14225921485481405
11	0.13051935050648517
11	0.1282069552036522
11	0.14173396363428678
11	0.17275375293398398
11	0
11	0.16921278343249188
11	0.09642265198753758
11	0.16795718456068714
11	0.18809313611863537
11	0.11703385138757218
11	0.09881942886954535
11	0.07029098595915316
11	0.33364736838500964
11	0.14151316673775452
11	0.09707180480267018
11	0.07876674660482154
11	0.14271290681555643
11	0.23665019646624602
11	0.13200824059176552
11	0
11	0
11	0.1956770119956015
11	0.10733077399407219
11	0
11	0.1778717339121101
11	0.20845806193652427
11	0.21935682031232276
11	0.1664695395749648
11	0.15926834366838813
11	0.1266698864274082
11	0.13825577397077146
11	0.1723019543545802
11	0.15871811652757167
11	0.10524850770013083
11	0.1641653556039334
11	0.10402785445212337
11	0.13529295448691825
11	0.18742881886369353
11	0.13751490125498247
11	0.20328720892233712
11	0.11947116695152514
11	0.1243581601073453
11	0.1710304063023734
11	0.23100090722678496
11	0.17558877609615445
11	0.18052012009094684
11	0.11204581522015636
11	0.09523251535788457
11	0
11	0.18009170022799545
11	0.139824763040955
11	0.09985073450151473
11	0.10812506375583737
11	0.10099951677810078
11	0.14185402477136677
11	0.17039285774158372
11	0.10885095270989587
11	0
11	0.10539241741193564
11	0.21656649024707061
11	0.1695682042261178
11	0.19679802206023764
11	0.12689772067634522
11	0.1754688377191096
11	0.05900771000226181
11	0.09725634814966581
11	0.12103866109178328
11	0
11	0.18692197932049934
11	0.18805980190889648
11	0.22477259266060168
11	0.1922027527462597
11	0.15779922100032215
11	0.2391573143914582
11	0.15107938199951654
11	0.1372420454734578
11	0.2275794890699343
11	0.24228388353310615
11	0.1271200923370926
11	0.0952388956450744
11	0.2476327196943242
11	0.17256024966564162
11	0.1577996186717176
11	0.12328367937569336
11	0.06435596165408956
11	0.26253370984591223
11	0.14385978262994017
11	0.1882265448096032
11	0.15312559408926493
11	0.13223047842260482
11	0.14395990225098937
11	0.11977398241440551
11	0.16230332203363643
11	0.22818577849956334
11	0.26895981317522877
11	0.15940700398168317
11	0.19321956300792442
11	0.15705332827106805
11	0.12809393958248766
11	0.1562926188632391
11	0
11	0.12435119633856372
11	0.22855852101295573
11	0.14070689487429566
11	0.24966277167122639
11	0.10950409789232728
11	0.09787642154571273
11	0.13756434269435688
11	0.08606887837677894
11	0.21817164373987105
11	0.2480888373832956
11	0.10884669137657005
11	0.23799853136694066
11	0.13859084547605863
11	0.1659808549863673
11	0.16382120807874972
11	0.19635084196429226
11	0.1292959850217772
11	0.1952103714045153
11	0.20494447691866136
11	0.13949017205215344
11	0.12668100946738442
11	0.13417774099114704
11	0.1381715055278159
11	0.231934640708431
11	0.11731522045849686
11	0.22026059598936265
11	0.2049148777926089
11	0.05132545374278462
11	0.16267988187237833
11	0.23008379892500383
11	0.24429670162955497
11	0.13011750241788886
11	0.14575181566028395
11	0.1642698846667026
11	0.2831388067315052
11	0.19122038420389825
11	0.11352788905704275
11	0.06583709349690788
11	0.164056908804893
11	0.2152716440803076
11	0.1541526913736194
11	0.1502940938111784
11	0.16793380759926604
11	0.15637705933475196
11	0.08868276073274901
11	0.17734374548544868
11	0.2625408467735497
11	0.1817166037960555
11	0.13753537523831966
11	0.16237462027556956
11	0.24435932428978419
11	0.0722298123517926
11	0.1267061967902356
11	0.2239435733394541
11	0.19351227350485928
11	0.18174474268266597
11	0.1324525685883309
11	0.18646696279543232
11	0.14364891545282157
11	0.10272040836910962
11	0.26065419509149623
11	0.16685346149777225
11	0.16676424690829145
11	0.17135277020490536
11	0.22153770929857677
11	0
11	0.17236444122852776
11	0
11	0.204634812411092
11	0.2538688290174226
11	0.23354021245044937
11	0.1964470567121177
11	0.24095809363177603
11	0.18203430564065326
11	0.06696686437056343
11	0.14009292697429226
11	0.14158435695761706
11	0.1325260550268417
11	0.15384753070340307
11	0.2465041391157251
11	0.1603954848261299
11	0.18205067967818642
11	0.19042440458688933
11	0.086944434640001525
11	0.10559233606335552
11	0.3086092171447634
11	0.1737053357347547
11	0.17288114572325985
11	0.200935186487829
11	0.20388666130061311
11	0.15221822574726607
11	0.1592070880025802
11	0.19606593050016896
11	0
11	0.12365710474766793
11	0.10363523521806758
11	0.25949038948657643
11	0.2734331466461397
11	0.22652943336028467
11	0.27293586917240886
11	0.2385861837226057
11	0.22476259469502902
11	0.22246291756056874
11	0.3083196664277137
11	0.10562207369418529
11	0.2109735466920259
11	0.16228445362713623
11	0.12867030676409474
11	0.14690218776049288
11	0.09116665369110634
11	0.1391326924480137
11	0.2214416329443607
11	0.09390967647880213
11	0.1945546735835411
11	0.15390023045918125
11	0.14943612424231362
11	0.10966983538223486
11	0.06921397210331534
11	0.09870927905729844
11	0.16080836827815215
11	0.12097729678432777
11	0.2280439881431206
11	0.15093198318716403
11	0.10053407459440887
11	0.13789605923974282
11	0.07875186959257277
11	0.08471252619999324
11	0.1922124512613653
11	0.15251759113818278
11	0.19048401756231984
11	0.14703044323954684
11	0.10392142963692345
11	0.08952830748818698
11	0.17780155259298
11	0.2721289208345098
11	0.2229251287687585
11	0.1549792512220714
11	0.09161538206025922
11	0.18503020262020586
11	0.15172218019868744
11	0.2503117783260598
11	0.2751436042912626
11	0.16590156398779396
11	0.15684280494034358
11	0.19871107639547664
11	0.13177041621055996
11	0.28037026570160434
11	0.1869781027117634
11	0.1341482899495911
11	0.15463771430189904
11	0.15869037913051925
11	0.20205736520278852
11	0.19677570824350601
11	0.22814954729075337
11	0.17072512794947134
11	0.16154043363447224
11	0.14549502987615787
11	0.08202456504161715
11	0.1386350188398481
11	0.19519669153579916
11	0.2957633240114018
11	0.136208104822968
11	0.16265524134867798
11	0.16903439402674098
11	0.15423277333573862
11	0.14397376552726326
11	0
11	0.10287430592214869
11	0.09445192774550908
11	0.20807538560138283
11	0.23597345594106564
11	0.14751038548053766
11	0.1890667414653667
11	0.12272137821402804
11	0.18658468197527633
11	0.13377093281742905
11	0.175911451633599
11	0.11809360789439162
11	0.20594431604835034
11	0.0874640042204471
11	0.29694880783431665
11	0.15716332098038935
11	0.20431389607482378
11	0.12282985181740189
11	0.1238138730045051
11	0.16877471725475834
11	0.06851034671085995
11	0.141845994598851
11	0.20519945953550833
11	0.2595336160295942
11	0.12042210837562413
11	0.2011581625955202
11	0.20119972110639328
11	0.13419046855820685
11	0.07746354068620304
11	0.2827764998171394
11	0.1483027240113988
11	0.25308233206288794
11	0.19102026396077135
11	0.11014757367367033
11	0.10406319847717008
11	0.2177497878093711
11	0.26544382247466136
11	0.07311526587719618
11	0.17453289816054565
11	0.08438885137926992
11	0.19346394898142374
11	0.12730460334763072
11	0.25310564145093317
11	0.1215345523875168
11	0.1704768348674683
11	0
11	0.14203064441040927
11	0.1596171917540473
11	0.11851471608466727
11	0.18352551692494135
11	0.08091526558583656
11	0.14884105727197422
11	0.15409530285002113
11	0.14072277345570977
11	0
11	0.20070034764357517
11	0.3412945797073076
11	0.19706955235700155
11	0.1564513120127908
11	0.16465785237633426
11	0.22202369868598099
11	0.2643113101556117
11	0.19582026120359358
11	0.14033783908110875
11	0.1015321213232107
11	0.1656725773882643
11	0.16249346849149174
11	0.11907695476450118
11	0.21775292894981416
11	0.11821475495086696
11	0.13485586434411498
11	0.08828891573041016
11	0.12974181811142896
