cval	avg_intersection
11	0.14005502634517597
11	0.1296203039759022
11	0.14514926910592246
11	0
11	0.18819600259658878
11	0.20504538722712864
11	0.1708087820137181
11	0.19992173900915744
11	0.2066576584889919
11	0.16174285548741157
11	0.14191063254705416
11	0.3299279810455016
11	0.24455065679624738
11	0.223211227594052
11	0.32978839676933125
11	0.2980506523125997
11	0.28235242112351466
11	0.1975570687840984
11	0.2878487211812612
11	0.21919375216353093
11	0.15175278909437015
11	0.14576137988860982
11	0
11	0
11	0
11	0
11	0.17687133811934813
11	0.18873582867946176
11	0.2389700541295754
11	0.21999224584813284
11	0.2624814725871256
11	0.21186986401764818
11	0.18803540056042387
11	0.2752456474105841
11	0.2077561336958747
11	0
11	0.13021035339539477
11	0.2575421363224478
11	0.16750564658821815
11	0.16211730516199097
11	0.21537349819886675
11	0.3192549081333601
11	0.1688352835245065
11	0.25361658752338184
11	0.18291090236666666
11	0.2129571552085905
11	0.16204477796684905
11	0.1940957167160894
11	0.1844269412024031
11	0.2287017687991961
11	0
11	0.26283896692079
11	0.16101909726103683
11	0.13926104711919693
11	0.24177988673890088
11	0.2816703777373561
11	0
11	0.20771220486278444
11	0.24274184809003263
11	0.3246076729171906
11	0.20152195463768818
11	0
11	0.21943011476894522
11	0.2827471172885198
11	0.36883489101136846
11	0.19135211123764947
11	0.3152309150033872
11	0.1556905834022065
11	0.24837380743792398
11	0.20268141613275414
11	0.403092274080337
11	0.23332013040719693
11	0
11	0.2329604794677974
11	0.1781321875598438
11	0.3845227131085641
11	0.20210857841402097
11	0.18072721633796854
11	0.2116326155468349
11	0.1655833174656571
11	0.1882632224193876
11	0.1634829468500943
11	0.1639535681962703
11	0.24242636915429183
11	0.19385721727949165
11	0.25389078884472505
11	0
11	0.20004403344266838
11	0
11	0.17674816695477333
11	0.18535260369395062
11	0
11	0
11	0.25061793006516014
11	0.24063944976532464
11	0
11	0.20388146404330476
11	0.25377364791625034
11	0.16843608593895762
11	0.23879600456431177
11	0.26630021074218196
11	0.20408319959657814
11	0.2506189890546086
11	0.34407717716393305
11	0.1924263749072465
11	0
11	0
11	0.18716106955656026
11	0.2449674543304346
11	0.2808346066346813
11	0.20036762581434425
11	0.18978571381927792
11	0
11	0.1735783327969895
11	0
11	0
11	0.12752834951253159
11	0.20158135407796085
11	0.24477606851263387
11	0.39981869430805367
11	0.28314001882386064
11	0
11	0.3127335821298837
11	0.21368995712614
11	0.16970413727093756
11	0.1396036229118098
11	0.1931088705985634
11	0.22374271324371672
11	0.32243671589932715
11	0.20535280775177012
11	0.20097713054710425
11	0.22883346702825338
11	0.2402566253871859
11	0.17720996565358266
11	0.2795020065669208
11	0.19482327223724183
11	0.22376762938173872
11	0
11	0.2352579750166844
11	0.21098026618619906
11	0.1648894884724069
11	0.2267887190244016
11	0.21223579044859636
11	0.3298709546802342
11	0.16135192747550423
11	0.29515627930139954
11	0.24920026103744267
11	0.265129449069475
11	0.24288314308532777
11	0.18739283023408404
11	0
11	0.23677341207598088
11	0.1767309701340666
11	0
11	0.21290548813406007
11	0.23668098359629544
11	0.2657458363294663
11	0.2665261963911874
11	0
11	0.38079683682050014
11	0.2724197636752634
11	0.22531024855239185
11	0.2598680228951788
11	0.1478537103662938
11	0.30491975808329186
11	0.30376900328158973
11	0.30479812034958703
11	0.20473886114312043
11	0.3693803507726179
11	0.3123061335673679
11	0.24116396496050627
11	0.188051666598032
11	0.17544264138448673
11	0.3222652234186367
11	0.19968664756174542
11	0.20180264722343022
11	0.23752303007056047
11	0.17809355712016042
11	0.16481426348340322
11	0.18380360902053916
11	0.19629349928795783
11	0.32562714773311974
11	0.21966785674833844
11	0.41271281146597066
11	0
11	0
11	0.1687691041047966
11	0.22941656596539353
11	0.3049759738735165
11	0
11	0.2112569095315301
11	0.18568644289946465
11	0.27932203751352347
11	0.26716109561399004
11	0
11	0.22445889350994136
11	0.23592930889362765
11	0.20590711682244683
11	0.16029883169652442
11	0.21569118973684143
11	0.25034618440470924
11	0.1555611757558505
11	0.31580826221440195
11	0.20233501815882526
11	0.1834874381041772
11	0.18332107296825287
11	0
11	0.2654862619279705
11	0.1542126324704566
11	0.1983691067852255
11	0.2612791794442619
11	0.22432596286848067
11	0
11	0.2731031292876455
11	0.1619139915041689
11	0.28040918236811163
11	0.27652915423451935
11	0.18582793709209472
11	0.207228972820641
11	0
11	0.26909491575574074
11	0
11	0.19388596164016103
11	0.21663840714162813
11	0.2745469176476082
11	0.4892979332596678
11	0.16830398741069447
11	0
11	0.28854474141339703
11	0.262447046011526
11	0.277678482462091
11	0.3496085411780273
11	0
11	0.1624801739577838
11	0.30062308727245257
11	0.31208072845232115
11	0
11	0
11	0.21688173600317998
11	0.22016451127144898
11	0.1552864405156306
11	0
11	0.23886856435240333
11	0.26750248162526047
11	0.17161655662088504
11	0.17705535986552762
11	0.16356881308212223
11	0
11	0.20243905636596682
11	0.2556701646454933
11	0.1591490061960558
11	0.1608095012059286
11	0.24499664799888574
11	0.21634231077268676
11	0.19074249097778923
11	0
11	0.24332759548097668
11	0.17677268408747523
11	0.2401474557511691
11	0.1787146841554299
11	0.24746019614077167
11	0.14391869708428695
11	0.25526529750316834
11	0
11	0.17400033512432198
11	0.1982660739396899
11	0.20988350563656546
11	0.18376873227001816
11	0.1858083591960666
11	0.20721715036341765
11	0.26573110970369973
11	0.18581570917949713
11	0.19892564049236877
11	0.1510563882665878
11	0.18373196088757457
11	0.23985513760574162
11	0.18548543085404506
11	0
11	0.3124161677365531
11	0.23434144590364203
11	0
11	0.2141030831080822
11	0
11	0.19275931882277758
11	0.21151067122029282
11	0.2177830628372866
11	0.21157752816959738
11	0.1949733042249549
11	0.15290712724959016
11	0.20069127572716466
11	0.30623752382443
11	0.257483364335643
11	0.12111086454291503
11	0.15429262564150303
11	0
11	0.12167172251666501
11	0.23013519283059647
11	0.11906535252167567
11	0.2045350608661916
11	0.17832444625076957
11	0.17071915299874962
11	0.41760057882585433
11	0.2853166790100132
11	0.2546730134901095
11	0.21949447629972316
11	0.2006072008601176
11	0.19258497484971088
11	0.19040755191580194
11	0.15628751967115972
11	0.1888946889179165
11	0.4962205536739125
11	0.20522214218383117
11	0.25663584952949214
11	0.20178448104910995
11	0.2738785131729126
11	0.2429736691923303
11	0.17773057547550894
11	0.187201291024304
11	0.18098430327850187
11	0.11249743224268371
11	0.35278725055993726
11	0
11	0.22045844065289705
11	0.19303354782028154
11	0.17655305715166072
11	0.09452269953013417
11	0.36118089934565445
11	0.1683217219375913
11	0
11	0
11	0.2225777244261538
11	0.23960793108179046
11	0
11	0.17170065285972563
11	0.21959411446676602
11	0.17518915539646043
11	0.3572128187707968
11	0.30165256747551794
11	0.22905385193124644
11	0
11	0.20759019895462366
11	0.18744229993777178
11	0.2401816280368212
11	0.23227911978592014
11	0.21080773233859992
11	0
11	0.27006739295830956
11	0.17485115020561928
11	0.18443812448070196
11	0
11	0.17835890996873655
11	0.21886565169776134
11	0.27151348482103904
11	0.22834246296439015
11	0.22947228657283997
11	0.3400950153683009
11	0.23111206451083272
11	0.21913609586323826
11	0
11	0.24988913280369054
11	0.2900918453271857
11	0.3089071725508297
11	0.22853073618830283
11	0.17015579982003054
11	0.24400989026931158
11	0.2151694272843978
11	0.16421051031699355
11	0.3093131738692424
11	0.11548137021225306
11	0.30389798022748293
11	0.24474601678257282
11	0.20735067244444044
11	0.2525985328907702
11	0.22193959380932243
11	0.19927433272919728
11	0.33212933375331155
11	0.2738382138031663
11	0.22654815516886267
11	0.17007722515283208
11	0.23528819050771804
11	0.18400612205813144
11	0.2299095050189474
11	0
11	0.25351078812896016
11	0
11	0.1709400948289355
11	0.20917281030380266
11	0.20377684865679782
11	0
11	0.1791999746414553
11	0.16997457255728746
11	0
11	0.3421311533951363
11	0.1683633748346242
11	0.21471755607876597
11	0.2913093935521879
11	0
11	0.19172337437091536
11	0.22249705099255215
11	0.1292603570313668
11	0.22020846131793034
11	0.16976323104817778
11	0.3513680270046236
11	0.21495087906511645
11	0.14091374896037862
11	0.219077946931612
11	0.11743163998666976
11	0.21058822101209226
11	0.23126868796291924
11	0.21151356734503224
11	0.2210542929986125
11	0.23105021638205903
11	0.20290397018607131
11	0.2274209968738683
11	0.3157411110062782
11	0.27203154041838945
11	0.2376950835889278
11	0.3964162291094212
11	0.27550503371207374
11	0.22114072433599594
11	0.2152133727801351
11	0
11	0.20156985794856896
11	0.20565453641585268
11	0.17660247078217722
11	0
11	0.18667678880986419
11	0.2076206978720387
11	0
11	0
11	0.2416575384699235
11	0.151302634856799
11	0
11	0.29826090303705194
11	0.17541848654439834
11	0.20252582706179856
11	0.18022030643475728
11	0.18513916715465914
11	0.18756571943513073
11	0.17225418157667022
11	0.16208413078477404
11	0.22890931760883268
11	0.23769779440468197
11	0.23530800054817735
11	0.2462819524999777
11	0.1964441389019771
11	0.24167229906954935
11	0.1535510524788382
11	0.14295072633580075
11	0.167942150520556
11	0.16872487853907017
11	0.14748763695496833
11	0.13925436259929802
11	0.28034470170602827
11	0.3060170132626455
11	0.1936233562667037
11	0.17434544134739569
11	0.19439464121904235
11	0.2314297604311107
11	0
11	0
11	0.2717817998634912
11	0.17063788059123092
11	0.18711650992259132
11	0.21189312026699864
11	0
11	0.17812002450820832
11	0.1514679899187318
11	0.15611549903087585
11	0.2666587418538096
11	0.1729157113603215
11	0.2681689381306184
11	0.3019086393782507
11	0.22998504344445497
11	0
11	0
11	0.23686393662888738
11	0.2959279161511296
11	0.1519143068082028
11	0.17311300757414957
11	0.21905659022400217
11	0.25764799477247735
11	0.18543288826044158
11	0.16586863365328144
11	0.34802612890998436
11	0.1791575873913984
11	0.14444409820978155
11	0.33986697072368816
11	0.34182813522172745
11	0
11	0
11	0.27637339206297873
11	0.11415774441693245
11	0.2580929506744938
11	0.21781409339739022
11	0.16794184228671705
11	0.11623234035852784
11	0.21424062422280873
11	0.26853087500938744
11	0.23711076024244926
11	0.3134733739109219
11	0.3446103539645748
11	0.19474744169633357
11	0.23398528204182129
11	0.26745202693221914
11	0.27852197615859553
11	0
11	0.20467344342597404
11	0.15471130382574413
11	0.1835733623481636
11	0
11	0.19285749042919284
11	0.1724857422810149
11	0.36696463882195957
11	0.30509405614111623
11	0.22381348741697882
11	0.2431051273415131
11	0.2812984748332274
11	0.19189091415781193
11	0.2944205077117287
11	0.1886773032827856
11	0.18285149811521284
11	0.16290907147986844
11	0.1870827917948072
11	0.3003045589709187
11	0.22463302231427837
11	0.18876854024321377
11	0.20180906337185878
11	0.21640845288247806
11	0.2623262986717579
11	0.2364096035474183
11	0.24470954676847723
11	0
11	0.232629924030597
11	0
11	0.17036382688714352
11	0.24023158306780784
11	0.11670452594903699
11	0
11	0.2110857681164976
11	0.16628294639036617
11	0.24293105270434043
11	0.24007197201716357
11	0.32335531839033466
11	0.23513767089864987
11	0.3626302294961803
11	0.1841484094560438
11	0.19436828810152373
11	0.2707208231143898
11	0.23845794607389684
11	0.1320324908036201
11	0
11	0.2411310490978957
11	0.206466337989485
11	0.20361396286893202
11	0.31067356655441136
11	0.3631939797021496
11	0
11	0.2127831781127876
11	0.256387435421949
11	0.3298188087229076
11	0.2760502541120985
11	0.172723637547469
11	0.1716661243491427
11	0.20678273068900685
11	0
11	0
11	0.19431347557179343
11	0
11	0.21336292356612324
11	0.22051374512935684
11	0.20942840314458994
11	0.17059398355041544
11	0.2070765455259128
11	0.20637498933607948
11	0.16914641223675583
11	0.1931007935588572
11	0
11	0
11	0.23874836293083376
11	0.3234768403569054
11	0.2333236657807316
11	0.17988090489494107
11	0
11	0.32321073825557517
11	0.24974412733414936
11	0.3144617868530285
11	0.22484286506599072
11	0.14146128291637308
11	0.20908505263492638
11	0.30219637607822464
11	0.20509193817878874
11	0.19955176679968922
11	0.2108390317488466
11	0
11	0
11	0.17389268224342172
11	0.25910208365377624
11	0
11	0
11	0.2515276832793084
11	0.22047512843360653
11	0
11	0.20509871753931838
11	0.2019946674738462
11	0.16351391206762836
11	0.26572877112671556
11	0.18482895506875985
11	0.22774125237806508
11	0.22935839738400005
11	0.19852880967276457
11	0.2131699283850267
11	0.24336435142383409
11	0.3022526748492637
11	0.20320572646860227
11	0.2047675744421798
11	0
11	0.218079411578771
11	0.20544356364616054
11	0.20028644874726229
11	0.13213381805364097
11	0.13990601548802942
11	0
11	0
11	0.22146969979211414
11	0.1908575817468317
11	0.23061664065231727
11	0.19306345291581525
11	0.3153844568173715
11	0.1513515805864024
11	0.1812137671976637
11	0.24300360367618062
11	0.1774021688451441
11	0.28203231008647095
11	0.20792381902652396
11	0.17564283509229314
11	0.1514943948619064
11	0.18558266498945689
11	0.21700395799237132
11	0.32401049012453187
11	0.1916828383023657
11	0.19061000862768565
11	0.14984799397021967
11	0.2148751945863218
11	0.21885174586232947
11	0.20609794596624065
11	0.1670844942838654
11	0.3014195617111526
11	0.2447571480484867
11	0.1754916979470722
11	0.21191938542096955
11	0.21984765947904014
11	0.22685574862735344
11	0
11	0.21880028720789318
11	0
11	0
11	0.2269660752518853
11	0.15852059132170307
11	0.32438946825230786
11	0.2370356688901657
11	0
11	0.20301899268711102
11	0.23227417975152045
11	0.19362438229274323
11	0.30286824349515806
11	0
11	0.20488485454033203
11	0.18588642079666048
11	0.2555261704657889
11	0.11187132025995725
11	0.15385761009895327
11	0.1545862462306765
11	0
11	0
11	0.19740360296056653
11	0.3510798433403123
11	0.23552078406880286
11	0.2770020847543611
11	0.1955198861287325
11	0.14362796167520184
11	0
11	0.20194673052994067
11	0.16228362538939695
11	0
11	0.29958713009283444
11	0.1848370086372651
11	0.16384664273214475
11	0.1332319817356284
11	0.1913674313682142
11	0.21857234271104675
11	0.20265508335275767
11	0.1521071642561624
11	0.23455579929770934
11	0.33197381351697575
11	0
11	0.15101396609184048
11	0.19481882838128942
11	0.2174159932827367
11	0.1332901722390141
11	0.1975778089186487
11	0.2835539436046652
11	0.22125981880145876
11	0.23218285998140598
11	0.1882935652001645
11	0
11	0.2628402199245698
11	0.22830741271665428
11	0.197419981315388
11	0.3949480859526141
11	0.23046179668958092
11	0.3515333729485684
11	0.27960762642401993
11	0.3244547800246558
11	0
11	0.18768860934311316
11	0
11	0.23593657850582062
11	0.28377195890595147
11	0.167843128455318
11	0.15024322805014675
11	0.2102725553717746
11	0.19685094585044619
11	0.20541466757108162
11	0.20258652379475428
11	0
11	0.2543509629716306
11	0
11	0
11	0.20603115496501623
11	0.15751379385265482
11	0.404448204143785
11	0.19814238118378727
11	0.17604671145308345
11	0.2737855083615894
11	0.25924805143462326
11	0
11	0
11	0.20255018254687496
11	0.3353292082165092
11	0.24730271222033412
11	0.21225409817732918
11	0
11	0
11	0.11738113142452856
11	0.1983990855826507
11	0.20970572301836532
11	0.2241288212410547
11	0.22834731676385617
11	0.1967468767519799
11	0
11	0.3103238337230354
11	0
11	0.24728375826329096
11	0.19865749647762507
11	0.34450034037984545
11	0.3768507493859068
11	0.13773233792996117
11	0.22109393592142615
11	0.22989341560253912
11	0.3471193973167031
11	0
11	0.24599231295438162
11	0.17640747002521343
11	0.182079267784728
11	0.4478802502583339
11	0
11	0
11	0.23901966666080604
11	0
11	0.2467508807552362
11	0.1588104779400148
11	0.18087363859717642
11	0.18874974115133733
11	0.3551653090902682
11	0.14716780047192318
11	0.2889192588591801
11	0.16677739178597967
11	0.14167982640494997
11	0.2015530979374528
11	0
11	0.18683569312306442
11	0
11	0.21016969732340332
11	0.20469760046806876
11	0
11	0.17881716993605287
11	0.18774817483198086
11	0.15232501291090642
11	0
11	0.25840622309014327
11	0.11033003903655715
11	0.2044560993660139
11	0.23368598605813698
11	0.29397790300115245
11	0.2625917338776543
11	0.17971648933534357
11	0.14922517035280783
11	0.20779472261670967
11	0.20083733450867453
11	0.23119531099314622
11	0.2905340659475747
11	0
11	0.15480614023848469
11	0.26856200073055575
11	0.24402049815025378
11	0.20013338383668366
11	0
11	0.17930279999670637
11	0.25968663609796183
11	0
11	0.22432363387565496
11	0.26416320045362945
11	0.1449222853801561
11	0.20004665419372797
11	0.14609799120913813
11	0.23059782746980256
11	0.37653850108015996
11	0.18107348565127232
11	0.19858983165642696
11	0.14316611452001682
11	0
11	0.2115657239278541
11	0.17550721224749424
11	0
11	0.18126548722995234
11	0
11	0.23463282557480106
11	0.21742924220329193
11	0.1592717508257687
11	0.16796675621124674
11	0.13934473003305387
11	0.25065529012327886
11	0.1579132427558833
11	0
11	0.26166547587177275
11	0.15895543473949697
11	0
11	0.25335397206569765
11	0
11	0.1553350267159041
11	0.19434046941906133
11	0.23358586087677632
11	0.12871819474299978
11	0.4747139416944683
11	0.16175360053699572
11	0.18404330764724175
11	0.20048460505488575
11	0.24951577677872047
11	0.1997793329926632
11	0.213889810438829
11	0.1726634357040491
11	0.1618222276680767
11	0.19300681950118076
11	0.1463102897349787
11	0.3311503814961281
11	0.16621274479451348
11	0.21563240785361779
11	0.3469333457544506
11	0.32936294817777906
11	0
11	0.21501874181510364
11	0.2656939290102316
11	0.14028262039980244
11	0.18783756711754396
11	0.2087130633615098
11	0.24053153500306942
11	0.16242128339917986
11	0
11	0.2358607448092299
11	0
11	0.29907098815077104
11	0.23523998561482876
11	0.1987711137660468
11	0.1908697143632961
11	0.2444572164732086
11	0.21191660485245203
11	0.2593473260228516
11	0.12946074635040405
11	0.14485220899406545
11	0.22609268663388285
11	0
11	0.25088203588355323
11	0.20140009215645632
11	0.2329614844378642
11	0.32688322785821955
11	0.41035425235109396
11	0
11	0.26230284305780543
11	0.3983919653679622
11	0.20973556170242347
11	0.2973760838798496
11	0
11	0.1728812878117391
11	0.2136307844424159
11	0.24197676557666425
11	0.384332896082599
11	0.25249091083369385
11	0.1935652837158742
11	0.16222004188234568
11	0.14915046113833175
11	0.2266742357958598
11	0.17046156876416038
11	0.18932744626018472
11	0.2691332507082125
11	0.22959795524424237
11	0.17568615150958347
11	0.29063992142636386
11	0.1900260581477128
11	0
11	0.1900160052984791
11	0.173929103102302
11	0.26341979356193373
11	0.19369658421517483
11	0.24030350958693078
11	0.16902290345516277
11	0
11	0.2590551246244213
11	0.17932522277587762
11	0.1868854211308673
11	0
11	0.32923006791368875
11	0.3414295987447045
11	0.18444373157839206
11	0.2597916702203878
11	0.20031356476036688
11	0.35717553925966794
11	0.22949213975655788
11	0
11	0.3403821518234943
11	0
11	0.2585595211395911
11	0
11	0.37026561567537464
11	0.2604975487303441
11	0.246099283878137
11	0.16587851394673556
11	0
11	0.21767543193199182
11	0.35304177880098414
11	0.27864608065696894
11	0.21467662176236582
11	0
11	0.20825038846016466
11	0.19891848108904656
11	0.3449986809513989
11	0.19007271400631873
11	0.21029978121241077
11	0.15790653801439994
11	0.2795457929445521
11	0.2325626154153823
11	0.17047056861672327
11	0.2472490110412905
11	0.1813615444900332
11	0.2868331771708788
11	0.19024510566440184
11	0.2868194767311589
11	0.1453761254649573
11	0
11	0.16620501775848096
11	0.44000052189488487
11	0.1521620355524248
11	0.27976833988301014
11	0.25400175903444
11	0.20643851136197708
11	0.19378371832813518
11	0.4228948514885484
11	0.2518004393602518
11	0.37169755544217364
11	0.17039281900917308
11	0.164552455496111
11	0.3054400808624147
11	0.17117701924093728
11	0.2400278439089158
11	0.29889453052146214
11	0.3011924189442328
11	0
11	0
11	0
11	0
11	0.2477622242946655
11	0.2264477277962277
11	0.30763421688721426
11	0.21006019564505118
11	0.2724582802114374
11	0.21078385229675808
11	0.1309075772281334
11	0.27633447266664696
11	0
11	0.26798535816873
11	0.16835842312254393
11	0.2222034498529664
11	0.2151848770030264
11	0.1383659925182266
11	0.18145907682141746
11	0
11	0.13338457231783876
11	0.1592829910987908
11	0
11	0.24429582569053546
11	0.29026154888880806
11	0.2844826307479982
11	0
11	0.20237745454832373
11	0.21910280360009052
11	0.1722937079081722
11	0.24358239790224917
11	0.23774247715024788
11	0.22215899622768756
11	0.18212107731793514
11	0.1976748981847923
11	0.19351740259018585
11	0
11	0.2737193934314728
11	0
11	0.2676266799795842
11	0.24645009860134895
11	0.13319125667329962
11	0.23771015453229813
11	0.25622960190865374
11	0.18795335129861587
11	0.17372594850555237
11	0.13858701550613867
11	0.29116554513632925
11	0.2990995792559483
11	0.18031858749668606
11	0
11	0.26624214147269515
11	0.20590682558064863
11	0
11	0
11	0
11	0.2961833155967401
11	0.17858222681629612
11	0.19093627434328314
11	0.20857855181544255
11	0
11	0
11	0.25566133651501444
11	0
11	0.25572339134736716
11	0.18416740819752325
11	0.14308654051334527
11	0
11	0.20263948208576554
11	0
11	0.16228189841163598
11	0.19439475896675024
11	0.36061359084719463
11	0.18441648480255857
11	0.25914840417609897
11	0.1442065872095174
11	0.33519424002461584
11	0.2418157388313508
11	0.1992598270474565
11	0
11	0.14151631279393456
11	0.17880022852213395
11	0.25396034539453827
11	0.20790317760495025
11	0.23347568432958019
11	0.19146836305630405
11	0.26592475578404995
11	0.2391553297306001
11	0.16585690521145305
11	0.23603809030723644
11	0.22179729508963916
11	0.3215498863843873
11	0.3327049639489442
11	0.18352675489702205
11	0
11	0
11	0.24477336181516518
11	0.17794735270578016
11	0.16326626470316077
11	0.28880427355251787
11	0.19647566418207227
11	0.14603668732211625
11	0
11	0.28824875573407094
11	0.23699035910214408
11	0.20165947373500512
11	0
11	0.14023581382982753
11	0.16885462140133234
11	0.1694926453234702
11	0.22089947032865906
11	0.16011750103699782
11	0.23478295221154227
11	0
11	0.256348461061764
11	0.24655718765859702
11	0.23823854669925218
11	0.16368478020160018
11	0.3831514117208743
11	0.39878799897338696
11	0.16069692548370207
11	0.1710414751855944
11	0
11	0.26246060602628013
11	0.1756741722586283
11	0.17788946007890885
11	0.1476616098323745
11	0.2850625931643682
11	0.2704752264974785
11	0
11	0.28812230126263727
11	0.2431606228869158
11	0.18649436629213897
11	0.18687198278172784
11	0.26969120452418016
11	0.18471620120144658
11	0.2325826778879982
11	0.2768634621106643
11	0.2257454848783155
11	0.2970891395412532
11	0.21972809099344875
11	0.14428000623395756
11	0.1828848195572588
11	0.18557612781651578
11	0.2372820763516017
11	0.26125662997311133
11	0.19601278622292279
11	0.17656912397144886
11	0.21294983419374236
11	0.2143506265120055
11	0.15204519802841351
11	0.24484153626945054
11	0.15063402418774682
11	0.3106247810568426
11	0
11	0.1843005309949252
11	0.2547872695371366
11	0.14687473484422556
11	0
11	0.1850380198974193
11	0.17713544907605955
11	0.1607655223981365
11	0
11	0.2189802773089584
11	0.25564207538956424
11	0.23853004727187696
11	0.2989678407436718
11	0.15944382233955925
11	0.221668509561281
11	0.1856326643990827
11	0.5352711033847815
11	0.19396509691034597
11	0.17168959045417925
11	0.16299719664838433
11	0.11512737420673418
11	0.2769073002828932
11	0
11	0.1508527444143847
11	0.2136774020491669
11	0.20718716720820857
11	0.16847510226181325
11	0.18120764588502736
11	0.2282658213515169
11	0.2334716165273803
11	0.22490171946633347
11	0.2621936999611382
11	0
11	0.16370693749487714
11	0.14477444225023672
11	0.13602559755839191
11	0
11	0.1294968509321675
11	0
11	0.19987274639009747
11	0.27501454681208315
11	0.2306649586546235
11	0.32581767160205155
11	0.18938005398737698
11	0.2719675369394616
11	0.1935267228663736
11	0.2847982566158472
11	0.1466923581363232
11	0.21919032832551458
11	0.21809870454542254
11	0.2707319844900483
11	0.1848613094366861
11	0.2892512904137033
11	0.23613266418606546
11	0.22924220792977446
11	0.2293174915790681
11	0.14806448351975315
11	0.30975925366632157
11	0.17732785486123426
11	0.2386455768062064
11	0.32470644505556234
11	0.24994409604433382
11	0.20324455471444497
11	0.17092869686518392
11	0.2755324306253338
11	0
11	0
11	0.18573956687301885
11	0.16012690589076528
11	0
11	0.15005621753421466
11	0
11	0.23340949110076747
11	0
11	0.12664200317389215
11	0.32490978752579647
11	0
11	0.2051979073027015
11	0.2240337129735646
11	0.21129689722180273
11	0
11	0.2560152038197622
11	0.2761996021943208
11	0.27912059714828374
11	0.16981930349804206
11	0
11	0.2533509145467502
11	0.2356082234833025
11	0.16085902819462916
11	0.33700332119481285
11	0.20201043655441323
11	0.19774863039133636
11	0.21188456337930903
11	0.22618718977093805
11	0
11	0.216536241375213
11	0.18519329073486046
11	0.25878872993785806
11	0
11	0.2095251511942569
11	0.1310826487984502
11	0.23850277326798683
11	0.21110174101112336
11	0
11	0
11	0.10417631003494306
11	0.2107250057995923
11	0
11	0
11	0
11	0.18218498260063976
11	0
11	0.2739388070395633
11	0.14988432532744347
11	0.20593867055607587
11	0
11	0.15147077560149905
11	0.20198992245686614
11	0.24129945917453777
11	0.12859097611935988
11	0
11	0.29293464532760394
11	0.19984822282701328
11	0.2023080004377568
11	0.35795351027024963
11	0.28223886952576005
11	0.17206684609861955
11	0
11	0.13865995166611797
11	0.3070286270543212
11	0.16303456286703846
11	0
11	0.18951837874378327
11	0.228573317435945
11	0.2566770758945387
11	0.26573391754759706
11	0.16161930739823588
11	0
11	0
11	0
11	0.14599188340990243
11	0.1727591266327615
11	0.17938558253037384
11	0.13143877372824933
11	0.15246577273005593
11	0
11	0.16783883236101207
11	0.18224443806571045
11	0.23863677840671232
11	0.17936109199749908
11	0.2373060745295834
11	0.27700578497119505
11	0
11	0.1685592609200271
11	0.2735598521702305
11	0
11	0.21275222059697893
11	0
11	0.2172372679198136
11	0.2579579181840526
11	0.2107945154735005
11	0.21562993621641002
11	0.27560172296765784
11	0.13909337824081247
11	0.174700576274805
11	0.21385506247030894
11	0.26044050440834265
11	0.2309916155052798
11	0
11	0.18010689239790525
11	0.15320547126306772
11	0
11	0.21768222841659207
11	0.18141336850483664
11	0
11	0.3401110746906089
11	0.2694971323649142
11	0
11	0.25561430803366286
11	0.23584934610823502
11	0.2871544427026439
11	0.13929777000623544
11	0
11	0.19401529482718632
11	0
11	0.18421144806968728
11	0.2786199949826463
11	0.354908779048101
11	0.21380871144349056
11	0.34380441248399424
11	0.3549316422630655
11	0.21657279257521211
11	0.18695577095473598
11	0
11	0.21453050377031882
11	0.19537463477743738
11	0.14024175236725814
11	0.1974911475879348
11	0.24285846454767923
11	0.19076230088274054
11	0.20448056601152628
11	0.202551819770479
11	0.2502528489101301
11	0.1694908413025698
11	0.19758828457783548
11	0.28725932098577117
11	0.17953401943599603
11	0.17477029982049275
11	0.245967942810005
11	0
11	0.2140117220765864
11	0.3624447879975504
11	0
11	0
11	0.26108546934428
11	0.14284908284504474
11	0.14825512268142504
11	0.1612337036137323
11	0.18897346825332184
11	0.20209249940484725
11	0
11	0.2165257522162583
11	0.24370164706351094
11	0
11	0.20295060711843307
11	0
11	0.19814267761731688
11	0.33069268884719943
11	0.22837169159514012
11	0.2348869307006851
11	0.24421353927118722
11	0.19396811290701452
11	0.17396977080252482
11	0
11	0.17500923226896659
11	0.20903310864584815
11	0.23315587883766245
11	0.19602203400905596
11	0.2292740101613176
11	0.1446610021622391
11	0.15832040028606476
11	0.2052999057582575
11	0.2192137753487948
11	0.19760552190812322
11	0.15400313035557806
11	0.16214231274990465
11	0.37629287690703656
11	0.1669246817949971
11	0.2561132895894069
11	0.13808092957654622
11	0.24819952038114595
11	0.20108703462481956
11	0.1770106315228811
11	0.20734018834409404
11	0.19125558128994477
11	0.29657463590240496
11	0.20228767756545202
11	0.2415446929414723
11	0.24164622790980564
11	0.28706620848286224
11	0.1818066720840986
11	0.35150859477174023
11	0.1968042551522593
11	0.19226989661625668
11	0.30504530921411904
11	0.12200453735693667
11	0.21190077258485832
11	0.11485766457093372
11	0.23945145081521446
11	0.2518692287674658
11	0
11	0.18958914387342057
11	0.24728794951580887
11	0.21003152002420958
11	0.20726079003980583
11	0.25088037332864355
11	0.14195331471491138
11	0.17222333211757512
11	0.28334188842365693
11	0.14779647916749178
11	0.19192053318283495
11	0.09480040485525099
11	0.21341073280427125
11	0.2804632477984722
11	0.1977128502646982
11	0.18243326905063742
11	0
11	0.4183169358613902
11	0.1735596803544049
11	0.16568580747080192
11	0.22384022234939596
11	0.20645326867343866
11	0.28965756068760545
11	0.22481759864458098
11	0.1673312095597485
11	0.13239851117491136
11	0.29840675308391335
11	0
11	0.16915325595270697
11	0.27237077200223153
11	0.20098492900904538
11	0.18214817437457406
11	0.21763719141142882
11	0.1546383700659172
11	0.23632487056942084
11	0.2512052672534347
11	0
11	0.27635687487866684
11	0
11	0.18907631031724903
11	0
11	0.27881331621171457
11	0.1435840957479788
11	0.21091751075448378
11	0.17107087516193425
11	0.2652234423124107
11	0.2564034472186782
11	0
11	0
11	0.2943366838301832
11	0.25183563410257626
11	0.19870977412114138
11	0.22514927626233847
11	0.24419987503857155
11	0.23635365868601993
11	0.2446530069618988
11	0.284480962227283
11	0.17756469669832495
11	0
11	0.11563268378842029
11	0.2108779514399307
11	0.19496948705409906
11	0.17490683987814312
11	0
11	0.25590313826617084
11	0.27239418246748737
11	0.20983384646415573
11	0
11	0.23597251410644093
11	0.15892299057456277
11	0.15645509892865328
11	0.15699530310926132
11	0.2023857753996666
11	0.21898390095767598
11	0.15935874875575556
11	0.26133918037440484
11	0.27479497520420804
11	0
11	0.34697942833082596
11	0
11	0.2110278295188347
11	0.27862262918851616
11	0.35702732874817894
11	0.16968670482635761
11	0.21729684282789352
11	0.16351806517950634
11	0.22971250364698004
11	0.26911093845942696
11	0
11	0.16798287825639163
11	0
11	0.0897886434864142
11	0.24106792153613932
11	0.13009980590932324
11	0.24905164729225984
11	0.15408927104700215
11	0.31119957921322733
11	0.19263364590828347
11	0.17202536664424217
11	0.1350549252914149
11	0.23660736205062716
11	0.2482961291631289
11	0.18271603648267154
11	0.13807295055599533
11	0.21330886725051665
11	0.13039496068171333
11	0.3064820798131683
11	0.31764952100528526
11	0.21300534228117374
11	0
11	0.10733361209767493
11	0.13883606898708806
11	0.2802095079988483
11	0.21674387275949525
11	0.16344924665120866
11	0.19865272909139708
11	0.4019479071462958
11	0.33734502750234524
11	0.17483130469006164
11	0.22219883714180808
11	0.2705839523784902
11	0.13131233104521145
11	0
11	0
11	0.208279565013416
11	0.23520884189438113
11	0.21375535884236607
11	0.14071156512348576
11	0
11	0.1262794920389509
11	0.31612912903576634
11	0.1784489923041149
11	0.21448057826942693
11	0.17029830201900575
11	0.28082709228376496
11	0.18767181741572178
11	0.1761056071368551
11	0.2812239677124203
11	0.1831905241555209
11	0.1302797663519231
11	0.3462744471169485
11	0
11	0.16652378451543487
11	0.1766287203243574
11	0.18845743188179925
11	0.22361403234298027
11	0.2569071020627672
11	0.2356271436552562
11	0.26426940167906704
11	0.11693740072070194
11	0.3680208567469154
11	0.2087005546687424
11	0.2504821626158892
11	0.18499525353966517
11	0.2493873859302343
11	0.24302751433221065
11	0.14885105581379213
11	0.19131881222978178
11	0.1394712720620988
11	0.21916897599389054
11	0
11	0.2146002555641617
11	0.18648386066515374
11	0
11	0.3033075264612228
11	0.24497528790294726
11	0.20362756534243556
11	0.18568443395416706
11	0.16810412108270426
11	0
11	0.2613425587555116
11	0.14694650919652516
11	0.18558895391691427
11	0.2602569981746786
11	0.3070545455891011
11	0.16268257451967147
11	0.12025834973453271
11	0.15647720251740607
11	0.22196724722507646
11	0.2379212557598339
11	0
11	0.19660609564277876
11	0.28282301690580924
11	0.1360046930993899
11	0.18725234975848912
11	0
11	0.2776754785803572
11	0.32870923069851726
11	0.22281296663660805
11	0.22101363573112986
11	0.21196246666247387
11	0.2792215248723535
11	0
11	0.24861646364262457
11	0
11	0
11	0
11	0.31150669991273594
11	0.15753803674724098
11	0.18541458868317467
11	0.14790479219820096
11	0.15254866052081303
11	0.20734882867894613
11	0.2091622946207246
11	0.2091044040822488
11	0.1775072109210081
11	0.27464812105696107
11	0.23172423976108286
11	0.19621124612337043
11	0.16853478213997258
11	0.28053668888292155
11	0.17199340891856812
11	0.17658659032071897
11	0.167429728102167
11	0.1731001190066915
11	0.17340280599248703
11	0.21046209545566585
11	0.1639350061308085
11	0.16675943218547962
11	0.17813010873984655
11	0.19387450651681484
11	0.1644803953868195
11	0
11	0.20439865645212724
11	0.17765742784375294
11	0.15664377988376108
11	0.15726129237965222
11	0
11	0
11	0.2246779091497978
11	0.18180680315692244
11	0.1553071750317484
11	0.20195772145284147
11	0.18939234000959598
11	0.11392961539836285
11	0.2281511930850047
11	0.24118832320252523
11	0.2448849092204875
11	0.20661600625780013
11	0.1519693974240497
11	0.22200124417475453
11	0
11	0.20875769245998
11	0.26419874081352995
11	0
11	0.17178227185214442
11	0.1854976877465027
11	0.09213435522738633
11	0.30106634518180797
11	0.1369012430736357
11	0.14205537548993244
11	0.13327864711230233
11	0.1654469581870407
11	0.13103753342888588
11	0.22728006519586252
11	0.2341389359636883
11	0.2305524974201568
11	0.1964782514167534
11	0.2256901752341909
11	0.14902567044971693
11	0
11	0.1697106313102431
11	0.2938748624116895
11	0.28856647886954917
11	0
11	0.21039599347868462
11	0.30743697551580335
11	0.2568457179190416
11	0.390032370260337
11	0.1774834463731432
11	0
11	0.12416598856674546
11	0.15478094995860311
11	0.18981703626544472
11	0.30566357209799555
11	0.14271712821906546
11	0.2278858705334981
11	0.18398802131679634
11	0.10574304672849386
11	0.13039634513401185
11	0.2353346058475583
11	0.19442430598515434
11	0.15596240117109378
11	0.24588039733423356
11	0.18050604997369415
11	0.16533766856567925
11	0.2148645006556136
11	0.2253019624815254
11	0.22812124084463586
11	0.19826115797009106
11	0.20087515969812303
11	0.17402262398938562
11	0.28922617576437165
11	0.1508490306232948
11	0.13105472029504922
11	0.17507458664086098
11	0.1660299653801852
11	0.2648151021597253
11	0.1563479936398963
11	0.15928882396592903
11	0.1456704576736577
11	0.2585966928504889
11	0.19441950890516577
11	0.22971449707580457
11	0.20557935846493455
11	0
11	0
11	0.21001616772891285
11	0.2513759030688957
11	0
11	0.2239482390682245
11	0.24221754152469632
11	0.20361112193618025
11	0.2838602802251149
11	0.2683979943484941
11	0
11	0.16417405995090079
11	0.21663185298946877
11	0.24929194641491995
11	0.14402661505488595
11	0.13104802320339556
11	0.23962667382167083
11	0.1941440401991414
11	0.2217207920797767
11	0.19661839066230882
11	0.3648254091483536
11	0.2130278333201902
11	0.20512009262755915
11	0.21777894956174668
11	0.24782298288222476
11	0.2657361480188922
11	0.31984359022827086
11	0.32350716113096406
11	0.2351677942271029
11	0.20142112008637295
11	0.10561020418101988
11	0.18223874089472594
11	0.23762981850754364
11	0.2930159206647566
11	0.264158689348125
11	0.27273344803326394
11	0.18564399184393693
11	0.3107191100987498
11	0.159836493365702
11	0.17253924222568195
11	0.3791798193277377
11	0.27654188369558597
11	0.19929953212776036
11	0.19737643146725034
11	0
11	0.2829366592370732
11	0
11	0.2966393055543044
11	0
11	0.39196017071244804
11	0.4578570787139966
11	0.22587622687243666
11	0.2798540508910723
11	0.20310461384285824
11	0.26937002845828273
11	0.3075529486153777
11	0.21201730912733
11	0
11	0.200384699556187
11	0.27465557715424965
11	0.2811870967399562
11	0.24668250909988743
11	0.330882635241878
11	0.17596364349416702
11	0.17228551679751222
11	0.27502245814348825
11	0
11	0.2196555986138012
11	0.2533417128999833
11	0.23297116478091873
11	0.24903997895082464
11	0.1720483440144242
11	0
11	0.27968665236150425
11	0
11	0.21326484089668207
11	0
11	0.2046677519452769
11	0.3325603648943207
11	0.23564602049319164
11	0.23567793137591347
11	0.1867287874299037
11	0.2444134944905769
11	0.2093021182329638
11	0.22595304110827788
11	0
11	0
11	0
11	0.16002598839416518
11	0.2589894506732827
11	0.20448572672056722
11	0.37721088850556017
11	0.13097279340325932
11	0.24936827061001898
11	0.20261746683838816
11	0.20241107213961015
11	0.18815318687992758
11	0.29227734412896145
11	0.18665900975934405
11	0.17179172861869027
11	0.20041601729375783
11	0.18343523679720397
11	0.1808049309721414
11	0.26089967938076647
11	0.1896821492831817
11	0
11	0.1643394379436686
11	0
11	0.25820949662278714
11	0.1987216576938888
11	0.21788724209195412
11	0.16911606026180434
11	0.16509339269216533
11	0
11	0.31480156095585277
11	0.2085141832444346
11	0.2707506090528713
11	0.32667553046098985
11	0.17906517340579828
11	0.1641876961223885
11	0.18030490882250624
11	0.24294090021622314
11	0.24541163493745438
11	0.22080583158150452
11	0.2894588787443574
11	0.13954833775070274
11	0.2159724248555597
11	0.20632272918282252
11	0
11	0
11	0.23048334489974845
11	0.3244569724305616
11	0.2797670955135152
11	0.19665471780933677
11	0.16055046201679082
11	0.1467758473200853
11	0.1236863667460051
11	0
11	0
11	0.30046392772151465
11	0.48025010223765896
11	0.1557831081690192
11	0
11	0.16030118804409166
11	0.23553435382263022
11	0
11	0.182863936130544
11	0.2283218859067344
11	0.19640665305380922
11	0.17966206406250024
11	0.2279369446643423
11	0.2479844869301031
11	0.2484174014528079
11	0
11	0.3124065851269353
11	0
11	0.1527759062745024
11	0.25665057488114495
11	0.32443164330714347
11	0.289784157345048
11	0
11	0.24035160891427407
11	0
11	0.2168207346167222
11	0.24997041642219042
11	0.24838821347538642
11	0
11	0
11	0.13753591173077728
11	0.25963926715670715
11	0
11	0.22412044872917392
11	0
11	0.21732679428438587
11	0.18319709050366678
11	0.15392411937176917
11	0.3293569305611314
11	0
11	0.2582332907982836
11	0.1930257691845692
11	0
11	0.32696568072531823
11	0
11	0.3662740289130862
11	0.16561832922341876
11	0
11	0.16150741942522495
11	0.20370447555384813
11	0.2245794696589497
11	0.20219624952084408
11	0.1638679613817595
11	0.34815271798883135
11	0
11	0.16776264123797668
11	0.30884594083881994
11	0.16047497158209512
11	0.2533064588020816
11	0.19748741887412016
11	0.27643713464444075
11	0.23001203038808501
11	0.27500282488618055
11	0.2132661923279997
11	0.37630649511210357
11	0.3408426028628256
11	0.1517204027531929
11	0.25719407063903754
11	0
11	0.27390075423928173
11	0
11	0
11	0.22619787402542935
11	0.24974195401037216
11	0.2098169724693365
11	0.41422662029597596
11	0.27840698260890734
11	0.1779469379676179
11	0
11	0.27439268432904385
11	0.1563258070320638
11	0
11	0
11	0.20527116206071513
11	0.4352085391657029
11	0.11638188282660701
11	0
11	0
11	0.1714098170498723
11	0.3287877386219751
11	0.21046887330801944
11	0.21916471756706152
11	0.22391577980586982
11	0.22049096568567042
11	0.37316403812680804
11	0.26435393282980835
11	0.13049589491751157
11	0.2194838795821045
11	0
11	0.2757714651564772
11	0.3110260849936063
11	0
11	0.26526235122719255
11	0
11	0.2617464136372361
11	0.2267892214460683
11	0
11	0.22014807730813113
11	0.1390305521365274
11	0.2096088090671242
11	0.15110922864850185
11	0.1817345966087771
11	0.32779155858497677
11	0.26533951604208533
11	0.2423203682962056
11	0.21721102652828736
11	0.29684893257641015
11	0.1851214023331646
11	0.22301313424952987
11	0.14552172483353848
11	0.21079026314133611
11	0
11	0.14151185623367052
11	0.20655293815286824
11	0.2569491670033264
11	0.1714687805290697
11	0.18273319064075294
11	0.18989669140089627
11	0.18472874404281786
11	0.2229296509475516
11	0.19670770255279002
11	0.18504737969043802
11	0.1971850893749464
11	0.1681739500376719
11	0
11	0.38576625825882277
11	0.2149886323325277
11	0.2186354217257635
11	0.22840709497257264
11	0.38952517840697765
11	0.16968705434931977
11	0
11	0.1256694880950896
11	0.27537811814575663
11	0.24480784226341404
11	0.22229717301721955
11	0.2813942482036475
11	0.2358993194684347
11	0.20622479716463324
11	0.16692983670346997
11	0.20125031733969934
11	0.28477405119972843
11	0.5260942330652343
11	0.3236438307887595
11	0.21631885231259015
11	0
11	0.25302091764887064
11	0
11	0.45943742163360984
11	0.23098649241769312
11	0.18400084556092497
11	0.18255297132758644
11	0
11	0.2751879355575609
11	0.26706685561240795
11	0.23091321789604444
11	0.23556826438866638
11	0.20113998890468102
11	0.165651767930708
11	0.12515646077468615
11	0.18725884938098963
11	0
11	0.2578135641627974
11	0
11	0.22849231895578345
11	0.20471844533678143
11	0
11	0
11	0
11	0.31092652497424933
11	0.2768251502971674
11	0.31574507303284355
11	0
11	0.2034206104206437
11	0.20759158709201989
11	0
11	0.22319681577625516
11	0.08172587924097711
11	0
11	0.2289957080813335
11	0.20393488256905948
11	0
11	0.1595056819192038
11	0.23042994459945715
11	0.2580823601772772
11	0.2364311251581297
11	0.30159599109523716
11	0.21254810267618682
11	0
11	0.2539451164929267
11	0.23452558415300803
11	0.19428862174342437
11	0
11	0.3424824965102702
11	0
11	0
11	0.24718335353480736
11	0.15541329187956704
11	0.1701309989102352
11	0.14390699153366543
11	0.16718878051883776
11	0.26271477606549465
11	0.11765472023798992
11	0.1377722187146767
11	0.25411984582797176
11	0.14072340402397687
11	0
11	0
11	0.27164506374194375
11	0.1808214849973496
11	0.21112328163356903
11	0
11	0.14402525902573338
11	0.23672661309228069
11	0.18972526051915556
11	0
11	0.18695074004836695
11	0.16772003895187365
11	0.2598570075308502
11	0.240481608975422
11	0.18458497937373006
11	0.22548982808299411
11	0.11975739387480833
11	0.16638067418838678
11	0
11	0.2106068016046115
11	0.3084190136209797
11	0.23881656042117308
11	0.19236999097446114
11	0.30476487542678293
11	0.207054775515372
11	0.23139916753258222
11	0.2509231637011581
11	0
11	0.28360560538621793
11	0.16418679970799782
11	0.2408224004379147
11	0.1955049228622236
11	0.1279238894742153
11	0
11	0.2177933994163519
11	0.3276115847256561
11	0.1542037590167516
11	0.1770049368071367
11	0.2691952417037009
11	0.13513605604166476
11	0.22065916563069654
11	0.23962721561983938
11	0.20702065873674655
11	0.18242573150067437
11	0
11	0.21544099051081136
11	0.2805296337870235
11	0
11	0.37800778611055574
11	0.21171330045927356
11	0.25199270317211575
11	0.21966683502189063
11	0.14444101578070137
11	0.214295167320291
11	0.23628489933388983
11	0.18885921700447456
11	0.22871452540853018
11	0.15530265802979346
11	0.2825891392481886
11	0.32044446905629126
11	0.14394740421840665
11	0.22874395033158723
11	0
11	0.21749204309379463
11	0.24941987625223908
11	0.23917341935734746
11	0.2999778108722053
11	0
11	0.2416272689940158
11	0.19091565822415732
11	0.28030906894849017
11	0.24974277734110895
11	0.1357060478213888
11	0.26697581178710234
11	0.2607022759648067
11	0.23059982411264984
11	0.1831104617429435
11	0
11	0.1343448270080262
11	0.13908794293466464
11	0.2475341002916592
11	0
11	0.22445757597202176
11	0.23296435325570955
11	0.2508382544174857
11	0
11	0.24908036956012047
11	0.22725136309960423
11	0.2245042695652885
11	0.18855909800501097
11	0.24665735966225877
11	0.1821219285012104
11	0.2819716439328143
11	0.12715526764762153
11	0.3025453937711149
11	0.1926022745506094
11	0.2028898435768785
11	0.19872666009716597
11	0.24634993318550175
11	0
11	0.17979617637268933
11	0.19402889735722997
11	0.1474013375932069
11	0
11	0.20288797842831083
11	0
11	0.11296581401892158
11	0.2042429880420455
11	0.13814868196224336
11	0.1954077563882055
11	0.21869140158591183
11	0.24338090775405496
11	0.22201636111447676
11	0.1570034610918928
11	0
11	0.21025677460300476
11	0.19615776819213798
11	0
11	0.18009746761342985
11	0.20214609686327245
11	0.1851897903507916
11	0.22960293699116968
11	0.16982081576132668
11	0.15793825243727588
11	0.23337504394223166
11	0.27817223577707445
11	0.14196219493780277
11	0.14175003631557606
11	0.27065492397424123
11	0.19434138937146186
11	0
11	0.14791362706382988
11	0.15464006076630388
11	0.26098593259695174
11	0.4878889702110561
11	0.14595377469538412
11	0.2578255159391668
11	0.15834063989464453
11	0.34433248363135327
11	0.21976458902124066
11	0.29470488636752185
11	0.3146544702030498
11	0
11	0.2648397562179989
11	0.13948059565323057
11	0.4491401570914988
11	0.19448927456839346
11	0.15450220282042368
11	0.3136609698990726
11	0.24554924394620367
11	0.24940396667747625
11	0
11	0.21154886013937999
11	0.24101510868403053
11	0.17066916162191442
11	0.13401780315150563
11	0.1398374128161242
11	0.3237879090640883
11	0.2676114375673904
11	0.26654552931887227
11	0.18568768439143538
11	0
11	0
11	0.18753653160238118
11	0.17479152511848886
11	0
11	0
11	0.32781062087370666
11	0.2385539472811471
11	0.297686024579012
11	0.17048437338551672
11	0.22649264617234208
11	0.3106873185461263
11	0.1747142972499375
11	0.1516390308846305
11	0.385189025734899
11	0.20778405392750787
11	0.146955606009085
11	0.31615785548928754
11	0.2719181181344519
11	0.1857118928215719
11	0.23458371596780125
11	0.49355728912361535
11	0.21781852941936686
11	0.27806571720357615
11	0.2032007265711608
11	0.17858789788871468
11	0.30975607376314906
11	0
11	0.20789156664662217
11	0.19339719997277963
11	0.21982231887567186
11	0.21545438005526885
11	0.3336139581830187
11	0.2287029566233801
11	0
11	0.28028215296101333
11	0.12969485868821962
11	0.17150116585803757
11	0.17646161251163797
11	0.15217369193042893
11	0.24493746921912207
11	0.24183070601249754
11	0.1519879696931927
11	0.20128191313188531
11	0
11	0.28000361965870535
11	0.2647764297533793
11	0.21405819803767875
11	0.16892321838874727
11	0.20213037899766648
11	0.25211986782184687
11	0.19349617904409544
11	0.18650425496650996
11	0.25486156784186553
11	0
11	0.17493738518701002
11	0.32815794495655337
11	0.3012465195855292
11	0.19960112734694171
11	0.2802873076772465
11	0.19648634174523513
11	0.31033036712662854
11	0.18545542042819202
11	0.28402807110653605
11	0.3105725847626806
11	0.19492188393976437
11	0.28679389394256616
11	0.1519150326146137
11	0.22304809995171238
11	0.23104543914428013
11	0.24161979601339645
11	0.11069938440392249
11	0.24108373607235534
11	0.2206500125998563
11	0.15905987542539704
11	0.16222372986710037
11	0.28951061640526043
11	0.1775892463505145
11	0
11	0.2953367064016655
11	0.2712815801710276
11	0.29682755430688407
11	0.185714346834263
11	0
11	0.185238251605701
11	0.18508768421463784
11	0
11	0.17748889053047062
11	0.3252266995953768
11	0.1776442019558802
11	0.29470696732209944
11	0.19229293997246993
11	0.2235463304168722
11	0.17716840422465926
11	0.15501121988790215
11	0.22132474448275294
11	0
11	0.1963967729407821
11	0.16283893451357512
11	0.21299371837919082
11	0
11	0.16565875924489465
11	0
11	0
11	0.22330404597851478
11	0.4959655277291055
11	0.23403798491120145
11	0.21914780183602797
11	0.22723294242280379
11	0
11	0.13356954626199957
11	0.18865039812694903
11	0
11	0.4398325825689127
11	0.26587366233220805
11	0.1253375430402121
11	0.23620406057207868
11	0.26131057201954955
11	0.09826278939251128
11	0.14681853290079286
11	0.155343111542204
11	0.11891484284140671
11	0.19840578116067834
11	0.11344068723839373
11	0.2521708724885195
11	0.19612328327303966
11	0
11	0.29775827532103544
11	0.21032694498308738
11	0.2581220986182745
11	0
11	0
11	0.1640504367314984
11	0.2616574244485138
11	0.18817290014480947
11	0.178264104313613
11	0.27524765446488747
11	0.13326824178983615
11	0
11	0.21451460338647635
11	0.24808655835952217
11	0.20847900837954259
11	0.19096194029451702
11	0.17258024995454502
11	0
11	0
11	0.26716890545853256
11	0.3485492664354842
11	0.263820662943877
11	0.22153133746378564
11	0.2041733313481141
11	0
11	0.2068376109301345
11	0.2639567011524892
11	0.1977191317137316
11	0
11	0.15203740820946535
11	0.14889923622473558
11	0.22055876629654417
11	0.15862448662775167
11	0.12262213634441428
11	0.21108324080637766
11	0.15270434508112699
11	0
11	0.24558070544936117
11	0
11	0
11	0.21150266478863777
11	0.19468711971638555
11	0.2549115751329762
11	0.18842875084243485
11	0.22332296637153398
11	0.24658400662856042
11	0.14085325002991425
11	0.20212703406352606
11	0.22126856024302696
11	0.20973738884325008
11	0.2042174485341043
11	0.1977687330280165
11	0.25650193264792664
11	0
11	0.17523089320707377
11	0
11	0.1725635662506927
11	0.1960122251719828
11	0.21071681043344964
11	0.24709944780857543
11	0.18573225798599688
11	0.26205110015495336
11	0.2272720640486245
11	0.22491896755938098
11	0.1540586665062225
11	0
11	0.4151290468536563
11	0.20754455301990232
11	0.2811355112002197
11	0.13464508698760408
11	0
11	0
11	0.26117300753475314
11	0.2436017384785628
11	0.21798746957032852
11	0.18187513270676292
11	0.22857750698321683
11	0.22188888486425765
11	0.17801315335651205
11	0.38031938830945156
11	0.20715015482598922
11	0.16059905329177204
11	0.19933727729946218
11	0
11	0.25089593993011283
11	0.2935944013805734
11	0
11	0.18583485512725362
11	0.3039302553434157
11	0.1865713838175087
11	0.17198129890734232
11	0.23072846819131454
11	0.26854485840525893
11	0.2400629998767154
11	0.2736467757668513
11	0.16673789697396976
11	0.17080402459579935
11	0
11	0
11	0
11	0
11	0.1962337452261321
11	0
11	0.25262741313696013
11	0
11	0
11	0.2559485008308678
11	0.17082643001942266
11	0.18009885593618907
11	0.18670061899257823
11	0.23792387026746156
11	0.17524959703788312
11	0.23249111707085451
11	0
11	0.1796764424800714
11	0.19851831660085953
11	0.20942572002744458
11	0.49542415549616137
11	0.2128483369547135
11	0.18181436359040457
11	0.2100644226414738
11	0.2057580462737548
11	0.15740979923875933
11	0.17025897803494616
11	0.16288265842247457
11	0.162159831466085
11	0.2501723551007298
11	0.2206596914285777
11	0.3014954768675193
11	0.25830106473508885
11	0
11	0.24861123057043624
11	0.21830692723885783
11	0.13971302098802443
11	0.2068095157255583
11	0.3554061138509189
11	0
11	0.19855909476890388
11	0.17629209195724455
11	0.2531330838531177
11	0.17150755429835102
11	0.21085926342491393
11	0.20603929138891114
11	0
11	0.23116779358572465
11	0.19104064033837437
11	0
11	0.352143360923455
11	0.20632615283839134
11	0.32013832869419434
11	0.2331367885392272
11	0.14481870360393564
11	0.23831704998919426
11	0.19474065727347523
11	0.24625753873636672
11	0
11	0.22554143913218647
11	0.15664829358015375
11	0.2022336730501861
11	0
11	0
11	0.26057055584822797
11	0.12516174811751143
11	0
11	0.17060024550785594
11	0.17935265795146602
11	0.159356813771157
11	0.19889902800679032
11	0.20528719471865284
11	0.2364056685956179
11	0.2671568614597799
11	0.1691760315927205
11	0
11	0.16408995407762555
11	0.17820157386599456
11	0.3125395672452409
11	0.22374931163112155
11	0.23128568732979898
11	0.27027026940998855
11	0
11	0
11	0.22523076386851065
11	0
11	0.2254014376441808
11	0.2975099997532855
11	0.284229511389986
11	0.20678672079622357
11	0.17604266391662698
11	0
11	0.19871638891188395
11	0.22514524118081247
11	0.2822204784323261
11	0
11	0.20917581574860836
11	0.21720963607665836
11	0.21526022679487541
11	0.43441437481087225
11	0.1676606828354426
11	0.22497221651227578
11	0.23191642993934833
11	0.14492629806210633
11	0.23515717210749829
11	0.1969807070699601
11	0
11	0.2416596143902356
11	0.21964057898069092
11	0
11	0.1961873507454029
11	0
11	0.12458282478258907
11	0.2616853047022303
11	0.4176336433455602
11	0.22195035633480378
11	0.20360282385786452
11	0.1931875742591583
11	0.14367619106772314
11	0.3645092223345205
11	0.18837303954069487
11	0.24022317502466406
11	0.16502733666894373
11	0.2188615704683152
11	0.17499730077434605
11	0.20661834913608992
11	0.2455179704370099
11	0.16162553419493636
11	0.2611232011298825
11	0.26369915930903515
11	0.14572655474096077
11	0.16795666232545664
11	0
11	0.15304488542043376
11	0.28097933702794964
11	0.16865138863232193
11	0.42293321988859933
11	0.17916765829437012
11	0.2406997906175345
11	0.2110617348389407
11	0.19776177302951714
11	0.15145154433947325
11	0.2479412129012822
11	0.2005198083546519
11	0.25505672051070793
11	0.20690270649672088
11	0.16772324926650128
11	0.23026278582004636
11	0.3242660175794636
11	0.27804570606247175
11	0
11	0.1953144854800481
11	0.1306787654425132
11	0.25152341943459966
11	0.17930021161440024
11	0.1843751075526413
11	0
11	0.23150610196971438
11	0.30410073896099116
11	0.26709583888121347
11	0.27683601514213846
11	0.22231253038320012
11	0
11	0.16273365799407782
11	0
11	0
11	0.2134509803454065
11	0.2188833998426639
11	0.15960289305059952
11	0.2989846131956927
11	0
11	0
11	0.2574781181915708
11	0.1916556604672135
11	0.15377776991027903
11	0.2323001973986207
11	0
11	0.1352900323311143
11	0.2731255764405389
11	0.21505382938406392
11	0.21485495194613452
11	0.23126936228089437
11	0.23208241896228088
11	0.13848159344819588
11	0.20075766254662544
11	0.27508519617051813
11	0.25492569601253035
11	0.1991120180168905
11	0.25925893734069155
11	0
11	0.20178201385169658
11	0.12921861563750686
11	0
11	0.12432895397201923
11	0.19642062928701184
11	0.16349248883948772
11	0
11	0.15016834490306052
11	0.1861465661500393
11	0.23427461705095948
11	0.2799408094939069
11	0.162399018011435
11	0
11	0.19034159585446825
11	0.17731803033558483
11	0.17439050631681036
11	0.2919152201811104
11	0.12214559469936617
11	0
11	0.4275809214495261
11	0.20599972736097932
11	0.1921747409377011
11	0.2743490822917994
11	0
11	0.25190493769315525
11	0.17884152638826234
11	0.2452777221325524
11	0
11	0.1843864925613463
11	0.4392057520517852
11	0.24029922495252953
11	0.15628284912223186
11	0.22042545464462826
11	0.20989708965086168
11	0.2451384919719991
11	0.2588760137009088
11	0
11	0.18428355404553626
11	0.1689290189683883
11	0
11	0.1432504773723346
11	0.26409031498225716
11	0.20947922721466278
11	0
11	0.17704891044446644
11	0.4500416067254486
11	0.29459199720493745
11	0.19733549202862144
11	0.15167522007892617
11	0.19919761866458516
11	0.1498996731024178
11	0
11	0.1891138956474844
11	0
11	0.2013904267155523
11	0.26463734171766407
11	0.17039925918743343
11	0.18798082786113227
11	0.3156527939507118
11	0.21438159697099243
11	0.21667010124779695
11	0.2407778366864884
11	0.27025984984627477
11	0.18655039941131343
11	0
11	0.26498299293190536
11	0.37243048997691564
11	0.285678582262706
11	0.360472383852273
11	0.20627073612367688
11	0.28274445080949473
11	0
11	0.25320506879983473
11	0.2528843894434987
11	0
11	0.2504309392884926
11	0.3868924562568966
11	0.34627511322939625
11	0.18864119509198396
11	0.18670965839972958
11	0.3924744058148523
11	0
11	0.2746899794551444
11	0
11	0.20305632725627834
11	0.19290494175705564
11	0
11	0.20321868382157315
11	0.3447508813772111
11	0.18121367458400084
11	0.17188263726904263
11	0
11	0.29851285726694987
11	0
11	0.34901614505932294
11	0.16871822331845154
11	0.21442089089232383
11	0.26170372495864985
11	0.2378647981588336
11	0.23976101800057664
11	0
11	0.11047751561488778
11	0
11	0.2327072661616517
11	0.22580927829129474
11	0.15995032436538967
11	0.35217511405951807
11	0.24564033041564712
11	0.22101439470351048
11	0.19192131322013758
11	0
11	0.26229700024790187
11	0.3719735119315164
11	0.2707258817381086
11	0.23196567147708305
11	0
11	0.22608784821778208
11	0
11	0.20488102250681664
11	0
11	0.21868266534118766
11	0.27748516364919856
11	0.14727795791501191
11	0.16426849001392643
11	0.24042196250318837
11	0
11	0
11	0.1883427148667186
11	0
11	0.23252382952401512
11	0.20044874530737022
11	0.11486911607027617
11	0.16839972591830715
11	0.18322191446956293
11	0.2700625542479189
11	0.16090846263398018
11	0
11	0.20481771123112125
11	0.23049627984241858
11	0.14446686995166075
11	0.17377771000849418
11	0
11	0.3816413301177702
11	0.3139909265121394
11	0.1958954714015151
11	0.1713926804816832
11	0
11	0.34214516681124
11	0.22250573688085185
11	0.17605188712045236
11	0
11	0.32705184513449337
11	0.22976973476078255
11	0
11	0.19286465848530387
11	0.2495666486632435
11	0.2821032072572438
11	0
11	0
11	0.21234784904134163
11	0.16695651103870665
11	0.19737608330722586
11	0.15514844207410533
11	0.21279115944250548
11	0
11	0.11798322615885655
11	0
11	0.406211258940964
11	0.4332546472251886
11	0.2083448774761092
11	0.24522311972752212
11	0.2177234376194974
11	0.2641266183792956
11	0.23925133217448313
11	0.18604871221671354
11	0.23658356139152578
11	0.2282278153640317
11	0.18822347258138025
11	0.17272783005856018
11	0.14725781333917554
11	0.47528120735651835
11	0.15015257671511903
11	0.3306295519739514
11	0.20875891079309758
11	0.1159826055538568
11	0.1671566651130954
11	0.2596993881035141
11	0.20336623423469824
11	0.25539449002327286
11	0.22913498347852793
11	0.1562109669950672
11	0.2381780695230919
11	0.15278169564016889
11	0
11	0.2633915748151464
11	0.19886064222705235
11	0
11	0
11	0
11	0
11	0.18331832886393917
11	0.22035738903311008
11	0
11	0.22345242550991432
11	0.18876877010543744
11	0.19286067863497508
11	0
11	0.2993327398349505
11	0.3110719239666632
11	0.1883021653277151
11	0.16338273124524114
11	0.15134201520280474
11	0.35177263638166495
11	0.2205921979621221
11	0.2258609192075508
11	0.2501124810901114
11	0
11	0.1977410821554554
11	0.1877632468810875
11	0.20231285455529763
11	0.23943115424658518
11	0.36436385513843084
11	0.27207282556624685
11	0.21769909661192938
11	0.26024355589959985
11	0.2039363769782687
11	0.19754580602126154
11	0.17999143309481955
11	0.27479933483848634
11	0.2652168882594697
11	0.21723715317926615
11	0
11	0
11	0.21162471641723304
11	0.259496013281038
11	0.21552951031956702
11	0.19646255059340567
11	0.2572698038959814
11	0.5121527151255263
11	0.1284800772949196
11	0.19969156546001499
11	0.1708703029162842
11	0
11	0.20140338375901026
11	0.2500933977925162
11	0.3022431549992321
11	0.13097162507002763
11	0.20090957907107232
11	0.17064826179673626
11	0
11	0.18161069736858992
11	0.17224004558620185
11	0.2791219565900474
11	0.2109657779105476
11	0.20365826360786085
11	0.2682911335527522
11	0
11	0.22753472025885949
11	0.23041336777894006
11	0.25575989133099597
11	0.14446452273697505
11	0.2978774506407258
11	0.21976838978704602
11	0.2029911239962277
11	0.20983982114691377
11	0.19706735632100414
11	0.2956950655452133
11	0.24796490392858073
11	0.2989832433373089
11	0
11	0.21402425464771865
11	0.36117313921072136
11	0.17489274396982823
11	0.15993108476111384
11	0.2621486484789822
11	0.18189928345323347
11	0.32192117991967795
11	0.2050955219161159
11	0.20261747699460755
11	0.18702443671434577
11	0.21558252690097562
11	0.16726580927929433
11	0
11	0.17691905083921405
11	0.3709355774739408
11	0
11	0.16696912037568573
11	0.14982947531454407
11	0.23281467177145176
11	0
11	0
11	0.15449399869258285
11	0.2594280225557244
11	0.3824171236406598
11	0.2793709668100371
11	0.19607383180350668
11	0.31020478758249137
11	0.4158719736690883
11	0
11	0
11	0
11	0.20363391640968226
11	0.2183943780345995
11	0.14964182408688584
11	0.3647383372443501
11	0.29725600294694987
11	0.1276051184490583
11	0.1889898935952924
11	0.2665113097542382
11	0.2776058892322073
11	0.21768560422224273
11	0.29549509672215624
11	0.1771631092000936
11	0
11	0.22903562110490244
11	0.17848140911772967
11	0.15103206647779419
11	0.2337764012639174
11	0.2995355272136535
11	0.1822477918259979
11	0.2567790737045209
11	0
11	0.2493659120362763
11	0.23434331169091993
11	0.24787587073041684
11	0.19561848218182076
11	0.10674691032121253
11	0.18863747377072973
11	0.24687822454905287
11	0.15409062047040875
11	0
11	0.20861033143502422
11	0.23977587041597678
11	0.19146639003781094
11	0.17811425736357314
11	0.22881468000989777
11	0
11	0.18559322790169036
11	0.12504510341829475
11	0.15685503901962825
11	0.22991141260677952
11	0.12318860761688066
11	0
11	0.1516210113245443
11	0.25579712982931546
11	0.32918087179343736
11	0.320569807920835
11	0
11	0.23226753893252877
11	0.13698694124088764
11	0.1748423282425173
11	0.1731227217156127
11	0
11	0.19740107880727134
11	0.3037698072543922
11	0.13609186878367832
11	0.21848015660229758
11	0.30649181601922704
11	0.20905108800208616
11	0.19093215516487327
11	0.1408760448989602
11	0.21426774373714863
11	0.2748738117240112
11	0.3429426415446146
11	0.17326839628685237
11	0.24115346077062244
11	0.32739624973438214
11	0.2228333252652833
11	0
11	0.17526309617474864
11	0.26565242014590973
11	0.16570994288526805
11	0.25883969664271345
11	0.2775820791766846
11	0.28830003444763563
11	0.24436725181638047
11	0
11	0.17993672071914657
11	0.16056131922733188
11	0.16268655885514677
11	0.2397852420182982
11	0.15439194053820376
11	0.2655452700403586
11	0.2646922373074349
11	0.19824126600727804
11	0.15515970589273576
11	0.2929950083868949
11	0.20409764342595244
11	0.17403559310346683
11	0.21622432644704107
11	0
11	0.2515597174679526
11	0.2212828236760897
11	0.1888919245094354
11	0.24270083168265755
11	0.14820739852676668
11	0.2434196159609588
11	0.21581725934328183
11	0.19097855805759592
11	0.2678990659121569
11	0.22008672608543398
11	0.3877070798394361
11	0.2458553622223631
11	0.2086147825693053
11	0.35038341342777124
11	0.3244590197793367
11	0.2705498435521052
11	0.25384812754363484
11	0.2562614354826567
11	0.24544338866861173
11	0.2102179388160649
11	0.1387116997846319
11	0.1934844640278292
11	0.24016890562688317
11	0.19383181408948075
11	0
11	0.262918258983271
11	0
11	0
11	0.20108714073711761
11	0.2452485456801782
11	0.15272989304201803
11	0
11	0.28748311257611103
11	0
11	0
11	0.2236264895179491
11	0.24659822770369208
11	0.147663480307546
11	0
11	0.2449532755120352
11	0.1340880655276294
11	0.2085915219766146
11	0
11	0.19102276940870905
11	0.1302705993750126
11	0.2318163946929987
11	0.1488277584330974
11	0.2193882758682628
11	0.2440347435421723
11	0.333331292347861
11	0.27369938884410716
11	0.27485473261566995
11	0.24283326128378452
11	0.1568459353515128
11	0.18010008464007615
11	0.276955657153257
11	0.17806108287061215
11	0.24741446555048316
11	0.13740068393732485
11	0.23933018152292232
11	0.19515015200688995
11	0.22524778440179954
11	0.11998235805627339
11	0.4060818287642518
11	0
11	0.2384702365494811
11	0.30039692483342006
11	0.240842335633154
11	0.14871628600403566
11	0.18367848925014138
11	0.13300606963203454
11	0
11	0.2105543256485293
11	0.2658871107711956
11	0
11	0.19793691388573625
11	0.2025487607524843
11	0
11	0
11	0.24739087522364903
11	0.25619789962600986
11	0.18688534131543483
11	0.1858049454097599
11	0.12884736517274004
11	0.15502996556738252
11	0
11	0.15090930964109392
11	0.39703953144612164
11	0.16083587750014608
11	0.248797964332556
11	0.18945661223721474
11	0.3000458513483104
11	0.27073200774317024
11	0
11	0.29866812328982
11	0
11	0.2039495665467603
11	0.18278716224986483
11	0.24615703951052906
11	0.22505904472023694
11	0
11	0.324385200333786
11	0.12204331765753006
11	0.26586289911398653
11	0.2309472646792827
11	0.2655954646289139
11	0.17686986152951498
11	0.17850756652615765
11	0.2097804397381751
11	0.1772024757207094
11	0
11	0.25202536664417724
11	0.14069051055669915
11	0.16854051359410765
11	0.1925573415347786
11	0.19749341240822116
11	0.19883056379977937
11	0.14758031710097583
11	0.21269916013412934
11	0.20326288267649437
11	0.1698564084734065
11	0.21564955084735096
11	0.2963351242004789
11	0.19393106501523105
11	0.25729133868651627
11	0.31795349235139775
11	0.22317796477012272
11	0.43626555193410355
11	0.2577704480869032
11	0.15642289662670347
11	0.30268873864972723
11	0.16270695127084453
11	0.1510127353163547
11	0.16366601008592616
11	0.20532920009022138
11	0.16893594488855726
11	0.1799896501667649
11	0
11	0.22099677551927677
11	0.3301641183416495
11	0.20819383992083199
11	0.20831790670000866
11	0.22475078916925537
11	0.2211858619278869
11	0.2028213783209513
11	0.24386893809980792
11	0.15737192369678388
11	0.18999466510909133
11	0.2588020344944452
11	0
11	0.11753163722985951
11	0.25749665780407316
11	0.18167781476308792
11	0.2612502381544201
11	0.2764021192003089
11	0.19318112924300784
11	0
11	0.2244114131690388
11	0.2323540716524345
11	0.23705591845031068
11	0.18744003955813732
11	0.2583521752151544
11	0.28991337033178527
11	0
11	0.2815535294467057
11	0.18801110817965155
11	0.1952616027892057
11	0.162053220160203
11	0.22530259263496116
11	0
11	0.2283774210711365
11	0.22351400986056152
11	0.2271878931371761
11	0.18259669139050524
11	0.37363848203749084
11	0.15358872799778492
11	0.22835913643574474
11	0.13746299900952916
11	0.297379117834949
11	0.19301630228704444
11	0.4439180578168318
11	0.19209707004823443
11	0.26795842291602967
11	0.3284996280768474
11	0
11	0.17703236438787748
11	0.15326730460477572
11	0.16928794143355366
11	0.18506815461666692
11	0.2207676592024701
11	0.1509973398557364
11	0
11	0.23571818955321136
11	0.22722822801961423
11	0.23908302671443074
11	0.14044535499672878
11	0
11	0.17620221852922546
11	0.19230377612833244
11	0.36585133509366136
11	0.208908853775029
11	0.20715452463843587
11	0.15061486631735457
11	0.2126495946157684
11	0.16797361709964959
11	0.2231360357457652
11	0.2181367898958758
11	0.2542839557392045
11	0.25318948701823496
11	0
11	0.23931165554362982
11	0
11	0.2425981381701142
11	0.16554929596323248
11	0.3044193783876235
11	0
11	0.265829489105755
11	0.18049500748166114
11	0.1593795743512385
11	0.2582499854278312
11	0.10628090710878645
11	0.2279089650906127
11	0
11	0.24268088244823083
11	0.242277872133465
11	0.3775305600007952
11	0.20235377165051993
11	0.2546735555846868
11	0.2115653915220115
11	0.3420917084713967
11	0.1910568386721109
11	0.2504422602689802
11	0.35380521423188427
11	0.22903531270605063
11	0.15798623820428093
11	0.11818499078478267
11	0.28667428461611255
11	0.1983855824949806
11	0.15269908851333525
11	0.14820541998688938
11	0
11	0.1752241762341219
11	0.19689108572675554
11	0.1744772669372752
11	0.36279542538542714
11	0.11137058488564902
11	0.26718685628554256
11	0.19493200575342348
11	0.3338948384118735
11	0.22518516567172858
11	0
11	0
11	0.19906686825816597
11	0.1679462203605729
11	0.23598248868608157
11	0.20760568979040153
11	0
11	0.20644377334121955
11	0
11	0.18195756465109436
11	0.36284805471881887
11	0.17917998324854253
11	0
11	0
11	0.24813953125883254
11	0.20229283405536092
11	0.19384587501414285
11	0.17432224595520257
11	0.24427815960396804
11	0.22856082928277446
11	0.18855241615107582
11	0.24652995973912245
11	0.25626245429968064
11	0.28764961141435363
11	0.2136911893696975
11	0.23487949739872838
11	0
11	0.17295509524696454
11	0.11811037387130316
11	0.3330490175954577
11	0.09632866347283998
11	0.1347547959057038
11	0.20192384520934478
11	0
11	0.28596583248639673
11	0.2392386721766105
11	0.2649100976931389
11	0.19894119961453785
11	0.18193560942041942
11	0.182325186150967
11	0.26172021023624925
11	0.165391120208237
11	0.19574280051981252
11	0.19856863235979355
11	0.2474714111097411
11	0.14340532133136863
11	0.19442674548550262
11	0
11	0.19368651625312888
11	0.3711177997405193
11	0.3747010341002891
11	0.24947386966803498
11	0.28016453764889276
11	0.2828498722714887
11	0.2994483360683086
11	0
11	0
11	0.27536436457736685
11	0.18006531685036292
11	0
11	0.29320791900744597
11	0.22744134783560557
11	0.26421864928637445
11	0.23125993874424894
11	0.196279716671277
11	0.12630032113404713
11	0.34049438241855345
11	0.16519984109857522
11	0.224461649107634
11	0
11	0.27741584465006497
11	0.15669357892799896
11	0
11	0.17598587556157277
11	0
11	0.24231713738659838
11	0.23302214994612536
11	0
11	0.24026716492049363
11	0.16264785461438092
11	0.12586735572680705
11	0.20787855837551192
11	0.21106914396170215
11	0.23997614257807084
11	0.16160558646635867
11	0.1278097891103472
11	0
11	0.3024061954945917
11	0.15590705807460806
11	0.2593813920012696
11	0
11	0.2621932049853972
11	0.1708725562442695
11	0.25955177843306254
11	0.29573809021917286
11	0.25403157152130684
11	0
11	0.20752638684545066
11	0.2037717706648953
11	0.23679044317713727
11	0.2199178443787427
11	0.24777561038152637
11	0.23582054064797367
11	0.22727146180433902
11	0.12669648824375
11	0.2472694905815915
11	0.2623566989197359
11	0.16243802775131436
11	0
11	0.24111585725396537
11	0.16907647033233691
11	0.2030962453551017
11	0.2364335310194551
11	0.15702710467174447
11	0.24327573607537173
11	0.2502830801149603
11	0.23452689854168948
11	0.16196964796662316
11	0.17910294755240747
11	0.30813320971362884
11	0.1625999764290714
11	0
11	0.17717328171521088
11	0.17052287264484245
11	0.17166577606969105
11	0.22641934258318014
11	0.17421690183872016
11	0
11	0.24852001695737436
11	0.2231010657469596
11	0
11	0
11	0.1782525459336907
11	0.2302902377134796
11	0.167250181020515
11	0.22974518445507772
11	0
11	0.17449173577527122
11	0.2705165008200601
11	0.3302772232120775
11	0.26906778426912625
11	0.11777049033869577
11	0.30949963008768355
11	0
11	0.24914051134999093
11	0.19430710087647884
11	0.13486162435960453
11	0.18021853158805132
11	0.2076382103340728
11	0.23477015353065916
11	0.30282558252912795
11	0.19424174429464103
11	0.17996520770359553
11	0.16610479412781617
11	0.24918129787796947
11	0.167117653853179
11	0.35277961923507556
11	0.19151978792431792
11	0.16713894006333727
11	0.23137112173182128
11	0
11	0.20833289591169624
11	0.16351810352723217
11	0
11	0.27547022355324824
11	0.21905213727869857
11	0.2122852722009348
11	0
11	0.16412887721276315
11	0.2582243114613001
11	0.18297828122082985
11	0.2134967268185425
11	0
11	0.22861638548386473
11	0.1843982746855897
11	0.28467749083394156
11	0.19984134835277156
11	0.2506897814909524
11	0
11	0.19453952723876305
11	0.25691865390861557
11	0.2817650117454984
11	0.11750255990667087
11	0.18331599542400587
11	0.17950303315892735
11	0.34204467646708603
11	0.26233827944147803
11	0.25344379621661456
11	0.301325800754046
11	0.21306454520815038
11	0.18351503047213721
11	0
11	0.26979560871083696
11	0.23030042941696366
11	0.13143249567865273
11	0.2409938780978969
11	0.2656952817678024
11	0.2810577919672083
11	0
11	0.2631227819041378
11	0.16845593519136334
11	0
11	0.1780693235258064
11	0.28017679170761184
11	0.21292644137865835
11	0
11	0.16267978490404272
11	0.1791557563589388
11	0.14073307788759695
11	0.2691704250996555
11	0.25043614184454016
11	0.24900729003240687
11	0.21123259285357823
11	0.34712989698971997
11	0.19325217443885595
11	0.23727614282928383
11	0.18525565421197057
11	0.18842094729934433
11	0.2418934915594872
11	0.1803887778212607
11	0.18610593948657125
11	0.19924309594447803
11	0.16282915471667536
11	0.1416877306490113
11	0.22940372745888937
11	0.18965714675446813
11	0.21864217313766912
11	0.17125854040687105
11	0
11	0.2038001858562721
11	0.29729723282258996
11	0.2047345577476482
11	0.18275116680328948
11	0.1699484491481115
11	0.17298429650521582
11	0.2593023145974351
11	0.1166541747573824
11	0.2835256099426125
11	0.1940805814528692
11	0.2035616809306346
11	0.18350083943053624
11	0.2297055110133606
11	0.15874411537894328
11	0.17316884778138006
11	0.17882451527733115
11	0.2952371878539269
11	0
11	0.2138479394599944
11	0.16397350718333448
11	0.20452128817375642
11	0.22119671909223548
11	0.24156580420339974
11	0.21481303800142473
11	0.1999765194425514
11	0.16378790903038892
11	0.22111353493646338
11	0.16829094949860812
11	0.3137288645121947
11	0.25059633330510944
11	0.1547598013159147
11	0.4327366761713753
11	0.39718992013042853
11	0.23482279675059753
11	0.17239321976499042
11	0.1726698747743609
11	0.16955343100511
11	0.3178034012633364
11	0
11	0
11	0.18158376302510204
11	0.24009495595682331
11	0.23944151731317737
11	0.14202824097738936
11	0.22740706586498804
11	0.236108958879239
11	0.11218008747966363
11	0.32089197394457847
11	0
11	0.153771563211619
11	0.19937213100265766
11	0.19219260972667315
11	0.16509190165400695
11	0.22519622799315173
11	0.24018707581019488
11	0.2877881865964154
11	0
11	0.18583934418799378
11	0.09014565042824758
11	0
11	0.31266298485027805
11	0.18672820176157467
11	0.3060799962195803
11	0.19733207090198795
11	0
11	0.284293222526316
11	0.14557813831048422
11	0.19813409306934426
11	0.2433667721153581
11	0.322293055263775
11	0.23248244399813553
11	0
11	0.20888612704739895
11	0.24829804986656703
11	0.17997939587927977
11	0.15843486573765087
11	0.21455398682666568
11	0
11	0.2690086272962248
11	0.3315708490738799
11	0.23927157431566357
11	0
11	0.36371137106675255
11	0.36505325500048097
11	0.17292029739716291
11	0.23272579576201385
11	0
11	0.2004472805119469
11	0.27975142811729425
11	0.38777315659977446
11	0
11	0.1445948719968997
11	0.18038180898193348
11	0.27001772650323985
11	0.23681225862129643
11	0.18659677750787815
11	0.3289442559662506
11	0.19657058028537483
11	0.22880955784887563
11	0.21917552281526503
11	0.19160376299014303
11	0.12268534763256371
11	0.23822941181952326
11	0.1589293516548867
11	0.11608335824315177
11	0.29414054870467854
11	0.278234477053803
11	0.16716388759437215
11	0.38519887240087713
11	0
11	0.1514450452142818
11	0.34681994350392154
11	0.25638231699446035
11	0.23380511251344346
11	0.23314227317036368
11	0
11	0.2616613315299758
11	0
11	0.2484337132665692
11	0.20374104214273284
11	0
11	0.24360191766812903
11	0.23137809358410016
11	0.1921223577579677
11	0.30288749915689994
11	0.23543093624971617
11	0
11	0.28856253461384307
11	0.21715568538077812
11	0.22312088993734444
11	0.1634087259128195
11	0
11	0.25157983613277674
11	0.1709276370878327
11	0.2610030339835053
11	0.19199957934070735
11	0
11	0.24636570777623085
11	0.24859128511586123
11	0.1941187339910426
11	0
11	0.30077380020146777
11	0.261218775874669
11	0.25585085977866057
11	0.11923382884745115
11	0.2547584648065521
11	0.16319387761557444
11	0.21726107738856057
11	0.2397169522802229
11	0.3489454500285011
11	0.20666774869681726
11	0.19616598177609973
11	0.26608134933108746
11	0.20912714645366454
11	0.30178360681712346
11	0.2124495340839982
11	0.2070080500729626
11	0.20329219546878716
11	0.44728936722179563
11	0.33906247505093523
11	0.09806798089860097
11	0
11	0.17730055776463485
11	0.19800774486253317
11	0
11	0.14361133614201999
11	0.23290257987254592
11	0.2710816236784526
11	0.2436899089038207
11	0.2758187593766196
11	0
11	0.12931517712923046
11	0.22498637544194502
11	0.18621639651850094
11	0.23433636468173202
11	0.1718290898780504
11	0.16402015183212587
11	0
11	0.13673955310062563
11	0.22704979987806304
11	0.22082815579414844
11	0
11	0.27309168996517685
11	0
11	0.3330364001301817
11	0.23550780903208252
11	0.25684197015182025
11	0.10432774649830899
11	0.19970309163264988
11	0.19512835578367344
11	0.22646784617783614
11	0.20618834255212742
11	0.1599330803986556
11	0.2573758290842259
11	0.15982683446781792
11	0.18947467907810794
11	0.31953020486106853
11	0.2035503712556587
11	0.2046136138139549
11	0
11	0.14934839759052265
11	0.2837287181660352
11	0.18744257329902922
11	0
11	0.2424390998501339
11	0.16837475514927697
11	0.16699341557802597
11	0.20567642696407196
11	0.24376112028304572
11	0.23945085425267257
11	0.2183786493744625
11	0.21568868257782298
11	0.2421130380581763
11	0.17804679262009154
11	0
11	0.10706815792753602
11	0.19572544884005175
11	0
11	0
11	0.21758288206644363
11	0.23463366957294515
11	0.18457039185406313
11	0.29173892659702605
11	0.281473590031446
11	0.17943198640680844
11	0.2076502255955603
11	0.18612903090075858
11	0.16269037539244036
11	0.24009026702579928
11	0.18352592429308937
11	0.23214148983857408
11	0.295818799928798
11	0.19747784523016826
11	0.15688315174881517
11	0.14309737003549627
11	0.22164326981776797
11	0.13942097261820935
11	0.20574019715873487
11	0.20264037887076178
11	0.2681078893204493
11	0
11	0
11	0.2564474741063152
11	0.2778643396591548
11	0.20627819687229956
11	0.1957032646216164
11	0.2106930946037156
11	0
11	0.18393468789676673
11	0
11	0
11	0.21123478024790893
11	0
11	0.25405315432626
11	0.21999766234324122
11	0.2226659125001011
11	0.31951654765305054
11	0
11	0.29633952632031935
11	0.20280957519757317
11	0.21101985778810525
11	0.27488748377401134
11	0.12751665142138768
11	0.1800712209928537
11	0
11	0.28504138118579647
11	0.20339336431155713
11	0.2783174644024934
11	0.2230370584506447
11	0.25608082230550516
11	0
11	0.19740984997083805
11	0.24079006783626922
11	0.12936663977247737
11	0.1725822963158129
11	0.25452107006108676
11	0.20780130285278312
11	0.28007171846489237
11	0.29215755468040966
11	0.3025724636529246
11	0.25272465337620814
11	0
11	0.21783183198666167
11	0.1782505263011134
11	0.1826047551667979
11	0.12883049511275782
11	0
11	0.21538300217483494
11	0
11	0.1635358570466485
11	0.2491992820629098
11	0.22119859510392242
11	0.23731922957662804
11	0.27626085890313934
11	0.22465248847028538
11	0.10263424403728795
11	0.22499764365253933
11	0.24012177919929484
11	0.2626365164330744
11	0.15783998518343723
11	0
11	0.1922408677500219
11	0.2157093261650411
11	0.14331733174506966
11	0.25545218049499885
11	0.22064824072371209
11	0
11	0.21008023471430806
11	0.1365175766200899
11	0
11	0
11	0.2100213616650305
11	0.1998804619169852
11	0.20578012804485651
11	0
11	0.17029250856159617
11	0.12671601931338633
11	0
11	0.24543314794338697
11	0.31226243301395207
11	0.30018547788470357
11	0.19564197641101597
11	0.17973253141398732
11	0.2812277650192153
11	0.16681524049293905
11	0.2232893954156699
11	0.19511442426971087
11	0.17788951413793186
11	0.15717328099033626
11	0.23427681345665952
11	0.18005777911585857
11	0
11	0.19320370462757175
11	0.2138348894399853
11	0.19378822008592067
11	0.20349794260662415
11	0.20649718255499003
11	0.2543433676146157
11	0.12263945048222827
11	0.2842793922508781
11	0.21562988409181438
11	0
11	0.19543369275043146
11	0
11	0.11680402245734803
11	0
11	0.3230848754560653
11	0
11	0.23739238094050932
11	0
11	0.2729069004098985
11	0.21987379166903137
11	0.1759241037970619
11	0.2605389375921017
11	0.1758493028357788
11	0.21765473725308015
11	0.13416850033162575
11	0
11	0.22827284250661994
11	0.27029320644655497
11	0.134104515256448
11	0.15819054611992697
11	0
11	0.215040055967358
11	0.24885765405909685
11	0.22476599183595453
11	0.27803908892650225
11	0.25840293292649885
11	0.2290461650931183
11	0.13739567252437632
11	0.09810419957445236
11	0.17173484825011015
11	0.26516594229170287
11	0.21332661232945513
11	0
11	0.18642456438203706
11	0.11161486132538315
11	0
11	0.24467228567340116
11	0.24871984926381263
11	0.28354101377657803
11	0
11	0.20367071742501316
11	0.2043023144083701
11	0.22938888266330607
11	0.1803549755740061
11	0.19939613379126878
11	0.17852808668925454
11	0.22728067161948456
11	0.19812611532981136
11	0.16324162491802868
11	0.20864730495974312
11	0
11	0.23531010446162634
11	0.17396230517851338
11	0.18892514040245748
11	0.2642477546367742
11	0.31691808129505716
11	0.35613885984816696
11	0.15559622215057523
11	0
11	0.28640074623487677
11	0.25520384577765387
11	0.3018495012511202
11	0.36989750361409723
11	0.1861841908309888
11	0.24951340671135575
11	0.246653200682797
11	0.13058583252017217
11	0.20537550988078426
11	0.21975770654869442
11	0.24835865118811312
11	0.2693519349513816
11	0.1825064986203679
11	0.24557282262382335
11	0.2445455596894444
11	0.21404614863746113
11	0.1908500826746862
11	0
11	0.1728495108973258
11	0
11	0.13462886904614418
11	0
11	0
11	0.14231600688575669
11	0.27711048777199604
11	0
11	0.2204334064839452
11	0.2113849085696469
11	0.1742882550119829
11	0.23459258378270584
11	0.23179722950903245
11	0.1801270038404219
11	0.3561732339885354
11	0.2798832387521909
11	0.21085376419439078
11	0.1410305787587845
11	0.23081278600923866
11	0.16792710802860245
11	0.22969272056304957
11	0.27782607710002816
11	0.1525328169854525
11	0.23744059294765865
11	0
11	0.2123616527435894
11	0.2889686740816166
11	0
11	0.14580313681007534
11	0
11	0.1355849718412651
11	0.27105957603944053
11	0.22955012385379175
11	0.1440647790326733
11	0.20455305024939566
11	0.2698963994974474
11	0
11	0.26850876064891366
11	0.17684752671138165
11	0
11	0.16356509395303773
11	0
11	0.16789588991703397
11	0.21342717588144383
11	0.15092453665950334
11	0.2215424903006943
11	0.19214919907945613
11	0.2057344981402814
11	0.3584996237434947
11	0.11857971527432344
11	0.14203320408386613
11	0.18093759064790177
11	0
11	0.16875469472802107
11	0.1652623260491756
11	0
11	0.18607060545571838
11	0.1503855287548681
11	0.25118474475305824
11	0
11	0.295270998411715
11	0.2874587480929426
11	0.2865901532574035
11	0.23133631369020416
11	0.3569024414281152
11	0.16336535960375081
11	0.21139707311927566
11	0.19777727403326378
11	0.13230223415575024
11	0.1847033410112845
11	0.15069675561168044
11	0.2425258279554895
11	0.21717219249811043
11	0
11	0.23542719687711983
11	0.21049403052943547
11	0.18004066430219548
11	0
11	0.24036387943930437
11	0.15954492156882782
11	0.16628524366303102
11	0.22056479518303557
11	0.19074650819130975
11	0.2288604311170374
11	0.16518668061799194
11	0.18684530923428277
11	0.14400525498483788
11	0.1567488708970043
11	0.22507270769739499
11	0
11	0.34579019432251157
11	0.22120115802775106
11	0
11	0.16488892017715268
11	0
11	0.19632050982276877
11	0.29009448110932684
11	0.18642361464301357
11	0
11	0
11	0.23284200664788987
11	0.16050842433479603
11	0.3198526608611178
11	0.1709123781210177
11	0.2263641811354581
11	0.22208082957811823
11	0.2595740859516976
11	0.203548469377535
11	0.2090681983038632
11	0.1832691708327359
11	0.28650142133954976
11	0.18585973950654325
11	0.12163051836592303
11	0.15986619963923684
11	0.22607020744665532
11	0.26522677138900164
11	0.1694121790955071
11	0.28777151717892996
11	0.24021026172300441
11	0.2051652648410063
11	0.16742261635916084
11	0.2554271698441139
11	0.2240359433079022
11	0
11	0
11	0
11	0.2578686924137427
11	0.21258867323473066
11	0.22929405258574376
11	0.17093943944576512
11	0.29109262498657795
11	0.2542306669463485
11	0.22909560671406717
11	0.227859246277274
11	0
11	0.21704781691368794
11	0.2576777097372695
11	0.2440777467198026
11	0.191124013496052
11	0
11	0.24324283938118635
11	0.32450081384331536
11	0.12353416146822879
11	0
11	0.1739030949606018
11	0.3215821960750116
11	0.22881479267563481
11	0.20009896402803018
11	0.23950790156149288
11	0
11	0.25514449455409705
11	0.22942777703186165
11	0.1929741345969254
11	0.2397978800249327
11	0.19993122843468017
11	0.22044439366761723
11	0.17598753453764446
11	0.1597723998785616
11	0
11	0.2868001073801827
11	0.18153236305080747
11	0
11	0.26650658833228325
11	0.19574367013156063
11	0.24271377159046315
11	0.2704723583338105
11	0.14946016525249284
11	0.25932254501265084
11	0.32753846014236987
11	0.3158925912444549
11	0.180428107926437
11	0.14652489580158834
11	0.17024911333958637
11	0.21941083863610406
11	0.17057621155903055
11	0.14979566390385446
11	0.3079295383204284
11	0.2570796446416588
11	0.23113843226856093
11	0.2635486522481669
11	0.28495741571541156
11	0.2847101195795667
11	0.21263489061137883
11	0.21974384034639888
11	0.18384559521950514
11	0.13884507693772252
11	0
11	0.33687186910663713
11	0.35856746303779874
11	0.2560701315215901
11	0.25668045885137813
11	0
11	0.28151694845119407
11	0.2941956054538455
11	0.2621134381197266
11	0.1945136660803534
11	0.3638497213584193
11	0.29707077209264365
11	0.23488544603088005
11	0.23217391534796525
11	0.25988836717378205
11	0.21095543593312294
11	0
11	0.2150720033072944
11	0.20463434552044898
11	0.2420970809454522
11	0.23539882536843837
11	0.3141367596112762
11	0.23032651055783632
11	0.17245746135239673
11	0.1864592502513136
11	0.26006474083399334
11	0
11	0.3928850470411885
11	0.19504537789384388
11	0
11	0.20464936157902325
11	0.20733131379748337
11	0.15704084288059433
11	0
11	0.29677458997574585
11	0.2481312066084486
11	0.21465108531133173
11	0.2142517266758353
11	0.16191521397371647
11	0.3491934607691214
11	0.16514815154570175
11	0.22255678565391263
11	0.20149386733076144
11	0.24336760516429412
11	0.19305066760306883
11	0
11	0.14029818290204546
11	0.14191895043793673
11	0.24413662220752302
11	0.21668977590928643
11	0.1820958229818931
11	0.2906654526250032
11	0.30098421666167857
11	0.14632137849750165
11	0
11	0.22712506674525176
11	0.22686490456089292
11	0.15836743432696532
11	0
11	0.20157418597816307
11	0.21329398490799653
11	0.3158675509765156
11	0.31965591962921924
11	0.23449359334088068
11	0.2815844436507623
11	0.14130929803219533
11	0.258497029208094
11	0.1775790054577743
11	0
11	0.26632034043512953
11	0.16009347898763862
11	0.21070068399883027
11	0.23241939854301827
11	0.1657655235641454
11	0
11	0.17067942594268856
11	0.22504133368042814
11	0.20735402846125114
11	0.2666738410518631
11	0.2490754124117764
11	0.28692887684860224
11	0.161539536777176
11	0.2273346508057523
11	0.24374660407895807
11	0.197085262893278
11	0.20478027445463912
11	0.1903229972933369
11	0.17085680381831575
11	0.26878308688907265
11	0
11	0.19000797463331803
11	0.41936781798950934
11	0.2286784595715107
11	0.2635430076492562
11	0.38073956898131567
11	0
11	0
11	0
11	0
11	0.22427826717881266
11	0
11	0.19915072899325198
11	0.14781969509952286
11	0.2755086285184152
11	0.3167047425601696
11	0.1851389256272862
11	0.2505979208538645
11	0.19891976605141606
11	0.1853022004205812
11	0.39136691702960374
11	0.15084092699067914
11	0.22878925788595988
11	0.3751933900365473
11	0.20515994985280647
11	0.2176059488036373
11	0.3416829771592773
11	0.3311440782529068
11	0.28857817055912854
11	0.19225811024047745
11	0.16801988921848415
11	0
11	0.24651566723038779
11	0.39611789639307493
11	0.19169237956143081
11	0.23209734490958325
11	0.21726755144760437
11	0.2447277398260083
11	0.1459260653443413
11	0.1871680035848797
11	0
11	0.3543587958728082
11	0.16549641915066812
11	0
11	0.23542490196015906
11	0.30636322917529984
11	0.34978825295383503
11	0.17398192438323057
11	0.11361765573309054
11	0.2113118836734128
11	0.17485226800908757
11	0.26861834324332223
11	0
11	0.16505476426759597
11	0.2332216184410176
11	0.24379983180042877
11	0
11	0.2226022441525233
11	0.20057046648454852
11	0.24479466533138916
11	0.27623475157180555
11	0
11	0.20328343195691054
11	0.22627048553057622
11	0.16037502690738997
11	0.36954095491393857
11	0.14117465882610894
11	0.15339113742100488
11	0.16594553629535005
11	0.13821735929261855
11	0.1905098201888915
11	0.3073076028832513
11	0.28506129567704686
11	0.315945936617419
11	0.14998912644674608
11	0.21121483554658152
11	0
11	0.1411142425350762
11	0.17533340608455936
11	0.29389803966541717
11	0.15851234953496957
11	0.19940850553390746
11	0.17340176976731952
11	0.20328850166266652
11	0.19707465246154493
11	0.26057310183580734
11	0.21612017539276965
11	0.18864674536907935
11	0.18226445958807705
11	0
11	0
11	0.20594742193042487
11	0.28419481817811076
11	0.22625030729252846
11	0.1823026897198784
11	0.15664257455280467
11	0.2402904861951677
11	0.2630723639312512
11	0.24903867859490128
11	0.23013863227202938
11	0.227494713749828
11	0.2644373132366005
11	0.2521989226596158
11	0.19950693396360097
11	0.21245228867032437
11	0.1722382267085913
11	0.241755648552582
11	0.17750551902262568
11	0.21717594216212163
11	0
11	0.14273095670900315
11	0.23740430402665108
11	0
11	0.14309175443082991
11	0
11	0.23610806232748327
11	0.15682712694404335
11	0.23609772096923712
11	0.20606692527813705
11	0.19573565436321927
11	0.24058781399310666
11	0.1918924709553004
11	0.20316481575975104
11	0.18773594433554933
11	0.2397198462949326
11	0.17894162047813628
11	0.20149645998439666
11	0.19524600551826815
11	0.17083259247591445
11	0.18001010115998498
11	0.31765505781106773
11	0.2730220387598649
11	0.18945836394725382
11	0.19396382609788745
11	0.1494226629194456
11	0.19879438073432662
11	0.21176988678232136
11	0.3386634595667874
11	0.19025580112243798
11	0.2126207680944448
11	0.20228585539861182
11	0.10736720733839339
11	0
11	0.21752197117308386
11	0.3233213307423956
11	0.1842032475487269
11	0.2076490581553642
11	0.3046641336993962
11	0.18893978461552993
11	0.29530909051788945
11	0.15157424311352502
11	0.34027753659980536
11	0.16444687595501362
11	0.20114249770718604
11	0.1298633801304647
11	0
11	0
11	0.1416674962143814
11	0.23727031207224508
11	0.30104587402450783
11	0
11	0
11	0.2519996166559891
11	0
11	0
11	0
11	0.2786104946248172
11	0.15704750333540013
11	0.20885618625866087
11	0.1461556132453212
11	0.13634922824661722
11	0
11	0.22032779043032719
11	0.1627213146176901
11	0.35474749184949983
11	0
11	0.2652175826830612
11	0.16848744047181663
11	0.2616381337370065
11	0.16573163098602758
11	0.21643052631726745
11	0.21014664365687558
11	0.20139099894558535
11	0
11	0.2653919674306237
11	0
11	0.43947728373451456
11	0.23022346621619172
11	0.24707337976461935
11	0.2732693668474042
11	0.4127577583533964
11	0.15985181662760253
11	0.282204295397043
11	0.24974557750612414
11	0.24658769682010737
11	0.2918386985785933
11	0.18053391307677494
11	0.19388293059113149
11	0
11	0.21566618485381395
11	0
11	0.19107684099788577
11	0.20837701162961772
11	0.24603100779991596
11	0.1530720926262072
11	0.24422047551248027
11	0.17016506761028033
11	0.24835551486661986
11	0.23999276834962394
11	0
11	0.20929359375345577
11	0.26695886878162367
11	0.21240219993860854
11	0
11	0.20811292918166766
11	0.1995687886178431
11	0.20113009562993267
11	0.18346718912658105
11	0.25983885093238596
11	0.2867003536849427
11	0.20470373013882914
11	0.23889235373583814
11	0.18311216129179125
11	0
11	0.19312687221511227
11	0.20909194036680448
11	0
11	0.17782156128639576
11	0.1433814490444109
11	0.22065273122802576
11	0
11	0.18366501795996837
11	0.20046482841342278
11	0.2559731526259123
11	0
11	0.22727629879146777
11	0.2394898473127139
11	0.2572733670188846
11	0.1904432691449354
11	0.21953625304575491
11	0.3132448816018517
11	0.18162921634439053
11	0.2005987939287678
11	0.2770603662756074
11	0.3031263663175576
11	0.1463592161297615
11	0
11	0.29321451090113265
11	0.17505454634537473
11	0.18797816128557737
11	0.2645318856487786
11	0.19356103646915954
11	0.15961568013489627
11	0.16278039774179173
11	0.30819148102853083
11	0.15178946645742095
11	0.1879791057219171
11	0.23033611420310826
11	0.21052167492554277
11	0.26027665816626855
11	0.1924147078598011
11	0
11	0.17701829352910525
11	0.2882735903314854
11	0.21150921394851735
11	0.17763895732200152
11	0.231166543304764
11	0.18204195305051146
11	0
11	0.2943551076121004
11	0
11	0.1739086073562728
11	0.2962497741381309
11	0
11	0.15463889730194913
11	0.22232412623524916
11	0.206368443928963
11	0.13245862589258367
11	0.1877414872642461
11	0
11	0.1631367948610776
11	0.1597561820335892
11	0.4211381851738663
11	0
11	0.2730985893871156
11	0.2105602649150385
11	0.17538520484283068
11	0.21853764064284428
11	0.21737670536210196
11	0.2685216081473418
11	0.16904162931704614
11	0.270144213388874
11	0
11	0.21863338672828286
11	0
11	0.19250034346449701
11	0.12893793719498223
11	0.14876690821619887
11	0.22768171567411477
11	0
11	0.18527309599651043
11	0.23752335340196373
11	0.23351149353106937
11	0.36914142634350033
11	0.2447907495596831
11	0.20724793343107892
11	0.19227179698388763
11	0.1678176552199565
11	0
11	0.1839742326756246
11	0.14688466610899045
11	0.21175920068663628
11	0.22923139685036495
11	0.3821855670199726
11	0.2279692038312357
11	0.20817913801669205
11	0
11	0.16315712744292252
11	0.19810398390197526
11	0.2535333759293419
11	0.15406741563290718
11	0.1935510530216803
11	0
11	0.22071553311687542
11	0.1797434427080563
11	0.23338011969761652
11	0.21639231469980932
11	0.15009768136104876
11	0.28045255780948736
11	0.14422271665652475
11	0.2971166100376509
11	0.2938434683709635
11	0.265535952981077
11	0.17941689102701977
11	0.20824674368548513
11	0.20332183804014037
11	0.24966720168465975
11	0.1820450277474263
11	0.19721180654620735
11	0.20492040525276392
11	0.187086000287153
11	0
11	0.18236778239534762
11	0.3054498526460534
11	0.16201337690158887
11	0.1584196892773712
11	0.4203745208508946
11	0
11	0.12836238910038902
11	0.2197760135872528
11	0.12943854150676887
11	0.17169000561983988
11	0.22444019745905858
11	0.1452787731755371
11	0.28315589858577767
11	0.32769373026412923
11	0.19509202427800557
11	0.23227026347073082
11	0.2665829784122873
11	0
11	0.20474988750117482
11	0.19564291438488807
11	0.24528533589154658
11	0
11	0.11964232893591467
11	0.14963403946775602
11	0.2972273498052411
11	0
11	0.26165120370777584
11	0.21145794999846612
11	0.27716927140843506
11	0.23629158271561612
11	0.20555752009237083
11	0.3049061188483496
11	0.16555927098333106
11	0.23259676245078653
11	0.22894254758570018
11	0
11	0
11	0.22822668698745088
11	0.16422731612437821
11	0.24104319752243858
11	0.20259569408416658
11	0.15128786394421012
11	0.39398569157906027
11	0.31496108537182255
11	0.18124025683864126
11	0.19406761152215365
11	0.136649388190262
11	0
11	0.29548883681024724
11	0.18152765139105137
11	0.22997003060529453
11	0.21139254401509505
11	0.21308609239496848
11	0.21368933212111493
11	0.236661091109702
11	0.3889129339589883
11	0.17670350494965115
11	0.14064152518791814
11	0.2499247240363402
11	0
11	0
11	0.17825398159798345
11	0.2127833874231261
11	0.20822207853770988
11	0
11	0.2082307563067156
11	0.20569416299059098
11	0
11	0.22355816801999395
11	0.23439803731629058
11	0
11	0.18773020027094667
11	0.23237470707421296
11	0.2609491218393779
11	0.2175134491479694
11	0
11	0.1010469669684804
11	0.16506019270919747
11	0
11	0.19950561648072587
11	0.20833558066067911
11	0
11	0.2151931234595815
11	0.23439624601564796
11	0.31442883969604174
11	0.329562914717989
11	0.18240293635243898
11	0
11	0.23218832989954857
11	0.2473918082164289
11	0.2681735429411173
11	0
11	0.18963752801587427
11	0.20045662201352282
11	0.1974490059014722
11	0.13968037710695086
11	0.17232905426095063
11	0.17983599738066014
11	0.1487735065802188
11	0
11	0.23559212453455639
11	0.35717590330789595
11	0.09701783958541586
11	0.20295055539640272
11	0.2401525995055707
11	0.17343557664586212
11	0.22974634065192998
11	0.3149652269786604
11	0.1909490033772477
11	0.18292554896748753
11	0.23873460916086425
11	0.23884729862513684
11	0.20927365359988417
11	0.17475942392726246
11	0.2083052687452998
11	0.2051359164781171
11	0.22115410591806325
11	0.22690343978561409
11	0.19217115851940347
11	0.20760556853106138
11	0.28643402559461645
11	0
11	0.21895861419228219
11	0.22856733884000843
11	0.28655708283758435
11	0.3851559752568297
11	0.2493968983040563
11	0.18977503157556896
11	0.2942451874770178
11	0.26708042915107494
11	0
11	0
11	0.25834645816672164
11	0.18411031044744938
11	0.2344108597982543
11	0
11	0.2919211100023409
11	0.21820210045615085
11	0.3189167745802496
11	0.2930601519453365
11	0.2958955389260312
11	0.17223062949643955
11	0.19613165981094144
11	0.17855370816739216
11	0.2074532074208255
11	0.18643472633570052
11	0.1896547644592344
11	0
11	0.21206369262405894
11	0.23930069303952659
11	0.26770129910518425
11	0
11	0.20950851744379514
11	0.293334230639418
11	0.3469010235358873
11	0.3264852995161102
11	0
11	0.16580799456699813
11	0.2343566292001779
11	0.27170009942677
11	0
11	0.230841985832056
11	0.20022626994317066
11	0.23806005374697983
11	0.1476100434435953
11	0
11	0.26015687562737594
11	0.424499385300973
11	0.20611947402608594
11	0.23790355619390938
11	0.20030203675982092
11	0.15970169425309194
11	0
11	0.2560426300036051
11	0.2468889115396353
11	0.3348110379645261
11	0
11	0.17349663297470586
11	0.16747381613462226
11	0.3208710928109231
11	0.2156195573830642
11	0.16542249119323507
11	0
11	0.39344551418921553
11	0.225683049557067
11	0.3857150180023645
11	0.2499997236213867
11	0.19052588710174076
11	0.1664636087474193
11	0.1910488225733157
11	0.16661068860763759
11	0.20748754106225448
11	0.23484918196158994
11	0.16005997946158795
11	0.21270541571988144
11	0.16200916863770431
11	0.25957534075228306
11	0.168844287963378
11	0.22462273641162867
11	0.20605647475031516
11	0.12854967574463677
11	0.1485023759800668
11	0.2194673412720725
11	0.22705381575455938
11	0.1910657280707654
11	0.17884423188343848
11	0
11	0.19424194188641702
11	0.2431875259688187
11	0.1941080804674696
11	0.21406413037687844
11	0.29180566316088874
11	0
11	0.35417259640976506
11	0.23311315699414617
11	0
11	0.27186129478795273
11	0.19043064112356933
11	0.2242847235902409
11	0.14150870989248476
11	0.18546581418280159
11	0
11	0
11	0.19789262854908798
11	0.23526817135749373
11	0.17424131249351896
11	0.27420993628024876
11	0.1517358221906274
11	0.204523676795537
11	0.19248625011102038
11	0.20541298763945876
11	0.2935155541227117
11	0.12299085829660249
11	0.21164185362870522
11	0.18968275212118338
11	0
11	0
11	0.3075703664615876
11	0
11	0.3940943028263602
11	0.20430778429536944
11	0.2516637259218635
11	0.23948844204345213
11	0.23483434194779432
11	0.26032665424289303
11	0.15505540896742265
11	0.19273540918030446
11	0.2720198270526315
11	0.199482014342854
11	0
11	0.1436168491688573
11	0.19512129612163825
11	0.15316688761486658
11	0.27834607394407884
11	0.22001571378134283
11	0
11	0.2910890563582931
11	0.16371905520528648
11	0.18972485947659407
11	0.22048800728890386
11	0.18539616194314062
11	0.2564189019725545
11	0.24740476573782344
11	0
11	0.18194532347999998
11	0.17642759511128828
11	0.18985167532342304
11	0.15801245370211928
11	0.2915800852154571
11	0.22421446587789612
11	0.27343279069602733
11	0.19719097431128488
11	0
11	0.21601473468114762
11	0.2984672105913404
11	0
11	0.1983176430387665
11	0.2727828324742733
11	0.30649047746172203
11	0.22406265910719658
11	0.20801029754294717
11	0.32275170336313963
11	0.18697196732453422
11	0.13516789594014222
11	0.1766371550736331
11	0.16332692426606366
11	0.2357156775123048
11	0.16242878251853607
11	0.17335594916702424
11	0.3253310192128405
11	0.3228647223904146
11	0.21910849452101583
11	0.2081397317224898
11	0.2933277819899852
11	0.1849621048579694
11	0
11	0.13327585503710213
11	0.10899494020055339
11	0.14440182428496665
11	0.22409224605497358
11	0.1960599209567251
11	0.14361573940675576
11	0
11	0
11	0.18888372670011508
11	0.20378638836691754
11	0.20381879496767125
11	0.29682161838273413
11	0.293672556174588
11	0.22084916071359284
11	0.28259844056226885
11	0.19238825497028414
11	0.21772241907686962
11	0
11	0.20533502753876423
11	0.20958072288235893
11	0.27358717344075056
11	0.22659425576122877
11	0.20566706431591078
11	0
11	0.22538852291386266
11	0.2998788083798037
11	0
11	0.2625172461363926
11	0.31542444759812466
11	0.21191152148357545
11	0.18726802788836885
11	0.18182731932434687
11	0.4243931006061273
11	0
11	0.2213957938225759
11	0.2166892115816047
11	0.18545489380951963
11	0.21042589216605861
11	0.15061490948971712
11	0.2444478714257465
11	0.26345718542527
11	0.21661445936482113
11	0.1891164504796307
11	0.29890860943507463
11	0.24144687916527724
11	0.16986628492953343
11	0.19979409853525082
11	0.278900954700571
11	0.14364634675292176
11	0.186435658432095
11	0
11	0.16553303911877326
11	0.24872558936130484
11	0
11	0.17338929045879523
11	0.16934911408328793
11	0.26102195074996626
11	0.3143830419628764
11	0.2213709660749831
11	0
11	0.20038038105172873
11	0.23585950846885193
11	0.2014281707680699
11	0.1900079199593984
11	0.22660683847656693
11	0.27464417253724577
11	0.22020543602000098
11	0
11	0.23682349408819897
11	0.23098054174147706
11	0.2879867501974417
11	0.16818623796831794
11	0.3890891685032488
11	0.32446506044074364
11	0.20066729912175987
11	0.3335855581712119
11	0.19301290607474242
11	0.15583160460980822
11	0.30380173428503965
11	0.2603580032623028
11	0.24523061846732566
11	0.14395293609997373
11	0.21854354913789922
11	0.23700635208069631
11	0.24122800221792862
11	0
11	0.17131279261162544
11	0.2150473253351987
11	0.16802843159896524
11	0.15904528475806273
11	0.36590842117801353
11	0.22629550359381614
11	0
11	0.20506366329345074
11	0.15652043499357776
11	0.23403007815513405
11	0.17108512609373328
11	0
11	0.27281105822797824
11	0.18292123240115665
11	0.3440929566760597
11	0
11	0.18569236521523902
11	0.1471978048055271
11	0.252987591025064
11	0.179570422062736
11	0.2224277029625154
11	0.17871748192156364
11	0.22221096079910863
11	0.2684385355187461
11	0.20164062135648636
11	0
11	0.21096308087148605
11	0.1960289866118255
11	0.21342120753300392
11	0.211098237400519
11	0.16846654944043632
11	0.1677787958689671
11	0.2291323231788843
11	0.24822559007058378
11	0.1804428682745848
11	0.26009330009525355
11	0.1292079058231533
11	0.2516331208918065
11	0.18543173036209276
11	0.2705656638445286
11	0.2287974324552424
11	0.19179480806710217
11	0.2337676262405374
11	0.3455910931073765
11	0.30675321324640326
11	0.2037074980460823
11	0.21445601145732215
11	0.16020788766415203
11	0
11	0.21540939762324054
11	0
11	0.19693066992631195
11	0.16318832364382307
11	0
11	0.2750812931333659
11	0.19594401200830647
11	0.1957125614452619
11	0.3361710320857574
11	0.25911415278864797
11	0.39902459375893784
11	0.36695374069581443
11	0.19774314014257222
11	0.20086227586766733
11	0.13442890132071056
11	0.29646366487648645
11	0.17850180761040557
11	0.16855682456607546
11	0.17223744031819305
11	0.2060093913946027
11	0.22300537932149966
11	0.19965738689211945
11	0.19012426112540143
11	0.34524110500865685
11	0.24791542977221134
11	0.2571486889890028
11	0.20646818225366692
11	0.18642680460448818
11	0.0877429721357539
11	0.3424762260592252
11	0.12888137836211389
11	0.17091047946840324
11	0.2565754811498546
11	0.21518030828142784
11	0.21630675649924838
11	0.2275313672486675
11	0.18684731345515693
11	0.2477749697907817
11	0.2822805567428978
11	0
11	0.12118667292063466
11	0.3857915386006759
11	0.29615555393878695
11	0
11	0.20551762733110585
11	0.18273503124604776
11	0.15470744224686012
11	0.3137359443058481
11	0.21708860798177645
11	0.27217821856502716
11	0.23372657786858092
11	0.2637058328407398
11	0.24833428391515275
11	0.17048222669519753
11	0.24727709332851244
11	0.2241237730994007
11	0.24277192128973127
11	0
11	0.1579916762205941
11	0.3407687714945006
11	0.06948545707255178
11	0.3634763959977098
11	0.16839456713975962
11	0
11	0
11	0
11	0.1759305015151856
11	0.2835169433186695
11	0.259032717097091
11	0
11	0.2494825611809732
11	0
11	0.18387748879568058
11	0.28550632024132866
11	0.18199251776239506
11	0.24377961877460733
11	0.3147276517758583
11	0.3455756821273826
11	0.23819523070230428
11	0.3604021886230917
11	0.1419977472772142
11	0.2679452257058016
11	0.19705066062662574
11	0.21573186652143614
11	0.16297053540752746
11	0.191113378150376
11	0.20835225537249558
11	0.22215707123479483
11	0.4249850880512475
11	0.346175564813345
11	0.24916797247979733
11	0.25465837944530967
11	0.1459417175229574
11	0.4552815330626083
11	0.20811595481123113
11	0.22793445085459813
11	0.27989470298192887
11	0.17952957808606734
11	0
11	0.24105952355808735
11	0.2068437680311447
11	0.18464762014181577
11	0.1978310880295857
11	0.18284861211252157
11	0.4615698622924844
11	0.35391987665960845
11	0.1574824826300521
11	0.2527707400229612
11	0.15158105143637646
11	0.30189220915360415
11	0.21828659224156394
11	0.2315025692810817
11	0.24535250235196962
11	0.1768575997163972
11	0.19214108250941056
11	0.19980260507032596
11	0
11	0
11	0.1876145185074336
11	0.1875222584292835
11	0.15949754434197388
11	0.2971782307038118
11	0.16557498825283365
11	0
11	0
11	0.28665055804871153
11	0.15666684894527877
11	0.2141800171362782
11	0.2518702405714708
11	0.2066330978892649
11	0.23654696424621816
11	0.2835621916828276
11	0
11	0.26962300549742224
11	0.15361232643162415
11	0.22611768717147088
11	0.16640271174720486
11	0.23146435017207223
11	0.30179764915174584
11	0.2471835799698177
11	0.20629011238105951
11	0.21464317313374978
11	0.18166830026296396
11	0.320620752626468
11	0
11	0.2891612347615061
11	0.16388120028975797
11	0
11	0.15690911622628648
11	0.25258547483526733
11	0.2240867300879019
11	0
11	0.21923802766539582
11	0.23761543039787897
11	0
11	0.1737739603880562
11	0.17476627371736195
11	0.1366116797136995
11	0.24708853972341666
11	0
11	0
11	0.17620904255432657
11	0.21236072341317164
11	0.23009161494058053
11	0.17266210097606693
11	0.2456722661258259
11	0.29702760717062754
11	0.17558944079414454
11	0.27714012989705245
11	0.20565962202423727
11	0.15737614012602175
11	0
11	0.24808397122506914
11	0.23260529666500496
11	0.18125922700740196
11	0.2943315184482325
11	0.1982035032653941
11	0.19577084049485086
11	0.29964104355699694
11	0.2459142351389626
11	0.21654912637921825
11	0.20598841765739806
11	0.19131810602674393
11	0
11	0.1657966757258845
11	0.2628135106772302
11	0.19771312683417686
11	0
11	0.2612236759574009
11	0.250890633844191
11	0.12812978770396904
11	0.17782809191447083
11	0
11	0.2247943933286315
11	0.21806331416996316
11	0.20529378472948115
11	0.22767281457587527
11	0.13899564446440152
11	0.17763791233911488
11	0.24297274043952094
11	0
11	0.23282141680095272
11	0.1841456691191868
11	0.2957004716721785
11	0.1321739593490209
11	0.22727202113420877
11	0.2244030455909539
11	0.3451511943970985
11	0.20721089492856043
11	0.10932863522979289
11	0.2767640902740097
11	0.1813569003588441
11	0.29793926402308407
11	0.23507628204687026
11	0
11	0.19874364253824436
11	0
11	0.17941937196618055
11	0.46005666045610893
11	0.1692566104612734
11	0.2041625874839011
11	0.23642622363597796
11	0.16500751075989245
11	0.1713435630302245
11	0.19665350134136053
11	0.18747826022457753
11	0.3538141111099953
11	0.186768886908608
11	0.13524115202449633
11	0.16035177378230348
11	0.3757828199229888
11	0.1482230613934398
11	0.27675896356213947
11	0.2463413515062829
11	0.18307366688256138
11	0.20687739864334503
11	0.25160859260255714
11	0.19895253843565464
11	0.25121277093992844
11	0.33412677366751575
11	0.31940546532527225
11	0.24490439107070686
11	0.22794490814297041
11	0.24812897981568388
11	0.13351723817499694
11	0.258196224977862
11	0.208658181534657
11	0.23354174181607676
11	0.20391975063626694
11	0
11	0.1894387526690693
11	0.34962141219405396
11	0.2678162619302226
11	0.2567833484867307
11	0.1981989273457008
11	0.17409047942435277
11	0.14051653755122234
11	0
11	0.23434925490138606
11	0.19982945552673603
11	0.3212747616602367
11	0.23318605301825535
11	0.2651625680285205
11	0.14018283066715914
11	0.23625174597527793
11	0.2109889675359829
11	0
11	0.3334454546146705
11	0.2402748215315809
11	0
11	0.12609563624437964
11	0.2018226530363542
11	0.14209962203959187
11	0
11	0.2034349118884027
11	0.41029033449462554
11	0.28331283069119584
11	0.2818000777936542
11	0.25805853542170376
11	0
11	0.23295945589893569
11	0.23614513194961212
11	0.3449663213524944
11	0.2901721389641663
11	0
11	0
11	0
11	0
11	0.2567327777844389
11	0.21143450171394698
11	0.23653861307288454
11	0.2231423068570348
11	0.2140424557586473
11	0.24914958870858647
11	0.18791930157164377
11	0.18072763433359976
11	0.22959756219135313
11	0
11	0.11405244158847706
11	0.24077715867561433
11	0.1840362070739374
11	0.1974318135759046
11	0.2952838662283451
11	0.24118963166265484
11	0.16998442283514414
11	0.2353765950671377
11	0.2597682139318606
11	0
11	0.15068964948079586
11	0.17233606196213472
11	0.19647778138412775
11	0
11	0.22186923561029526
11	0.16643789617176064
11	0.3145823409063844
11	0.26106735872444636
11	0.21118657073958824
11	0.20831523249328343
11	0.1909086404839109
11	0.3910830037025153
11	0.28500757045230424
11	0.14374378383891379
11	0.2881854456821393
11	0.19036119985694244
11	0.1624368040357945
11	0.2825399476107821
11	0.1705335349869216
11	0
11	0.20090363293146254
11	0
11	0
11	0
11	0.1932711984682401
11	0.2981900962232145
11	0.18888832200706918
11	0.22821500901052788
11	0.2842633656221328
11	0
11	0.15813435229138117
11	0.1655353081597696
11	0
11	0.19347961155937052
11	0.2101182565219668
11	0.22496515126794056
11	0.17672408155625352
11	0.42411113241185067
11	0.2315759111844564
11	0.171419613960746
11	0.2129796279894595
11	0.20880924671225343
11	0.18714885542034732
11	0.22158517805310615
11	0
11	0.2122855025490646
11	0.1994840530117749
11	0.155682608574018
11	0.2818056574924503
11	0
11	0.2577331557684916
11	0.250279284880179
11	0.14170628364214613
11	0.34223955126106576
11	0.21585339371961115
11	0.26767105712991923
11	0.3376918665778261
11	0.20523850894988843
11	0.1369310418537927
11	0.23726903229010154
11	0.30840922212112776
11	0.23129571891216222
11	0.25814543249585764
11	0.12276452780614994
11	0
11	0.26002763985668254
11	0
11	0
11	0.1752893489220414
11	0.19133583133555884
11	0.2578419699811417
11	0
11	0.21055506525258114
11	0.22586199187871786
11	0.2195872277966896
11	0.1185997250890719
11	0.32582745880046543
11	0.28424877573563884
11	0.273820373361262
11	0.18010445840858263
11	0.21596320651657883
11	0.1878323842898036
11	0.1584070833049801
11	0.184320457793517
11	0.22657517788325904
11	0.2171617724973932
11	0.39979574921572025
11	0.18240645430378316
11	0.22428891791688232
11	0.2022199248598018
11	0.1969208691858351
11	0.2149287252428919
11	0
11	0.17770639556327947
11	0.15657845765090397
11	0.25669096137523084
11	0.1435061355644065
11	0.17389825417368154
11	0.2379766856001087
11	0.26304587513245686
11	0.21541276818852417
11	0.1873764520660607
11	0.32366001309540793
11	0.20540071408928628
11	0.1628500811963509
11	0.32041286579875305
11	0.10819480885331277
11	0.26219402924330365
11	0.17090758664788816
11	0.1907181857128046
11	0.22690443387176815
11	0.18598021454959682
11	0.12834523555085597
11	0
11	0.12092422311156027
11	0.3530705587336057
11	0.21317629965283888
11	0.2272541551245126
11	0.14512352563757885
11	0
11	0.2548494271619661
11	0
11	0.39242174503276067
11	0
11	0.1797735144338458
11	0.19424885075954235
11	0.1842672927964639
11	0.20896421278187624
11	0.24114417942430036
11	0.15843835772948453
11	0.24258625404066847
11	0.2312299394145707
11	0.28928605939080404
11	0.25817996540428506
11	0.31564919914508954
11	0.2247907546763047
11	0.13648904360937078
11	0
11	0.26004749784027387
11	0.12760529843492882
11	0.12754283092009203
11	0.24510592947658913
11	0.14879720599235213
11	0.1759900766289874
11	0
11	0.22284013605436673
11	0.20715035090098566
11	0.14482797109289472
11	0.23713343214157379
11	0.22866768315829195
11	0
11	0
11	0
11	0.16855027045234952
11	0.1748621306822337
11	0.29315873552109645
11	0.2470013568899233
11	0.20025091215616236
11	0.3157399874791899
11	0.18918039570610695
11	0
11	0.17991238541349544
11	0.25293272170280723
11	0.24160023298700467
11	0
11	0.23189243421844877
11	0.24659333390858335
11	0
11	0.24411578682643867
11	0.31554195057087775
11	0.1903757552891442
11	0
11	0.16905011527802755
11	0
11	0.23384804007463997
11	0.14748910336304416
11	0.21963103084518737
11	0
11	0
11	0.18975167509853053
11	0.2731067867112559
11	0.2620755721620793
11	0.2659625630414467
11	0.18557418776351
11	0.2028988363989005
11	0
11	0
11	0.22629811305227746
11	0
11	0.170714998033458
11	0.2714129392174131
11	0.27101384249714267
11	0.2957408736448781
11	0.15468335994924667
11	0.142333570257499
11	0.35198443530209617
11	0.17508458294077728
11	0.4723946910193936
11	0
11	0.14055634803168873
11	0.18631732565619155
11	0.1649585778806966
11	0.15957388888196697
11	0.25801856238553494
11	0.19373948424326531
11	0.20645378168712405
11	0.18466198139500403
11	0.17758572612140108
11	0.20140306339902195
11	0.3442633578111484
11	0.19608169904830192
11	0.2013513960865627
11	0
11	0.26254388952788926
11	0.2788504560028766
11	0.13616071924197876
11	0.2889286802076936
11	0.291704256107843
11	0
11	0.1753519941921687
11	0.23430725827313936
11	0.19310399424549868
11	0.33498030293461367
11	0.15307580406944765
11	0.11812614900464
11	0.19150874325804826
11	0.19574233666841268
11	0.16241482694062642
11	0.25252829366739465
11	0
11	0.2196290201056758
11	0.26447566248687787
11	0.18083605808790193
11	0.16576329081933716
11	0.34809538257651473
11	0.19458087100645236
11	0.17918731476013094
11	0.2719991511107117
11	0.23283143733143766
11	0.28415034497767283
11	0.20721078322795297
11	0.40985042152420703
11	0.25671845789999737
11	0.22815192557046507
11	0.22313059909312372
11	0.2012453486694933
11	0.17925317877539237
11	0.1920621008462207
11	0.20276414036153828
11	0.23252074578622423
11	0.172176167052802
11	0.17206705882229023
11	0.1837301419920015
11	0.43685810804163827
11	0.1322890292330318
11	0.28068636618942266
11	0.17785159491802235
11	0.23352857954925763
11	0.22376596278201344
11	0.15607178810901778
11	0.1956270412801777
11	0.23460532748912472
11	0.24198538198089714
11	0.16789807185610287
11	0.18661332783631399
11	0.24263508799101774
11	0
11	0.2628534519593826
11	0.1682900892188492
11	0.19299604824414185
11	0.2198021905182686
11	0.17561741743232057
11	0.19740022450375114
11	0.2990610519734642
11	0.18370969887774324
11	0.19916613604402905
11	0.15759558570323975
11	0
11	0.1929501781020404
11	0
11	0.10734338962058933
11	0.2684975580262721
11	0.21014578781151305
11	0.15086420710211298
11	0.18559960399575068
11	0.1901863969069164
11	0.3946020031417413
11	0.17476379729633632
11	0.19769787584498147
11	0.30296771807290035
11	0.24434358802751993
11	0.2778801043871987
11	0.3302032630928198
11	0.18383178492555863
11	0.19927837650092403
11	0.22662676798047793
11	0.16768257601484807
11	0
11	0.2682932755584322
11	0.2641746085732988
11	0.30528614465165854
11	0.2043166264388023
11	0.17802165091619643
11	0.28845199018537143
11	0
11	0.2716320515129913
11	0.17040387438603738
11	0.19357893164880569
11	0
11	0
11	0.1910224344600457
11	0.24035190760105557
11	0.26691184965301606
11	0.1805164885153274
11	0.2053789508992886
11	0.16861539845614132
11	0.1679517805257968
11	0.2899857629693263
11	0.19887113514985302
11	0.13868442141232268
11	0.19901535625938632
11	0.44650433177558674
11	0.22320211664623643
11	0
11	0
11	0.10792349051204153
11	0.16405234257951062
11	0.21216325227614447
11	0.2016789949320159
11	0.17217056026970196
11	0.23132355367152432
11	0.34668623469338755
11	0.16549593924426734
11	0.37789203502193197
11	0.2248108464764496
11	0.20398909082070374
11	0.16634803628244046
11	0.16505667621971368
11	0.1310159939817233
11	0.24108144914431653
11	0.3230236318234958
11	0.16737873013261667
11	0.28090234704778666
11	0.36522067978430073
11	0.1793842753884613
11	0.3053017678153645
11	0.2309110088861289
11	0.18980638585390824
11	0.1931791239841967
11	0.21499440126744318
11	0
11	0
11	0.1991635793416732
11	0.22792104501510801
11	0.19049940282646619
11	0.22023750503131406
11	0
11	0
11	0.220002352700212
11	0
11	0.16193244867434808
11	0
11	0.1685405161527109
11	0.2601632323119509
11	0.19919276488977192
11	0
11	0.10868490904351832
11	0.24052517107520846
11	0
11	0.25317437316316976
11	0
11	0.22673652589973736
11	0.18995431181012926
11	0.2313929326976185
11	0.20302490221876016
11	0
11	0.22314555911867512
11	0
11	0.1756642749036054
11	0.1980203020580201
11	0.24064579101230138
11	0.16256912351212618
11	0.19811192178840586
11	0.23470308829978637
11	0.28818735248139615
11	0.15222803196192514
11	0.2421107263266872
11	0.21257160204856906
11	0.20056654895955905
11	0
11	0.18759877286324775
11	0.2622512479201273
11	0.2297208432323886
11	0
11	0.2296255697705961
11	0.17127206737488113
11	0.3314148875861754
11	0.2278553954650775
11	0
11	0.2782427489321605
11	0.21496065227548528
11	0.2312303908164994
11	0.2815990433282194
11	0.3128437998492813
11	0.15403463647026314
11	0.20833881680389688
11	0
11	0.16634239233653458
11	0.2669107219294179
11	0.18322362383991853
11	0
11	0.1921290385874012
11	0.17968337368378268
11	0.15765331641993358
11	0.27955666930303674
11	0.22488471433413607
11	0.18676257294447596
11	0.16440046805590355
11	0.22635691274247444
11	0.27438220733276386
11	0.40786721156270256
11	0.1361146029913094
11	0
11	0.1668491201178559
11	0.3064630761508931
11	0
11	0.1791199747053537
11	0.10197868658454912
11	0.15170060235769273
11	0.24551724544991332
11	0.17905202536305623
11	0.25336094568057693
11	0.15142792921623532
11	0.22054322035418536
11	0.2532206814745085
11	0
11	0.16401913708533353
11	0
11	0.21719047306001313
11	0.25355659706838185
11	0
11	0.19716342612901325
11	0.29993930830332444
11	0.1940948180499236
11	0.23426236470763304
11	0.17356800428896055
11	0.2545097353714174
11	0.15498537081186745
11	0.14447299324554497
11	0.19401120897127644
11	0.20934505054452696
11	0.19330226181771706
11	0.23517750434611737
11	0.17849888537548259
11	0.22299283859748129
11	0.22042749830294253
11	0.21667500061733333
11	0.38498778850828297
11	0.23277447351984848
11	0.21444345843520757
11	0.2973122325596649
11	0
11	0.3487077229436387
11	0.25195827691923967
11	0.25440604633390046
11	0.24467968137752355
11	0.1983479915529579
11	0.2789166189643088
11	0.12584183544585179
11	0.17343435362845502
11	0.1700195189401844
11	0.17235915273659094
11	0.201083614341505
11	0
11	0.21828502029553243
11	0.22396625184463487
11	0.18006994754394093
11	0.11341583793708167
11	0.2073455781201493
11	0.17917417102662003
11	0.18033019478371487
11	0
11	0.30556869404680875
11	0.28481102454761903
11	0.33992884757203545
11	0.20370562439109413
11	0.23492292274800414
11	0.2503635310865933
11	0.29869427219335487
11	0.21511283466321743
11	0.25929204475702367
11	0
11	0.14675610906029452
11	0.2065991140261174
11	0.16696425419439942
11	0.2654826253796414
11	0
11	0.32161216685473326
11	0.28118144367783315
11	0.2072578770216985
11	0.2612024816817476
11	0.21442187537941684
11	0.15626157980351316
11	0.16144350427181192
11	0.24041140618423262
11	0.3018576273578345
11	0.21554249977584547
11	0
11	0.24272732551512682
11	0.236110933500599
11	0.2865809404752892
11	0.24505049032309142
11	0.25629169837219656
11	0.45486378776150505
11	0.25654051585815546
11	0.20097120258726683
11	0.11284688038649549
11	0.35479144464382883
11	0.14599719179064288
11	0.2355328605080267
11	0.2444346451304015
11	0
11	0.2814182108583194
11	0.17725797944978075
11	0.2683266614022473
11	0.35934146672225165
11	0.20729652118120942
11	0
11	0.12829334861447397
11	0
11	0
11	0.30658525356032396
11	0.18705950844056407
11	0.20478845212683666
11	0.2989343220344317
11	0
11	0.21989742459574704
11	0.29499611994187025
11	0.2275807318744641
11	0.18116120701830096
11	0.23071052048686744
11	0.2943022345631023
11	0.26710724747523357
11	0.28114514750938885
11	0.2333304771359503
11	0.1742700851638958
11	0
11	0.39007084346944204
11	0.219314535686057
11	0
11	0
11	0.22663647106642598
11	0.27780629701359044
11	0.12322676974696503
11	0.22150605765087333
11	0.20478507681940186
11	0.2002261885656095
11	0.17210262022831033
11	0.1833039942761047
11	0.24647169268234448
11	0.19877744793764948
11	0.20152097854892476
11	0.21672899547082614
11	0.18865980106387978
11	0.20615734498005334
11	0.21537360447365858
11	0.2811082452787351
11	0.1321325554219879
11	0.22088576789726844
11	0.28036269702922134
11	0.10778918662263964
11	0.17917938341042625
11	0.13467123195895087
11	0.2596034035292867
11	0.19000420443836394
11	0.2613658627818004
11	0
11	0.16530906103069803
11	0.3085584414031122
11	0.22229537497431098
11	0
11	0.2218332420831234
11	0
11	0.1659115680499274
11	0.1670561734826644
11	0.19662389230582458
11	0.29891764650854835
11	0.2712944539685802
11	0.2268717521844467
11	0.21896650396449852
11	0.2158689835465042
11	0.35599925069973
11	0.17150638432184012
11	0.1669656566321469
11	0
11	0.2096030224707721
11	0.1750720708585869
11	0.25098070039052145
11	0.3363008321450055
11	0.17869811427622412
11	0.20237608902262455
11	0.26592686633621954
11	0
11	0.2626410262278973
11	0.17679852191903922
11	0.173391242592179
11	0.14262759818809206
11	0.19636402181370025
11	0.08913434176922458
11	0.20218671680144665
11	0
11	0.18544297173035826
11	0.18380940981796676
11	0.2454966447792824
11	0.1620738824386532
11	0.20490638811809372
11	0.18418740563414535
11	0.16695221096198182
11	0.22308732051932695
11	0.18816627343665332
11	0.23173290757537535
11	0
11	0.18584336568918194
11	0
11	0.217968931597709
11	0.21235735060182145
11	0.18316972074339352
11	0.24511347824503832
11	0.20996754152367308
11	0.13482516533658812
11	0.27043180722364774
11	0.34551591297474804
11	0.2860832465873873
11	0.27294234675694473
11	0.3112460141893665
11	0.14162387420221068
11	0.2152558585917275
11	0.19821113867045914
11	0
11	0.294703884073996
11	0.20231714165281114
11	0.22736784829231138
11	0.4192167964233968
11	0.23040208885467772
11	0.27584552470843227
11	0.17123348529022164
11	0.20565922738954678
11	0.19779636301574252
11	0.14360516794693687
11	0.16577793468813962
11	0.20954294124554165
11	0.17157133907384078
11	0.406587716359191
11	0.1637537379998459
11	0.264411500114117
11	0.18877292108248317
11	0.22477622565694177
11	0.3033853174688547
11	0.19092339321575733
11	0.2339874590456164
11	0.4192360020435885
11	0.2055449938846352
11	0.11550657983125381
11	0.18058490032674693
11	0
11	0.2874474825980663
11	0.1916474413578659
11	0.20157035463776118
11	0.19173554828285608
11	0.2541586770104
11	0.3316157003699777
11	0.17904483298545676
11	0
11	0.2530604788762338
11	0.13135544018481204
11	0.21787845860126023
11	0.21409887453415385
11	0.19248182882904502
11	0.249389534134783
11	0.35047577617101133
11	0.30281255859404577
11	0.2417817439117239
11	0.19441285494381202
11	0.23712090132148178
11	0.22737104619964352
11	0.3036959872344854
11	0.1328361077409939
11	0.18011102533804896
11	0.19679733420614895
11	0.19459491174239962
11	0.19588596832226213
11	0.18144869503791347
11	0.17273219173767132
11	0
11	0.20378702346343341
11	0
11	0.2340506623120934
11	0.20868591130749942
11	0.18362142459081113
11	0.16003688501719093
11	0.2144406457260501
11	0.15482423342820645
11	0
11	0.33793793460015503
11	0.18578833303824752
11	0.27652891511995864
11	0.32062708318875494
11	0.19121395517405673
11	0.13891071246108544
11	0.28718283768489894
11	0.16344953326645764
11	0.23651351920590905
11	0
11	0
11	0.28363979004108797
11	0
11	0
11	0.19926695755694712
11	0.24424641656702004
11	0.133604755960896
11	0.19677135597061352
11	0.19142446871874005
11	0.2803001182472237
11	0.4155840271130353
11	0.2392684982502988
11	0.17925176597446313
11	0.204890469708946
11	0.2309059485711785
11	0.33963785407573754
11	0.1705669300411399
11	0
11	0.1300886734819654
11	0.17807251632170046
11	0.20166637124386236
11	0.25141491165639224
11	0
11	0.21097910541484682
11	0.15253825005416927
11	0.3090739659318473
11	0.2641588764357928
11	0.2056312248671771
11	0.2488912381086822
11	0.18903154934823427
11	0.2077549190177065
11	0.18429799117817508
11	0.1630682493573434
11	0.21907265675511278
11	0.17180665672459364
11	0
11	0.1852455751495946
11	0
11	0.2045552776879237
11	0.24624444230477072
11	0.36733710325475544
11	0.19405705614714136
11	0.2348557621431197
11	0.2910701561424331
11	0.1801336091324743
11	0.24459108739458552
11	0.23895277817571803
11	0.2490838924650552
11	0.24373169290116176
11	0.21693223712477477
11	0.11987196678242416
11	0.20728342639713485
11	0.2796896900650596
11	0.30775491447350733
11	0.16378628142044035
11	0.1815130830977561
11	0.10505323707900344
11	0
11	0.3464347738528344
11	0
11	0.17497706128159551
11	0
11	0.1776215298708224
11	0
11	0.2284089704551983
11	0.23449191530889232
11	0.16689550738007983
11	0.2873590726126396
11	0.298988107167589
11	0.3540025599474619
11	0.12267541558298933
11	0.29272459785423777
11	0.21533995508344264
11	0.25113641973521733
11	0.2575540692157565
11	0
11	0
11	0.3361875017631089
11	0.2251265896464526
11	0.19134318632964548
11	0.16120688296907687
11	0.2622447170148085
11	0.1900510351936637
11	0
11	0.2401644178778407
11	0
11	0
11	0.1796352684004083
11	0.29094455256409685
11	0.25940178890072546
11	0.26946004574843513
11	0.2223740486101361
11	0
11	0.18751122794388303
11	0
11	0.20937787260963142
11	0.2610024867359459
11	0
11	0.19552274235802644
11	0.19201751650886378
11	0.18656247436197376
11	0
11	0.24749273015105752
11	0.3247605258601224
11	0
11	0.17889626786189092
11	0.2147466103380123
11	0.19313195361616897
11	0.22406045682626463
11	0.3549413803782552
11	0.2732822798880717
11	0.22013530826930056
11	0.22865647518798896
11	0.2044089468125488
11	0.2150591916780928
11	0.18943265608738682
11	0.22386004758242262
11	0.2356289245141241
11	0.18629081765331557
11	0.2054469601250919
11	0.19388124488159358
11	0
11	0.1595420325470817
11	0.14832507475649814
11	0.27016241734775887
11	0.19615262864655347
11	0.27740325796131515
11	0.4041203803527357
11	0
11	0.17624987422330934
11	0.20680085417594649
11	0
11	0.2879906870960599
11	0.2065176603034904
11	0.21813764852880843
11	0.20619914551112575
11	0
11	0.3280979090625079
11	0.1615386943342539
11	0.26019165888813417
11	0
11	0.32875159122220055
11	0.14721064014448199
11	0.2134956129420416
11	0.2131968260417691
11	0
11	0.17970354964805482
11	0
11	0.1531549638003715
11	0.2731515895475171
11	0.3396198165056998
11	0.23722976905404292
11	0.22603575689103228
11	0.35083566877310246
11	0.2637449871217843
11	0.19596903912656424
11	0.28116566122524805
11	0.25325483705497887
11	0
11	0.24617929910449385
11	0.17506528165615265
11	0
11	0
11	0.2398274037850032
11	0.2674846000575465
11	0.2097411645919841
11	0.1705437247930066
11	0.20771491619825108
11	0.20448723485885467
11	0.10486740612327544
11	0
11	0.187524074465239
11	0.2992542725899173
11	0.24388034678721718
11	0.30775911504022047
11	0.22820783322171878
11	0.2156243537778647
11	0.12257010918481136
11	0.23451181978440358
11	0.1830269559943303
11	0.36106031171890873
11	0.14449748050394923
11	0.23345692425731604
11	0.19364087289808182
11	0.17155747635838361
11	0
11	0.1336262345659477
11	0.17554075713281003
11	0.24282017814999662
11	0.15259693993744777
11	0
11	0.16416651171010677
11	0.353003993929991
11	0
11	0.2913178638378903
11	0
11	0.16385157335384562
11	0.2031943603484092
11	0
11	0.11425819153918919
11	0.1633362623214481
11	0.2946380038899505
11	0.4273497608858044
11	0.21285471891938018
11	0.19409866122970232
11	0.21793379795378937
11	0.13292355595410973
11	0.25825163118761724
11	0.12111735963986998
11	0.1150724932297606
11	0.16456437086569237
11	0.2871002464472352
11	0.21747185583585008
11	0.268312369695867
11	0.15062455067205582
11	0.2172197683263812
11	0.23060342069154774
11	0.203945674752873
11	0.1709142275085368
11	0.3612340422694331
11	0.3145140907302825
11	0.2704841933180978
11	0.2039481264848097
11	0
11	0.2667473629271309
11	0.1262650698666686
11	0.1850728059269822
11	0.16023460196653072
11	0.27708852813242274
11	0.5927309423940463
11	0.18452263830102394
11	0
11	0.24334282055824982
11	0.11739734744432384
11	0.17355087285056997
11	0.26062904857569064
11	0
11	0.15637497195128175
11	0.1456513262329809
11	0
11	0.18094798525481803
11	0.24626603722643942
11	0.20472387706134582
11	0.21788053160264598
11	0
11	0.3592584014553631
11	0.3821960009275416
11	0.1470121652925503
11	0.13241325283289726
11	0.15165833390788253
11	0.1932255016665362
11	0.19696612705416744
11	0.19859906954494688
11	0.19731855440315563
11	0.20142478925584598
11	0.18456186289943854
11	0.2051664644178428
11	0.10166100880939993
11	0.20020373120421586
11	0.21395678020871634
11	0.18066393261614908
11	0.2660314624066926
11	0.3612741663096716
11	0.22389216073289422
11	0.22361091412407996
11	0.24513491670926568
11	0
11	0.18415308384241091
11	0.2955315125118548
11	0.14336941354931876
11	0.19346182712751175
11	0.37484082755900877
11	0.20557550178336184
11	0.18889308486151601
11	0.23191556119264975
11	0.1995409362190441
11	0.22834079066266919
11	0.20147880412163383
11	0.21505318360136577
11	0.1880017390964353
11	0.16957810590290806
11	0.2653326142355089
11	0.221867167718756
11	0.17074647904944557
11	0.1323898307725879
11	0.26603696406020383
11	0.20923975788204893
11	0.1851877256241087
11	0.18644280744910297
11	0.24775758787321933
11	0.32974814835165167
11	0.251187482619417
11	0.30033244909328954
11	0
11	0.12025460080488
11	0.18625976871261274
11	0.20345753915780748
11	0.20679627777281215
11	0.18295723329750913
11	0
11	0
11	0.16171598395024703
11	0
11	0.3437100836950757
11	0.28902158447997245
11	0
11	0.12577981175577493
11	0.2984697377588442
11	0.24592365162566313
11	0.2972095943289554
11	0
11	0.18757764420266412
11	0.28972432050793245
11	0.22557672870212328
11	0.2879103269331306
11	0.1960425789666632
11	0.23499937734906712
11	0
11	0
11	0.15370919208069378
11	0
11	0.1444371238700859
11	0.2041736201884145
11	0
11	0.17018335796112488
11	0.2313878501555725
11	0.17400307566787337
11	0
11	0
11	0.15852684793892352
11	0.15267560574399294
11	0.34950957288499673
11	0.23248681035951954
11	0.412829023311041
11	0.15716424317937425
11	0.2522087812962473
11	0.213434064754292
11	0
11	0
11	0
11	0.32071087560823663
11	0.16826506557851312
11	0.2429313324429586
11	0.33763896950168437
11	0.23578345145508844
11	0.17087172058103864
11	0.33847065491950196
11	0.255931938881391
11	0.2289490190313141
11	0
11	0.19459215886320574
11	0.23674305626222933
11	0.2110764447298595
11	0.24052131897443396
11	0
11	0.1686937044701801
11	0.40108981809992245
11	0.29344941082329423
11	0
11	0.27437033761045004
11	0.2811717831174558
11	0
11	0.19257306247118458
11	0.28814901112362634
11	0.23175436139516675
11	0
11	0.14253966688956024
11	0.21089449245880149
11	0.2960881045082887
11	0.17613478456929518
11	0.18471181819769247
11	0.23340667849168215
11	0.22306712078883323
11	0.2225655070673141
11	0.13559020780167344
11	0.23585620224367623
11	0.19539635387907522
11	0
11	0.21014030132281766
11	0.20864771004341967
11	0
11	0.16211450285019727
11	0.291152893005326
11	0.2557753850674266
11	0.18095323869880706
11	0.2025858562432307
11	0.25744498359956214
11	0.2305744697641812
11	0.15643848065986504
11	0.16861618033997414
11	0.3060639218361774
11	0
11	0.28072396223259655
11	0
11	0.22338877232027926
11	0.15038770258712486
11	0.19892710738168845
11	0.2095023437567869
11	0.19279127357319625
11	0.11970688445040197
11	0.14260163983687765
11	0.18991264043924716
11	0.13772440220542254
11	0.2270957589167268
11	0.12496575759067835
11	0.21077968310602255
11	0.2156623481397628
11	0
11	0
11	0.2516434593764746
11	0.22263394600160802
11	0.1822554938509495
11	0.20950284891555296
11	0
11	0.3193446206516026
11	0
11	0
11	0.2059152852543451
11	0.20415457512822827
11	0
11	0.2915665313604982
11	0.2722903837660859
11	0
11	0.22552983920015318
11	0.2607391127263591
11	0.20148997998320625
11	0.17308960312198685
11	0.22517924716570006
11	0.19604546950855303
11	0.1805234873657145
11	0.16684736169508455
11	0.14994338631335552
11	0
11	0.13297533817999427
11	0
11	0.260450735235314
11	0.1832533401408598
11	0.23980077454260476
11	0.3622380727189482
11	0.1999426046149552
11	0.14067545549924712
11	0.15464371864491927
11	0.3019276643157113
11	0.3025062682983713
11	0
11	0.26003902382733773
11	0
11	0.19641123208272887
11	0.20071497994971685
11	0.20721035313932354
11	0.13832686031524946
11	0.15694535623332215
11	0.19638126249553173
11	0.18244204788386542
11	0.20274588183702455
11	0.2291718546439273
11	0
11	0.15868133049898547
11	0.17837790102481874
11	0.17826980683528262
11	0.1583828193116608
11	0.23783008527267147
11	0
11	0.2919969600092625
11	0
11	0.39969065088816114
11	0.24526051749341937
11	0.4382172672851792
11	0
11	0.13255952757503672
11	0.14663072672331018
11	0.23761133975292234
11	0.15733911803168868
11	0.1074454774297162
11	0.228349242496998
11	0.2249623450970903
11	0.23037147364177682
11	0
11	0.2634437949540726
11	0.20675597426797404
11	0.16181488352289944
11	0.26457833530349384
11	0.32415760702415264
11	0
11	0.26073894069151665
11	0.1701360908796772
11	0.20603265361534875
11	0.2581127573987441
11	0.27846614833768313
11	0.15090276760071697
11	0.20045313714013208
11	0.2822468151368353
11	0
11	0.20690832320002592
11	0.25797559066856396
11	0.2894620887964091
11	0.17717624186406036
11	0.202086246260954
11	0
11	0
11	0.12763568505337491
11	0.1369647734970474
11	0.24267644685265058
11	0.1701096083357547
11	0.27098774856675467
11	0.27506187434002094
11	0.2561093966873488
11	0.20593942820768477
11	0
11	0.3097296116843009
11	0.15607877638544565
11	0.2212832737899339
11	0.35923250697902315
11	0.1631165803862296
11	0
11	0
11	0.25247975941450335
11	0
11	0.22240427219860273
11	0.22541333381896989
11	0.20137405181387047
11	0.19512421843157315
11	0.2832493424610971
11	0.2895708065028967
11	0.25266328187546994
11	0.22215520796894714
11	0.2569148474741135
11	0.33042902848601463
11	0.12267170443307034
11	0.23442555002431595
11	0.22334898995176208
11	0.22574492731616855
11	0.16579448376268716
11	0.14817981276413728
11	0.21352852423320143
11	0.21014668864029884
11	0.32491256320529677
11	0.2501467220945231
11	0
11	0.19110304421982838
11	0.17660391713301488
11	0.15903736115963812
11	0.21938758005701137
11	0.2860032654966684
11	0
11	0.17303327844648764
11	0.3092977553976626
11	0.17210833299668216
11	0.3705188451623237
11	0.34260155644315576
11	0
11	0.17470842598324263
11	0.1997449693860099
11	0.3373798986238879
11	0.19297769668259962
11	0.18988564226168522
11	0.26604257788618335
11	0.2188288414655412
11	0.22601048146089173
11	0
11	0.30844333081700426
11	0
11	0.1155749748135058
11	0.21451709996375762
11	0.2750162065650075
11	0.21208054256694647
11	0
11	0.19918074500494354
11	0.4475215755565162
11	0.1517517765859708
11	0.2553580737928265
11	0.23626557956069166
11	0
11	0.19804300868788363
11	0.34183508461458206
11	0.2519804495595168
11	0.20734794461609196
11	0.21489746110499475
11	0
11	0.21446892952664154
11	0.3303636574928331
11	0.19997207237967726
11	0.24678700404682402
11	0.15116214650576418
11	0.20055503054917861
11	0.41341960289395646
11	0.20574582170264064
11	0.39390894250385633
11	0.35955901050896605
11	0.2379641090250097
11	0.1330381088387625
11	0.18307553362223966
11	0.2058162546198224
11	0.19742417247132638
11	0.18065689881993277
11	0.19750880950882516
11	0.23199326184933197
11	0.24318912138976287
11	0.27083495567299265
11	0
11	0.21853821173505658
11	0.27419695362054014
11	0.22061165794151977
11	0.16545084323307635
11	0.3203946754728221
11	0.26586125717248144
11	0.26020800576874475
11	0.23290007064613746
11	0.22785526070843273
11	0.4704971185587676
11	0.16701791564162655
11	0.29770246509630566
11	0.3044653975906953
11	0.14877294490415133
11	0
11	0.23623965219584733
11	0.1158837189510556
11	0.17428868895526892
11	0.18285600720213052
11	0.24146057420008102
11	0.1571698137148199
11	0.1934706970706471
11	0
11	0.20591748709654675
11	0.29385444748031836
11	0.24035113806033592
11	0.2088778446734865
11	0.18773024865466115
11	0
11	0.3560447809514905
11	0
11	0.2622895667763435
11	0.2128979110799627
11	0.15707732008222558
11	0.21746125006430667
11	0.16779916545695167
11	0.2206702879462757
11	0.3013371647130191
11	0.18829634072874066
11	0.22744728733948177
11	0.17720890490405983
11	0.30132960377841406
11	0.1780872194508926
11	0.21388802664298684
11	0.17399971968998218
11	0.16638347568027198
11	0
11	0.20855108820963944
11	0
11	0
11	0.23109575621487133
11	0.2067390674244736
11	0.2174504107425995
11	0.25032488905427813
11	0.2273599367194875
11	0.20807480024970956
11	0.19382575068519503
11	0.13117809046513623
11	0.1550561641809475
11	0.273778896474026
11	0.16918139128879714
11	0.17589624324921332
11	0.1335692775430758
11	0.3631835279857945
11	0.1891746009858308
11	0.20066584294931528
11	0.26580151668619656
11	0.19176942364790023
11	0.179517034685302
11	0.24255410981566888
11	0.24577754732424975
11	0.15531631593851122
11	0.20953237067039204
11	0.2645512826068289
11	0
11	0.4291012851800625
11	0.16985130320852976
11	0.1778250993198131
11	0
11	0.22959667887404006
11	0.2144804583093086
11	0
11	0.2586395228913575
11	0
11	0.13052387726095566
11	0.2372589941823452
11	0.2146900747135011
11	0.1997487436992841
11	0.2869508928355265
11	0.29467548810018157
11	0
11	0.2499669388845791
11	0
11	0.15240221358950942
11	0.20479131947601834
11	0.17123830218801656
11	0.21815363168175791
11	0.22220667781922285
11	0.24826532982026667
11	0.18817092951842834
11	0.22944714113434567
11	0.2598925590236812
11	0.2648786966313971
11	0
11	0.1460285020594253
11	0.35827276655373685
11	0.22195773411291336
11	0.20484068296659955
11	0.14435057444273325
11	0
11	0.1853527551855097
11	0.24349101446270224
11	0.23297466857057564
11	0.13120045657359303
11	0.19134934853442867
11	0.2239086138008931
11	0.27930026362078647
11	0.24890635206942058
11	0.22288045492521363
11	0.15854631528168778
11	0.2945128102495986
11	0.22357312590168965
11	0.16245589622017476
11	0
11	0.18332610987275233
11	0.24752264464521911
11	0.2665708077096883
11	0.16715381442519753
11	0
11	0.14145663831524086
11	0.19723501824838977
11	0
11	0.28928386083359564
11	0.21663501623568868
11	0.3160627344046797
11	0.18756465372754164
11	0.19349153368649544
11	0.253767636093988
11	0
11	0.3185536524826714
11	0.1841252094809886
11	0.14654338246552687
11	0.175221871908389
11	0.17179054744313502
11	0.30228041797872346
11	0.14632806807437174
11	0
11	0.18071215513688396
11	0
11	0.3112143888431007
11	0.22765433508813898
11	0.23585920681545683
11	0.19333740132424007
11	0
11	0.14998955455045046
11	0.17216481448946408
11	0.16369775002422146
11	0.1852729090633041
11	0
11	0.1949909286572299
11	0.304149113732668
11	0.35540748478375084
11	0.17983049174867236
11	0.20338261187001372
11	0.21517835816648767
11	0.16272662267995094
11	0.37110284589699294
11	0
11	0.29134239267941403
11	0.3584886367054599
11	0.19280385578271353
11	0.196695719020452
11	0.217048275784412
11	0.1957024785394926
11	0.12521789852440648
11	0.14865591949595192
11	0.1923934793130993
11	0.23738696027913272
11	0.16041343418714965
11	0.15621491345641142
11	0.1769811953696359
11	0
11	0.24630212642785296
11	0.1252116264748973
11	0.35555384746304686
11	0
11	0.24178055924188516
11	0
11	0
11	0.18871094493646942
11	0.17915024405515498
11	0.3874483745438747
11	0.19657174025582314
11	0.23126698516168764
11	0.27043047000456377
11	0.19000779612408483
11	0.28817250603503974
11	0.2680913663980398
11	0.2508047262312854
11	0
11	0
11	0
11	0.24338042453634529
11	0.21356667204059723
11	0.21003426319605092
11	0.12397402405992186
11	0.15134409231599477
11	0.20636560447238755
11	0.23251839825361456
11	0.17351861190390525
11	0.3988260629886401
11	0.14078385278520877
11	0.2701417455186173
11	0.17997529247348662
11	0.14865919317166845
11	0
11	0.2582388457757166
11	0.15383364917920153
11	0.20358957606234704
11	0.1657006881546966
11	0.14078390567605178
11	0.16695804806749298
11	0.18833978838307958
11	0.2501746119697318
11	0
11	0
11	0.14087263831120056
11	0.20306609323450264
11	0
11	0.22854171053225095
11	0.15542909914619188
11	0.15142268735944675
11	0.28220643802239415
11	0.26257502701717667
11	0.2555342462900486
11	0.2304811018263023
11	0.20759687655056328
11	0.26131358424804174
11	0.27164647057173236
11	0.1602829606082332
11	0.1946858029907699
11	0
11	0.1357142360244728
11	0.24104757806951527
11	0.22476019709174228
11	0.24039260230739118
11	0.2448607197994506
11	0.1509114328299947
11	0.19179150424279331
11	0.20976717087832267
11	0.1344523405986957
11	0.1895139908302047
11	0.13483473858383788
11	0.23078153867178808
11	0.25323695693666665
11	0.42685937002853797
11	0
11	0.25041486604806257
11	0.20911131395510837
11	0.2175559784579717
11	0.43953274033348533
11	0.19522946067854421
11	0.21823876331100006
11	0.2533241199021644
11	0.19166270003985109
11	0.22738075689505016
11	0.2483309966830952
11	0.22297271936138482
11	0.21383074922239925
11	0.13940359374610753
11	0.15461375243156772
11	0.26572911142628797
11	0.23858905881428724
11	0.255329622366329
11	0.22790377764445133
11	0.30144076629678734
11	0.21950552376882662
11	0.13273601085669123
11	0.173543842254366
11	0.22470696768749215
11	0
11	0.16607093980926238
11	0.3109246436442474
11	0
11	0
11	0.16018720688151986
11	0.17692366833762638
11	0.329795078523178
11	0
11	0.2699619804388574
11	0.17641926364030816
11	0.26306318564033593
11	0.20062881938612415
11	0.24296761873504819
11	0.21001823191411667
11	0.5149105762948167
11	0.2371598161811954
11	0.2409052086113883
11	0.2641776475832093
11	0
11	0.16369842978333704
11	0.18768066751368206
11	0.2805116624251306
11	0.2144924941393301
11	0.29481547664786745
11	0
11	0.2308329246131638
11	0.14872998078258423
11	0.23877418878701615
11	0
11	0.2280477594692918
11	0.13278365518920193
11	0.1908816319466747
11	0.2106414846944492
11	0
11	0.19900586237883097
11	0.16210158616988213
11	0.29136189981541283
11	0.27323046764621034
11	0.3239915740540593
11	0.1697850705975071
11	0
11	0.26429595951526286
11	0
11	0.20549296735742825
11	0.23916952746130365
11	0.21045362294024214
11	0.2902554630886316
11	0.14660731479902242
11	0.22753682586673368
11	0.18659455090227686
11	0.20302958146611938
11	0.12431974377796721
11	0.16502431756173663
11	0.20931860834991664
11	0.24929585817607922
11	0.217819444860048
11	0.23988527833591825
11	0
11	0.2374311999176238
11	0.31318238168566215
11	0
11	0.16453470994687602
11	0.2724128874548313
11	0.1604438598946968
11	0.1538651727100736
11	0.3327558497536768
11	0.21318134648275533
11	0.25703388912708564
11	0.3036177570341497
11	0
11	0.20782128385112647
11	0.21676040848913786
11	0.15563865511047945
11	0.30257078864287673
11	0.3829649211223569
11	0.18509334444765588
11	0.18247261189914524
11	0.2534519583742781
11	0.22062843359343406
11	0.3008301554844839
11	0.12113240762886346
11	0.18341592447541177
11	0.1891816714821422
11	0.20682014845271107
11	0.20630533353400862
11	0.19991082866856155
11	0.22596451951043145
11	0.161607983932549
11	0
11	0.1004133948349463
11	0.1906596111250276
11	0
11	0
11	0.18968782537809123
11	0.14755566051480878
11	0.20623907751064646
11	0.2818442734874217
11	0.19277296854969275
11	0.2620847717925283
11	0.24807919081436672
11	0
11	0.21290977117793047
11	0.22558636906913268
11	0
11	0.3364247843189609
11	0
11	0.2419764738477813
11	0.22186422616532384
11	0.26740712428619023
11	0.2173237001323956
11	0.22256535136641978
11	0
11	0.31059518703178396
11	0.18599955669635937
11	0.25915061923298205
11	0.17736867036337942
11	0.24570816605620402
11	0.22661050440213243
11	0.21705186646182895
11	0.15113390036318158
11	0
11	0
11	0.19416749431609376
11	0.1784708806197499
11	0.35660349898120447
11	0.17846195568952014
11	0.35714154739315546
11	0.13972447584363906
11	0.42941580750407865
11	0.19902832143484073
11	0.2578558632367571
11	0.27851790417573263
11	0.266985834651091
11	0.2751196973658653
11	0.2678993613477106
11	0.2337288587624551
11	0.19035196762971923
11	0.20558748323332365
11	0
11	0.19463436909719137
11	0.17877200525639958
11	0.23127267083581962
11	0.3774731688686323
11	0
11	0.15850097703107544
11	0.23277643667620657
11	0.15836660796412316
11	0.1343851882899482
11	0.15844388589086572
11	0.31253936367119134
11	0.2153122905274161
11	0
11	0.2288114075534052
11	0.24297647148742996
11	0.21139227333647434
11	0.24720485140277954
11	0.18952901157948668
11	0.17170933064385568
11	0.2450769721097597
11	0.19097698023353982
11	0.12051707331320471
11	0.21442816845050955
11	0.27302915756561624
11	0.2058920102786864
11	0.23694228100550246
11	0.17505115338843172
11	0.22326670112267405
11	0.15430091633660406
11	0.2871662495575486
11	0.33511097069785917
11	0.3510267008263235
11	0.17909019991635056
11	0.16999005479171944
11	0.17801593711113417
11	0.15822597581043293
11	0.16439250252931178
11	0.23888410208727287
11	0.19356521116117895
11	0.3381900717831585
11	0.31548522569000553
11	0.18592426738183476
11	0
11	0.24261354256800086
11	0
11	0.21333952903612263
11	0.17924990425509404
11	0.21764231665830647
11	0.29727972072542763
11	0.1913970387352147
11	0.21069204304756461
11	0.19009899354452692
11	0.30234862993628453
11	0
11	0.2805609022701652
11	0.23962544732086732
11	0.18405036686615212
11	0.23487585097452257
11	0.19510083669084832
11	0.20068668407179646
11	0.2618661027454617
11	0.25861713273815107
11	0
11	0
11	0
11	0.20499051556826883
11	0.27931059950866916
11	0.25771389324631533
11	0.19618741727302075
11	0.4533493460458953
11	0.22833711901882545
11	0
11	0.28469200729700805
11	0.3166734118118171
11	0
11	0.26219879654620193
11	0.1687792747521828
11	0.2423871978586183
11	0
11	0.27570150541229
11	0.18825671232605348
11	0
11	0
11	0.3006254394449354
11	0
11	0.21231976557879062
11	0.35842257616613826
11	0.30171774672876134
11	0
11	0.1677054945291378
11	0.25709220398476734
11	0.25633945055087715
11	0.24602179551743245
11	0.20023782547434363
11	0.14572051650959159
11	0.17441637414670985
11	0.24945255903896768
11	0.20178354829756337
11	0.25079628356248324
11	0.20937233484756582
11	0.12587592006918583
11	0
11	0.24267635836464216
11	0.3091399966815083
11	0
11	0.23272506252843833
11	0.2725946516877605
11	0.21858770825844456
11	0.19265872054271876
11	0.15697724250049896
11	0.2512446558575083
11	0.24383336900955557
11	0.34470126173891585
11	0.16816432131885659
11	0.20952132973880877
11	0.2243155383644967
11	0.23840370752525616
11	0
11	0.24202026143538966
11	0
11	0.4327928412462815
11	0.2212953620863917
11	0.2826001183656057
11	0.2878483990739262
11	0.13069027034176275
11	0.21937520477356856
11	0.39985100861383205
11	0.22148850369203227
11	0.18901041892228562
11	0.17065356091861006
11	0
11	0.3108592107264033
11	0
11	0
11	0.22888296439723682
11	0.4267397951624157
11	0.1917949466301354
11	0.22619727954939678
11	0.20374817699025188
11	0.19128767556466633
11	0.31543182644600676
11	0.21939768297785603
11	0.22203286914181322
11	0.21691711328964736
11	0.18084957279411035
11	0
11	0.2458489673275297
11	0.36166717834334267
11	0.22525698483672368
11	0
11	0.35959080070665284
11	0.18598591196978764
11	0.231949704258401
11	0.26986683739760264
11	0.15942455510095702
11	0.1747814981658709
11	0
11	0.21283491216679443
11	0.18456576169181954
11	0.26401180015957015
11	0
11	0.27392274963211566
11	0.20686137229651186
11	0.2108504627577628
11	0.1721311733631129
11	0.202549800157216
11	0.2557521601685417
11	0.2085660069066483
11	0
11	0
11	0.19308403073984337
11	0.2669291692347202
11	0.15070611761039795
11	0.3021992754711343
11	0.35980462300213273
11	0.29614951487763086
11	0.3333616127558331
11	0.23577567818824666
11	0.2127143596310013
11	0.18542367394529335
11	0.17764719775684912
11	0.16757121163485256
11	0
11	0.27448653517786764
11	0.10452955112057055
11	0.2149740012058612
11	0.20083314943572175
11	0.3319221462690844
11	0.2227440028006878
11	0.18911108739017957
11	0.19087337824496317
11	0.21298294870367676
11	0.30441206403636406
11	0.26049490645592377
11	0.29568478123806735
11	0.23059339348202235
11	0.19229059006845983
11	0.3279717995391581
11	0.3169070931618043
11	0
11	0.23865571485028317
11	0.2573767446203823
11	0.22076690084246967
11	0.16376180911624585
11	0.148174642130498
11	0.25745768018221465
11	0.20946304305997487
11	0.1434591534524615
11	0.1466362931384525
11	0.16592095116999833
11	0.1842092108815238
11	0.18096653164127882
11	0.24934366219564058
11	0.1910790313220323
11	0.18035119256345197
11	0.220897553983244
11	0.40124313836336506
11	0.3245666599720599
11	0.34380863792723915
11	0.24196202576665612
11	0.23488795648168298
11	0
11	0.1723719714352648
11	0
11	0.18065161513025554
11	0
11	0.2602801326112519
11	0.17343414054312245
11	0.1734234501351185
11	0.3112767207605179
11	0.19474284488088164
11	0.17100574089297305
11	0.1686119461958132
11	0
11	0.15953098927142542
11	0.24717431922033511
11	0.24399882720063634
11	0.20947127353167283
11	0.2802517766198186
11	0
11	0
11	0.19737004464766486
11	0
11	0.30639587937951884
11	0.2410686450774573
11	0.2269093343826749
11	0.20876595535097292
11	0.29672356207414935
11	0.09764953276532301
11	0.15642996862568395
11	0.22140719174725568
11	0.2025987086973657
11	0.27645573333750284
11	0.2673346085094356
11	0.2502891651240922
11	0.40220550227948876
11	0.30880921770267517
11	0.2521619505455616
11	0.24571039783550497
11	0.16021495756232454
11	0.23545526520561685
11	0.21389781289913648
11	0.23652401339959808
11	0.2809418483699436
11	0.1733266988265118
11	0.14544088523500037
11	0.2716503430869676
11	0.30395782840928115
11	0.16665642733612537
11	0.3214355161702022
11	0.2318077474716573
11	0.23487090788559212
11	0.24169192138385234
11	0.1665758361816552
11	0
11	0.2615599513006443
11	0.1854112364369507
11	0.272730199824011
11	0.2192016847300248
11	0
11	0
11	0.19069589324971745
11	0.2795188633828836
11	0.1844026873686865
11	0.4185270514570327
11	0.2047836373651531
11	0.2188263784433204
11	0.16281747452283968
11	0.2819502672369705
11	0.3884268735792892
11	0.16627755426672838
11	0
11	0.23079148298846508
11	0.13607146908341186
11	0.25354108696191946
11	0.2596288662667507
11	0.23455372318197798
11	0.18404716085931402
11	0
11	0.2555008753204224
11	0.380321208867222
11	0.19948960758989115
11	0.4379809208359725
11	0.24847325782243934
11	0
11	0
11	0.14872515600031078
11	0.23551468573502207
11	0.3154122294828848
11	0.22629052253085555
11	0.2128750848488469
11	0.28304990031986227
11	0.11022342800437056
11	0.27862236086173947
11	0.3064288869869554
11	0.23505075282632523
11	0.13339484592753786
11	0.21680379587224025
11	0.20420247669842723
11	0.2541615143843319
11	0.23944331400062302
11	0.15024488979277528
11	0.1900761862099758
11	0.29553476559290476
11	0.13891318283935203
11	0.19225625495710527
11	0.2215907911020086
11	0.2150114854904742
11	0
11	0
11	0.18657196596327236
11	0
11	0.21828493925440956
11	0.16040444780181645
11	0.262884643753824
11	0.15778589672014567
11	0
11	0.2969601776626206
11	0.2562757728261129
11	0.20609688464256926
11	0.35672591712373586
11	0.1620907803032185
11	0.15718750424606884
11	0.17322676174901339
11	0.19364376230208605
11	0.2015063733424512
11	0.17318793146262831
11	0.15740906232264268
11	0.2941560837052733
11	0.21851302598439018
11	0.19946863618795438
11	0.21828921852944322
11	0.25137576996692745
11	0.25195045385868475
11	0.20505384368353766
11	0.157116132185408
11	0.38888816180395136
11	0
11	0
11	0.23641845212626872
11	0.20216443682998297
11	0
11	0
11	0
11	0
11	0.19682522955582216
11	0.20304791004504372
11	0.27508160772733814
11	0.2430067353689759
11	0.20767680267091385
11	0
11	0.4228835483982324
11	0.264826430837142
11	0.3008347924622909
11	0.1752091422360107
11	0.2039554097524927
11	0.31927798538210245
11	0.19195708591366753
11	0
11	0.2527956244099632
11	0
11	0.2254217675140893
11	0.1682907976897235
11	0.20372009296332155
11	0
11	0.3127604409793184
11	0.2425770431495422
11	0
11	0.17649803986386567
11	0.1787540411540671
11	0.26489622231878923
11	0
11	0.2793163305892298
11	0.233553282890303
11	0.17611889125586236
11	0
11	0.2894859932402851
11	0
11	0.21085255852288395
11	0.163499112890607
11	0.23889297422502684
11	0.3007452367416273
11	0.2873664695711496
11	0.3380102340458493
11	0
11	0
11	0.14205389237004393
11	0.26439232705004745
11	0.17346292074706152
11	0.3680962988203578
11	0.21549394715692305
11	0.30324138874523215
11	0.20648805940371298
11	0.17104837411028725
11	0
11	0
11	0
11	0
11	0.23659202214081262
11	0.2084854835430411
11	0.2106700453982249
11	0
11	0.20361616806553212
11	0.18812588038638173
11	0.3352130882371618
11	0.36684957821115405
11	0.26229138050853634
11	0.2123281380268513
11	0.24451687202798766
11	0.24342346570424295
11	0.150230961008476
11	0.21184910091562464
11	0.18830863979259788
11	0.15939120496222098
11	0.23272289626351067
11	0.2183957689554058
11	0.28247994058349507
11	0.22296116188434673
11	0.37737104196216004
11	0.3078947122196584
11	0.19117490306588114
11	0.23499275264470654
11	0.2473992688952828
11	0.28650139360779414
11	0.24535116408050228
11	0.15320318786133907
11	0.1979654643962517
11	0.2938387555453088
11	0.2022925956328045
11	0.1543951714126392
11	0.25291670744688605
11	0.2502949719098754
11	0.169869307668006
11	0.263908747735403
11	0.16324810156282596
11	0.25931370523875363
11	0.3815413974850569
11	0.40596581369541973
11	0.1935043944503726
11	0.14942953927621977
11	0.2070486412714727
11	0
11	0.17504054618409046
11	0.1945973157318992
11	0.23061171428918686
11	0.3789650836703101
11	0.24266250643846476
11	0.1379018919950155
11	0.2036382550264932
11	0.2644208638286521
11	0.2234908459036131
11	0.28085119317399
11	0.17257978475344513
11	0.24220265168390653
11	0
11	0.217834205910688
11	0.17386827517042522
11	0.23388536851082395
11	0.20242853650456596
11	0.17780299437470984
11	0.2433817281948706
11	0.14353285686902575
11	0
11	0.21615768170228125
11	0.12419175115986726
11	0.2653177891394526
11	0.1762286215168945
11	0.14348097405950241
11	0.1548555083112784
11	0.22458652982325075
11	0.23030199871513277
11	0.23033080071517162
11	0.20547113802097403
11	0.27110279930806747
11	0.19616079059782282
11	0.23023285044527986
11	0.22954823912871314
11	0
11	0.26980994146818893
11	0
11	0.17566140008373377
11	0.31454473928036103
11	0
11	0.19187073905173058
11	0.12077280361367174
11	0.22560591463170326
11	0.1300299956936667
11	0.253104053906153
11	0.3850987380329092
11	0
11	0.3071987607933821
11	0.2684514755798316
11	0
11	0.19867604544900316
11	0
11	0.13664548316591682
11	0.2400169660671482
11	0.18130582528441186
11	0.2920417348902089
11	0.29894182689593213
11	0.17958931196526315
11	0.24243712033094572
11	0.16999823303937941
11	0.16985213737555374
11	0.18025550339432167
11	0.2760002431732609
11	0.1765342926909764
11	0
11	0.1317111704022618
11	0.14761415418756632
11	0.2012378593312759
11	0.21339465115298942
11	0.1553496377050558
11	0.22713862333246426
11	0.18018775794761135
11	0.22627378965321204
11	0
11	0
11	0.20336951979737156
11	0.19694856742572484
11	0.2880417608762282
11	0.1789923067500973
11	0.21977593009227553
11	0
11	0.13983751993905824
11	0.13094527313270024
11	0.30422807959959297
11	0.19115115453311746
11	0.2340453445261001
11	0.4613616630998321
11	0.19206943453892134
11	0.2845047563585637
11	0.18582822949262298
11	0.1622076369188039
11	0.12820641710103306
11	0.2885128524013383
11	0.25629261628531463
11	0.13163500077681156
11	0
11	0.25776008493876085
11	0.36372797659469225
11	0.13383297460695492
11	0.16386737685913189
11	0.24924114911483786
11	0.3379460426629199
11	0.2045865071153213
11	0.2742158069243233
11	0
11	0.24018136242770277
11	0.18662694512289504
11	0.1477139236092793
11	0
11	0.17478633332858481
11	0.2061436648980682
11	0.18864274965901315
11	0
11	0.20111859747873534
11	0.2466734885162552
11	0.18384031996584496
11	0.18717808761538998
11	0.15716380795312343
11	0.30305704198766037
11	0
11	0.1938852030700015
11	0.18011374555766613
11	0.198607028565918
11	0
11	0.1370172248197725
11	0.1703532300750737
11	0.23880945045783958
11	0.20491110685396233
11	0
11	0.1987548950216542
11	0.24810055532603303
11	0.14415428237959296
11	0
11	0.1661170056923129
11	0
11	0.18513105110995554
11	0.2134375406447384
11	0.19251647537259825
11	0.21408018622065889
11	0.2225012916253169
11	0.1243678585559738
11	0.1292045442418352
11	0.25142676477559317
11	0.16178903790402507
11	0.2449255897484769
11	0.2741920860948799
11	0.14003530309442364
11	0.3435120253714807
11	0.26208583682535497
11	0
11	0.16766884555601297
11	0.2072004648668753
11	0.17527552532213056
11	0.2117776781057775
11	0.31835292350792754
11	0.2521891319385308
11	0.16969422899157033
11	0.2931118856812185
11	0.23086487028347466
11	0.22955017039150452
11	0.21890516755520528
11	0.19763815672752225
11	0.24354392233833322
11	0.15593246303315708
11	0.2877869702038575
11	0.216761729855988
11	0.22025911691471156
11	0
11	0.20187100299976327
11	0.30194324462845273
11	0.2781874130688362
11	0.30378990475757855
11	0.2613744970545311
11	0.2297566825118332
11	0.16406098280675968
11	0
11	0.2096425180435484
11	0.22260167234251468
11	0.23176810446733234
11	0.22595089750991426
11	0.18712729739558667
11	0
11	0.18085404081272036
11	0.22765947845049356
11	0.21191086955145283
11	0.23096580687753893
11	0.18695565793075963
11	0
11	0.28113835456365804
11	0.16790892653450162
11	0.4258663544809512
11	0.24345928799102978
11	0.1325296577447626
11	0.20123590542624817
11	0.1450755628437404
11	0.26257569918819956
11	0.17605703675121218
11	0.26140556747278065
11	0.25373003290468565
11	0.25920118288935373
11	0.270753122217791
11	0.14542275367533553
11	0.2642551485717728
11	0.1483491220189483
11	0
11	0
11	0
11	0.13768875303603978
11	0
11	0
11	0.17445983841260448
11	0.12645543734731196
11	0.23993147713914842
11	0.2387403455012531
11	0.11278277888845026
11	0.17356197698843573
11	0.21155070777632348
11	0
11	0.4166001748812119
11	0.2735045817958602
11	0.24141499852789988
11	0.23951618295284027
11	0.2741857359617676
11	0.2416262216527275
11	0.1203525818204974
11	0
11	0.17757816139521618
11	0.20447309642178033
11	0.21769944615386067
11	0.21899495158182378
11	0.3201620669157537
11	0.2363779397819563
11	0.21559781119345373
11	0.2790367576044453
11	0
11	0
11	0.2028359575760443
11	0
11	0.20184352771778422
11	0.16874674566751086
11	0.2714762495419593
11	0.27847857648345076
11	0
11	0.3196700023609489
11	0.16826511269522873
11	0.2743875606398254
11	0.1511419009654095
11	0.44828537670671187
11	0.2228188114628303
11	0
11	0.20623499322994562
11	0.09934241998792744
11	0.31133765901523947
11	0
11	0.23194242733193535
11	0.16975709826499466
11	0.17469069992954275
11	0.16729217300607535
11	0.18835583870550587
11	0
11	0
11	0.14445836362980588
11	0.26280469096139214
11	0.2006724597962643
11	0.18354974481638656
11	0.12458522658297538
11	0.3096681112800679
11	0
11	0.16878043516040853
11	0.20624690940223261
11	0.25647457306933036
11	0.24376748035129275
11	0.1844140606070674
11	0.1978715803344544
11	0.19946176873150778
11	0.13457729470340737
11	0
11	0
11	0.3705668078382739
11	0
11	0.26635877666338936
11	0.17188639990634105
11	0.29807179006706463
11	0.20220383247993903
11	0.19045867973091968
11	0.24572815809413834
11	0.21696393912878992
11	0
11	0.1816602758524792
11	0.32719087193551516
11	0.23950442949428166
11	0.3642258177498917
11	0.19527720251264621
11	0.21509322416130935
11	0.23203643559732384
11	0.22734144393741906
11	0.20618788403577437
11	0.3334463069029642
11	0.17722065894412936
11	0.2290416726490747
11	0.39316615427383483
11	0.19733668474708194
11	0.20844299528213966
11	0.1714497870945239
11	0.26656233483340636
11	0.1610681081354168
11	0.24666521930123625
11	0.1317778596212768
11	0.1341114580599859
11	0.22195401064051937
11	0.17713870980178456
11	0.19204275721847566
11	0.260643907502233
11	0.1546218817960072
11	0.15828775665472478
11	0.13783432857422018
11	0.2021980336970978
11	0.1858147918899151
11	0
11	0
11	0.2254704438202334
11	0
11	0.20717239735674225
11	0.24884864403551452
11	0.29706364720536055
11	0.2098770549682793
11	0.23435342819443464
11	0.19340768366817837
11	0
11	0.32050443639645554
11	0.20374379357021333
11	0.21993312882715385
11	0.2648727362715841
11	0.18215534067138897
11	0.1966080640050157
11	0.16226527378996217
11	0.3112851943958692
11	0.1503943345382796
11	0.13364330994407914
11	0.16960090243034825
11	0.1672641723398084
11	0.23660982251035578
11	0.17314652413409667
11	0.29709556193874653
11	0.17417408478363527
11	0.2256902655036841
11	0.15863989062729492
11	0.23465139942212812
11	0.19484638600856338
11	0.215921024222024
11	0.13866263992231287
11	0.27296496640980794
11	0.18992854031757492
11	0.1663408633068361
11	0
11	0
11	0.18662557022532197
11	0.2843457787906633
11	0.21690163657723666
11	0.15354747216675693
11	0.18020461322103332
11	0.1934977051828752
11	0.25924038627717766
11	0.22683013153009532
11	0.22476030048115717
11	0.208252542893251
11	0.2714058384994554
11	0.1451925676914332
11	0.12635419460022673
11	0
11	0.17760036728296358
11	0.46429046705663946
11	0.12321031753115724
11	0
11	0.247873299603688
11	0.20099626610481047
11	0.17242718005774796
11	0.32520144494861036
11	0.1792351830221738
11	0.26587704861041106
11	0
11	0.26729932123987954
11	0
11	0.13636025122032072
11	0.15213341432979802
11	0.16643824360385617
11	0.24925097827630624
11	0.29132612736871477
11	0.19998380300241092
11	0.280597125433645
11	0.16819389317639186
11	0.22715750752988007
11	0.3086164747020744
11	0
11	0.17616411170356608
11	0.3627643780118145
11	0.35086668594828757
11	0
11	0.19134714923954682
11	0.24818712601801274
11	0.23066354098698041
11	0.19824105304629652
11	0.23903931931244682
11	0.22500762787058554
11	0.201275985870544
11	0.0876462453531852
11	0.1847632443204863
11	0
11	0.21016384564164295
11	0.257617874809541
11	0.19996594034209586
11	0.22223211486984892
11	0.28042843370720577
11	0.2286448293669935
11	0.20622908777746846
11	0.25498221694232914
11	0.2575687278773196
11	0
11	0
11	0.22719919517881124
11	0.16384903680815688
11	0.16854947326329464
11	0.1857556930388376
11	0.418299665214653
11	0.3005448132779665
11	0.2247194560550696
11	0.11407332233610568
11	0.13079420381383255
11	0.19776971035158772
11	0.24336600756308985
11	0.19374461174494076
11	0.15983380842212072
11	0
11	0.19343078616449072
11	0
11	0.22781609028284566
11	0.22591910287155612
11	0.23861199864340776
11	0.23984004494949906
11	0.26314366106541676
11	0.17272052317187941
11	0.20020638415446945
11	0.1509298276447026
11	0.2260509716423747
11	0.20011880931142156
11	0.22482037326452142
11	0.1965856490136895
11	0.19750993833585673
11	0.1185054137816777
11	0.2420513871046519
11	0.16836216977450444
11	0.2855977621274734
11	0
11	0.21955689233441086
11	0.19983297983070958
11	0.37716337854343657
11	0.24989936205303964
11	0.16354423901183474
11	0.19948105607428013
11	0.2231555259368365
11	0.25206227742144527
11	0
11	0.19323216586906675
11	0.22779844343444564
11	0.14529193483147157
11	0.21250699049375252
11	0.1996137715298113
11	0.1639887863409655
11	0.23672019116184867
11	0.15483935633633175
11	0
11	0
11	0.12664230064810983
11	0.20639652114217016
11	0
11	0.3088985517881075
11	0.16494065504628674
11	0
11	0.17559094034703604
11	0.1637137928299163
11	0.31564123470770333
11	0.14217773219234278
11	0.1892938059290469
11	0.19374513632763338
11	0.10938123269564075
11	0
11	0.33547583299447314
11	0
11	0.29586829604356035
11	0.2381684998270909
11	0.20594524346729726
11	0.23021799158327705
11	0.42831103768451806
11	0.27460234901511776
11	0
11	0.2851127541600434
11	0.32420979062712246
11	0.17611288201459163
11	0.2658041173442203
11	0.25199970807781724
11	0.2018430984552317
11	0.2475057630188008
11	0.26617813153209224
11	0.2109477536244943
11	0
11	0.22103944688435437
11	0.17401281902330187
11	0
11	0.45795841231189155
11	0.24960871685387037
11	0.22395746373987319
11	0.16677497585288492
11	0
11	0.2054830271490979
11	0.229511619433576
11	0.1477849931178581
11	0.2985661215146357
11	0.20882617185950827
11	0.19210069120672696
11	0.19548557365222083
11	0.11180676767309825
11	0
11	0.23070256005665277
11	0.21224736818100812
11	0.16769728022045705
11	0.22147604241811325
11	0.18149002477989723
11	0.19881646165203767
11	0.28984636182349316
11	0
11	0
11	0.1786919837127785
11	0.2229389472932105
11	0
11	0.17627893912366294
11	0.21999480970762603
11	0.3023787950292178
11	0.22706121745564825
11	0.3001162187525193
11	0.2902828940623064
11	0.13921891162179567
11	0.251781366075439
11	0.17769160766188727
11	0
11	0
11	0.14218472106583654
11	0.17868758852329372
11	0.17611585568040822
11	0.23970008097297124
11	0.18983926825529987
11	0.14005494791807385
11	0.1847218516142417
11	0.20464598712613513
11	0
11	0
11	0
11	0.17461195778549118
11	0.15878929111898474
11	0.23897164655684835
11	0.18250949877310513
11	0.19813851609336994
11	0.15121371205818201
11	0.16788187693221698
11	0.15130270971541723
11	0.2880304809167702
11	0.24357933138511972
11	0.17615924232028055
11	0.3123352891984445
11	0.3172691155070135
11	0
11	0.28210149901804327
11	0.19568171380701166
11	0
11	0.23893573585124203
11	0.21599113012996374
11	0.22592237149395003
11	0.20305930875751577
11	0.1789356359960986
11	0.23557706267090112
11	0.31257802922497235
11	0
11	0.2738306146944246
11	0.3293533680545213
11	0.168156361437583
11	0.23260093977768093
11	0
11	0.14227198436518917
11	0.31038616884779596
11	0.24590017875299433
11	0.13620938039182423
11	0.19289510762918563
11	0.31365882367671916
11	0.23451141092462904
11	0
11	0
11	0
11	0.22585820030278655
11	0
11	0
11	0.2524019982060698
11	0.2590791428827286
11	0.23343256778513652
11	0.24831819957434642
11	0.2051464646456759
11	0.22418381965374456
11	0.23060893099823915
11	0.39577280416442906
11	0.21610122469173937
11	0
11	0.17978100432693567
11	0
11	0.3072117458886816
11	0
11	0.21989183780012045
11	0.15704496536340776
11	0.16503776181478744
11	0.18721346084305945
11	0.20055492920782375
11	0.273994099021395
11	0.18068167172856436
11	0.15791229171070692
11	0.19631256381603976
11	0.186499820535415
11	0
11	0.2195389637001394
11	0.25735265434181176
11	0
11	0.1881729521101912
11	0.14959744578441792
11	0.21358975875359748
11	0.19041005070497302
11	0.2603536386845817
11	0.2562055506534723
11	0.1773759834207569
11	0.12619323535619487
11	0.19391126488534038
11	0.16360646375556037
11	0.17090468047291288
11	0.3880169013460354
11	0.23212011673628308
11	0.22478548063086384
11	0
11	0.2451226448898647
11	0.17705882813157736
11	0
11	0.17124475379230847
11	0.22783050372141633
11	0
11	0.23721091503053712
11	0.22255478845228258
11	0.19862478115137333
11	0.20362393128082568
11	0.243636369976457
11	0
11	0.23842565794542053
11	0
11	0.19220160377120565
11	0.18388280266553253
11	0
11	0.201220538210292
11	0.2299086373653945
11	0
11	0.3170654799997093
11	0.23219445662913654
11	0.12925473571916865
11	0.1853878202836057
11	0
11	0.19855924907591066
11	0.18492092500750243
11	0.21335243742303212
11	0.2121248970742006
11	0.16409532574034996
11	0.19787721510953915
11	0
11	0.2314582689280439
11	0.1614164363250595
11	0
11	0.21570697266106095
11	0.285716644227794
11	0.20920614919223823
11	0.22169345137028185
11	0.15173312768873154
11	0.1508330437233965
11	0
11	0.14690146680356986
11	0.29710206726531296
11	0.2304562559922834
11	0.23324190579310647
11	0.1305175184513839
11	0.18412280438316925
11	0.17628252179777254
11	0.18407825621724486
11	0.23313732741128818
11	0.1836508927002408
11	0.16169935396765595
11	0.3155550445082667
11	0.20876389322380062
11	0
11	0.16719795068722454
11	0.16942612429586382
11	0.376296101825678
11	0.3396574554420411
11	0.2708945282564001
11	0.1815705217946459
11	0
11	0.18577915992816602
11	0.25548487744821063
11	0.2188213139992232
11	0.20364953055242216
11	0.20082536980729154
11	0.22685346095082637
11	0.3301954525386465
11	0.14750777109066057
11	0
11	0.24507826976953342
11	0.1956889564705029
11	0.2817009751726661
11	0.21028474141985892
11	0.24544570032925744
11	0
11	0.16390534616582095
11	0.21156619664546072
11	0.2900303776002389
11	0.23802261261357896
11	0.21267943248576782
11	0.13114753179877117
11	0
11	0
11	0.21977868591840963
11	0.3160093431651384
11	0.14840627243016966
11	0
11	0.10709137255665527
11	0.19940360630047682
11	0.1572333425394051
11	0
11	0.2420419530982022
11	0.3065714250944456
11	0
11	0.22879542141155063
11	0
11	0.38780477927186585
11	0
11	0.19767890354536036
11	0
11	0
11	0
11	0
11	0.24922807931443686
11	0.2501214047413449
11	0.2021591942658018
11	0.27553784433264866
11	0.2569492501274319
11	0
11	0.254133807379212
11	0.22784065005359563
11	0.21802834426357853
11	0
11	0.149939598553266
11	0.16261603912294678
11	0.2384896454915639
11	0.2256043798522589
11	0.29519602335509965
11	0
11	0.15390742445955172
11	0.2541060155716506
11	0.18618644582444968
11	0.12178881998865755
11	0.17501644867603738
11	0.21901936876978528
11	0.1338889459898569
11	0.13528917995637094
11	0.23455622920257646
11	0.24749362828382585
11	0.2180601562871298
11	0
11	0.21484646100396898
11	0.1827928636746065
11	0
11	0.2600822309281094
11	0.24495244597440796
11	0.2500549245402001
11	0.1921831734833069
11	0.1615385651352154
11	0.2446204980435281
11	0.3315791325368025
11	0.3203744400139721
11	0.19385009234528666
11	0.23396926675392415
11	0
11	0.4056264728626405
11	0.20338162419510636
11	0.19083202925794007
11	0.2519837754384135
11	0.1646812134850591
11	0.19122566604731503
11	0.2370165655175765
11	0.30171525063838367
11	0.22829689893578264
11	0.19547065081033224
11	0
11	0.4686147205877128
11	0.17377414467146335
11	0.204517201631159
11	0.2040352659837336
11	0.19205345556153794
11	0.15632394678903097
11	0.15962451059621838
11	0.23615591642408318
11	0.2148662853422659
11	0
11	0.14042725734296507
11	0.18988791095272056
11	0
11	0.18277865132336274
11	0.14817356857854672
11	0.28675913534206643
11	0
11	0.21718826911259181
11	0.2091863096537258
11	0.1641462001916792
11	0.18311462700125192
11	0.2414489637918606
11	0.19216911713924978
11	0.29791714930067514
11	0.2856794628945297
11	0.3195103038483736
11	0.19510182071218535
11	0.16747236745520572
11	0.1566585596068186
11	0.19080788158219864
11	0
11	0
11	0.272054913813066
11	0.3510257607871034
11	0.24404734085537566
11	0.26207561381391864
11	0.20774399672139593
11	0
11	0
11	0.17378345180086546
11	0.16931537500136162
11	0.30991318313428684
11	0
11	0.2680315109686169
11	0.2778631072611044
11	0.18850435054958267
11	0.1624677536457078
11	0.2800672941489965
11	0.48756407880483044
11	0.2296045701973188
11	0.2160850687879571
11	0.2793785457269319
11	0.17471952473313437
11	0.24646426006403077
11	0.17249333923725652
11	0.42978740911926955
11	0.20277267435139498
11	0.1887293549052733
11	0.24150044416556388
11	0.22553049257762295
11	0.23607941867020063
11	0.240245809134187
11	0.1903134630985657
11	0.17771662691147894
11	0
11	0
11	0.2736181682921719
11	0.16528536217243553
11	0.36964232131021774
11	0.19861473931713175
11	0.19205793614132322
11	0.240091550945144
11	0.32870056439191114
11	0.3484740842581405
11	0.4579880988374375
11	0.18493509780186154
11	0
11	0.21810184264689758
11	0.22045118862591864
11	0.145973374992095
11	0.1512935710791404
11	0
11	0
11	0.19513686183077386
11	0.1846751731417083
11	0.182770876032891
11	0.19374216376867934
11	0.23979874079318725
11	0.19043769121255155
11	0.23361820020991206
11	0.24789413778068128
11	0.18959353173687019
11	0.2653684402503571
11	0
11	0.2329362500723423
11	0.14415017050390933
11	0.30776566011462514
11	0.1964634898949472
11	0.2394388116147899
11	0.26943597332794145
11	0.23684549100026062
11	0.21714181450382083
11	0.18602312696412995
11	0.1929784321573006
11	0.1841785776176914
11	0.1897887934792458
11	0.28228951438600364
11	0.15461548858791677
11	0.1858059042109339
11	0.23086309403841787
11	0.29962110363798833
11	0.14877255199815947
11	0
11	0.3413391075700456
11	0.2299673041698748
11	0
11	0.13145679713868955
11	0.32700078728083426
11	0.1930068227965629
11	0.3233057738541602
11	0.1621049051893849
11	0
11	0.2657432583850471
11	0.42672441926187793
11	0.21090075721486026
11	0.21635533912478008
11	0.14500080618203545
11	0.17348296903204571
11	0
11	0.2108505951075182
11	0
11	0
11	0.24033015671149519
11	0
11	0.186597163951177
11	0.18442732864019484
11	0.24085616235061785
11	0.12303040974605714
11	0
11	0.22451169211072589
11	0.24949554114610947
11	0
11	0.21602720104430254
11	0.12313791619887493
11	0.20589752156259403
11	0.13863022995816734
11	0.166094881494072
11	0.251594161391431
11	0.17977295134488325
11	0.23085106732183636
11	0
11	0.18857256127567207
11	0.19427699662901424
11	0
11	0
11	0.17043002663327877
11	0
11	0.2894865874405273
11	0.2170070243341718
11	0
11	0.15822585928130925
11	0.1806834115306912
11	0
11	0.13060782583728922
11	0.18199008814485162
11	0.21827905332121234
11	0
11	0.24009631500531847
11	0.14083363820070752
11	0.2797585263227267
11	0
11	0.1569331379524102
11	0.19285618660074147
11	0
11	0.2611952356152771
11	0.33770510154611133
11	0.2940708365740238
11	0.22591781967889427
11	0.2672890302993965
11	0.3216010504132661
11	0.14120479434322158
11	0
11	0.19564676765243005
11	0.2791617358925971
11	0.38659025671946073
11	0.2775335468001747
11	0.1442304125396242
11	0.19133095409351578
11	0.13543778428456832
11	0.2814479942469358
11	0.19983094894298742
11	0
11	0.1497384244405448
11	0.15338192295856037
11	0
11	0.1634210883944627
11	0.1728466646568069
11	0.2127673981695055
11	0.24578955633162963
11	0.26528169932356993
11	0.1831031175843251
11	0.15272725686766409
11	0.32246092652865194
11	0.3346226521353906
11	0.24096968383281211
11	0.19572268100729862
11	0.21593433085858618
11	0.21974639542324792
11	0.22411285735051958
11	0.16532397263493534
11	0.19516797820185142
11	0.23827192135588984
11	0.19868786808187192
11	0.189264201444332
11	0
11	0.18451896430383385
11	0.23593618653908902
11	0.27140777456122905
11	0.1685694125754507
11	0.23270589328258012
11	0.2436915274721798
11	0.16614149348096838
11	0.36938214786210016
11	0.18882334492819558
11	0.31549256581996604
11	0.25528153700564965
11	0
11	0
11	0.18977322010262138
11	0.22540189563079838
11	0.2234243492377889
11	0.20333248695916947
11	0.26184537802062735
11	0
11	0.15773922083613012
11	0
11	0.19598441111518353
11	0.13977736500548593
11	0.16987061624236718
11	0.22147794226670348
11	0.24683360171442392
11	0.2412965925977676
11	0.22245275829497882
11	0
11	0.14399461431905827
11	0.2213212322796111
11	0.1662111668847714
11	0.17682630845185396
11	0.19337241687044418
11	0.22027801222327795
11	0.18969163597535105
11	0.25933023031770264
11	0.17968644471178985
11	0.14376846284748632
11	0.26083467932485177
11	0.33297011785762165
11	0.2539336044461825
11	0.16486653208848506
11	0
11	0.26363434193417523
11	0.1996098728915462
11	0.18061138487603118
11	0.20993191695097055
11	0.24722400917330478
11	0.13696240553923084
11	0.18684051750968608
11	0.19825534631683175
11	0.15785401578140712
11	0.18855759065781133
11	0.1704026338005481
11	0.19598364968492732
11	0.2739298917040235
11	0.18426641604454325
11	0.19264429505085792
11	0.0957932274883703
11	0
11	0
11	0
11	0.16132464424582713
11	0.224045353209093
11	0.20724337478219723
11	0.14838158753641226
11	0
11	0.13616449135106243
11	0.26260335552804126
11	0
11	0.2990819567672955
11	0
11	0.33485333050957955
11	0.17300842653612739
11	0.2050434101933521
11	0.22918922619387114
11	0.3000336417560891
11	0.23160432470655432
11	0.2633552021819737
11	0.15293791944246304
11	0.2983436056495108
11	0.23391962203310443
11	0.14869354769861476
11	0.19193758377861095
11	0.22950217612471446
11	0.12689434956740187
11	0.18401127905855588
11	0.18613404259756644
11	0
11	0.19379240503461506
11	0.1429186348834828
11	0.2883098301860519
11	0.27434947837518625
11	0.2856506693299543
11	0.15979287438373413
11	0.2104377385375472
11	0.17900377566532147
11	0.21424125973396385
11	0.20601371129264984
11	0.15603932507260698
11	0.19382883691117006
11	0.21334985827766664
11	0.18108244179789015
11	0.2492975475509843
11	0.3611549609201897
11	0.1738737435916105
11	0.19473739926224537
11	0.19411459725729846
11	0.1101638834758785
11	0.3482559486257893
11	0.3719848427368686
11	0.17946047634437431
11	0.24358185840279986
11	0.29370595834689317
11	0.23632632566774317
11	0.19215925305982068
11	0
11	0.19996542763988318
11	0.3132170468165959
11	0.18275314518289854
11	0.19856309313883116
11	0.17967948292209782
11	0.23155908779363232
11	0.36423741625518535
11	0.19324704885151955
11	0.24665494550001152
11	0
11	0.2220191759660952
11	0.16578441056506124
11	0.16992480135567498
11	0.15175813200469354
11	0.2534761369935079
11	0.22072314892009418
11	0.20069116429836242
11	0
11	0.21678646146566366
11	0.18244453198346125
11	0.24979373603208496
11	0.18442687567586472
11	0
11	0.23558666277786952
11	0.2537562533905983
11	0.20965337620106994
11	0.2168642894328274
11	0.23756714024199188
11	0.13450608702652014
11	0.20396514914496972
11	0.2289730822400233
11	0.3044936723339675
11	0.18078603279141447
11	0.2092167757443395
11	0
11	0.14637812662675515
11	0.16916933786325317
11	0.1737509758935915
11	0.256144123596218
11	0.31482638573944255
11	0.12693741013767185
11	0
11	0
11	0.27059793628116713
11	0.26069163757881825
11	0.33497890161515576
11	0
11	0.18895324381511644
11	0.1801431365669488
11	0.19399140687869706
11	0
11	0.18380640477081758
11	0.25923707302799176
11	0.23462410350485027
11	0.25300897817671114
11	0
11	0.33751605569433696
11	0.1511962360044509
11	0.21841691580952444
11	0.23895509851957025
11	0.21998344621593532
11	0.27785912783440403
11	0.2718843746418066
11	0.21876514190766785
11	0.20590056138558166
11	0.15535103906775483
11	0.18872298684522013
11	0.33486555908645277
11	0.2177645338270108
11	0.27687703434917327
11	0
11	0.2049132573505072
11	0.38947348929778636
11	0.17611379901754234
11	0.42330905789260226
11	0.21128909183901934
11	0.17559240819875183
11	0.23736242677297495
11	0
11	0.15000200978520056
11	0.19263099732831057
11	0.32641948013682814
11	0.22576631833792363
11	0.26240275553580467
11	0.277196962225383
11	0.18025700424201077
11	0.22546898728279402
11	0.1814440610609966
11	0.17486125387839174
11	0.20014207471297357
11	0
11	0.22816655164785654
11	0.1923836508423125
11	0.2635828773632585
11	0
11	0.15846153964036785
11	0.2970609657020316
11	0
11	0
11	0.21451304660097176
11	0.18010696510856675
11	0.20737623987980422
11	0.21262470740080144
11	0.2025202286453781
11	0.25089805565604906
11	0.2439220044163543
11	0
11	0.29602934892582744
11	0.19025732363363324
11	0.21743263432000395
11	0.1901430712405785
11	0.24352855301365195
11	0.18989834569158442
11	0.20266333437589862
11	0.22744828719315796
11	0.1385622218342993
11	0.19831868658572424
11	0.20583529967256226
11	0
11	0.268253893222764
11	0.18491212062313186
11	0.2642784648596997
11	0.19306688335555797
11	0.21335558498139598
11	0.226269455496306
11	0.2144194002780186
11	0.2614152130827839
11	0.2729757229480654
11	0.17597017893354544
11	0
11	0.33743244412157525
11	0.18257181798562294
11	0.17911271492332817
11	0.22476210088875764
11	0.3020956175551781
11	0.17341923939847356
11	0.17890556934291302
11	0.3002950297653206
11	0.18389407584289025
11	0.16170044850489138
11	0
11	0.2643607639991719
11	0.22551819803320683
11	0.21965841267599642
11	0.1902857379101575
11	0.226732754045822
11	0.19671753413746706
11	0.21601216011891866
11	0.1511739639557843
11	0.13661557124668572
11	0.2565021111140667
11	0.2437176250698573
11	0
11	0.17161291272658863
11	0
11	0.2602648646934722
11	0.3649195928269723
11	0.21810290519823836
11	0.15909297366550704
11	0.2771255096738526
11	0.22787463955358436
11	0
11	0.26836529915854296
11	0
11	0
11	0.13812650126904555
11	0.19115367630483068
11	0.21111577643240648
11	0
11	0.1994525252237664
11	0
11	0.12177037906784534
11	0
11	0.2322281051730839
11	0.29446926059010725
11	0.2924241657778514
11	0.17318607774437592
11	0.22501520901959537
11	0.22476481031491066
11	0.2783059907931345
11	0
11	0
11	0.1961797198450756
11	0
11	0.21085847672888886
11	0
11	0.13113679703193948
11	0.18160668400658656
11	0.2306573038166868
11	0.22521395112832263
11	0.17443316651746324
11	0.23716856867025007
11	0.2025740509568456
11	0.3049563592766551
11	0.11751879381127596
11	0.13523562640088854
11	0.23845525828448721
11	0.22299417406619026
11	0.18547103698497674
11	0.14885123028293218
11	0.28186466894977025
11	0.2264014341389317
11	0.15516868197644207
11	0
11	0
11	0.17076779114065274
11	0.3070383094473338
11	0
11	0.16263800498142553
11	0
11	0.1794200158518833
11	0
11	0.17201625899485334
11	0.3527855765598108
11	0.25971783462922965
11	0.2363937405531476
11	0.1724977017017978
11	0
11	0.25122409246055266
11	0.2676106453287752
11	0.12469409035676819
11	0.15916666456860487
11	0.19715160988680008
11	0.12008457653286592
11	0.23791266861348634
11	0.2450911661089965
11	0
11	0.3858845544023043
11	0.14215142231271743
11	0.15582167962039425
11	0.2358949965122767
11	0
11	0.2582047073898278
11	0.30846340867192706
11	0.2027852332533413
11	0.5337410637859965
11	0.26187863477735174
11	0.17996482996833857
11	0.20960852006033673
11	0.26747864260798976
11	0.1650864955423008
11	0.27875115115627225
11	0.25112220968331805
11	0.3334353367352512
11	0.18245322379890672
11	0.11343460563555019
11	0.18458874115668053
11	0.19516685615118173
11	0.2209258864871031
11	0.19577686995056884
11	0.14177939119674005
11	0.2733684953964104
11	0.2925574660827126
11	0.2155173376344621
11	0.37324904705328676
11	0.25978864125441503
11	0.2259436160366469
11	0.3661905978567248
11	0.2348477455864086
11	0
11	0.22594841452509698
11	0.1504654896506183
11	0.17516897260492734
11	0.18944557332641584
11	0.2015714686672656
11	0.17746329288085771
11	0
11	0.17813352857735557
11	0.23466987461218647
11	0.1628394967818473
11	0.2869075219577216
11	0.26841693277957013
11	0.3022855113368638
11	0.21737775232527942
11	0.21267261591788789
11	0.2423791454499664
11	0.24481936174428798
11	0.21341124695689895
11	0.17684829447268208
11	0.2625370052858958
11	0.34500537795478603
11	0.23155607001492573
11	0
11	0.29524841950030073
11	0.20717780835640084
11	0.2079768764847596
11	0.21323811213794644
11	0.20872309437492162
11	0.2060312300079439
11	0.37878256771787516
11	0.1879366598884565
11	0.2948959847167769
11	0.14451299526120145
11	0.13761018103629707
11	0.17800236186521728
11	0.22487535352248403
11	0.2308649540567443
11	0.18046088967922047
11	0.22437384227376858
11	0
11	0.23721310057430245
11	0.16062028535537998
11	0.20455029272877503
11	0.18080644365948173
11	0.25860949875315936
11	0.25464437144950114
11	0.20504778426015843
11	0.19967336139333128
11	0.2037032993832934
11	0.18983934714555722
11	0.16380054451859907
11	0.19797826603679453
11	0.19788306849507087
11	0.23836069137600494
11	0.2563256048018061
11	0.2888468275997269
11	0
11	0.21382303726838586
11	0.14629962726606868
11	0.33723161228221094
11	0.20338184621751354
11	0.19825585910220783
11	0.17666217794333816
11	0.20235749477615467
11	0
11	0.1393279281126021
11	0.19309580174643737
11	0.18418881856371377
11	0
11	0.20703025004445819
11	0.22462088739525063
11	0.18018722041405708
11	0.16015309286911314
11	0.10083325778120342
11	0.3138663141208539
11	0
11	0.2081393652477081
11	0.25880280747541884
11	0.17023871398273777
11	0.17147046627026402
11	0
11	0.1756111574140874
11	0.20669685624761627
11	0.24904548034966756
11	0.22796156037086682
11	0.20274156251509753
11	0.41277426691180963
11	0.1473634115651273
11	0
11	0.1810374572239016
11	0.19697746419498316
11	0.18233890124403979
11	0.17123313469968784
11	0.21704199945728903
11	0
11	0.18717343716383106
11	0.2804042306830336
11	0
11	0.13583243405530876
11	0.18910292083701544
11	0.21728554891049218
11	0.13939766791107483
11	0.24108902072412436
11	0
11	0.1280138469734777
11	0.213296364219616
11	0.21944424093856257
11	0.16231119149746498
11	0.24927825194832318
11	0.38459784600567964
11	0.19193961636092918
11	0.19706994430340521
11	0.26269746783059567
11	0
11	0.14642875704273894
11	0.24447850720001152
11	0.2316197871392833
11	0.3216312012502481
11	0.23853577885538657
11	0.18368741276270528
11	0.20029876053619883
11	0.38949644933079763
11	0.20924041963552092
11	0.2885779280171561
11	0.17249491368863668
11	0.4196536401195276
11	0.13267169575519458
11	0.18607715165158145
11	0.2181723297160066
11	0.17274284893396788
11	0.23255443182230473
11	0.22013477199500178
11	0.15645500557912534
11	0.27387618561060506
11	0.1859127844112848
11	0.3312260537098867
11	0.17001676419918196
11	0.24282944033451037
11	0.32101621250844536
11	0.13968670894927834
11	0.2237588924421437
11	0.17526581835429303
11	0
11	0.24242882505078825
11	0
11	0.2912626401860892
11	0.1816345660890638
11	0.17057197686671896
11	0
11	0.23269199968830423
11	0
11	0.23782711804399212
11	0.3067793394264522
11	0.3309576533544397
11	0
11	0.18584415911531868
11	0.16355641512772084
11	0.2852635693601744
11	0
11	0
11	0
11	0.2097906725595979
11	0.2851110491172142
11	0.20510241004346413
11	0.15799872805821344
11	0.1364258046814844
11	0.09880867354921385
11	0.23705290467371662
11	0.17751034862817888
11	0.16784013311998594
11	0.18772319948059238
11	0.2105052120940784
11	0.2029186961259144
11	0.14637751241660146
11	0.22896555657603054
11	0.2791086171797713
11	0.19748869430660462
11	0
11	0.18378612281917103
11	0.2022624508377435
11	0.2021503747529384
11	0.3339140738085614
11	0
11	0.21305457437290765
11	0.17390851320944387
11	0.2442277812373999
11	0.16413966624490442
11	0.21440865222316643
11	0.20250965714759822
11	0
11	0
11	0.1774754122552374
11	0.1822549208424889
11	0
11	0.17265805683606403
11	0
11	0.1886913036770039
11	0.18253562449604846
11	0
11	0.24720554373902368
11	0.23294081715140877
11	0.21528224497408185
11	0.1761657869046408
11	0.24135321102544222
11	0.21575981662975618
11	0.18867444142853818
11	0
11	0
11	0
11	0.20392553417161627
11	0
11	0.22605030279403818
11	0.14897154344536298
11	0.18878397980111922
11	0.18108640609927007
11	0.23274251342380578
11	0.18650701523688432
11	0.28015690039264557
11	0.17086097193901387
11	0
11	0.21026131872705403
11	0
11	0
11	0
11	0.20380361603499614
11	0.19392736047594555
11	0.26127733642886397
11	0
11	0.15587577865700458
11	0.1537521759471573
11	0.16924227656701274
11	0.3597832180113948
11	0.1460884366395501
11	0.2070487067213429
11	0.32042709298940497
11	0.17320858020757207
11	0.08402267814942596
11	0.1583246962941152
11	0.17472042035351434
11	0.17522945055095568
11	0.34413477055586955
11	0.2949101613068381
11	0.2904734390865729
11	0.28764958382259154
11	0.15785868358204608
11	0.27931110667469305
11	0
11	0.1585172897299166
11	0.2782715835171888
11	0.25345180682460156
11	0.19686765049882848
11	0.22605082496030443
11	0.13058870438894277
11	0.24442258645579107
11	0.18845188337455746
11	0.20033109357232504
11	0.19524266218316394
11	0.2627726999721789
11	0.22525185011170426
11	0.1469399745273243
11	0.25711533655967345
11	0
11	0.1977824926829956
11	0.16470039011862245
11	0.2651375524138626
11	0.25443176315124627
11	0
11	0.130058168153811
11	0
11	0.25567673468324975
11	0.17070653269746658
11	0.1629195441727177
11	0.1477328382262083
11	0.2166723421326398
11	0.24010261349275286
11	0.19992116695064735
11	0.18271681205540732
11	0
11	0.1749539818538463
11	0.19058014217450753
11	0.3948970500251154
11	0.21700758124006192
11	0.2765198926709657
11	0
11	0.22552306137706554
11	0
11	0.23812098993804717
11	0.19357673689261234
11	0.4444251555281294
11	0.13264806776286617
11	0.19186057248383645
11	0.1038301856837571
11	0.47229122812665586
11	0.18364803362739715
11	0.1537411660620131
11	0
11	0.2343336990149346
11	0
11	0.1780868727081114
11	0.22513150278815294
11	0.2553848090202314
11	0.3449450964618013
11	0.24505875897810003
11	0
11	0.1291719732541666
11	0.1697253624987967
11	0.1530035900594619
11	0
11	0.26428974708563957
11	0.2522479639178802
11	0
11	0.2301461839302293
11	0.19357111373387825
11	0
11	0.2653517728135163
11	0.2428018159052471
11	0.2556492064638851
11	0.13292449626209424
11	0.28671414876774287
11	0.2405096481002675
11	0.2503397988846564
11	0.18431508174364092
11	0.35173228311435945
11	0.21284519730486387
11	0.45457105550095156
11	0
11	0.20842022757268241
11	0.33918270193637
11	0
11	0.14177016873640136
11	0.1498719286328442
11	0.13550815377898912
11	0.21176490634018144
11	0.2568593723879222
11	0.20164560020687236
11	0.15114728625408128
11	0.20805501728502926
11	0.39111807799207343
11	0.25077560585792213
11	0
11	0.28275211901179065
11	0
11	0.3327464634179221
11	0.1957826964065112
11	0.221443810519588
11	0
11	0.20364151335459968
11	0.15672129108456287
11	0
11	0.220852811102005
11	0.3422129402960126
11	0
11	0.26498584277771836
11	0
11	0
11	0.14018744129736843
11	0.2936034103158593
11	0.21262950623656132
11	0.21393712356075903
11	0.23037297722924155
11	0
11	0.1570689800572892
11	0.16889260824594637
11	0.15037080559286764
11	0.2869013793189519
11	0.4139229189043309
11	0.248672682063828
11	0.11652123109988051
11	0.3103395983431726
11	0.21082147041587418
11	0.16578268096390195
11	0.2721865327217675
11	0.3077030608453925
11	0.15463190663695428
11	0.16910075723112733
11	0.2431259655046183
11	0.254701976699182
11	0
11	0.24049199069245078
11	0
11	0.259710453902603
11	0.211755191081826
11	0.14733347245796652
11	0.20238449900566843
11	0.19749271284121292
11	0.28478217597349254
11	0.19359552902760976
11	0
11	0.22178254801218655
11	0
11	0
11	0.2717377370015965
11	0.35096681817586806
11	0.2741956804359455
11	0.2695954675851653
11	0.1663816508403257
11	0.2036391712170477
11	0.2673674876547116
11	0.19122214095615445
11	0
11	0.19551943664451063
11	0.36192702903371965
11	0.20083046518925896
11	0.2504907824697386
11	0
11	0.1447330738806439
11	0.23616409661360596
11	0.2071748505048672
11	0.21976086905957942
11	0.21845284655879155
11	0.3385017127747458
11	0.1755842649101629
11	0.1671253725263335
11	0.21948798149059964
11	0.17570692941686158
11	0.21937653195513515
11	0
11	0.2232178002461898
11	0.21902446698184552
11	0.25352348583765855
11	0.45477141788253633
11	0.28643009960772853
11	0.21654436215828876
11	0.19848955507398086
11	0.32210392686450856
11	0.17983573228944938
11	0.2097026229549329
11	0.28123232046658636
11	0.2501928665845103
11	0.15859620098502264
11	0.1640380674660357
11	0.22478316782639707
11	0.228854433927688
11	0.1480877137375831
11	0.18677198598838712
11	0.26570195277910796
11	0.2677895432142593
11	0.20827588110776946
11	0.19454071870487138
11	0.16339515090501874
11	0.18274613293673952
11	0
11	0.16681773239604755
11	0.27020042449851683
11	0.25234730547419243
11	0.3467720994938787
11	0.21783221069226735
11	0.1748725154921124
11	0.26146023799190987
11	0.22557193062850922
11	0.33067101658897236
11	0.200682687787367
11	0.2685146095721077
11	0.2000770857979593
11	0.25091610311895607
11	0.1998482011632269
11	0.14514694764214878
11	0
11	0.20768263595423345
11	0.11873672362832333
11	0.2241819051259126
11	0.39658179513603387
11	0
11	0
11	0.2640294008519025
11	0
11	0
11	0.383469318098866
11	0.17876609293496043
11	0.23837909030973004
11	0.1973692901216113
11	0.2540114060773115
11	0.12864904960271384
11	0.26201980557863525
11	0.26511798265732217
11	0.17990515306199392
11	0.21768772788373694
11	0.19860197557426065
11	0
11	0.21054233953265267
11	0.19439050473451525
11	0.1849801712063956
11	0.16094075472335492
11	0.15191245117236044
11	0
11	0.2171247109729318
11	0.20796650818980145
11	0
11	0.20835489947330563
11	0
11	0.26956918935249924
11	0.14525063694194562
11	0.2363929218313308
11	0.26955365759551775
11	0.28059140132988425
11	0.24996051416370788
11	0.18380106723775017
11	0.20863978101037628
11	0
11	0.25231517547903426
11	0.21008340914806536
11	0.3269182942363958
11	0.35666985664793693
11	0.20916154294912662
11	0.290554698186599
11	0.24960533564859141
11	0.15594435244270508
11	0.1424654999842056
11	0.15673424267925506
11	0.15394118547639354
11	0.21667567015995898
11	0.3302006106254713
11	0.11798618176096914
11	0.360349780871196
11	0.15611624596025594
11	0.17782664797498945
11	0.22390611123361479
11	0.2813463396878123
11	0
11	0.17858389751218426
11	0.15786924188052343
11	0.23878075075172644
11	0.21522502982100553
11	0
11	0
11	0.1490440118799626
11	0.22659715533891797
11	0.23440296633257368
11	0
11	0.27156635652594124
11	0.24201255061492666
11	0.18720766426504976
11	0.20643208208453914
11	0.36052705802953067
11	0.3627482796572191
11	0.13623569941612115
11	0.11527934056073294
11	0
11	0
11	0
11	0.25494856503114477
11	0.251105290104179
11	0.212215486135279
11	0.25043336669134936
11	0.13837606348605513
11	0.20469527854471611
11	0.24470242395313668
11	0.247235383152138
11	0.20415351676944785
11	0
11	0.14988819471978018
11	0.35740532508877004
11	0.20786141014511797
11	0
11	0.25884408769244305
11	0.17443488991290984
11	0.22700096473277184
11	0.15036855235090332
11	0.16492717631424492
11	0.19017419482563205
11	0.23869012275368476
11	0.17225234372654372
11	0.2740158719709356
11	0.16902857451679157
11	0.12054057874550177
11	0.4441392499617538
11	0.22360366571349888
11	0.16828400924162368
11	0.2272142089183557
11	0
11	0.1987685084884114
11	0.23690745955976802
11	0.20713888432467945
11	0.16922815754535206
11	0.25355003947276716
11	0.21888416231091412
11	0.1571169116323899
11	0.3812195662572109
11	0.1509391554626415
11	0.11839187953505434
11	0.3890337494764295
11	0.2016353447610977
11	0.21581891629440855
11	0.2273991360752182
11	0.19531483580680256
11	0.2698190967300526
11	0.2501410007339677
11	0.19388611396185662
11	0.24365022648365722
11	0
11	0.3060997124371523
11	0.18165220447892286
11	0.22027773635628056
11	0.2097266774377218
11	0
11	0.253128621667009
11	0.25430472715632135
11	0.1827161696299512
11	0.31201549253224986
11	0.16000240716588973
11	0.22370227937969162
11	0.17606651775460472
11	0
11	0.21051503806998495
11	0.34746171330472975
11	0.15319428212865407
11	0.15439319196821474
11	0.246470403568618
11	0.2312741902197848
11	0.22641169157987492
11	0.2610276132805996
11	0.400827708679782
11	0.15095611933330869
11	0.19423349522699285
11	0.1451318770377083
11	0.15073152517239155
11	0.31810180150164036
11	0.16915391507638686
11	0.2611457049660676
11	0.1812331156548715
11	0.09869438219926573
11	0.22474147305304276
11	0.4317026464747513
11	0.1642603820407993
11	0.17901127789513557
11	0.18453088070327128
11	0
11	0.27768575194508704
11	0.17372679451045225
11	0
11	0.18451376999807892
11	0.14999878799309424
11	0.26501812294364047
11	0.10765373058159347
11	0
11	0.1446327546656483
11	0
11	0.28666185932947513
11	0.20045591626834292
11	0.17189018831398217
11	0.16471986298086064
11	0.441768894219511
11	0.1905628032995516
11	0.2323331041481041
11	0.2017609674879031
11	0.36717122700517607
11	0.2282877802041771
11	0.13221281399734008
11	0.3495965916746074
11	0.21435558043077602
11	0.24013689487517145
11	0.2171761830629833
11	0.15941051129761055
11	0.23684118754005942
11	0.3613296385148362
11	0.17454821214477106
11	0.2618232877289238
11	0
11	0.42363002756585033
11	0
11	0.2912470901530333
11	0
11	0
11	0.23149319486106876
11	0.19362429720720264
11	0
11	0.2119688801053701
11	0.23225638844336308
11	0
11	0.23270053890329884
11	0.13069700337282633
11	0.1505013150534009
11	0
11	0.16207597962696532
11	0.16900603435707715
11	0.1566450102445396
11	0.30307442299689424
11	0.1901064568689633
11	0
11	0.33920168118322414
11	0.18806147225236422
11	0.26425900394712365
11	0.28059067683326416
11	0.2677244536700857
11	0.2811314122045493
11	0.2850291544117501
11	0.2441433320880229
11	0.16813819004841
11	0.22974560263602065
11	0.19340108191174346
11	0
11	0.2575201470643386
11	0.2566921981997926
11	0
11	0.3202073567954162
11	0.3163621203650958
11	0.20388417086578262
11	0.23040884014285717
11	0.15513979639234246
11	0.1683578588892588
11	0.2195091291365244
11	0.19259905234800503
11	0.1861075598591583
11	0.14025224756310514
11	0.24607268741642802
11	0
11	0.29807104287596636
11	0.22971850853123868
11	0.13704954626134683
11	0.2238185390483981
11	0.2490443397616241
11	0.2365717620646185
11	0.19397271861304125
11	0.15144361720014157
11	0.20053954058518159
11	0.15449261925510369
11	0.25177326793836063
11	0.296820108994
11	0.23656954447465842
11	0.16109552622114304
11	0.19992984950468973
11	0.19814880107381136
11	0.2232428888790309
11	0.20463645502452288
11	0.136137687182413
11	0.18318761193930272
11	0
11	0.2094192308130728
11	0.14804213400870544
11	0.1575972739269395
11	0.30163668214913514
11	0.17516653543552257
11	0.3690905994780946
11	0.2306560316972766
11	0.21374466536366415
11	0.25292704779603226
11	0
11	0.25847140775224275
11	0.20714896308946165
11	0.21739736067653484
11	0.23302184408789003
11	0.2575425879393145
11	0.2092511669884675
11	0
11	0.21711499058376135
11	0.18120203847601843
11	0.2569466462880931
11	0.1784370125217847
11	0.2521061238933636
11	0.19178691256100067
11	0.18263882277277493
11	0.24995504739421606
11	0.1657963077812165
11	0.16933793754284823
11	0
11	0
11	0.2813291475112009
11	0
11	0
11	0.23553480957256528
11	0.32714379498607327
11	0.2129512597704333
11	0.254341318867151
11	0.20351735832999818
11	0.22105015654348326
11	0.25157682099887396
11	0.23302865556316393
11	0.2517883401405926
11	0.2984374768812619
11	0
11	0.1660874622405545
11	0.2697845733540145
11	0.22488358301221045
11	0.2363529293129459
11	0.20221113568713836
11	0.21348880049198757
11	0.252285815450462
11	0.2530311859104951
11	0.371758384397599
11	0.2254976151096865
11	0.26708507522262787
11	0.16764486735463918
11	0.22604138025733583
11	0.1336471961769402
11	0.18753085204551334
11	0.2922781627719911
11	0
11	0.2056509827250534
11	0.15187251672107394
11	0.2781279202577132
11	0.2006476341116947
11	0.15549014068873682
11	0.308219122774542
11	0.1913371926387954
11	0.2863174802413777
11	0.23499627953062824
11	0
11	0.3686194604611315
11	0.20166367105127303
11	0.2640571276724886
11	0.15699357411530201
11	0.20154266923350422
11	0.3486084255381867
11	0.23955772683606266
11	0.15408268718553236
11	0.2222174068054456
11	0.2292229098291362
11	0.22777450721825762
11	0.13657453000631053
11	0.19016863670836892
11	0.12017398681618101
11	0
11	0.18869168753064272
11	0.3026314639555915
11	0.2322953649995067
11	0
11	0.1494346822192231
11	0.1903693676684698
11	0
11	0.21049983446105272
11	0.17545757717952185
11	0.2790135775049305
11	0.20097462697522483
11	0.2094900840473307
11	0.2045583496451045
11	0.18076145343135513
11	0
11	0.2530655925891765
11	0
11	0.17947326657363627
11	0.3897062124581521
11	0.20558402348045537
11	0
11	0.17683951693538158
11	0.1730140855025179
11	0.20980151507822306
11	0.22774490156507665
11	0.19909591744845875
11	0.16977859075828758
11	0.2072560894573984
11	0
11	0
11	0.1711404743333565
11	0
11	0.1717258400747097
11	0.2584804782958032
11	0.29394646589026807
11	0.27474528519070396
11	0.2241847772949802
11	0.1959348805319833
11	0.1995700671268297
11	0.2279772220392604
11	0.20042853586389944
11	0.12822681077547313
11	0
11	0.2879538020293978
11	0.23784296941812602
11	0.2373669030323592
11	0.2439525668895232
11	0.2688270764250356
11	0.21101599032063087
11	0.2209347144726119
11	0.21016494119476553
11	0.25604997947622415
11	0
11	0.16342914077922857
11	0.22270702630626993
11	0.21358314429996272
11	0.2344525675764833
11	0
11	0.20953486923695316
11	0
11	0.19893000801192895
11	0.11632896854652011
11	0.2642231166234507
11	0
11	0.17569938324339018
11	0.17621911592160613
11	0
11	0.2648280581410745
11	0.2736383068375892
11	0.23402539298056488
11	0
11	0
11	0.2823529639350546
11	0.20724978443116548
11	0
11	0.2627366431548796
11	0.18789719093515897
11	0.20075537890813322
11	0.15043320187329157
11	0.3323484150147808
11	0.17780763381643536
11	0.23013608902994404
11	0
11	0.26102945388298127
11	0.21910878712060528
11	0.2506384806429747
11	0.21370560452399562
11	0.1557917534683708
11	0.2563330482435822
11	0
11	0.253256410727611
11	0.23187976098737847
11	0.2452578455321037
11	0.2676944015160199
11	0.21617793948066424
11	0.27705207622640027
11	0.21456978447746997
11	0.20676134495735585
11	0.2612086610790787
11	0.2057530451172905
11	0.167696316660506
11	0.19080441495430245
11	0.20017987777451665
11	0.2265172369528598
11	0.20031958168637723
11	0.24699405581181233
11	0
11	0.25634661302107187
11	0
11	0
11	0.24534800496768125
11	0.20301713369729016
11	0.20634759741407177
11	0.33152399571041286
11	0.1286847673683829
11	0.3302530088323009
11	0
11	0.2352289025487645
11	0.1888507652684247
11	0.21308639932399442
11	0.2981323343113328
11	0.3373874924102381
11	0.19387057775787225
11	0.18286436963639974
11	0.24444222673164656
11	0
11	0.25818707803739926
11	0.45805942426315605
11	0.2550036311113158
11	0.22261315336918652
11	0.23390796646373768
11	0.2228188944121265
11	0
11	0.18020717523574623
11	0.2171075791055593
11	0.3729559756569651
11	0.2482051845526117
11	0.22150618040791364
11	0
11	0.2473610508841108
11	0.25006240224021453
11	0.242401456305473
11	0.27413580553640604
11	0.2770316387320815
11	0.23081192143182208
11	0.42475208309902185
11	0.17187671844197883
11	0.34148196336531406
11	0.12878974660807027
11	0.10702150455186414
11	0
11	0.2565867930604559
11	0.3674292323119876
11	0.34335903435682785
11	0.2364187723686938
11	0.23307676234896726
11	0.21429261614712333
11	0.18868681079097668
11	0.2368653288083988
11	0
11	0.18146396515770527
11	0
11	0.20111507561888456
11	0.20162953470121958
11	0
11	0.23354089161735414
11	0.1545193213107503
11	0.33119518514796864
11	0.2585405047621204
11	0.21781466358781273
11	0.2634778796068886
11	0.19214927036760593
11	0.2443845707773565
11	0
11	0.20426683315465946
11	0.17249829713939147
11	0.2640359069815585
11	0.11919591254334892
11	0.27597499446220886
11	0.16619989246173925
11	0.26876104258315026
11	0
11	0.2513817980007308
11	0.21085373374975885
11	0.15736151630597803
11	0
11	0.1906955813049729
11	0.17141457733294319
11	0.16790022272046995
11	0.14642757903057302
11	0.23215134756182168
11	0.2966221567229688
11	0
11	0.2963658218834663
11	0.1536760346105646
11	0.21470666764082985
11	0
11	0.22984990326900723
11	0
11	0.15577576693260783
11	0.11623758989131053
11	0.20220891986243208
11	0.376723439583499
11	0.2670007653798832
11	0
11	0.257113363924814
11	0.2754666779252104
11	0.14743984647675643
11	0.24685408444565882
11	0.3049753639165454
11	0.22289910746155164
11	0.20834712051238471
11	0.16740975393225838
11	0.1374427846446358
11	0.16554677104527424
11	0.1955173905297348
11	0.15142776325952872
11	0
11	0.23600617707078542
11	0.11910693207741668
11	0.15504787377085533
11	0.30870213366218924
11	0
11	0.3410219112589027
11	0
11	0.2509441110684744
11	0.24291601925290332
11	0.2802195213240891
11	0.19591267411347488
11	0.2864543735028026
11	0.12552274093483168
11	0.31091794398799877
11	0.1642350422776563
11	0.16585748063372932
11	0.16276021724135886
11	0.44172195006743553
11	0.1968995188387709
11	0.18726372228518373
11	0.15044731774860076
11	0.16833532927113448
11	0.22185823258947898
11	0.3427717290733944
11	0.2617648032568629
11	0.25911833859527056
11	0.2282401140356522
11	0.19734375712949984
11	0.19473892640237137
11	0.258328700672621
11	0.13688224866320484
11	0.3188349986096802
11	0.24791414910650691
11	0.30492566031976076
11	0.17974767804764796
11	0
11	0.23420176216843044
11	0
11	0.2143408994078707
11	0.17421689914490568
11	0.19061715937565948
11	0.17192006696733783
11	0.2031439700708586
11	0.24282236849160688
11	0
11	0.30970023595343726
11	0.1606221801785837
11	0.19977346847118002
11	0.2473776496462936
11	0.29817634094122497
11	0.29647081604305725
11	0
11	0
11	0.2651271770075834
11	0
11	0.10331025847539031
11	0.3004844686943114
11	0.18300248163734142
11	0
11	0.21709852531877127
11	0.15878453665957395
11	0
11	0.1240998258453743
11	0.1944161024098866
11	0.24703182688795897
11	0
11	0.2860594609229863
11	0.1287290882292007
11	0
11	0.15823720705033342
11	0
11	0
11	0.22287718754038194
11	0.21393465699185985
11	0.18721156195070984
11	0.23543308375328567
11	0.2139866697494091
11	0.15713429007969984
11	0.29360386277873096
11	0.23127558556935085
11	0.17808975584552095
11	0.21296180689024008
11	0.23311328678125112
11	0.1682885465438076
11	0.22220066917450826
11	0.26576677393407633
11	0
11	0
11	0
11	0.16275739065742786
11	0
11	0.18266930879270935
11	0.16063508251643346
11	0.30295479447014373
11	0.20406710260364522
11	0.3450618676771523
11	0
11	0.2739828038364519
11	0.14755122003746352
11	0
11	0.19113126755081916
11	0
