cval	avg_intersection
11	0.0037095331282457848
11	0.005477858572072783
11	0
11	0.0044026819206926795
11	0.004945453532797066
11	0.005408138340241565
11	0.0047381566301115344
11	0.004971203170181987
11	0.005456943228538427
11	0.005661613775124479
11	0.005518176304815753
11	0.004888936433318252
11	0.004968731137439046
11	0.004141068957376753
11	0.004480546077454606
11	0.0038480257501493087
11	0.004983266942881147
11	0.004308383474832892
11	0.004112926819233987
11	0.004182543831392668
11	0.00409795361357568
11	0.004315801622982282
11	0.005616556323870726
11	0.003566532382103746
11	0.004525067621338504
11	0.004858687170822502
11	0.005436127294784329
11	0.00508955218881422
11	0.005668432733910557
11	0.005823390119783921
11	0.004897189843609104
11	0.0042829637273714225
11	0.0042741783375082245
11	0.006007547932909062
11	0.003759910187125591
11	0.004070693926191721
11	0.005088717584374274
11	0.004669496485533931
11	0.00459290054251277
11	0.004179988952804724
11	0.004259343462950879
11	0.005077869807557444
11	0.006351022362789638
11	0.0045097571254315676
11	0.004174154801470979
11	0.0040916369313424815
11	0.0053496289856397785
11	0.0036504202276969907
11	0.0039880088627189374
11	0.0049857854526662825
11	0.0033090426851400123
11	0.005855666104858708
11	0.004015351309273888
11	0.004563567897344715
11	0.004733719799551894
11	0.006439328888959474
11	0.0035740847162272376
11	0.004490609163187191
11	0.0037853102408920004
11	0.003935886500804321
11	0.00502507389842376
11	0.005075915946816409
11	0.004542946772058376
11	0.005868217203251916
11	0.004677029977230356
11	0.004543640597775404
11	0.004909651972213241
11	0.004949764314435153
11	0.00515432197907446
11	0.004811147610500812
11	0.004676696751336751
11	0.004887779712927978
11	0.004428909198977579
11	0.003983224954774818
11	0.006042805439039768
11	0.006289636018808396
11	0.0049394639837322145
11	0.00460538392870454
11	0.005335076628042388
11	0.0037739130868203736
11	0.004438440431684631
11	0.005258766443438301
11	0.0058114240337477875
11	0.0057952991303048635
11	0.005659146352956785
11	0.003976355402096373
11	0.004395180033205242
11	0.005264909651865854
11	0.00458279691224308
11	0.004903778959754933
11	0.0047654959081326045
11	0.0049634072842703394
11	0
11	0.005204476826624466
11	0.004269327306571963
11	0.004052456126284901
11	0.004959265176821171
11	0.004931725926693505
11	0.004763590080091125
11	0.005422792915336905
11	0.004468107332261235
11	0
11	0.003997261130740148
11	0.005071134700390884
11	0.0045224156885125995
11	0.00524044317270606
11	0.004191226785438717
11	0.004012756202900582
11	0.0049492721896671555
11	0.004605895290327985
11	0.004066583067307276
11	0.005302630137474989
11	0
11	0.0055062518265045915
11	0.004481150557271467
11	0.0050245433077485855
11	0.00417891425878311
11	0.004461658845997062
11	0.0051650612772418366
11	0.004434025794673828
11	0.006450391272683512
11	0.004631109347079522
11	0.004716126017990894
11	0.00494032889045298
11	0.005239608223933432
11	0.005130820568614001
11	0.0047901395153049035
11	0.00493760568970511
11	0.004494101172044122
11	0.005004131069357479
11	0.004144560081721111
11	0.003947319094753801
11	0.005488064354131783
11	0.0056679665628431835
11	0.004081904563760736
11	0
11	0.005041907198653905
11	0.004498967419155547
11	0.004272161023374703
11	0
11	0.004857431348199515
11	0.0038035064930583276
11	0.004880742202177214
11	0.005031639005668438
11	0.004261437609756856
11	0.0052001845347632945
11	0.005254671282724702
11	0.004776832026191103
11	0.004421044550625056
11	0.004067113496764505
11	0.005092888205436068
11	0.005534684964681404
11	0.0047425526922349115
11	0.003919310276119011
11	0.005025788664924784
11	0.005109575642037313
11	0.004873327989622237
11	0.003301597386649751
11	0.005490555483808292
11	0.0052776757170772595
11	0.004064021510772023
11	0.004522824782295015
11	0.0045381285105188735
11	0.004333676020860884
11	0.004405437391790683
11	0.0048127926731277035
11	0.004552701179745236
11	0.005637127341590353
11	0.004676430477952476
11	0.005203386055216943
11	0.004432161645790945
11	0.005420053208413956
11	0.005475328482220208
11	0.003702686289324215
11	0.004141425727727935
11	0.004738176387823908
11	0.0043154000597475616
11	0.005097706634919387
11	0.005163508060142776
11	0.004391466410597052
11	0.004902651915946373
11	0.006010450657044447
11	0.004942268189510625
11	0.004989458452245291
11	0.00492267007218637
11	0.004344155591034413
11	0.004923984392650717
11	0.0056004898793628
11	0.0046964735092664776
11	0.005043252766218868
11	0.004530418006127235
11	0.004901924283355141
11	0.004764578819358953
11	0.0036864109379402626
11	0.004904252441048602
11	0.004628853676241801
11	0.005308746935207434
11	0.004085180353043559
11	0.0046609127601232566
11	0.004181656073390964
11	0
11	0.005333083171607248
11	0.0036940636777360748
11	0.004350935499632513
11	0.004377846142127116
11	0.005173274493929407
11	0.0053165846854293245
11	0
11	0.004848066542011806
11	0.004618117155125964
11	0.005014511726391191
11	0.005287538439845586
11	0.004931971646865245
11	0.005156938993890454
11	0
11	0.004386894553415019
11	0.004254872836244941
11	0.004724467552101011
11	0.0029121779604500205
11	0.0053816690512986575
11	0.0038787425163931627
11	0.004623552936333418
11	0.004014975136586849
11	0.0036412689603720285
11	0.005393472595707423
11	0.004246919870279785
11	0.004430836515910265
11	0.004412568192494624
11	0.005540885498563939
11	0.004063724979417305
11	0.004157159651751459
11	0.004499314718283954
11	0.004408841046997937
11	0.005147332633289752
11	0.004621536460466002
11	0.004802680616213462
11	0.003434157105162476
11	0.005500216316511422
11	0.005554447747366588
11	0.004119525133598331
11	0.004845649417499561
11	0.0039039131923446512
11	0.00434709229212133
11	0.004680988338276608
11	0.003872915831404555
11	0.0043721373328349245
11	0.005017659974402257
11	0.004830193421001873
11	0.004212658361601339
11	0.004425754110537026
11	0.004157122880086123
11	0.005055756970994549
11	0.005096659273432432
11	0.005539346973425885
11	0.005516828900148879
11	0
11	0.005225671658395824
11	0.0046547398084383395
11	0.004576334691751946
11	0.004402504276994995
11	0
11	0.005335731640013728
11	0.004774534439174075
11	0.005157501964498259
11	0.003693751747438898
11	0.005604267916631103
11	0.0037092245727730192
11	0.005371746455900897
11	0.005045464449926723
11	0.0049231149526630736
11	0.004850105391100131
11	0
11	0.002984554075934817
11	0.005666593423412932
11	0.00540626615186441
11	0.0042911243340947106
11	0.0034043646942286732
11	0.0038609432193806633
11	0.004888145342332656
11	0.006344499004804436
11	0.0055724565541896524
11	0.00596956697921059
11	0.005445240736174143
11	0.004465643191211217
11	0.0036393415105162303
11	0.004447045343728982
11	0.004817882204358345
11	0.004021557581760652
11	0.0038023163687120414
11	0.003570439437211508
11	0.004714395503924927
11	0.00511753638729512
11	0.004180061104188589
11	0.0032442907427788887
11	0.004459656245941469
11	0.004811640866991059
11	0.0042173249130199346
11	0.004021368557331584
11	0.00552194956951976
11	0.004674821403144037
11	0.00474197728901227
11	0.004616751711450429
11	0.004060197362780136
11	0.004643031646882175
11	0.004989267447676129
11	0.004995753463886331
11	0
11	0.004504364423943149
11	0.004742676263768305
11	0.003259062196551218
11	0.004392163782758328
11	0.003986953543890722
11	0.004464687263129831
11	0.005078804608918808
11	0.004418700119805238
11	0.005239515216989409
11	0
11	0.004308797166349838
11	0.00542763119382647
11	0.004638076766228696
11	0.005257134752799976
11	0.004486770859600495
11	0.004117690768419305
11	0.004375774110228145
11	0.005751829161119139
11	0.005220264488894868
11	0.004278699607748873
11	0.004724882617177406
11	0.005235733117747571
11	0.004237482130331267
11	0
11	0.005527031194853891
11	0.004605916757191101
11	0.005050785027315224
11	0.0047596986199880485
11	0.005173507529670999
11	0.003708178924314306
11	0.004986596354148561
11	0.006120286063199794
11	0.00417890830020584
11	0.004096578668683558
11	0.004354510932775393
11	0.004908792058608066
11	0.005569304962462367
11	0.004967214024573656
11	0.004345347515319434
11	0.004570782354387895
11	0.0046465353220830705
11	0.0036835005352762653
11	0.004392046379851138
11	0.005770463298845919
11	0.005187745122977894
11	0.004330569847968186
11	0.005167699730977289
11	0.004637925383630426
11	0.004659377117945805
11	0.005190044811016752
11	0.004465709797075898
11	0.00518839253323934
11	0.0048206152767907105
11	0.004215866474660103
11	0.004415033031081423
11	0.004466923688236218
11	0.0047007483080240145
11	0.004372736474572104
11	0
11	0.005417130725932411
11	0.0055720108709287385
11	0.004834690903455843
11	0.003639376909157085
11	0.004570368784270126
11	0.003624918647883618
11	0.003971092486613487
11	0.004139808297328837
11	0.004835357419577315
11	0.00582249157951528
11	0.0038687485198839232
11	0.006281978848776066
11	0.004667652459509061
11	0.004237720172047544
11	0.004331017622639429
11	0.0057177483007480965
11	0.005178756275021696
11	0.004203116650624914
11	0
11	0.004471335650307447
11	0.0052713421696089224
11	0.004742708275529184
11	0.00481437182196729
11	0.005525713291019218
11	0
11	0.005511247365748864
11	0.004486227632115043
11	0.005754471995728877
11	0.004786379858978853
11	0.005229648499629201
11	0.004690283102740065
11	0.0052207634867106655
11	0.004351900986273899
11	0.004853323630608341
11	0.004648158719121406
11	0.00464253026181552
11	0.004641302453404471
11	0.0036390490914321146
11	0.004677158378347732
11	0.0048447590620927785
11	0.0063076050328806825
11	0.005285725047678656
11	0.005809276310382087
11	0.005057435011580586
11	0.004306079720161763
11	0.004078717777536343
11	0.0050712659616514
11	0.004654486699570477
11	0.004766324799241714
11	0.005081986711314583
11	0.005839546443797783
11	0.004907964325433527
11	0.004381071011648322
11	0.0040395599035965984
11	0.004391146230109386
11	0.00624994395675819
11	0.0053483219934012454
11	0.0042047950218759055
11	0.004850475844582973
11	0
11	0.004259923292005653
11	0.005193235720914354
11	0.006618787932291589
11	0.006275485873723195
11	0.0045274254366922525
11	0.004899996165299395
11	0.004007660903649045
11	0.004617784969611542
11	0.0047349432389347315
11	0.004155195774105089
11	0.004486605321900786
11	0
11	0.004369024524932722
11	0.004543866501970539
11	0.0055068027021322255
11	0.004526315867208409
11	0.005760739200884893
11	0.0045546226282505604
11	0.004210962209222831
11	0.0056276522534795545
11	0.0034487063760389094
11	0.004734780542688855
11	0.004762198984600213
11	0.004425821542849193
11	0.004342250917762906
11	0.00568184874795425
11	0.004781152739077173
11	0.004675137506238645
11	0.004204502697201863
11	0
11	0.004424320060025315
11	0.004359035163275706
11	0.005239102435885258
11	0.004503985484144182
11	0.004935955180823631
11	0.0056425861701390094
11	0.0049395610777992205
11	0.004648297641481361
11	0.004099674980165287
11	0.004169463316160338
11	0.005081116686124293
11	0.004281401803648556
11	0.003502850927706533
11	0.003916977153672538
11	0.004738066463474534
11	0.004989699951550654
11	0.003563363594194244
11	0.0042076645309029525
11	0.004486008475743429
11	0.0043293739894072255
11	0.00391743258018455
11	0.00420006144270372
11	0.00358290829428766
11	0.00500798476368947
11	0.004374688541623771
11	0.0034327377794659453
11	0.004250232424289519
11	0.0041744206865428
11	0.004726932053842228
11	0.004990201146727135
11	0.004758988066089678
11	0.005237418379777557
11	0.005477372422090894
11	0.0046537947555680996
11	0.0041620062823719784
11	0.004868427061944261
11	0.00471178629090193
11	0.005347263599161319
11	0.0033722611588352454
11	0.0049752344574608195
11	0.004977460526596972
11	0.00464120691967293
11	0.005059170636493072
11	0.004812942761683734
11	0.0042625802135995376
11	0.004875977624432165
11	0.0053939637041220375
11	0.003566173150017233
11	0.0060535954822537735
11	0.0047253783365832375
11	0.004698708026379199
11	0.004014577751323896
11	0.0050149740922266345
11	0.005342525880162247
11	0.004688830234566937
11	0.004087569125461765
11	0.004325137693874052
11	0.004061860943402644
11	0.004592621815238883
11	0.0050277953191848225
11	0.004528493273201798
11	0.004314107340147902
11	0.004735264858935099
11	0.005046266754625538
11	0.004271148610362985
11	0.0052785208765498935
11	0.004051002746389067
11	0.0045093717240174335
11	0.005699308348819287
11	0.003892475478286294
11	0.0029450125457084813
11	0.005136322183967024
11	0.004612754213258437
11	0.005728346257912513
11	0.005098241315584952
11	0.004927644298909676
11	0.004430635235788937
11	0.004997676136475247
11	0.003591434959777725
11	0.005505306577820729
11	0.004477616026796889
11	0.00434077405240369
11	0.004442997091786662
11	0.004228138777772762
11	0.005600288039465988
11	0.005435731762290797
11	0.004683338674287717
11	0.0054872058421463815
11	0.004034293340150686
11	0.005856209941925283
11	0.004973063380449369
11	0.004771063801731309
11	0.004616037377799866
11	0.004524284036225622
11	0.004188615689201878
11	0.005809493849841604
11	0.005150683529979344
11	0.004315457805335281
11	0.004251252056650229
11	0.005598175577786923
11	0.004517368341171905
11	0.0049452410258974235
11	0.005392943917124855
11	0.0039612640062278714
11	0.0055211278754139365
11	0.003891752581802884
11	0.004651077634933228
11	0.005788111370820531
11	0.005666350130809963
11	0.005032520518060989
11	0.003770894864369281
11	0.004273344855167466
11	0.0044404217343209
11	0.0059317407794080455
11	0.004990428789258816
11	0
11	0.004847085941728314
11	0.004569589196272461
11	0.004828221548782739
11	0.006497386647563376
11	0
11	0.0040218330986408635
11	0.005055486150210111
11	0.003216316894651421
11	0.0035989879265916538
11	0.00490015217176751
11	0.0039341907730343776
11	0.0038493640483392186
11	0.004526773168911258
11	0.0046542243547760985
11	0.00566017304719992
11	0.0044003847590635
11	0.004464844677692061
11	0.005446690228733691
11	0.005625081335819652
11	0.0054518748620524795
11	0.004975634163021044
11	0.005525479749250058
11	0.005431467594810063
11	0.004752759180873086
11	0.005695839513242851
11	0.005351791954301303
11	0.005904126398994332
11	0.004729391388868065
11	0.004258861815023563
11	0.004439727269480216
11	0.00461368226438771
11	0.005249968246109635
11	0.00420007765449423
11	0.0046552951052971515
11	0.004760052188039578
11	0.004242434539705656
11	0.004657102189225377
11	0.004656590273820146
11	0.004651610404266225
11	0.0035249739051661515
11	0.00406228643203307
11	0.0055579580695745475
11	0.005449179336208222
11	0.004053974984251178
11	0.005720577272356272
11	0.0038863148544317936
11	0.004658462946052276
11	0.003615384686231634
11	0.005716717750145211
11	0.0044589118254329705
11	0.0046575633704921855
11	0.004456150659650657
11	0.005345634871386836
11	0.00468647223907817
11	0.0044290275596384895
11	0.0044064075328749275
11	0.004525483370658313
11	0.004701866890295295
11	0.005241248482234717
11	0.0038158163558246684
11	0.0047949448594100455
11	0.0047198176748791815
11	0.004233162804874808
11	0.0045068524372518185
11	0.004908932881881234
11	0.004679497381762871
11	0.004480833107683362
11	0.00430441465173441
11	0.00485627508404875
11	0.005931009670590441
11	0.0037201946517512233
11	0.004315013585022545
11	0.00462311329063354
11	0.005924466138432494
11	0.004146744908976355
11	0.004751500442301321
11	0.004555346094290026
11	0.004492150675838444
11	0.004402120273904424
11	0.0038778530386193895
11	0.005603754768091174
11	0
11	0.004322664985109532
11	0.004016548091675845
11	0.004853234557273249
11	0.004536656216717003
11	0.005592225659954626
11	0.005242847067752857
11	0.00510297534299769
11	0.004755975672845082
11	0.004889070965958996
11	0.0058637845790703224
11	0.005226663852922992
11	0.00403164487155356
11	0.005208749079200301
11	0.005377925029832167
11	0.004651112098423124
11	0.003561821290153824
11	0.0061518170416131794
11	0.005108186370007025
11	0.004248170856675285
11	0.004745492502722995
11	0.004953999397580938
11	0.005237215176784295
11	0.0039750132340485135
11	0.005794045539036486
11	0.0035607862328366794
11	0.004751511825346566
11	0.006110673360775197
11	0.004973289559263824
11	0.003954999565312438
11	0.004546449119985386
11	0.004972367741036897
11	0.0038953248212637744
11	0.004933962228967704
11	0.004046565484125613
11	0.0039558655634939245
11	0.004495174620163959
11	0.004631736016203198
11	0.004881455508280188
11	0.0042769526658975494
11	0.003932152185493338
11	0.005016998888849066
11	0.005210510247274183
11	0.004505070156859913
11	0.0057063049988775715
11	0.0050638838738487416
11	0.005115673509011589
11	0.003770681134191553
11	0.004566135002030942
11	0.004310188713496425
11	0.005010732894015223
11	0.004919888227712607
11	0.005390438626846893
11	0.0045264318826576085
11	0
11	0.005615644455093208
11	0
11	0.005090973629712364
11	0.0053146076015654275
11	0
11	0.004310187754834681
11	0.004016902700691739
11	0.004551523274237993
11	0.005412435025762807
11	0.005859405816625053
11	0.005129015091197681
11	0.004927828524919804
11	0.004386035700410134
11	0.004490018094667297
11	0.004130900556447218
11	0.004890763998394771
11	0.004920547340511931
11	0.003488731994501974
11	0
11	0.003756426270503911
11	0.003900275021496693
11	0.0047665693557257674
11	0.005231577964271241
11	0.004109810674689934
11	0.004747401921385142
11	0.004656922169848852
11	0.004631244428856024
11	0.00421045769499911
11	0.003966786304621471
11	0.004177604216381885
11	0.004841594794862625
11	0.0049049164531395194
11	0.005083703210797897
11	0.0053101904218938786
11	0.003735153779984834
11	0.004858818085214587
11	0.004372162110368052
11	0.004666259389624743
11	0.004986144033615689
11	0.005373264055355014
11	0.004808883165374704
11	0.004852619292891045
11	0.004796545670045528
11	0.004884876857595187
11	0.004812413300949503
11	0.0033842210902829545
11	0.004501383350325381
11	0.005125979700902329
11	0.0050123806189516715
11	0.005121715464170144
11	0.004311782914534596
11	0.005159127327225938
11	0.005282355220327455
11	0.0045318397507136355
11	0.004753435141483269
11	0.0052425832191833
11	0.004949131827848289
11	0.004170191050856663
11	0.004465163553531924
11	0.004579634399603797
11	0.004744906976349899
11	0.004540357554059101
11	0.003963338816436095
11	0.004303312277678568
11	0.005014211113707345
11	0.005328075046059751
11	0.0050646760535635015
11	0.004906534760075686
11	0.005605306577706434
11	0.003735788339335488
11	0.005284920729415196
11	0.004508153859689521
11	0.0056382782049460255
11	0.004292243168646798
11	0.0047375760477069715
11	0.005558780010095276
11	0.004717917968594834
11	0.004281025885005985
11	0.004931513609988781
11	0.004060869397556538
11	0.005094112870610525
11	0.004624627847891352
11	0.004037925120311318
11	0.004595500813306067
11	0.00426618397977541
11	0.004546910752101775
11	0.004858501202373623
11	0.005172165700602099
11	0.003570357773796421
11	0.004126815101447704
11	0.00487459684847437
11	0.004926654665388085
11	0.0037128286896113056
11	0.005078625434373025
11	0.0050434053606438645
11	0.004803379951877536
11	0.005493631333687983
11	0.004884241952906097
11	0.004279198482977867
11	0.004230413404195275
11	0.003353019510148937
11	0.004026302835266669
11	0.005758949313247477
11	0.005347468610702299
11	0.003679938400471177
11	0.004014253873467519
11	0.005489401925287511
11	0.005053213639413517
11	0.006396022010692717
11	0.005179206067594259
11	0.004515674434585658
11	0.0049542424871644505
11	0.004595771572731924
11	0.0037996159274216548
11	0.005881517222735925
11	0.005367940520035578
11	0.003948663741388705
11	0.003271839770916423
11	0.005179280490700781
11	0
11	0.005026057919492113
11	0.005049260050641212
11	0.005186868080548628
11	0.00523370891390726
11	0.006353275920400588
11	0.002996647952875974
11	0.004439581589386888
11	0.0049171145259013106
11	0.004148598641130955
11	0.004323523151587503
11	0.004739974748126943
11	0.0066112045584116215
11	0.00498329403894774
11	0.005059115464719502
11	0.0037873696470488594
11	0.007146842097676315
11	0.004955681451405247
11	0.004717015398841656
11	0.004550709802652548
11	0.00400151103275973
11	0.004978079590596963
11	0.006276519239040802
11	0.005012714355829713
11	0.004667729087877034
11	0.005945297124154252
11	0.005578070779520489
11	0.005871374155844828
11	0.0038865233493827365
11	0.005403998791828924
11	0.004913309018637075
11	0.0037948116118319973
11	0.003960136785597351
11	0.004553160959336327
11	0.003675793693428036
11	0.005753917399904568
11	0.003807420921889281
11	0.004502320575166188
11	0.004134846857281268
11	0.005973153785671674
11	0.004926469742052347
11	0.004089356163595888
11	0.0044427720245609325
11	0.005282671171979645
11	0.0042842662203533615
11	0.0038589136833417498
11	0.004856329878219196
11	0.004092744327576057
11	0.004363853354923954
11	0.005014364090818034
11	0.0043316597479208675
11	0.00521321079044862
11	0.005815762678520399
11	0.004379919706627958
11	0.006095583242148026
11	0.0040270920825637895
11	0.005171892814365671
11	0.003980782866653606
11	0.006589168516504914
11	0.004278353558834048
11	0
11	0.0053469226060088824
11	0.00393685514431894
11	0.004690098204736328
11	0.004687098036867323
11	0.0044977538671336905
11	0.004989029335340751
11	0.0032576641325202885
11	0.004122243089162957
11	0.003823490095243666
11	0
11	0.004780489455148015
11	0.004644746569363822
11	0.005332055540929725
11	0.004923368044494112
11	0.00410119101281611
11	0.003601984258213588
11	0.005791775563291861
11	0.004329151662139796
11	0.004108114962267114
11	0
11	0.005542950011849154
11	0.003913795817393693
11	0.006897860356402818
11	0.004977030749011057
11	0.0054901085113967215
11	0.0051997759180795276
11	0.0050794336552715605
11	0.004572947049407896
11	0.0059516072770508105
11	0.006194303112888393
11	0.005290738163697115
11	0.004100220834214963
11	0.004013202309473815
11	0.005190413841217334
11	0.004766047296070982
11	0.004387065971824321
11	0.005350003808030958
11	0.005576796565737016
11	0.004803435321447889
11	0.004468855710550158
11	0.004077154998743109
11	0.0032529535018553644
11	0.0044215415450199
11	0.00428051241405069
11	0.005892470042795557
11	0.0048938718517765765
11	0.0036823770021389844
11	0.00418500968833384
11	0.0036932632201629807
11	0.0042581900804185
11	0.004712627572304224
11	0.00493213335943822
11	0.005862176668822837
11	0.0035274917571919235
11	0.004682793832748403
11	0.00414859208469551
11	0.005631362343762384
11	0.004447089851863553
11	0.004674835388187077
11	0.005044599193232383
11	0.004808021751636388
11	0.0038254578982908614
11	0.004830607733090541
11	0.003948409793418505
11	0.004851204233799248
11	0.003753528022444709
11	0.004827776107180821
11	0.005991150267871735
11	0
11	0.005193227365477419
11	0.005672998174648327
11	0.005799006194267172
11	0.00458487901077933
11	0.005723670369415949
11	0.004133542416930318
11	0.00550139319080132
11	0.0056357062275057875
11	0.004219647653689058
11	0.00492266482449018
11	0.0047211051599644095
11	0.004715623590464644
11	0
11	0.0046893013461481075
11	0.005201331598742228
11	0.004994946429052878
11	0.005079388706006186
11	0.004951378935539928
11	0.004734347733727505
11	0.004472264009524853
11	0.004929424590719299
11	0.004961522798163645
11	0.004912457179689025
11	0.0032913041117537773
11	0.0054082872963926495
11	0.004787985797782199
11	0.004891836343980482
11	0.004709403056420854
11	0.00502184941481014
11	0.0033638885184569373
11	0.00482125034700459
11	0.0035748866814031355
11	0
11	0.005202858927532396
11	0
11	0.004305450906664593
11	0.005309329867366146
11	0.00441363568473289
11	0.005006961295571466
11	0.004497987030789407
11	0.004953331101175633
11	0.004836425562092399
11	0.004356217273274134
11	0.004110383887109267
11	0.004034697281787597
11	0.005266622267787294
11	0.0036710786597523894
11	0.004529261592484101
11	0.006023514468247314
11	0.004951777321057214
11	0.004073629480601297
11	0.0053336030192482516
11	0.005856073732130648
11	0.004147456905873359
11	0.0038719032058261767
11	0.005389793043020297
11	0.004589970334598246
11	0.0058771654446362715
11	0.0039911887649009894
11	0.006520522448763046
11	0
11	0.005307194913560777
11	0
11	0.004361426884515665
11	0.0048789034825249145
11	0.0048312400226815004
11	0.005419389242425017
11	0.005382933030099188
11	0.004870487410260725
11	0.0053529652734528215
11	0.005062727547426919
11	0.0038343453818868445
11	0.0042764682551891045
11	0
11	0.004851316892470797
11	0.006223665140022881
11	0.004093265514272992
11	0.005144480369498913
11	0.004759344459193134
11	0.005161884786125943
11	0.00477177674579028
11	0.005204661880817397
11	0.004136922178510282
11	0.004572550242552702
11	0.005506611039526621
11	0.00422365398904805
11	0.0051851951128176815
11	0.00479981708220387
11	0.004624555582323263
11	0.005077521653922687
11	0.005464355668737753
11	0.0044906757405845776
11	0.004505171188189485
11	0.006219101322000979
11	0.004233099283296691
11	0.004798664829790872
11	0.005447382306785609
11	0
11	0.0033791127571856728
11	0.005365307285657146
11	0.006229780481820203
11	0.004653391351502503
11	0.003946159792655983
11	0.0040318671917302495
11	0.005245414713293057
11	0.004756295261538586
11	0.003989940597700524
11	0.0038813202043219736
11	0.004746347365231225
11	0.0039299839540840285
11	0.0038862124526547713
11	0.005534832333423808
11	0.005599651579221406
11	0.004172535413536974
11	0.0044707287331691645
11	0.003907908734552821
11	0.004749328488612775
11	0.005448304028464159
11	0.0051311490875790775
11	0.0038162649909481237
11	0.004422632903887501
11	0.0054053910797462355
11	0.00470207799368883
11	0.003926668911783906
11	0.004749000442467651
11	0.005975249367655668
11	0.004824474975694627
11	0.00567080917368918
11	0.004902441066149012
11	0.0051178278239748685
11	0.004708388842799115
11	0.004373934550628058
11	0.004351851049525735
11	0.004550427832753376
11	0.004974346085752057
11	0.00419399916558258
11	0.004140517806744052
11	0.004057951413347076
11	0.00426450854280871
11	0.004415272707087998
11	0.0048964040395531394
11	0.004279975461458656
11	0.005512461401035749
11	0.004416818895932599
11	0.005227577285061161
11	0.0047369044746856945
11	0.005486673315203286
11	0.004536255783396
11	0.0043412776616612424
11	0.004852626361324151
11	0.004475947904095747
11	0.005394722982863033
11	0.004814129590181009
11	0.004873645973700832
11	0.00427048924605955
11	0.004375293061034418
11	0.005181387235058195
11	0.003079404791855947
11	0.004510435124899021
11	0.004208234711873904
11	0.004462885686199493
11	0.005530694409753846
11	0.005100585527995026
11	0.005055763726879634
11	0.005202141564347504
11	0.005586239356931685
11	0.005409557522187722
11	0.005305270222911018
11	0.004009751462103217
11	0.006208032715290454
11	0.005238315341776622
11	0.004391226905074726
11	0.006185192357355551
11	0.004881831191006999
11	0
11	0.003870684956452201
11	0.004018212873033384
11	0.0036234887417324326
11	0.0048841128603096815
11	0.003551841777049458
11	0.004872223856157361
11	0.005407611289319473
11	0.004838110301231219
11	0.003890055246091255
11	0.004935119080925646
11	0.005229718484619258
11	0.005113001228937169
11	0.00532843928974252
11	0.0038915077661146446
11	0.0039516995859939785
11	0.005360077215959721
11	0.005835042413929556
11	0.004917134265348986
11	0.005020239594747033
11	0.005231909283845393
11	0.005891807134270317
11	0.004094783450714611
11	0.004716845212868265
11	0.004584742468795062
11	0.004983071253001535
11	0.003858043814862451
11	0.0051333301450749
11	0.004438627346926853
11	0.0055360879356941995
11	0.005133421718019898
11	0.0045980990045367464
11	0.004849872645631994
11	0.004488169884193279
11	0.004209889694118212
11	0.0047140318607354
11	0.005037976439725304
11	0.004885940487222966
11	0.004882256754168131
11	0.004071063836464294
11	0.004507882671174756
11	0.006320255144721407
11	0.004001467463671631
11	0.00505123836061872
11	0.005894756232830116
11	0.005514055579750426
11	0.00534607596275239
11	0.0045557282422585
11	0.004864450110106319
11	0.0051986980159370744
11	0.0048665397012204875
11	0.00498750677988471
11	0.003233603112281438
11	0.004985792644100547
11	0.004215071867083811
11	0.004760117508141708
11	0.0045780847940159524
11	0.004296539253084699
11	0.004762270028316892
11	0.0057446321629708984
11	0.004720737618951352
11	0.004325179852664255
11	0.0037111843690870445
11	0.004209793879309761
11	0.005310428180500008
11	0.00480648290173602
11	0.005015049649217384
11	0.004800832566862448
11	0.0049066884072098
11	0.005179842613948558
11	0.004119773136164795
11	0.004959405830028682
11	0.003919085462120404
11	0.004258249882475856
11	0.004194471173777501
11	0.0051223689933272976
11	0.005386655426154249
11	0.0037547252317058255
11	0.004360337008802118
11	0.0042075398553185804
11	0.0047807150371609024
11	0.0038532518319925983
11	0.004487863713629226
11	0.004495826147997021
11	0.00535094208102052
11	0.005872100488965553
11	0.0056083921177494155
11	0.004639068474638918
11	0.005519499568761366
11	0.0050835566358312986
11	0.003292614677765243
11	0.0050336727433123105
11	0.004949868203428889
11	0.005077175581938254
11	0.004395953378503328
11	0.004922498835506458
11	0.00368117047824537
11	0.006035567843221769
11	0.005364639068163047
11	0.004795344210098722
11	0.004883165297038407
11	0.004334223251135602
11	0.004690088239885607
11	0.004726691538214092
11	0.004704297153977325
11	0.004344853633350528
11	0.0057936887812012425
11	0.004238793078314754
11	0.004587191559600011
11	0.004896650197356559
11	0.004870967672440844
11	0.0054585244069406645
11	0.004892060351732202
11	0.004538365604197074
11	0.005286145237992114
11	0.0058304147123811045
11	0.004529318576544935
11	0.00453893492897124
11	0.004682832462799262
11	0.004325701381654915
11	0.004720514757177831
11	0.003983405545421985
11	0.004565021134334787
11	0.004012231724757075
11	0.004106441081930799
11	0.004820839902821441
11	0.006131127171620671
11	0.005282144894004597
11	0.0054445393311210065
11	0.005078062796321412
11	0.004272912523950927
11	0.0038561820733363887
11	0.004360146526816089
11	0.005186450153958788
11	0.0047122483942993836
11	0.004850740505926616
11	0.0050274780591328195
11	0.004866061892284188
11	0.004086852405963478
11	0.0036644220458326294
11	0.004039907684975027
11	0.0063672525462727175
11	0.0043753586917226845
11	0.00474767703151662
11	0.004310685313877917
11	0.006026035893575986
11	0
11	0.00491672404890134
11	0.005323560315140521
11	0.005101230916733744
11	0.004757333545775144
11	0.003895511354923361
11	0.004234496600281175
11	0.00504663591537154
11	0.005306668614312708
11	0.003781715102124327
11	0.004096860518898688
11	0.004736418375814598
11	0.004281986878736822
11	0.004897047670537765
11	0.004304834480403773
11	0.005117551859136436
11	0.0037672100949740477
11	0.004554641551781229
11	0.005063406787844587
11	0.004282076000062015
11	0.003943170065287149
11	0.005639775041351927
11	0.004496286874046084
11	0.0044188268559538
11	0.0061227569112436995
11	0.004610135105118641
11	0.004228227322644174
11	0.00518844197354052
11	0.004877076851785788
11	0.005431828348333687
11	0.005254864702174751
11	0.004499707899831606
11	0.004068695744846317
11	0.005366320778347653
11	0.004322389467101848
11	0.005924902064877629
11	0.004491479604335412
11	0.0029948733695315316
11	0.0049311104738288414
11	0.005186065376145645
11	0.005550094704954128
11	0.0054129060840865375
11	0.004643917749161475
11	0.0040372107464945245
11	0.004593681077476628
11	0.004908111094954083
11	0.003970515208774957
11	0.005572440357669211
11	0.005275404204559331
11	0.005290769205665788
11	0.004990206291542098
11	0.0029496590725816662
11	0.00510165962463735
11	0.0035393235885346716
11	0.005325201584008113
11	0.005306744714615503
11	0.0060344189870776
11	0.004209772590746063
11	0.0056405377376903525
11	0.0039957523405944485
11	0.004846849723608347
11	0.005711756788090314
11	0.004571204209744
11	0.004813650071902929
11	0.004157754112768585
11	0.005112560923954755
11	0.004586379672200282
11	0.0055113500111706555
11	0.0035702906664566224
11	0.006353257284901632
11	0.004870283007938223
11	0.004900139424078556
11	0.004779040158301584
11	0.004551590966289166
11	0.005114357087961018
11	0.006108540687515608
11	0.0040941074742947454
11	0.004537968694792449
11	0.004574948490417943
11	0.005664785897692177
11	0.006151832264540115
11	0.0054634903914421405
11	0.003856298320379166
11	0.004498945220999826
11	0
11	0.00419249674474649
11	0.0036407035524327084
11	0.003834953308802438
11	0.004603713418412809
11	0.004409911475918891
11	0.004646864418858425
11	0.004067236205349824
11	0.004660221892561287
11	0.003986034705374648
11	0
11	0.005354500361112997
11	0
11	0
11	0.004415423560645439
11	0.004179197352338012
11	0.005341909376347295
11	0.005985852251259497
11	0.0039355477909254945
11	0.004582792992404678
11	0.0047307698328930975
11	0.0050140645170952845
11	0.004306933290897848
11	0.0056185603835386165
11	0.004189386615229517
11	0.004421303687376795
11	0.004865726365219834
11	0.005625497219883593
11	0.005618585158978275
11	0.005708165174655143
11	0.0050883393317571485
11	0.004348973807656626
11	0.004286458631841402
11	0.004034464663985639
11	0.005694294889443249
11	0.005061988431986093
11	0.0039673036082992766
11	0.005330793743780202
11	0.004418717223634587
11	0.004801238316217921
11	0.005221888037360523
11	0.005070593744381277
11	0.004201279697115346
11	0.004601281760781017
11	0.005075262820502065
11	0.003713933345497405
11	0.004026731976146957
11	0.003923099151637096
11	0.00460146500114612
11	0.005971824301556675
11	0.005338131975111272
11	0.0054829348937959176
11	0.005709105666987732
11	0.004833817974852463
11	0.0040238065726945086
11	0.004225127382191345
11	0.00545750238218456
11	0.004281654157670638
11	0.0038692855844679325
11	0.0043804874867542296
11	0.00470894661940192
11	0.00441059117444815
11	0.004867712360927747
11	0.005414365893972247
11	0.005347881750096162
11	0.004751036631480319
11	0.0037566836379623056
11	0.004367861341469292
11	0.00570619748980239
11	0.005176677121515536
11	0.004760958878902442
11	0.005284034345837969
11	0.0036843437862387647
11	0.004168864398928051
11	0.005723305075498894
11	0.0045155426164682965
11	0.0063935016123459155
11	0.004309834490080545
11	0.004860339738489991
11	0.0037211036032854766
11	0.005349758204109085
11	0.0038635848278328663
11	0.004348565073355614
11	0.006304129293299034
11	0.005787032932686401
11	0.004775965812900062
11	0.004246261731596141
11	0.004858804251392778
11	0.005089519420813037
11	0.005324394139241277
11	0.004296732731271017
11	0.0040360004214108096
11	0.004515153987980114
11	0.004726468115208583
11	0.004835953797434545
11	0.004665846637267422
11	0.0031520417373407444
11	0.0055654917056995835
11	0.005401426469781439
11	0.0039160811878372215
11	0.0046252343480631935
11	0.004008480986877769
11	0.00463902107406467
11	0.005135225337178595
11	0.004719051686318776
11	0.00497043113306931
11	0.0049919072034169155
11	0.005921020077498423
11	0.004481502304226594
11	0.006555604819914773
11	0.00578438675508316
11	0.004716088264751807
11	0.005879188956315442
11	0.0038087885614545643
11	0.005716281487473556
11	0.003493273002304044
11	0.004588457613268629
11	0.003975598474046948
11	0.0063650965063594776
11	0.005150599227338412
11	0.004428302294120273
11	0.005245934897952142
11	0.0042082172828202405
11	0.0046888518488465685
11	0.004611380243494496
11	0.004997216409113535
11	0.0031939682693364222
11	0.004860337914423564
11	0.005097453074013488
11	0.004174419121364407
11	0.004198728873652479
11	0.005287252618460249
11	0.005008582670874848
11	0.005517860565726193
11	0.004273178855499113
11	0.004871098617412605
11	0.004399683949107863
11	0.003725232984639112
11	0.006084449224499379
11	0.005865295727790186
11	0.004502555259476229
11	0.003976564896166783
11	0.004416183093857536
11	0.004646107864165955
11	0.004342548121754455
11	0.006654286750731564
11	0.00455223067916188
11	0.0041077169080531014
11	0.0053080874876158465
11	0.005546037012253614
11	0.0046913975817667285
11	0.004485898552207549
11	0.004180295973935664
11	0.005568367483896981
11	0.005416636294224304
11	0.005745096071586824
11	0.0050625454039711455
11	0.004252157718493183
11	0.00404193454220467
11	0
11	0.004198460860881199
11	0.004501926682254907
11	0.0037568551772931605
11	0.003593411274930608
11	0.005342178796466425
11	0.004765105867543788
11	0.005633270369669773
11	0.004549427783250577
11	0.005827806217065692
11	0.004435719215323832
11	0.005788252986859876
11	0.004318777639129269
11	0.004065229139370171
11	0.003931481107791284
11	0.004229301141816244
11	0.0032368681452649693
11	0.004910005389385959
11	0.004351670404654111
11	0.005343121578448955
11	0.0042167783936002045
11	0.0057433094041150065
11	0.005465953228386651
11	0.004817294204507243
11	0.0047185980445026985
11	0.005083473829607546
11	0.004355071312061759
11	0.00476170796558284
11	0.0048014891775259505
11	0
11	0.0048394647346529564
11	0.00481602734135017
11	0.0055494560999181305
11	0.006345994354726202
11	0.004836091229294948
11	0.004965583221094889
11	0.005574565542865846
11	0.004644912750720387
11	0.005161062520311696
11	0.003974219499215665
11	0.004241907941859094
11	0.005053259376484678
11	0.005036261686941611
11	0.004999727275356637
11	0.005061342383915531
11	0.004264802630564645
11	0.004725548865071076
11	0.0046674142920566635
11	0.005168321742777155
11	0.005067750654498882
11	0.004146298508275248
11	0.0044690848729867115
11	0.0047610391972469955
11	0.0039347215529328084
11	0.005628766361906318
11	0.004781376394396739
11	0.005813537034011072
11	0.004240970952879547
11	0.005045014525800974
11	0.0058658989853090865
11	0.003888095982440903
11	0.004854697936067026
11	0.006087270335391654
11	0.004764260341305658
11	0.0047679848413755485
11	0.005164404920015423
11	0
11	0.004317002664198355
11	0.005507061339643264
11	0.003959783236881117
11	0.00419572613547544
11	0.0038405172349475687
11	0.005579583706724472
11	0.0037683154892140976
11	0.0041105254629097915
11	0.006389481115500984
11	0.004367982928635138
11	0.00504683701973652
11	0.0043067487718569065
11	0.0035484364188228604
11	0.003728393523809468
11	0.0033527147891971496
11	0.004685524166892495
11	0.0033021909412113207
11	0.004846515605204035
11	0.004262729849789794
11	0.0031086196776603623
11	0.006009632531763297
11	0.0053283268748562495
11	0.004162190714882804
11	0.0035413460671844944
11	0.004293414043841822
11	0.004494489721348819
11	0.0055425509024537144
11	0
11	0.0049752602840910515
11	0.0065498911825776435
11	0.005876113311797373
11	0.004459293379267928
11	0.004296725587924477
11	0.005465566320613341
11	0.005191966148095998
11	0.005016442071769985
11	0.005022870884921519
11	0.004803070249556025
11	0.005536253837705651
11	0.003886013064750038
11	0.005388542193382143
11	0.004722308367867078
11	0.004878890227277161
11	0.005157019041343739
11	0.004493222162337917
11	0.00479343235561588
11	0.005789786070002427
11	0.0040112718686034984
11	0.0039059508457425433
11	0.004655641664056793
11	0.005083853769293631
11	0.005084899901958813
11	0.00521363145434728
11	0.004262672505545636
11	0.004070727078067321
11	0.004495558722063835
11	0.0045320555323660324
11	0.005494858397868543
11	0.004953808465293703
11	0.0038799097823161302
11	0.0039930696755942395
11	0.004917660089608264
11	0.005015335027683886
11	0.004068419064096221
11	0
11	0.00511882015772683
11	0.004584016050350343
11	0.004616248446883407
11	0.003827777211092329
11	0.004215605301394536
11	0.004780883744543755
11	0.004008516467503754
11	0.0044105272896520905
11	0.0055545946780830675
11	0.004219728090348945
11	0.004715994687889771
11	0.004388083795429554
11	0.005148753567528996
11	0.005627443897270159
11	0.004187505949946763
11	0.005937234846623113
11	0.0052807834085491214
11	0.0046961064895493084
11	0.004582207662458527
11	0.0041312824047846685
11	0.006239254215763169
11	0.004777546507682381
11	0.004933746447832629
11	0.005002855866432329
11	0.004918261622994125
11	0.003700630556488621
11	0.004340102064718554
11	0.00493730716308805
11	0.004420777599248539
11	0.004190473102036211
11	0.004892323984062646
11	0.004546032411880202
11	0.004653796426036028
11	0.00461763631461021
11	0.004292651363717693
11	0.0053105095055569155
11	0.005703558647544854
11	0.005200420237315695
11	0.005579596379558053
11	0.004590561803316069
11	0.0051214760419150546
11	0.0037289780755773794
11	0.004449086008207854
11	0.004836696338850617
11	0.005116497416648531
11	0.004357563007650705
11	0.003983236839495236
11	0.006493613485776881
11	0.004478510042200937
11	0.0051317222341375375
11	0.004757887827552729
11	0.004456604103252028
11	0.0042745246219822565
11	0.004921665185029797
11	0.00604745402989011
11	0.004111432263032486
11	0.004761681823713834
11	0.0063615229678981285
11	0.005668071982814052
11	0.0045848331389670444
11	0.0044734446709095614
11	0.0051796920896032906
11	0.005481877547821965
11	0.005088834090188257
11	0.0034339635771915623
11	0.004998655827013996
11	0.0049068017360515345
11	0.004756365829636003
11	0.0048378103427552865
11	0.0045774777038646375
11	0.004675869137970452
11	0.006047817173653803
11	0.004326335237615956
11	0.00407362887176216
11	0.00554784620014648
11	0.004416089617648047
11	0.0037986362715713875
11	0.0035070971172703465
11	0.0036912973864501094
11	0.005553286698215534
11	0.0038692593024649067
11	0.004654333021107167
11	0.00508465612952989
11	0.003523634567984779
11	0.004606029811273499
11	0.0044602964540598035
11	0.004938179549012573
11	0.00389387096377767
11	0.005376916019260596
11	0.005313872079183715
11	0.005711401719109422
11	0.005980951474494657
11	0.0055250046141877545
11	0.0046515977874850775
11	0.004193966318665562
11	0.0043456523342155435
11	0.005674258559093639
11	0
11	0.003571641771488826
11	0.004448286183919365
11	0.00458982839552772
11	0.0053372991061016095
11	0.004849861166320446
11	0.00511824567351059
11	0.004033238648182314
11	0.004748449381669287
11	0.005173904891440408
11	0.004890695242045911
11	0.005614508502379176
11	0.004639719259663857
11	0.004108763393407907
11	0.005956594758509954
11	0.005086892167551117
11	0.005446356378119367
11	0.0049296569517336825
11	0.0048824173397355964
11	0.004603692624265457
11	0.004462686940854708
11	0.0040538887866618765
11	0.005042604707349741
11	0.005771729530405138
11	0.004168966329391196
11	0.004902515776211041
11	0.00537481670041461
11	0.005203233018632553
11	0.005250721853309759
11	0.0048983298097118235
11	0.003841669052600214
11	0.004849087709547165
11	0.004000718672544498
11	0.0042539869093911695
11	0.005280272145360611
11	0.0039727192618013345
11	0.005201216181844788
11	0.00471032374521888
11	0.004169984156735246
11	0.003756090895298449
11	0.005958247730196822
11	0.0052977692248855745
11	0.0039689681136448095
11	0.006616926010612573
11	0.00391893671611339
11	0.003917352310523822
11	0.004217579608512948
11	0.00631928978286727
11	0.005501347011545007
11	0.00359151755347634
11	0.0047198900842589904
11	0.00487567554601345
11	0.00471766272453345
11	0.004833137579395469
11	0.004404340082162161
11	0.00551957543550357
11	0.004006486144115774
11	0.0051568151796880166
11	0.004407248457837259
11	0.0062063818344162604
11	0.004810508853074326
11	0.00390583603109274
11	0.004608339870492703
11	0.004341307054767745
11	0.005302727832537098
11	0.0047621651152079
11	0
11	0.006187249351562897
11	0.005945635145668009
11	0.004625993656003881
11	0.00421600414827436
11	0.004498391484717993
11	0.005214126676193943
11	0.004665015814652861
11	0.004881746098750463
11	0.005688700162964707
11	0.004751359826852595
11	0.004668152204450783
11	0.0042267382688246655
11	0.005447231391961079
11	0.003724639100404041
11	0.005591433356122982
11	0.0048619246695427686
11	0.004724788897917596
11	0.005758546796276631
11	0.003682625743937264
11	0.004803947827294504
11	0.004823432688053943
11	0.005567300028016461
11	0.004545885642146857
11	0.005153727252276233
11	0.004358026464758002
11	0.004041769161515113
11	0.004207367065954808
11	0.0047332723815640835
11	0.004828063986212186
11	0.005110011078101749
11	0.0038714987712770922
11	0.0039058849601919716
11	0.004987134039719946
11	0.00505270661013127
11	0.00339734603071116
11	0.0045804444924350965
11	0.005457573541513767
11	0.00404516497898258
11	0.004801140228155639
11	0.005035490540492916
11	0.003527786770892042
11	0.004967632775591066
11	0.004362284561043821
11	0.004614510534037515
11	0.004918491021170612
11	0.005260151479437252
11	0.005502453415256777
11	0.003699181152199282
11	0.005032646490352648
11	0.0039642787119171154
11	0.0048749588224552476
11	0.0068529850525773095
11	0.0043736152397556485
11	0.005604360507613544
11	0.005505286337286908
11	0.004857837086458884
11	0.0048052421509272554
11	0.00440505015351413
11	0.006266926857003354
11	0.004888356693954814
11	0.004508262346350421
11	0.005148906673103543
11	0.003396829833718801
11	0.005999010450095962
11	0.003737910113194919
11	0.004225286036398027
11	0
11	0.006117952279629343
11	0.004020398524671899
11	0.004386889295978328
11	0.006189301321776508
11	0.005535874390028621
11	0.005276810119987028
11	0.004164047499093058
11	0.005837324682595431
11	0.005241660580651354
11	0.004632724667131499
11	0.004233085453151324
11	0.004128534559972439
11	0.004705262310680652
11	0.004013088775702792
11	0.0037890141472919866
11	0.006007405791292912
11	0.004961901741600936
11	0.005344738483200669
11	0.0050092489761713755
11	0.00470835810333245
11	0.004663413774337072
11	0.005903202349417936
11	0.005097414279327002
11	0
11	0.0038450869377326235
11	0.0055360556889472255
11	0.004887187212526183
11	0.004554480591788961
11	0.004771238970018732
11	0.004619291479399236
11	0.004473240451785455
11	0.0058621538536857976
11	0.004994310521878039
11	0.005520975762028288
11	0.005354740782603309
11	0.004488195487508088
11	0.004940076060003706
11	0.0041174982320650675
11	0.005389047354768433
11	0.005209157686944817
11	0.005808581774459363
11	0.0039732826048690835
11	0.005617079156407797
11	0.0035537255072774923
11	0.004208145491072292
11	0.0050824714723182755
11	0.004653911444070699
11	0.006137927242379078
11	0.005076571258965115
11	0.0048061976367710585
11	0.003951727579343941
11	0.004679821493083819
11	0.004707434132605117
11	0.004534731187135569
11	0.00487833797685297
11	0.0039408786030122826
11	0.0038833918587900564
11	0.004275115032352507
11	0.00450759326988345
11	0.004549836232842065
11	0.005548255419844281
11	0.005679362677975347
11	0.005013172595551827
11	0.004679801189287963
11	0.00582732364711114
11	0.00447178020002641
11	0.004600512410189353
11	0.005692750614710817
11	0.005069530615842203
11	0.005583050530400012
11	0.005059021771658067
11	0.005016362210385403
11	0.003608533434538783
11	0.00413070244938169
11	0.005312965500269235
11	0.006011319800885199
11	0.003667533151061582
11	0.005695606820949036
11	0.004429503483219796
11	0.004667515999370724
11	0.005933117015158255
11	0.0047598610697414155
11	0.0061832227942356915
11	0.004793984808265458
11	0.004341122015133527
11	0.003284028531441883
11	0.006911330862363118
11	0.004826795350649534
11	0.005153735613337417
11	0.005083689582241066
11	0.005012455803143424
11	0.005513319191839477
11	0.005003394769322114
11	0.004066888691792727
11	0.005227180127704245
11	0.004363098285258452
11	0.004070552218730628
11	0.005356400315824243
11	0.004856045156796733
11	0.005183624367912084
11	0.004939703481903329
11	0.0038519562781925572
11	0.004700254415392287
11	0.005170125022741922
11	0.004325076406211304
11	0.004498328817216301
11	0.005271348142853256
11	0.004583820985120931
11	0.00465065622271148
11	0.004096651817242681
11	0.005020684015529955
11	0.004276169512669877
11	0.004381679542392836
11	0.0032588261449493523
11	0.004950179381814374
11	0.003904534850123941
11	0.004341084522811302
11	0.003925532295228132
11	0.0048717675255254165
11	0.0048907860453008024
11	0.005724608935199967
11	0.004643374487320243
11	0.004524496888482788
11	0.004667255617515496
11	0.004478539944933425
11	0
11	0.004330690219638801
11	0.004821815697302248
11	0.005280298399055395
11	0.004118686294716748
11	0.004006962071434617
11	0.004078920339992302
11	0.0042651078645713145
11	0.004344990993192423
11	0.004885951901088953
11	0.003865404267265491
11	0.004985074949844168
11	0.005604998918159734
11	0.0033605699229242816
11	0.003687545658642281
11	0
11	0.005143828130138082
11	0.004102454276388643
11	0.004738923000913712
11	0.005345855547149702
11	0.005387299162155189
11	0.005237129480648982
11	0.006105734058664717
11	0.00470383440238756
11	0.005727883402269512
11	0.004935545317350149
11	0.005025805761484372
11	0.005099518126226556
11	0.005372627711379399
11	0.004160891646919114
11	0.004656436013547472
11	0
11	0.004561153333109687
11	0.005358361488023769
11	0.0054064224340741405
11	0.004799010544070869
11	0.005597437194793866
11	0.004019800756765962
11	0
11	0.004273895509079749
11	0.00492419817578204
11	0.004006425991043055
11	0.004120691468130581
11	0.005225012161342105
11	0.004355843905369538
11	0.0036837247460562088
11	0.0051464747007897845
11	0.004851960061660232
11	0.003992152622237631
11	0.0037032947985375687
11	0.005215715773731993
11	0.0037501596667649426
11	0.0039672889328751185
11	0.005810319052391443
11	0.004215957217232659
11	0.005170081087590659
11	0.004702221766443133
11	0.004777736507129672
11	0.004674120481451031
11	0.004830799516030934
11	0.004985352568656898
11	0.004796012356800446
11	0.006762605289771447
11	0.004765966504092581
11	0.003664236449846551
11	0.005524526328139557
11	0.004111352179848947
11	0.00484794362670297
11	0.0044170983804447264
11	0.006287369000835533
11	0.00505047451430642
11	0.004550247463351823
11	0.0040572185355020685
11	0.004514642560082824
11	0.005165050733042261
11	0.005324790554332273
11	0.005478347726841882
11	0.004144647809367006
11	0.004468049936568965
11	0
11	0.0045703459134439255
11	0.004911117582965768
11	0.004033908838036717
11	0.004196209786777708
11	0.006043281047856873
11	0.004529328225548123
11	0.004497465244024904
11	0.005847812107645039
11	0.004402089541790743
11	0.004682355394633046
11	0.005206954057834915
11	0.004828800259822249
11	0.004319932356328654
11	0.0047414810790065605
11	0.004305290588426047
11	0.00503073563419209
11	0.004263625747011634
11	0.004101569272938092
11	0
11	0.004004493918623831
11	0.004752501695973411
11	0.004173863570922447
11	0.006301766631376883
11	0.006046433216077289
11	0.004902359226933492
11	0.004340453603616905
11	0.004394368899974224
11	0.006266258786078675
11	0.003719217002456149
11	0.004341030699109518
11	0.004470664382110594
11	0.003981078815632366
11	0.005269527051319332
11	0.0044913820294150706
11	0.005387405836752286
11	0.004397392968591693
11	0.005058423897034132
11	0.004286273081816442
11	0.004494028684437704
11	0.004737459568013029
11	0.005721062302540566
11	0.004157054360197439
11	0.0056427243272976395
11	0.00516533299216531
11	0.005547156592241236
11	0.004844935597511817
11	0
11	0.00496243841787248
11	0.004000763616999926
11	0.003926666068987547
11	0.0037618644725187444
11	0.005007687193241964
11	0.004594854568691299
11	0.0043645607873825576
11	0.005386916939283733
11	0.005733195443698283
11	0.003123739851484941
11	0.004753856900459415
11	0.00514583965634996
11	0.004498873401032837
11	0.003647988373348255
11	0.004876489039190512
11	0.004354257336532849
11	0.005791446569520974
11	0.004424253580184951
11	0.0046126180166586655
11	0.004633291341209806
11	0
11	0.004706029417459303
11	0.0040240448167474345
11	0.004912526998685868
11	0
11	0.005891962199610894
11	0.005361550769673396
11	0.004049456207474394
11	0.005076257876686375
11	0.00442634294714912
11	0.004861235232977913
11	0.003696699290833508
11	0.005040531815670346
11	0.004127831460966159
11	0
11	0.005388595184690176
11	0.004381566185105055
11	0.005420218062891154
11	0.004162701325601027
11	0.004552765603595221
11	0.0047162795344258875
11	0.004986236705335307
11	0.006029238232531828
11	0.004490268424679309
11	0.0042873261616236495
11	0.004800781751772468
11	0.004704746215113745
11	0.005078184521887867
11	0.0055966094947913604
11	0.005587208315229971
11	0.005655555007670943
11	0
11	0.004896000486843318
11	0.004878212730577462
11	0.004780903589749701
11	0.004334488484311667
11	0.005178177128631507
11	0.004272154511667385
11	0.004269288607067539
11	0.004078992345597392
11	0.00411172154889521
11	0.0047455133166045115
11	0.0048787926075403625
11	0.005459398931914237
11	0.004920798405490442
11	0.004519752117428706
11	0.004312499424584245
11	0.0036685379871589066
11	0.004475443269606373
11	0.005525344016707129
11	0.006016760181450543
11	0.0043400889336767
11	0.00511330823171327
11	0.0057538975526368235
11	0.005392398478684705
11	0.0041022023533697554
11	0.005358725202475863
11	0.0046770509691397765
11	0
11	0.005171740650075499
11	0.003998403430127477
11	0.004762480305667853
11	0.005018991748261146
11	0.005584601632270692
11	0.004805650021594613
11	0.005843461986597533
11	0.0044502369265347844
11	0.004892774547377385
11	0.005366561143738984
11	0.004368142167241875
11	0.004544122296577624
11	0.005389140798717089
11	0.004964132209410977
11	0.00510974446452325
11	0.004286403571011706
11	0.004784527081923327
11	0.00546936209445628
11	0.004629068230578455
11	0.0040307872979810045
11	0.004573745172635882
11	0.005129590332896857
11	0.0046623630616215795
11	0.004360812032966686
11	0.004562085847845352
11	0.004131896945006196
11	0.00446807086520924
11	0.004357421174614512
11	0.005378192857883087
11	0.003653685439622882
11	0.004778940617675551
11	0.0044551412482036045
11	0.0034563277755695625
11	0.004623831532679053
11	0.005659129291879633
11	0.003981557200673621
11	0.005115555926233758
11	0.004864772128898222
11	0.004267520261437026
11	0.005131112728332068
11	0.005556703877039471
11	0.005569558861378205
11	0.004790453718593242
11	0.004415365874375794
11	0.004668987906922886
11	0.004725062432933265
11	0
11	0.0051119148841784505
11	0.005437533743975896
11	0.004187314046133007
11	0.0038930331953355188
11	0.004961566705168942
11	0.0044985717887252395
11	0.0049795641031468154
11	0.004284050574832158
11	0.005019896828765831
11	0.005251022431519414
11	0.0055838370729050174
11	0.0042718776554123185
11	0.006478469065609387
11	0.004252011536464537
11	0.00482831551480673
11	0.005005147972893295
11	0.00452453359866685
11	0.004395066804485619
11	0.004102872610463466
11	0.004488397147767102
11	0.004897297805725221
11	0.005199533691598737
11	0.005493930036694703
11	0.004438481692409059
11	0.004208054000394089
11	0.004243057662070209
11	0.005539931568657772
11	0.0040115175588658165
11	0.004613207277972689
11	0.005184386446437774
11	0.005916783140984304
11	0.0049222948422081554
11	0.00435149168097348
11	0.003876706391586774
11	0.004340405816415245
11	0.004561430568025737
11	0.004733773321119145
11	0.0051820130828157404
11	0.004356064212074456
11	0.0042304899469584245
11	0.005131706399734326
11	0.004990160220320958
11	0.004982625360096867
11	0.0037959261602488656
11	0.005221680118119256
11	0.004517617255130645
11	0.004702583613752822
11	0.004756441624155877
11	0.0045573427117803385
11	0
11	0.004067085301877854
11	0.004598885176353019
11	0.0063946802513884194
11	0.005107929521820718
11	0.005011819329554824
11	0.0047517281259652775
11	0.004939464475003914
11	0.004780300897126921
11	0.005593088843038158
11	0.004296059909164931
11	0.005128235882038956
11	0.003292863153622022
11	0.004101761947863056
11	0.00427766576865269
11	0.0045152852960023936
11	0.005212078542523512
11	0.0041137733063018826
11	0.0050615779437225665
11	0.004691682738490514
11	0.005343270515976509
11	0.005367629027352648
11	0
11	0.005343305781699218
11	0.0048170842672267886
11	0.005616836887571259
11	0.004950575755810653
11	0.004994380285625685
11	0.004563394070120591
11	0.006264652596165836
11	0.005059944991125236
11	0.006174510208458426
11	0.003528081899309691
11	0
11	0.004104134081902452
11	0.004907707685644081
11	0.004562490526519485
11	0.004948559815370689
11	0.003518987703686659
11	0.005318263467619398
11	0.005205148034175614
11	0.0037674534749322563
11	0.004973602955829522
11	0.00542838984524811
11	0.004789878717796251
11	0.004719264208319287
11	0.0039003752213927667
11	0.004744451433031837
11	0.004376652542133001
11	0.004475757499980129
11	0.0047529753337571135
11	0.005088377534056304
11	0.004692337708199539
11	0.0049832710785351585
11	0.00404244811977491
11	0.00387320414956679
11	0.005042494743481897
11	0.005412232823502854
11	0.005121034259222989
11	0.003693095001295847
11	0.004758590343341484
11	0.004735726337309637
11	0.0033148655417650696
11	0.006145662590427759
11	0.004936278330518134
11	0.0047021235643673704
11	0.0048149216657240234
11	0.005107981180572611
11	0.003694818692415785
11	0.004499414989736566
11	0.006561869510635015
11	0.005287319254206189
11	0.004900598837045766
11	0.00452421515539361
11	0.003864911944701275
11	0.004695296796457743
11	0.004144023870651288
11	0.006558878144794435
11	0.005255793022113334
11	0.004800075904845203
11	0.004618224742202107
11	0.005419531019826443
11	0.0051683541546819495
11	0.0058602183467905584
11	0.0058205048350676615
11	0.0054783547773520425
11	0.005338166989760121
11	0.004328528070580519
11	0.003965457655008863
11	0.004620562900357643
11	0.004292364567482352
11	0.004930996449718423
11	0.0041437853152831786
11	0
11	0.004451127965972418
11	0.004962297346833324
11	0.005009224382478321
11	0.004332540031288394
11	0.00404901097294338
11	0.004277767230279526
11	0.004789369193116846
11	0.00473933207241324
11	0.0042901116467494995
11	0.005359308689483018
11	0.0053841734916607025
11	0.004314686837699384
11	0.004467986542600748
11	0.005970470999492022
11	0.004708365184443723
11	0.004876860129382653
11	0.004447478896152796
11	0.005847154892321377
11	0.004592764142044827
11	0.003443449699056256
11	0.004571549365447744
11	0.0035634645190571524
11	0.004583370334299806
11	0.004646218194357472
11	0.003124522785429341
11	0.004521507697800732
11	0.004294094905218213
11	0.004016668970054303
11	0.004351266752583761
11	0.004429752204775107
11	0.004345333919739066
11	0.004783710266002072
11	0.004777906068626128
11	0.004269541203020596
11	0.0043347833994174115
11	0.004296961139906827
11	0.004995954163967576
11	0.005073581327952045
11	0.0049998134462601405
11	0.005411776812461609
11	0.004113203245310256
11	0.004082043410428602
11	0.0043006688003795505
11	0.004120638420980783
11	0.004636022950560818
11	0.0037856448423999162
11	0.004191756576300416
11	0.005082122386146111
11	0.0038428861785474973
11	0.005241614869249781
11	0.004047809519983405
11	0.004488335800797603
11	0.004249567668762272
11	0.00491503749438427
11	0.005173431497531066
11	0.005078153505160346
11	0.004412540291916157
11	0.004025151791391173
11	0.004085949766152704
11	0.004756647607665344
11	0.004174511100120718
11	0.004820291679179841
11	0.0048202976533036875
11	0.004832439208313021
11	0.0046632967436954454
11	0.005534264293747625
11	0.005869982201839438
11	0.005372368725274409
11	0.004932045054859635
11	0.004539713796173941
11	0
11	0.004709128702440501
11	0.0036622986991212384
11	0.005899392687108282
11	0.005354345770873411
11	0.00543252170356303
11	0.0035506204660873627
11	0.005445509822441506
11	0.004437435954458894
11	0.0037343075022167487
11	0.003326119487545964
11	0.004226595875088571
11	0.00545388705442234
11	0.0052736004337320995
11	0.004993893676115991
11	0.004895101349432687
11	0.00551602676478082
11	0.005751483374291931
11	0.0046098022035315446
11	0.0045744971137230885
11	0.004757591558458759
11	0
11	0.005600358234282071
11	0.004411429928595501
11	0.005384735577484608
11	0.003967866381063398
11	0.00402023835706742
11	0.0043188308566663915
11	0.003690793503047704
11	0.0055194509330041995
11	0.003718686664953144
11	0.004381952601676453
11	0.005527961148635862
11	0.004767264232265666
11	0.0037143756667008827
11	0.004352066823920047
11	0.005589321558012888
11	0
11	0.0053736297264326
11	0.005341306185465164
11	0.005110492859321662
11	0.0036302950021780997
11	0.00465554432760203
11	0.004139943854506462
11	0.005512123579024155
11	0.0033592753776447134
11	0.004158925358490672
11	0.005081735643398488
11	0.005123932150774434
11	0.005648213488596058
11	0.0054052319266268325
11	0.00476007888723653
11	0.005697124146421115
11	0.004476901253088823
11	0.004856685868158704
11	0.006184534964751524
11	0.0038735517562825564
11	0.005941219209822272
11	0
11	0.005352618509231487
11	0.0062626988040006505
11	0.006070942860977239
11	0.00461379954580139
11	0.005416225161422476
11	0.004777092928147391
11	0
11	0.005690867792351764
11	0.005285756454042739
11	0.004448659448113362
11	0.004780194103433636
11	0.00499050448513611
11	0.005416736350044033
11	0.004453722345587829
11	0.0047983526273169975
11	0.005142802197130303
11	0.007371917669166363
11	0
11	0.0058660458204941365
11	0.00471086371028943
11	0.003853560263649374
11	0.004674322054871614
11	0.0054740271397614865
11	0.0035562593749432596
11	0.004294653556018116
11	0.004057896837950498
11	0.005313184741484176
11	0.00459815713929813
11	0.005117797899404417
11	0.004409890254951743
11	0.003634810641043357
11	0.004419573094942827
11	0.005587845245407577
11	0.005229819587479466
11	0.005064266761991538
11	0.004594419885602694
11	0.0036030570161149607
11	0.004928192059478118
11	0
11	0.0050480306133948594
11	0.003733435320890103
11	0.004217165517940956
11	0.004761660153153911
11	0.005513555979982441
11	0.004207676752776127
11	0.0038772065959242854
11	0.0037817811150172476
11	0.0039504172241825826
11	0.004259941604927302
11	0.003613558666650234
11	0.004859334721316067
11	0.005422279269389577
11	0.0052381893499398435
11	0.004721833633674995
11	0.005234698352921225
11	0.0050064664271068475
11	0.00520636952218249
11	0.004585200121137913
11	0.004899592694692782
11	0.004756348935591623
11	0.0040256981158804305
11	0.004903265987736648
11	0.005284276524348092
11	0.004091648620863233
11	0.0042355834511007134
11	0.0044436534920244885
11	0.005274526023756967
11	0.004776824178172551
11	0.004370584394136412
11	0.004962214688709585
11	0.004219183156417143
11	0.004019141017105377
11	0.004611813367527844
11	0.004536031710898722
11	0.00496836812888932
11	0.005634622628224399
11	0.0038633277601005152
11	0.0046376553430411156
11	0.004669671752638378
11	0.004052376363570855
11	0.00569965771836354
11	0.004564987268320096
11	0.004397884585376591
11	0.004807428947892546
11	0.004754122166233414
11	0.006225252042307848
11	0.004424891973475444
11	0.00436141919727183
11	0.004156573278254292
11	0.004671477591093076
11	0.005376114650057363
11	0.005020961828084469
11	0.004054228254718241
11	0
11	0.004663361824086254
11	0.004529683629723315
11	0.004825111643294435
11	0.00574921860780429
11	0.00458944425020469
11	0.004346581115937822
11	0.004557575828295245
11	0.005957894694459255
11	0.005274457968544417
11	0.0041844029567648785
11	0.004543252506634819
11	0.004954637302207065
11	0.003993179355736097
11	0.0050381113016063185
11	0.003679852927020084
11	0.005063083769164277
11	0.004867594937414437
11	0.004456723896328367
11	0.006030059376689112
11	0.0046277500551204645
11	0.005426603319735916
11	0.005890364958791069
11	0.005308322477203495
11	0
11	0.004804649439530445
11	0.004904234367979933
11	0.0034955047343365703
11	0.004714334418277831
11	0.004532207620936557
11	0.005162408954023077
11	0.0041030931515992
11	0.005115264988185686
11	0.004963612328820226
11	0.005905719834428091
11	0.003802882390829252
11	0.00507784192343692
11	0.004955153110609759
11	0.00470587453494778
11	0.0033471463938875997
11	0.0057294366401864465
11	0.006123643648605234
11	0.004788711362795924
11	0.004910865535323304
11	0.004624190819241372
11	0.004195226507100644
11	0.004577204725558127
11	0.004023624990530007
11	0.005093169316742583
11	0.005099541413887674
11	0.00637392699147296
11	0.004589835915141217
11	0
11	0
11	0.004598326813943281
11	0.004132450435206363
11	0.004511110471984466
11	0.004793753435508348
11	0.004662470432731858
11	0.005216368751563279
11	0.00478455455042826
11	0.005061925319895483
11	0.0037946717736864408
11	0.004460571018453333
11	0.00560332058552907
11	0.0034781225971235656
11	0.0056045462102613675
11	0.005093952471483635
11	0.004380184058688143
11	0.004297941552336434
11	0.004155650386342766
11	0.004197859343745459
11	0.005101691904260322
11	0.00433009831789824
11	0.003922332038659023
11	0.005954362774595516
11	0.0051485599132253725
11	0.005010624480078172
11	0.003831220813599145
11	0.00502865035213592
11	0.0037366731056836366
11	0.006183292922621142
11	0.004744026326034875
11	0.004284910779206132
11	0.004723239041209522
11	0.004047626230686408
11	0.003847381905880288
11	0.0049916423924141855
11	0.004736390404679925
11	0.005546922042006863
11	0.0033869438102728136
11	0.003910592854270899
11	0.005901584427628947
11	0.004386694386897692
11	0.0054653593474378705
11	0.004113251423816336
11	0.005258519065521746
11	0.004480927732369801
11	0.003999316093179075
11	0.004479119978083423
11	0.004315689825946231
11	0.0050787802867659805
11	0.004279383030806787
11	0.0036036764577913765
11	0.004434430760616635
11	0.006111097411497623
11	0.00626985826966822
11	0.004098786740925754
11	0.0037272586677630916
11	0.0052428647097666195
11	0.0049431760678408905
11	0.004917275593380014
11	0.004931359267013076
11	0.004888921727601349
11	0.004191061373692528
11	0.0044800811394135566
11	0.00473184854369842
11	0.005486914360421137
11	0.00421857861995317
11	0.005253289079173926
11	0.004751033446749352
11	0.004621244089749562
11	0.0047916957051146744
11	0.0037743679865724915
11	0.004865411151428958
11	0.005660775792948888
11	0.004705305289075372
11	0.0033475013067262404
11	0.005237100054303193
11	0
11	0.005766250744618309
11	0.005296408178491826
11	0.004403594725717187
11	0.005118338990718803
11	0.00496565263755858
11	0.0037581869374708867
11	0.004688485696871893
11	0.0040526809999387355
11	0.004568030796766167
11	0.0056441018945051925
11	0.005060229419799811
11	0
11	0.004244596710019578
11	0.004790496031836128
11	0.005451548669284302
11	0.004641663833672027
11	0.0035244777950467964
11	0.004657259001219991
11	0.003689997100956986
11	0.005380834150255251
11	0.004774974930292611
11	0.004460989004914539
11	0.004458053541845762
11	0.005102197101398681
11	0.004122614827443536
11	0.004753102473624392
11	0.00443061354463464
11	0.00441545494954739
11	0.00533891500211726
11	0.004009183064209243
11	0.0049175867963796955
11	0.005024013812264958
11	0.004413864370576932
11	0.005582789794289258
11	0.005067984259535461
11	0.004045532497081753
11	0.00462532203478365
11	0.004058623667769632
11	0.006389486508291512
11	0.003999962317794289
11	0.004739158881870598
11	0.004674451836866061
11	0.0048502859045484875
11	0.005467138387850448
11	0.0036354331190719276
11	0.00471396430931507
11	0.0053137676884365825
11	0.0041480045381337375
11	0.004003350346329207
11	0.004481387830155607
11	0.004308036759479747
11	0.004496483410851404
11	0.004881489073577623
11	0.00441138644165704
11	0.004571879463913843
11	0.004336545919726883
11	0.005440665956961337
11	0.0040879786940069204
11	0.004186063021159727
11	0.004887293747564623
11	0.004214964142992606
11	0.0047316068572121756
11	0.00335177769250887
11	0.005379310590005354
11	0.004243255709315267
11	0.005198137101188833
11	0.004580551712062992
11	0
11	0.004593384412810564
11	0.00529135289948197
11	0.004122691687789743
11	0.004828626061091537
11	0.004241742374094632
11	0.004255737840739439
11	0.004603185207160176
11	0.004283148959041519
11	0.004715685692840281
11	0
11	0.004622856165003018
11	0.004512440956052266
11	0.006083301529585533
11	0.004920320555816669
11	0.0049090364768161815
11	0.004913038855390748
11	0.003860273079055457
11	0.005343432379993836
11	0.003964509915357021
11	0.005645176249329532
11	0.0037447439347494476
11	0.003955687166204315
11	0.005276001775551872
11	0.004775611882051058
11	0.004479246506347089
11	0.004739101409224525
11	0.00458166101744241
11	0.004407420270513349
11	0.005544228464078443
11	0.005825655435938358
11	0.004421378590517241
11	0.004179432854950875
11	0.004584800145143519
11	0.005522479759097372
11	0.004038638631530849
11	0.005020508910788295
11	0.005993271862618061
11	0.004596254710977539
11	0.005225840796940682
11	0.004654030173490758
11	0.00423207372517559
11	0.005111787607669413
11	0.006112137441715458
11	0.0048802316017975455
11	0.005430458012195917
11	0.004706058286768178
11	0.004439778669434792
11	0.005024405857924136
11	0
11	0.0035500023219646273
11	0.005371948581011035
11	0.00422293576500058
11	0.004385556693148018
11	0.004851628578013662
11	0.005214218751890985
11	0.004312522703133432
11	0.005145044776448937
11	0.005480965758377834
11	0.004136867080480874
11	0.004963205345002005
11	0.005194050207116431
11	0.005006693728136543
11	0.0047660415482484895
11	0.005270798978268464
11	0.005070433954101935
11	0.004026914219472841
11	0.0041603755385600715
11	0.0049585943518243554
11	0.004675349188950011
11	0.004619045830214393
11	0.0043020450605679335
11	0.004783365317445577
11	0.00493166062656134
11	0.0047937297800887445
11	0.005235103697641231
11	0.00430813120033249
11	0.0029620660400497914
11	0.004547598321963726
11	0.004959618612854424
11	0.004059873255708568
11	0.004615274024598344
11	0.004622361926600657
11	0.006134265156145108
11	0.004179813620494429
11	0.0038215197177009653
11	0.0034038735578045603
11	0.005276888557278735
11	0.005458919900485109
11	0.005382702164776889
11	0.004797418388029144
11	0.004693000467422613
11	0.0038767265687664216
11	0.005298381136549885
11	0.004507102356492293
11	0.005758655754658874
11	0.005982479456561456
11	0.004834515115115909
11	0.004207331628811082
11	0.003610893817305246
11	0.004794100466976311
11	0.005648846823790885
11	0.005381222201158488
11	0.004443303357123341
11	0.004273320434614607
11	0.004442450615658963
11	0.004596207773670468
11	0.004949942464568364
11	0.00491626738704677
11	0.004142790704297323
11	0.006050540200989395
11	0.005043582104376754
11	0.004999433043219392
11	0.004627583025704509
11	0.004833738424141715
11	0.003269227091112638
11	0.004423671738048034
11	0.004735256316855432
11	0.0055551759335178575
11	0.0058707846418596344
11	0.004425219650446207
11	0.004960271223786917
11	0.005048614588811698
11	0.005053756529049347
11	0.005271456851024448
11	0.004993560723668017
11	0.005035635840181315
11	0.003910044604840397
11	0.004691653886640444
11	0.005631067712175456
11	0.005192551349407393
11	0.0039621605246126035
11	0.004700562309623119
11	0.004896888780159631
11	0.00510942134676642
11	0.0037741328288283618
11	0.005176331651870599
11	0.004526591837217257
11	0.005723521048014498
11	0.005595868852933523
11	0.004753514259296939
11	0.005665673927949123
11	0.005195667763304383
11	0
11	0.004506487629800941
11	0.0059887123539569855
11	0.005964233019979357
11	0.0041803981497377535
11	0.005587505009714947
11	0.0045579771075351955
11	0.004714086944082787
11	0.004610846300054506
11	0.0042349275517454274
11	0.004935728319907483
11	0.005184276264373565
11	0.005830777396566936
11	0.004298514296978221
11	0.004583027064959059
11	0.0036851789201588834
11	0.004353749171105966
11	0.003954138680391402
11	0.003580422172392252
11	0.004631735548370624
11	0.005345771551368552
11	0.004122019231220033
11	0.0039010771338404476
11	0.005730866049503739
11	0.005890245088484453
11	0.004784401599128749
11	0.00538259111227618
11	0.003584495055679802
11	0.004645256853522071
11	0.005521343817984055
11	0.005539242159081001
11	0.004868527012980041
11	0.005485639427183628
11	0.005463481878997215
11	0.0037632256071680635
11	0.004953635742147843
11	0.004087565538338026
11	0.0053005100409384085
11	0.004577334257676618
11	0.004382479667595475
11	0
11	0.005025443088437209
11	0.003390504714614849
11	0.0050717345200349765
11	0.0033527574759463974
11	0.005085822261432248
11	0.004319516271624406
11	0.005576770089213017
11	0.005445587559501377
11	0.0044861769292073046
11	0.004873552809783127
11	0.004838641818544061
11	0.004888430703889282
11	0.004358879810070737
11	0.0054343095663285535
11	0.0056550142091085906
11	0
11	0.005213238289408785
11	0.004176756602479768
11	0.003847107878197058
11	0.005305389561491496
11	0.006164943485013468
11	0.0045802992228568895
11	0.004309547955898056
11	0.005470429088195955
11	0.00496654598581642
11	0.0037245207642788844
11	0.005049030168757591
11	0.004281593313939016
11	0.005181951294234287
11	0.004726587630513381
11	0.0036456170639987016
11	0.004088495982461957
11	0.0037290115318931298
11	0.004955223413771049
11	0.006598847062507364
11	0
11	0.004645068754898563
11	0.00586981884841353
11	0.003848665037775765
11	0.004801582957129634
11	0.004553791252083534
11	0.005492536217282952
11	0.004891859797320495
11	0.004055514777414497
11	0.004384382954970596
11	0
11	0.004762843771966154
11	0.004476383631618339
11	0.004366385455857231
11	0.005207518896881216
11	0.0044212556583035825
11	0.004610152225265205
11	0.004904336959644379
11	0.004780269113584986
11	0.0036663420952473672
11	0.005982573456644337
11	0.0049125544932135425
11	0.0041447641195252625
11	0.00436260792042484
11	0.0043307883578165545
11	0.004585223149490435
11	0.004767124640693285
11	0.005042603017243507
11	0.005800047317870655
11	0.004879594467361738
11	0.006248878327141388
11	0.004155824871928713
11	0.004938409287630955
11	0.005087051060456001
11	0.0046799051392649015
11	0.005200627022079755
11	0.004840058746354456
11	0.0030719165523102263
11	0.005349861049862421
11	0.003585186478434101
11	0.004669059795833653
11	0.004105097126020519
11	0.0044996823218168835
11	0.00434500480689795
11	0.004830297101800693
11	0.004809016717091066
11	0
11	0.00426250556875654
11	0.006105178129903386
11	0.005784007419616266
11	0.006029940040500437
11	0.003998233880469533
11	0.004132847280403664
11	0.00560848670187617
11	0.00545304800598061
11	0.0051845758312421535
11	0.0059973531082565534
11	0.004490490015350576
11	0.006197278778365129
11	0.005287849065236823
11	0.004878602567431382
11	0.004605361874021174
11	0.004205034266811533
11	0.005352526763861234
11	0.0046575364155328255
11	0.005273171806821478
11	0.004362260179052468
11	0.004107156178649311
11	0.00412467741621213
11	0.005671837038461762
11	0.005275062892447181
11	0.004129238506222395
11	0.00438087352886414
11	0.004988090437091531
11	0.004574877918927993
11	0.0046897050699393344
11	0
11	0.005478969444185855
11	0.004408699674814811
11	0.004565098114324382
11	0.004159214724954652
11	0.005379433928533169
11	0
11	0.00402875652094102
11	0.005319974820979213
11	0.005058426731734704
11	0.0052454312168402056
11	0.005107705889627088
11	0.006502291866981261
11	0
11	0.005850845562828604
11	0.0047341877883958685
11	0.005063385983132748
11	0.004020908402088168
11	0.004282247688410607
11	0.003985466235989276
11	0.004943813820530142
11	0.00450924604986956
11	0.005168477554615148
11	0.004309999004258554
11	0.004819326752406682
11	0.005315457198998449
11	0.004169156910559468
11	0.0046410333031008865
11	0.004697896177261804
11	0.004710435319764164
11	0.004712554585447835
11	0.004600448363905628
11	0.003777642384923906
11	0.004342966485707662
11	0.00464142744330046
11	0.005493704753648824
11	0.0050402965161810585
11	0.005693673695147496
11	0.004685797452407221
11	0.0036555544741014635
11	0.00481321718231969
11	0
11	0.004661334448586507
11	0
11	0.004164271614763966
11	0.005696338741916791
11	0.006025824141428801
11	0.005750545524082517
11	0.003985604633266958
11	0.0048700890558918365
11	0
11	0.004560200614148912
11	0.006329984180028778
11	0.004420520172693638
11	0.004429330917873565
11	0.004356408541978775
11	0.005053197619453504
11	0.005036969606706395
11	0.00524780750322807
11	0.004879508876835306
11	0.003519550759408251
11	0.00459473647047034
11	0.004685701692397406
11	0.004609814297200606
11	0.004371692920727657
11	0.004657925849038036
11	0.0039379597698477485
11	0.005419312442325348
11	0.004521606591128186
11	0.004599774820828393
11	0.005378583995626607
11	0.005761158066215694
11	0.005423635327069845
11	0.004861035576183467
11	0.004165853008774988
11	0.004815299122267669
11	0.005683719135810958
11	0.004038337307498806
11	0.004641973324918564
11	0
11	0.00435933733667308
11	0.004487949524649683
11	0.004084780574070646
11	0.004528922890157467
11	0.004360652603334711
11	0.00454148458829115
11	0
11	0.0059013505209829335
11	0.0044825900540896805
11	0.003408322862313818
11	0.00413851223128766
11	0
11	0.00435566685507837
11	0.0045188205017062865
11	0.006243735176174015
11	0.004987311176179156
11	0.005291495146116673
11	0.005652659868529395
11	0.0051727110913767265
11	0.0045694676452435615
11	0.004496288534924252
11	0.0031598784556183244
11	0.004283890024149204
11	0.005514935923541051
11	0.005213019295703233
11	0.004754336361717896
11	0.004905653879667937
11	0.004779930973888023
11	0.004026801867254982
11	0.004055636125185282
11	0.004490874222692947
11	0.004365739645282689
11	0.005206945573252023
11	0.004294872435787269
11	0.0045537403366303075
11	0.0032381536615743067
11	0.0045492242690126795
11	0.006235431937789983
11	0.003997149899836538
11	0.005868202295971886
11	0.00485077088765962
11	0.004013022098105648
11	0.005397570389668179
11	0.004372031723855675
11	0.00469249502155469
11	0.005196575076008573
11	0.004577893216632214
11	0.005512550413207648
11	0.004649506180763004
11	0.0028533355936048365
11	0.0047026560842884394
11	0.0037220846413291786
11	0.0048340682996894325
11	0.005070931487751095
11	0.004835296743683667
11	0.004540247893898361
11	0.005156985662317612
11	0.004845567432166164
11	0.004942511238594562
11	0.004941417373117518
11	0.00558214030344683
11	0.00605323552271944
11	0.004598887728826188
11	0.004417832388126624
11	0.004267024149386569
11	0.00501650884916646
11	0.005536171015322624
11	0.005045662667892315
11	0.004348204401043765
11	0.004846401244826784
11	0.005414052960028434
11	0.004409824488696971
11	0.004589340109147674
11	0.0051967290030792085
11	0.005757645124141295
11	0.005659928761445427
11	0.0039557101018784105
11	0.005173453045001335
11	0.0035873967252983514
11	0.006444401311825889
11	0.003685833248114727
11	0.004484657608694105
11	0.004340147637776471
11	0.004148427457612028
11	0.005137340852026937
11	0.004526070675592269
11	0.004909838901307322
11	0.004850736031534607
11	0.004901138124797641
11	0.0052650893803774185
11	0.005926227937726445
11	0.005311431298028598
11	0.0037916217316377038
11	0.004947085631661685
11	0.0033036841206512406
11	0.004499319810174658
11	0.003848816493761611
11	0.0044288158481435155
11	0.0043963989059724665
11	0.006745429497452632
11	0
11	0.004648791958686326
11	0.004809881702451912
11	0.0048514344047809735
11	0.00536388478366151
11	0.004129268460622365
11	0.003984253597926631
11	0.004386055220647811
11	0.0038717167308894365
11	0.00500940984987717
11	0.004463127215084646
11	0.0035959371103344503
11	0.003636230471239571
11	0.00432094967263659
11	0.004399303751097822
11	0.004515176596400335
11	0.005702021093501972
11	0.004591131847001742
11	0.004422269626963112
11	0.005337843325740316
11	0.004366502274872502
11	0.005041557434773365
11	0.004095841319604844
11	0.0047386783854506676
11	0.0042853745971159155
11	0.0043850344870450435
11	0.005644909975482127
11	0.004090979689637126
11	0.0052826682328166496
11	0.0055397486749421306
11	0.004208432415653595
11	0.004824525747264607
11	0.00360449244234597
11	0.005249006795423216
11	0.004197597446729082
11	0.005875836851414015
11	0.004618075489661831
11	0.004401560279599182
11	0.0059223188460378155
11	0.004957642983727642
11	0.004419779900813137
11	0.004465180466239594
11	0.004975337517889361
11	0.0049851814124297605
11	0.003830456355573767
11	0.005093009184043533
11	0.006109009794269016
11	0.004148201812202655
11	0.004221655884865459
11	0.005219748587010203
11	0.005062154101868023
11	0.005461205782265947
11	0.004357146455305909
11	0.004118484266005588
11	0.004490328153459517
11	0.004623735620463799
11	0.004294502786694932
11	0.005189342959969711
11	0.0036855922427117952
11	0.0030716071389339217
11	0.005208064064974492
11	0.003978825306501965
11	0.004830269334495613
11	0.004607245097953437
11	0
11	0.004769115704498235
11	0.006347302975629173
11	0.005697939344661041
11	0.0043548160102505635
11	0.003708439101538567
11	0.005914900914902217
11	0.005328324138588561
11	0.0058871439082646485
11	0.004560620873050382
11	0
11	0.004304372192280566
11	0.004969572383684688
11	0.005242406377590826
11	0.003505654084549074
11	0.004967677017251755
11	0.0037420355692706284
11	0.004545063948029366
11	0.004132794690307415
11	0.004087383498111023
11	0.005332352090857602
11	0.00485968513538682
11	0.006318781025871567
11	0.005288428427676595
11	0
11	0.0052933989738759134
11	0.00487624053881924
11	0.005457198820940788
11	0.004621080627587045
11	0.005769124611222038
11	0.004449921666172761
11	0.005631194521247445
11	0.006475910454180534
11	0.0042171093355095664
11	0.005057492967398224
11	0.004068207956982488
11	0.005235942404682818
11	0.004708525546060621
11	0.0033451061841436916
11	0.004941288157884593
11	0.00510141279388096
11	0.005517145045731508
11	0.0042006356953732575
11	0.005111783294816258
11	0.005399115453955619
11	0.005592247636185078
11	0.005551586228805458
11	0.005873246887772771
11	0.004689704939050332
11	0.0048633074134705676
11	0.006402501348718188
11	0.004712441827578834
11	0.005068894393332363
11	0.004248422732457879
11	0.005044193617950903
11	0.004983869241729669
11	0.005335327391248858
11	0.004442941333391867
11	0.003838090156628418
11	0.005657025243302391
11	0.004644958334979179
11	0.004942333009729805
11	0.006146083299371515
11	0.005294031121330951
11	0.004874873590515198
11	0.005556177103584034
11	0.006080149180580129
11	0.004527313720343805
11	0.005312810233625511
11	0.0039316805783995365
11	0.004968611365378896
11	0.005611127928467312
11	0
11	0.00368833479450841
11	0.0056951824690778035
11	0.004440950822506734
11	0.005193508566330342
11	0.005798092441396038
11	0.004030970775370526
11	0.0038472958671555433
11	0.004555149046015011
11	0.005431310719961967
11	0.0043829175683403375
11	0.005355247718075577
11	0.005811572887245093
11	0.005513760224681104
11	0.0041721182553102415
11	0.005155626423502266
11	0.0037130421497529606
11	0.00528809654958231
11	0.005154822954894991
11	0.004038115085780255
11	0.0044608345552492115
11	0.004960538724275538
11	0.00452945491433581
11	0
11	0.004334869395242948
11	0.004473329053763258
11	0
11	0.00539419011028482
11	0.004927849797514895
11	0.00497553293454145
11	0.004237448018178028
11	0.003381112894771868
11	0.0054059358625958565
11	0.004501711390103393
11	0.006224699786195273
11	0.0049148083316589925
11	0.004660238507987316
11	0.004377495044019966
11	0.004699977723181079
11	0.003920760849755144
11	0.004832115541186337
11	0.005583082084351945
11	0.00478352422959278
11	0.0038314841711096894
11	0.004176480878279394
11	0.005614340739212573
11	0.0031807605750478773
11	0.005120813249629463
11	0.003779898204661611
11	0.004187695724942498
11	0
11	0.004697841488267799
11	0.0044871670795414535
11	0.0047990517542822195
11	0.0034350576648441824
11	0.004978546690929453
11	0.004326738049725054
11	0.005180361030699291
11	0.003721523407912759
11	0.004504369894167182
11	0.004255897147409741
11	0.005994118890290212
11	0.004014565808872863
11	0.004972824371111805
11	0.005942167338404945
11	0.004003373238448796
11	0.005195551711102983
11	0.004450032007723151
11	0.005251073233415532
11	0.004306048853152669
11	0.004549727118341684
11	0.00458012270276215
11	0.004860386260857571
11	0.005313470985457303
11	0.004291283395700158
11	0.00439150285071921
11	0
11	0.00474340966118989
11	0.004356511534335064
11	0.003820290008782159
11	0.005566577872892388
11	0.003942567994986054
11	0.003604696121076931
11	0.005196766459316444
11	0.005215385947406945
11	0.005569656213414788
11	0.005399088051327339
11	0.004279045797004486
11	0.004650872337383926
11	0.00511805719051532
11	0.005183925620467714
11	0.005267092862980209
11	0.004952182876135498
11	0.005652815209684059
11	0.0048424245813979095
11	0.004740483643661666
11	0.0037397222409471056
11	0.0048296274522246435
11	0.0050205180165097795
11	0.004837799354830044
11	0.005778915797779857
11	0.004990928981903495
11	0.005278840407668267
11	0.004944678176683202
11	0.00432024174583171
11	0.004293243234425627
11	0.00415647411814936
11	0.0039660207439461016
11	0.00566157061721623
11	0.004500126433929618
11	0.004766569161240861
11	0
11	0.004415087887902305
11	0.004910438676069985
11	0.005035434963614659
11	0.005658680757641105
11	0.005701618684461287
11	0.004156961083385665
11	0.004583073993807387
11	0.005522469911428447
11	0.004910608036679538
11	0.004941977118051921
11	0.005009407999577613
11	0.0031201582398735343
11	0.005199120749448899
11	0.004547814942305445
11	0.004443185112475669
11	0.005522921654897315
11	0.004183376556730466
11	0.004433197964752607
11	0.004697675608441981
11	0
11	0.004116782785578796
11	0.005780072230032903
11	0.004896341853680364
11	0.005356737168016381
11	0.004045308916340281
11	0.003551923540381665
11	0.004885581720022564
11	0.005303762075275555
11	0.005759192716148915
11	0.004386994144058874
11	0.0064420642354752365
11	0.004363907266497076
11	0.004749232591855779
11	0
11	0.00577626603134278
11	0.004109130829082725
11	0.0041963537827293135
11	0.004301761782246558
11	0.004211176400774266
11	0.005051219643599723
11	0.004457427845746538
11	0.003642170536594899
11	0.004788493811722734
11	0.005198759570602755
11	0.004340372240297746
11	0.004414038456750655
11	0.004320005218617322
11	0.0047050054494314495
11	0.005313491023650439
11	0.005784646454139133
11	0.005417532303842866
11	0.004765155912394825
11	0.00552819443015619
11	0.005042870085117861
11	0.005554646675847345
11	0.004086121869636158
11	0
11	0.005475571663190656
11	0
11	0.004442471761698199
11	0.005672750104043803
11	0.0046409502836310314
11	0.004600462249115041
11	0.0040215399939018456
11	0.003997164197414336
11	0.0043935993010414676
11	0.0049051182398363
11	0.0052753511748572434
11	0.004593444091840395
11	0.0047585945437671725
11	0.005074648181149765
11	0.004705957788858357
11	0.003992241658545202
11	0.005279849887763379
11	0.004641458493551859
11	0.003996516212225487
11	0.0036409963370077443
11	0.005402573555275437
11	0.004134348737166638
11	0.004551914732522479
11	0.00545116564765981
11	0
11	0.004939467944890058
11	0.0035124167743848834
11	0.004968039159464305
11	0
11	0.004241809948281986
11	0.0035893529270205286
11	0.005205694233632312
11	0.005132489435140806
11	0.0038247205548874023
11	0.004914150539157927
11	0.005325566129804801
11	0.005002062362619986
11	0.004598591075747676
11	0.00630219737063964
11	0.004580281418217342
11	0
11	0.005658798706967048
11	0.005308033929045819
11	0.0045078930420885364
11	0.005438215346336185
11	0.004062628548885372
11	0.005571751067378844
11	0.004945826755412579
11	0.004797766848791985
11	0
11	0.005758660040956148
11	0.00603363341275145
11	0.005189689700046287
11	0.003983086560145088
11	0.004112151420214521
11	0.00458541804752343
11	0.00465962163298726
11	0.004696321983362621
11	0.005039174108239032
11	0.005750562407154441
11	0.004164289756309511
11	0.004069629330403571
11	0.004926782561730783
11	0.004259711592990759
11	0.004441560856420581
11	0.00466255642520691
11	0.005294260571107491
11	0.0045395061604188314
11	0.004536555466521623
11	0.004028712218158335
11	0.003445202752236585
11	0.004544055155646237
11	0.0056662388111630695
11	0.004522278833141633
11	0.006354248880736055
11	0.004493692945074529
11	0.00404718912188584
11	0.004084183931161967
11	0.0051785196770527085
11	0.002801150960659582
11	0.004970652522457664
11	0.005132018673433281
11	0.004729883169178281
11	0.0054828378937043796
11	0.006184441637236646
11	0.005058006851958383
11	0.005181954136530012
11	0.005543850263696093
11	0.004511671613430129
11	0.005266227200993952
11	0.0055906401026643
11	0.0049852720158863805
11	0.004173247752383217
11	0.004045793785990825
11	0.005050013571212476
11	0.004015450969420397
11	0.004096132049650451
11	0.0047749910430722586
11	0.003629259008223353
11	0.004519960792492375
11	0.005456038361735053
11	0.006119152322715245
11	0.005789170077805623
11	0.004091116396127269
11	0.003939059919861075
11	0.0039262824563786845
11	0.004598420305663623
11	0.005351571380339448
11	0.004940530306067256
11	0
11	0
11	0.004606013618327753
11	0.005490122702974745
11	0
11	0.005133416581263544
11	0.005164050138752553
11	0.004739838793676543
11	0.006038223245928478
11	0.005028893316496687
11	0.005197095725946749
11	0.005997660651352624
11	0.005253510849556442
11	0.00421750645176562
11	0.006681042253054125
11	0.0054132291779109875
11	0.004064307234859422
11	0.004580788311434989
11	0.004578064085817289
11	0.004287197197598093
11	0.004744071579274228
11	0.0037344480953557155
11	0.004281985521253775
11	0.004831352397336684
11	0
11	0.0051198952292958394
11	0.005741595737277244
11	0
11	0.006790969077437534
11	0.004362450549371657
11	0.004853674270137241
11	0.005150415116037528
11	0.005383024419433039
11	0.0044456892699792465
11	0.00310881230073899
11	0.005436618795234993
11	0.003752896601594326
11	0.005729334447126762
11	0.004251880834075941
11	0.005318282150714495
11	0.004428102294049936
11	0.004713922674768804
11	0.005508386918101427
11	0.005875299465805163
11	0.003983613625166861
11	0.004412842324355815
11	0.005850043984316201
11	0.004264263284299894
11	0.005403221429558423
11	0
11	0.004841253103286216
11	0.005595532643523067
11	0.005276199764248439
11	0.0037735027448495277
11	0.006131528007958185
11	0.004872089785496501
11	0.004046714781696092
11	0.004687570351353303
11	0.005825042712978976
11	0.0037792994892518086
11	0.004591851372407703
11	0.006005629916350745
11	0
11	0.005784990577626143
11	0.005007536208324888
11	0.0053319231688467895
11	0.004645686390857795
11	0.005129581915975554
11	0.0046158995367015804
11	0.004620524618377504
11	0.005217761966522842
11	0.005682315021276578
11	0.00495665454318768
11	0
11	0
11	0.004606914915720836
11	0.004814888315885602
11	0.005054687934337863
11	0.003363871610400289
11	0.0033235520968070403
11	0.005609459498330986
11	0.005940890585568804
11	0
11	0.005811670623562272
11	0.004023804509545135
11	0.004666155809339509
11	0.003976751616591549
11	0.004870757043546005
11	0.004127206363393294
11	0.004262494013909338
11	0.0042596967615138
11	0.003917166286084509
11	0.004440233556434465
11	0.00567414701167131
11	0.0046534022997493955
11	0.004696329824240284
11	0.0053025163892778055
11	0.003947669539378351
11	0.004294793341647503
11	0.0042171588092288805
11	0.0035093871622648436
11	0.0048597687610944015
11	0.004013609919137666
11	0.003828752767652448
11	0.005798373902485307
11	0.005671078514123437
11	0.003777034988231748
11	0.004056115827173271
11	0.005609324231269593
11	0.00510534036286033
11	0.003999424330215314
11	0.003940413992406957
11	0.003995377749705952
11	0.005510821628466412
11	0.004510308681669555
11	0.003694103642715397
11	0.005159685458330693
11	0.0039049615298646953
11	0.0045601271925847665
11	0.004914208920075987
11	0.005119793756373928
11	0.0035442054130663185
11	0.005146539461511384
11	0.004525135952297775
11	0.003853196260453033
11	0.005399322239385418
11	0.0036990003566214047
11	0.004086671863153254
11	0.004311896643220608
11	0.0041091439427613985
11	0.0038918062250326985
11	0.006121664950881627
11	0.005160359892937408
11	0.004490782119964522
11	0.004989039268761549
11	0.005260177357489921
11	0
11	0.003682119673213345
11	0.006059554587094313
11	0.004539896593760682
11	0.004824278337669553
11	0.004695204164503621
11	0.0038655714917233863
11	0.005097324126490185
11	0.0043029999310844535
11	0.005597484190159947
11	0.005238879085511891
11	0.005562085698718135
11	0.005293401563863936
11	0.004769147699350162
11	0.004878232155411411
11	0.00452631831131869
11	0.004911660150155868
11	0.005456894333811133
11	0.005289770710590029
11	0.005002450660717999
11	0.00515075164514453
11	0.004620174609987701
11	0.005556646035841765
11	0.004881739093966264
11	0.006013459497235121
11	0
11	0.005160508108410044
11	0.004302891070982895
11	0.005557050114236639
11	0.0038069202621082545
11	0.00459043090348713
11	0.004280848213198409
11	0.00548023796426244
11	0.004346459015031865
11	0.004223875981543513
11	0.0046370134680466
11	0.005120123780367398
11	0.003419333278077343
11	0.004893828264062873
11	0.004909102751829401
11	0.003664220799109711
11	0.004191599513595425
11	0.004362070996817398
11	0.004388763488887678
11	0.004866204371523191
11	0.004428505347766895
11	0.004700766745310011
11	0.0040731370701666495
11	0.004278240051114887
11	0.005244476580594628
11	0.004997532237804097
11	0.0048640336589712875
11	0.004866931320233622
11	0.004291282323859626
11	0.005939175621871906
11	0.005757183820663619
11	0
11	0.005898164423218613
11	0.005282951914215148
11	0.004883520339154835
11	0.004087115785125552
11	0.004657085479629219
11	0.005242964469370171
11	0.004758390155299113
11	0.004390392280621938
11	0.0063187867070200465
11	0.0050496966907370615
11	0.004439915869346751
11	0.004744111432161408
11	0.005746669605799433
11	0.0046983347487951676
11	0.003785270092656026
11	0.005179742233746734
11	0.005740073649979811
11	0.005025001127036846
11	0.004524533716445977
11	0.005511215569609023
11	0.004954883203035851
11	0.003868436392496439
11	0.005139241428306915
11	0.0049463620993526495
11	0.0052938563547271665
11	0.0045693763968664355
11	0.004185783195162957
11	0.005085513763971566
11	0.004427730411216684
11	0.0031815263693995505
11	0.005384990366120579
11	0.004833953961134356
11	0.004825269636941511
11	0.005048502239876625
11	0.00568669071811428
11	0.004986803018634488
11	0.0044392189247749415
11	0.004194525198507272
11	0.005680538677175979
11	0.003338896450985991
11	0.005531188322164494
11	0.005215476533643274
11	0.004352253491905895
11	0.0046161654662191616
11	0.004946387467690708
11	0.00488829346007662
11	0.004059090934725613
11	0.004496990868739945
11	0.004720356431885333
11	0.004876043086309939
11	0.0037773236959741706
11	0.004999657450814708
11	0.004569307832215857
11	0.005275587132552956
11	0.0046683658037508825
11	0.00584218557626309
11	0.0037168064081579627
11	0.004899274578838167
11	0.004069973099312565
11	0.004924507430534087
11	0.003943627486527049
11	0
11	0.004820506166816792
11	0.004832409139511519
11	0.004566306381122761
11	0.004730568326752478
11	0.005559172756959337
11	0.005773322845329752
11	0.00509660556793626
11	0.005216315374992098
11	0.004814665433170621
11	0.004676351353749718
11	0.004910703371847873
11	0.00487758125092046
11	0.004542797492149379
11	0.0037884788800334156
11	0.004690425778579726
11	0.0047028972472045166
11	0.005600710456026282
11	0.004839572999687602
11	0.005216208346345547
11	0.005387516820025873
11	0.00458155441618829
11	0.005004415050683325
11	0.003461869686284971
11	0.005298505564224151
11	0.004476992012562175
11	0.005437125388470156
11	0.004130610708392096
11	0.005709795242340383
11	0.005500017045031746
11	0.0055851466030665455
11	0.00503423985820906
11	0.004761692539145268
11	0.004273863610369276
11	0.004108159353117021
11	0.004132724792278368
11	0.005496890605738564
11	0.004592198427933194
11	0.004780970161579403
11	0.005211974210352927
11	0.004528104123932913
11	0.0051653854603490494
11	0.005633670043159509
11	0
11	0.0046858594873230765
11	0.004856923112329252
11	0.00466239556422794
11	0.0041564152663733315
11	0.004479878444814523
11	0.005499704499567407
11	0.004585026225194707
11	0.00481982875753155
11	0.005350095204897811
11	0
11	0.0039621993440622
11	0.004284327833253275
11	0.0052193108177378475
11	0.005110895078223497
11	0.0058322105543376175
11	0.004912768528827592
11	0.004451762612872968
11	0.0047027826037407796
11	0.004739813627601938
11	0.005229601877575281
11	0.004272691422241208
11	0.004405282337972349
11	0.0036567548224903726
11	0.0047052768394595665
11	0.0045308973572676945
11	0.004210387611756671
11	0.00486353190260691
11	0.005376307507612855
11	0.004573131249952004
11	0.004239850195724188
11	0.00456730493252889
11	0.006100403336252349
11	0.0047708969443818776
11	0.004137884977505047
11	0.005206870812124171
11	0.004704613578820152
11	0.00469472035692678
11	0.004117593351725237
11	0.005756679557607406
11	0.003952388605806168
11	0.005517045958256518
11	0.005248864059967566
11	0.004120208367152341
11	0.004379704557184769
11	0.003225617562210001
11	0.005084043273609437
11	0.003898423539641218
11	0.005175779568623675
11	0.005039663914825053
11	0.003741739830754544
11	0.0031005001723226214
11	0.0049778677048733615
11	0.00563686867382503
11	0.00431741129521564
11	0.005042903677852312
11	0.004821833542219298
11	0.005143789959514716
11	0.004390048521628112
11	0.004770088653735374
11	0.004828586354326873
11	0.005236506194313323
11	0.004698522308260375
11	0.005829816852905487
11	0.005700625671804362
11	0.004556720850380916
11	0.005054794464166066
11	0.004853006658295781
11	0.00508875033115737
11	0.004290537481334932
11	0.0055264444537646545
11	0.004142154876355112
11	0.004453460076002537
11	0.0058195225340756055
11	0.004335310512281433
11	0.004696219110751952
11	0.004335220334728763
11	0.004128550923800698
11	0.0041503015391476696
11	0.004501040133167436
11	0.004791539091858976
11	0.003964283994116099
11	0.004830918661486654
11	0.004844680614026026
11	0.00461869300805865
11	0.004516082789236802
11	0.004533181855597257
11	0.00576337078994932
11	0.0038378360380075167
11	0
11	0.00492749992802031
11	0.005445831390555783
11	0.003874675338796169
11	0.004497113557034858
11	0.0042894960594560124
11	0.0036043048932282045
11	0.0049064482343780455
11	0.004696621517235387
11	0.0043854112944926894
11	0.004472586618500418
11	0.0030869254541092952
11	0.0056701850372181265
11	0.004752244786449318
11	0.004838872244963521
11	0.005498993491463005
11	0.0036231579700460362
11	0.004769975987521871
11	0.005854679113426598
11	0.0036335989902588303
11	0.0047317424492921405
11	0.005548802677571824
11	0.004134143711793358
11	0.004312847390605142
11	0.006311874209818536
11	0.004167864168727759
11	0.004829589377826729
11	0.0038013311870836518
11	0.004836966969180231
11	0.004676554724552286
11	0.0043823172149344385
11	0.004886048755365668
11	0.0033360920812964988
11	0.005692271636230017
11	0.005183148287441538
11	0.005836161461902537
11	0.005384206684257758
11	0.00382165239723625
11	0.005208125633249062
11	0.003891488940956354
11	0.003880476017258821
11	0.003611847855103186
11	0.005191076052393723
11	0.004386022110876045
11	0.004651314754110867
11	0.005480962839797195
11	0.005362922517962615
11	0.003918790631841148
11	0.004687191789342899
11	0.00412199547615196
11	0.004169103921542062
11	0.005300779364245504
11	0.003838618728339724
11	0.00535213672873369
11	0.004315397824944864
11	0.005994556882387356
11	0.00515993758600599
11	0.004248211113745536
11	0.004925792279114027
11	0.004051896565724321
11	0.005844395702659768
11	0.005262757506126961
11	0.0044963703730077735
11	0.005278320370444742
11	0
11	0.00415840639700747
11	0.005177346316722854
11	0.004539803574165893
11	0.00443444953608117
11	0.004510551035360186
11	0.004575453349856557
11	0.004668007301002962
11	0.0044527114036918706
11	0.005266563820734028
11	0.0047957483199992336
11	0.004938797848568098
11	0.004552985087317639
11	0.004394426518539925
11	0.004559031854916686
11	0.005802685283121335
11	0.0045604815312914725
11	0.006360967620057858
11	0.0047946619202518005
11	0.004882197017218688
11	0.004790562866398683
11	0.004071581058536233
11	0.005561401132804737
11	0.004117207127816317
11	0.004126920796979828
11	0.004734143746794099
11	0.003708140393220023
11	0.006037273117673632
11	0.0050764133632728095
11	0.004185036922415581
11	0
11	0.004833103654157782
11	0.0045627359439377605
11	0.003388020074817567
11	0.005855612268669778
11	0.004444290998491486
11	0.004911981516074665
11	0.004152446597039341
11	0.004430041381716267
11	0.00413648718464322
11	0.005027072261184668
11	0.004494403745152855
11	0.005128347153794425
11	0.004335623380856065
11	0.005552464673198431
11	0.004365406646368933
11	0.004669448398380712
11	0.004312666223592286
11	0.005076633316034256
11	0.004278960368530482
11	0.004966357896111622
11	0.003478156816185109
11	0.0053657132578188264
11	0.005726748825764029
11	0.005202180705001927
11	0
11	0.004444234638123925
11	0.0039930045321411416
11	0.004901793876747652
11	0.003701877575290675
11	0.004912784725555261
11	0.0041274895924928836
11	0.0038764459214669397
11	0.004286116788034229
11	0.005992800498723794
11	0.0049911292493347815
11	0.004934605580895499
11	0.0036390726082967213
11	0.005768771092046482
11	0.004379084854149382
11	0.004505882721349859
11	0.005327899085999114
11	0.004636894872838397
11	0.004348903087432309
11	0
11	0
11	0.004624243624046427
11	0
11	0.005165402628602978
11	0.004582037025275515
11	0.00405825187102299
11	0
11	0.004358053592700314
11	0.005054293639161
11	0.004843591969264542
11	0.0033494963453025335
11	0.003980383254511253
11	0.004017850699662666
11	0.005521190774541023
11	0.00514092563139537
11	0.005947616227793243
11	0.005311000937417189
11	0.00435777303814485
11	0.005524712430106925
11	0.004874486849321385
11	0.004156129289285225
11	0.005423898602910296
11	0.004741548366605295
11	0.005237724528404814
11	0.005470131950069659
11	0.004772399537079396
11	0.004998378279655789
11	0.00520374214040299
11	0.003644886873859684
11	0.005026386534401015
11	0.005500127174525885
11	0.004119619082570432
11	0.0038716665147794566
11	0.005507664715385871
11	0.005993381456648022
11	0.004371503884161996
11	0.005082535470857012
11	0.004776315921438917
11	0.0038620804272864995
11	0.005660781056273262
11	0.005124411828721886
11	0.004696302762217877
11	0.005562651700396455
11	0.004124908325706876
11	0.005152160139600464
11	0.005068233073993973
11	0
11	0.0038768576318009905
11	0.004742682722247188
11	0.005451086359785685
11	0.003802619365446872
11	0.0045233185558591765
11	0.004462824745220093
11	0.004178089378995573
11	0.004045347748857507
11	0.005395172547729516
11	0.004786941349937049
11	0.004380318847023809
11	0.004620162723084633
11	0.00470130470715372
11	0.004104673043370277
11	0.004841285383579597
11	0.004288739595354854
11	0.004466853174070922
11	0.004359020861720486
11	0.004476268893695432
11	0.005609944802962326
11	0.0056207155129893846
11	0.005066375008127129
11	0.003986925596275535
11	0.005051505079888946
11	0.003924804690689106
11	0.0042546750578575055
11	0.0044469147814679396
11	0.004575356577896907
11	0.004488086074792272
11	0.005706391946662602
11	0.0051931077117644015
11	0.005771610889550037
11	0.004212843551072665
11	0.005384822340676723
11	0.004364932213287973
11	0.004989812358384181
11	0.004290160158636649
11	0.005070048781003613
11	0.00434412133100139
11	0.0041875407816050455
11	0.0052060022016506835
11	0.00393225656140361
11	0.004444759308678069
11	0.004736826741792575
11	0.0049543082114638145
11	0.0034233513915794384
11	0.00493031731724034
11	0.005597814948362468
11	0.005052880138275667
11	0.004895312607079338
11	0.004379571157390803
11	0.0043707187875113235
11	0.004248734340611574
11	0.004424827147989141
11	0.005728412954001544
11	0.004501102381228261
11	0.004485756651289722
11	0.0042647625381237
11	0.004884854781564665
11	0.005201126975811618
11	0
11	0.003652552015432015
11	0.0038176248030399452
11	0.004344346487540115
11	0.0041960516064712015
11	0.005158899227673493
11	0.004854723902804625
11	0.004765275236583898
11	0.004916243726188666
11	0.004904992794185177
11	0.00459488670658338
11	0.004150227904005458
11	0.005652182707212797
11	0.004616756408785977
11	0.0044432041467514435
11	0.004448456531482862
11	0.004358865356264764
11	0.0041940612389596435
11	0.005414408127484454
11	0.004274268315352111
11	0.005295903943258426
11	0.005067488860838282
11	0.004951566057520695
11	0.0051216068941096924
11	0.004780075230716817
11	0.005502565613215364
11	0.004561014212486918
11	0.005123645585481157
11	0.004528714896485311
11	0.006326326810900853
11	0.005297847692597695
11	0.00606541860079882
11	0.004066530753472671
11	0.003976284754730662
11	0.004271901683046108
11	0.0052851432531010505
11	0.0049402769133691585
11	0.004085037046804921
11	0.0045484217936821855
11	0.0052194978339429815
11	0.005134750243576379
11	0.0050475598439698255
11	0.004843030436863575
11	0.004827622814399518
11	0.003952540037736017
11	0.004403748640585181
11	0.004819828967402666
11	0.004613808280197305
11	0.004123786888580145
11	0.00438411201375287
11	0.005100489711716006
11	0.003324760799697094
11	0.004907912496491407
11	0.004865312695860174
11	0.005072090713433476
11	0.0049567527012425215
11	0.005187681710648807
11	0.005056993361318113
11	0.004988944490616529
11	0.005065562728656742
11	0.004741916955356545
11	0.005775730347190417
11	0.004764686564923238
11	0.005316474385061013
11	0
11	0.00469377341274072
11	0.00420466393393502
11	0.0039988752164410975
11	0.005551462785716874
11	0.0036905190190521173
11	0.005330645803978248
11	0.004613535827130171
11	0.00532148702898621
11	0.004887025351464161
11	0.004742202365071989
11	0.004602538316986186
11	0
11	0.0051323938922140065
11	0.004281387803952865
11	0.0040450435700438445
11	0.004774856758760209
11	0.004585574591670233
11	0.004277900702459235
11	0.004589549109534277
11	0.006018965946332047
11	0
11	0.004452140261464773
11	0.005181860501146252
11	0.004696902185734565
11	0.006058339266080648
11	0.004923442487661469
11	0.004496725208125495
11	0.004963080421074121
11	0.004752107715401966
11	0.005534258560987115
11	0.005398047485266663
11	0.005109671648297984
11	0.00452509994669732
11	0.005216371291241849
11	0.004060337958770478
11	0.004120672126927829
11	0.0037031302396947313
11	0.004164996280062252
11	0.003555973571244563
11	0.004774589925659155
11	0.004422448919321698
11	0.004688510937220649
11	0.005002915439380614
11	0.004398572545070504
11	0.005420821728181598
11	0.004373626394083923
11	0.0040490581931424295
11	0.004313803082330668
11	0.004556623108781836
11	0.00598228623105778
11	0.003573344795938592
11	0
11	0.0046906327836836416
11	0.0050012550933346035
11	0.004681152161944361
11	0.004263841921393164
11	0.005424429334680792
11	0.003760082779882555
11	0.004645519160667046
11	0.003440136865365099
11	0.004620347109310054
11	0.004851576825601707
11	0.004149479117237385
11	0.005528333880997934
11	0.002938141141032941
11	0.003760917600394057
11	0.003512887443686494
11	0.0050106451514690935
11	0.005040423973085535
11	0.004962334897622803
11	0.004757778560926621
11	0.003648523743216907
11	0.004781375303922469
11	0.003549060195467117
11	0.003584618122646967
11	0.005602752780356078
11	0.0052169043463244184
11	0.0053173958978818305
11	0.004901034301377866
11	0.0035640622343432993
11	0
11	0.0045552300064123745
11	0.0044589179934883625
11	0
11	0.005571152439501412
11	0.00695193624788492
11	0.004394020409787825
11	0.004057823568027402
11	0.004113251609419299
11	0.0042296118393284595
11	0.005817596391407764
11	0.005311523981402957
11	0.003739693702664255
11	0.004334724387310848
11	0.0042548615023937815
11	0.005863054778439513
11	0.004909348357732809
11	0.0045680262236093595
11	0.003945172887740076
11	0.004998886332455044
11	0.005848627468406516
11	0.004431318952164998
11	0.00561223791003451
11	0.004602813808649343
11	0
11	0.004060036400082895
11	0.004168576561611925
11	0.005535974110406013
11	0
11	0.004021647833569931
11	0.0065594773990631265
11	0.004015824752828714
11	0.004947107906318083
11	0.005032924478619931
11	0.0052676915824857356
11	0.0039545096776240265
11	0.00443969876359094
11	0.004536587455261511
11	0.004515011041002616
11	0.005296756523653844
11	0.0042974932785194075
11	0.004238111692235925
11	0.00492530648931196
11	0.003839656327596454
11	0.0038058116527403835
11	0.004089921588926484
11	0.004182723517761414
11	0.0032129784712623625
11	0.004986774578661115
11	0.004409223615686049
11	0
11	0.004488176883247141
11	0.004299900178673352
11	0.005899028760874019
11	0.004668055492836815
11	0.004587387104593225
11	0.0044465796373913445
11	0.004587278502219671
11	0.004365043994782244
11	0.0052402419938414185
11	0.004748455912506305
11	0.005149136158002331
11	0.004552269646698812
11	0.005366346437422203
11	0.005436315194202596
11	0.0052410175595849805
11	0
11	0.005853314580975308
11	0.004043959801366913
11	0.005436492766952189
11	0.0041210967500300835
11	0.00415575242188613
11	0.005578835535343284
11	0.005113055268141536
11	0.005258792585831138
11	0.004071617953986754
11	0.004415716396245402
11	0.00511018890856498
11	0.005083706092738761
11	0.004870131564368517
11	0.004339824647906741
11	0.005297178763507405
11	0.00410336169302265
11	0.00462713325087215
11	0.004665734275292295
11	0.0046783928242528465
11	0.004666380536215187
11	0.004395666597582576
11	0.005542401843895694
11	0.005393647203411493
11	0.005331282327105347
11	0.0061391423587255235
11	0
11	0.0043881023523566565
11	0.004636694785873963
11	0.003958575468324875
11	0.004363224854552164
11	0.0047344173305491795
11	0.004576216550970767
11	0.004602461478883982
11	0.004955432575609401
11	0.004259495243248523
11	0.004830168118824351
11	0.005038295650649682
11	0.004368210997323608
11	0.005782295703376714
11	0.0051298463639346805
11	0.004897972295075028
11	0.004779066604710016
11	0.004780367091862864
11	0.004421424268906678
11	0.005578354226068488
11	0.004572978907806819
11	0.004547871535294808
11	0.004320101906032631
11	0.003409467015175238
11	0
11	0.005318582387647129
11	0.003841562999739624
11	0.005168157485500131
11	0.0033496099048560247
11	0.004519605381238513
11	0.004138277157235727
11	0.00509883893111759
11	0.005120668308100922
11	0.005193597118352085
11	0.004137109856508274
11	0.0047183606139946715
11	0.005488772251999402
11	0.005176908869943186
11	0.00473943817521285
11	0.006279402963525431
11	0.005336947231985493
11	0.005028251238736521
11	0.004058935246152222
11	0.005012261938866255
11	0.005444251211725301
11	0.003615638923879643
11	0.004041877434634722
11	0.003762288244983011
11	0.0034291388929251127
11	0.0041185362722317535
11	0.003927554591844338
11	0.0041289004674338
11	0.004409546688464791
11	0.005636536777020199
11	0.005154335629931253
11	0.005302311466974642
11	0.004725893095849104
11	0.004081621646704874
11	0.005114537778610784
11	0.005234782748237023
11	0.004566776397684595
11	0.004474830240209758
11	0.0046207216035835125
11	0.00462975978997076
11	0.005080750090100254
11	0.004373430323718037
11	0.00466549464507494
11	0.004620366444927535
11	0.0046829064801449626
11	0.005325569222541286
11	0.005013753655249821
11	0.004543465151600063
11	0.005015183918495732
11	0.004265196259419354
11	0.004604905608425693
11	0.005941369013575476
11	0.006538082558547447
11	0.004546592439522651
11	0.004291086205600729
11	0.004488731565355632
11	0.004666721948029822
11	0.005403784382838516
11	0.004244542191119967
11	0.003939408272502847
11	0.004919757478873787
11	0.004703011139646942
11	0.004287354244864114
11	0.004906584441033692
11	0.004090631005403755
11	0.004891992205451026
11	0.00585958246480708
11	0.004734456484083725
11	0.0050759251221550806
11	0.005802156570373313
11	0.004681249600002002
11	0.005093570797984152
11	0.004629476493853407
11	0.006309552026715779
11	0.006417340974046106
11	0.004529679036502383
11	0.0046171406160656955
11	0.005316161327570984
11	0.004084904709602039
11	0.004576400043376929
11	0.0045709308906996095
11	0.0052081196413353795
11	0.004025826838993794
11	0.0038417670174491457
11	0.004037328067276877
11	0.004641434740048443
11	0.003953946614655375
11	0.004798994077790137
11	0.004423606901302144
11	0.005050562388473496
11	0.005811245483052357
11	0.004242566400764804
11	0.005082461049586905
11	0.00459262030916384
11	0.004843535027828031
11	0.004150179160067185
11	0.005464920945309353
11	0.004633159766240945
11	0.005043995786366638
11	0.005337367536713655
11	0.004350902408741011
11	0.004770829284947791
11	0
11	0.004791090481392846
11	0.0036202469888209276
11	0.0039852857156099
11	0.005481601639323289
11	0
11	0.005455938115236911
11	0.0055171973316634464
11	0.0043511514592710345
11	0.00545490883101127
11	0.004108461952420246
11	0.0051757193503938264
11	0.004476733600015929
11	0.004127888763489363
11	0.005212259031894013
11	0.005072508594646092
11	0.005043812953851519
11	0.0029610642837817275
11	0.004705808238667586
11	0.004809417504144341
11	0.004015002653444129
11	0.004298750975121631
11	0.004336664040588886
11	0.004103172405353158
11	0.0035924601637191923
11	0.004849220363737713
11	0.006876184132055354
11	0.004494584603236845
11	0.00458944472866935
11	0.004548518764826669
11	0.004216177832885497
11	0
11	0.0061886953801484484
11	0.0037607247124708883
11	0.00455113994645478
11	0.0033042473789642716
11	0.004556626705461408
11	0.004708209565298074
11	0.00530107299192728
11	0.00446312724101071
11	0
11	0.004424445170670953
11	0.005575151289768166
11	0.0052529746847596705
11	0.004532709231512702
11	0
11	0.004836672961864309
11	0.005221782241159309
11	0.0055124264106747685
11	0.004125455955011783
11	0.005454630809296638
11	0.0032425139022326044
11	0.005040631969667101
11	0.0044106012876165435
11	0
11	0.004946165330099315
11	0.006342403001971001
11	0.005940990007960193
11	0.005320551592187883
11	0.004408662221879399
11	0
11	0.0036801733360367715
11	0.0050864771206725595
11	0.004437278878059845
11	0.005526885378016089
11	0.005479258535292788
11	0.005934565205609494
11	0.005510336447388266
11	0.007124761804596148
11	0.005609250085994407
11	0.004821617254108079
11	0.004099843448111201
11	0.004425360064124121
11	0.005231430575295725
11	0.004621301473826763
11	0.005226193808975731
11	0.00539329894514957
11	0.004369658531027854
11	0.00574514666992506
11	0.005288980575742243
11	0.006162071297633902
11	0.005695934508948039
11	0.005007737221733235
11	0.004777118100483513
11	0.005385982730727518
11	0.004490769900089031
11	0
11	0.0041869816522290704
11	0.00397939151481289
11	0.004728571676595994
11	0.004980394580678156
11	0.0040192573453290996
11	0.005495212388546105
11	0.005342327170878167
11	0.0046840298589272385
11	0.004467176845081587
11	0.00461007776291288
11	0.005177713234897024
11	0.0050288837586546595
11	0.004311897067393679
11	0.006129963589923708
11	0.004617863414912179
11	0.004664749559301206
11	0.003999771470423845
11	0.0045829627898119184
11	0.004585988902919234
11	0.005415444401663305
11	0.006468878148518035
11	0.004830421217749402
11	0.004396100524251798
11	0.0046076725144665615
11	0.004358349273325325
11	0.004885610142150822
11	0.0047504387167654925
11	0.004263026105720249
11	0.003978216516901447
11	0.005283847375965129
11	0.005917825051371838
11	0.005910036447446139
11	0.00438880505485483
11	0.006402922440345316
11	0.003963293950416701
11	0.0066101668657275485
11	0.004267241770889785
11	0.005153187710462578
11	0.004664090301009957
11	0.004688855945706282
11	0.004314652949427315
11	0.0040341072235343615
11	0.004166644750150602
11	0.00434483809925201
11	0.005623333176453061
11	0.004793904917330628
11	0.006417075423367975
11	0.0046696340534457485
11	0.004750802329078345
11	0.004483352150848755
11	0.004017247080975513
11	0.004701754608970309
11	0.004758399174843473
11	0.0036830167666994295
11	0.005662780672825542
11	0.003951605649783448
11	0.00516065797909291
11	0.004336237481619171
11	0.003978802900402364
11	0.003526738771135871
11	0.004963630889051445
11	0.003777585298379208
11	0.005389940242094416
11	0.0039791606712808215
11	0.0048158912787346474
11	0.004853968252020528
11	0.005087486098378472
11	0.005396744596050913
11	0.003937018449514046
11	0.00533041495461422
11	0.005892807832147628
11	0.0041294869156584665
11	0.005937205659562182
11	0.0044127151217057065
11	0.004379558429538146
11	0.004666685844635029
11	0.004872326000290736
11	0.004920921464440559
11	0.004354455739190796
11	0.003632929650350518
11	0
11	0.004392375328323377
11	0.005302886500776199
11	0.004065324284915206
11	0.004977408832087327
11	0.004786242024228948
11	0.0046163617842200355
11	0.004777413755329443
11	0.0038169404259370833
11	0.004421252173580272
11	0.004947739357800507
11	0
11	0.003793038887743665
11	0.0037230800263386137
11	0.0054356488655425955
11	0.006072726280174868
11	0.004338359253330636
11	0.005043850173900217
11	0
11	0.0045261435268719764
11	0.0048094692668369955
11	0.006121687320219592
11	0.005266295884316945
11	0.006004213236197006
11	0.005036163161152378
11	0.006056400679540443
11	0.005907966692842224
11	0.004704530328420383
11	0.005328846681157286
11	0.004854630341514454
11	0.0033272365999607928
11	0.005605565049518554
11	0.0049510128767136525
11	0.004725515070878953
11	0.00412829826788885
11	0.004543098272197325
11	0.004977691981084621
11	0.004702441989185056
11	0.004186861452655109
11	0.004191695353744632
11	0.005427598636918201
11	0.005301312762433314
11	0.004597524173532519
11	0.004828642535635936
11	0.004914191433579196
11	0.004546017732767395
11	0.0042739970103986445
11	0.0038680118470264748
11	0.0052273100675172554
11	0.0048769653699029985
11	0.005599252706160073
11	0.005173505443734392
11	0.004791877947881504
11	0.004375218764930959
11	0.005120276024819152
11	0.005512137237350774
11	0.004581332122615683
11	0.004107376069906905
11	0.005980651932041073
11	0
11	0.006235842168093091
11	0.004614445824748534
11	0.0034719749205698353
11	0.004513381150907277
11	0
11	0.004693287004480913
11	0.0040732373187918804
11	0.005089557139185506
11	0.005424105508736456
11	0.005617688440193296
11	0.004791280962959916
11	0.004359985142045255
11	0.004876287890859546
11	0.004151797566909181
11	0.004554641059983228
11	0.005969334266805403
11	0.0045538514476553965
11	0.004633038335697444
11	0.003687961793472478
11	0.003998268848240684
11	0.004841339339628983
11	0.003519108382979881
11	0.0030573010539029144
11	0.004734018130455798
11	0.004467759055515083
11	0.004305824588522777
11	0.005253435751347663
11	0.004912071789690677
11	0.004613456336372666
11	0.005115196844756892
11	0.003611764362553354
11	0.005412969386925061
11	0.004896481806931849
11	0.005035725954176247
11	0.005555170448613243
11	0.005846032026326456
11	0
11	0.004013171791330228
11	0.0028470904273358876
11	0.005443341795749507
11	0.005506803117722446
11	0.005547080513873579
11	0.005776712669712313
11	0.006312115391717481
11	0.0036759892999589663
11	0
11	0.005046542979092877
11	0.005338590413478925
11	0.0037715393480904137
11	0.004602878956653385
11	0.0056843141629003896
11	0.0046693028338625
11	0.005312105774068846
11	0.004888104560428751
11	0.005080358634454325
11	0.005050986474597178
11	0.00534339943494576
11	0.0043355810004893055
11	0.00564550954764774
11	0.004014318059408912
11	0.004622365821593577
11	0.004607335840839482
11	0.004054309439717698
11	0.004501694406533749
11	0.004276022223988382
11	0.004850333434868937
11	0.0057235543383221815
11	0.00399676719546218
11	0.004395053459976339
11	0.005080922441156826
11	0.004951450556373474
11	0.005105275297925758
11	0.005761050841425481
11	0.004058535501138502
11	0.005174572801853614
11	0.004650857676897775
11	0
11	0.004507777086463361
11	0.005219140435601763
11	0.00504101729224439
11	0.005879152991319072
11	0.004832265902633144
11	0.0051965679166561425
11	0.005734562408047
11	0.004202532123500682
11	0.005136989647499851
11	0
11	0.00438228624639868
11	0.004612506575726774
11	0.005087139848349166
11	0.0041189162042162795
11	0.005799595309263672
11	0.004077196039331356
11	0
11	0.005930241281565462
11	0.00526926777509713
11	0.004709548546800287
11	0.004641040231556442
11	0.0028863429679870088
11	0.00512158715033522
11	0.00433780386623249
11	0.0062938393107905026
11	0.004402848060496712
11	0.005263580894615215
11	0.005381580862371445
11	0.00469113512663045
11	0.0051142552394533485
11	0.006233269131713701
11	0.0037512381259546543
11	0.004184129862956841
11	0.003943896582469996
11	0.0041396070703189
11	0.004361401093009231
11	0.004369443672085076
11	0.004937829790549045
11	0.005351730624950304
11	0.004890696919083376
11	0.00410669405149955
11	0.004887175244739458
11	0.004747438925346353
11	0.004713248612563268
11	0.005881710434240442
11	0.005599084238599998
11	0.0044081669280214095
11	0.005081649445940379
11	0.004717007465255678
11	0.005631309274868799
11	0.00460854618284327
11	0.004376805195365905
11	0
11	0.0055889980421994796
11	0.003501302815576048
11	0.0038802780463858236
11	0.005420746220420191
11	0.0036600083488241364
11	0.004836783474534739
11	0.004213093946222893
11	0.0048074535722043696
11	0.005022899941644341
11	0.005265953821118725
11	0.005480805684907954
11	0.004515668474824789
11	0.005496280811356194
11	0.006388382141436794
11	0.004764548585401427
11	0.004805860529861755
11	0.005665221302952169
11	0.0042964044355367215
11	0.005292947658792129
11	0.004814448460514342
11	0.005172256799584509
11	0.004809895714528798
11	0.004056531662006864
11	0.00513569333263551
11	0.005420444383616462
11	0.0055689125631067805
11	0.005606293410716046
11	0.004158794103117106
11	0.004286162141154111
11	0.006213261011831262
11	0.004472083173188902
11	0
11	0.005574493934740513
11	0.004431853815263231
11	0.004505735812799491
11	0.004349886227271838
11	0
11	0.005010856749480919
11	0.005010437642026183
11	0.004564963561788734
11	0.005093806189369254
11	0.004587637154729498
11	0.0053163583452951035
11	0.0044978036053019066
11	0.0047508627476345
11	0.005344463753877558
11	0.0036456711442378648
11	0.0047839682592418975
11	0.004754394457961852
11	0.005020110562744977
11	0.005569321871968056
11	0.005449590394264757
11	0.005029179769570829
11	0.004386984613840049
11	0.004140727288981553
11	0.00559104388194934
11	0.005756908467386562
11	0.005475050215900847
11	0.004614066167803232
11	0.005727821191491485
11	0.0042619137613608615
11	0.004864104241052299
11	0.005981972051799588
11	0.004623024648627428
11	0.0053625176988665625
11	0.006254287568340613
11	0.005383562840824298
11	0.00531994121503447
11	0.005287092620941618
11	0.004940180930782261
11	0.004802984388968296
11	0.00536109560600428
11	0.006240845706120234
11	0.004870590108463949
11	0.005217935676684708
11	0.004461232983379354
11	0.005003439132397126
11	0.0046565673151407715
11	0.005260507355327239
11	0.004632412402839337
11	0.004057850452810315
11	0.004702117810343396
11	0.0049946109145064975
11	0.00450078620735699
11	0.004630733896720736
11	0.0049294015355443475
11	0
11	0.004398677055887103
11	0.004235685961441933
11	0.0061788953792789505
11	0.005942229567444192
11	0.005517943714628406
11	0.004503759944240235
11	0.003272878475099208
11	0.004770813439757412
11	0.004791812622878555
11	0.003920744594025724
11	0.004648419274593795
11	0.004013667917035501
11	0.005095259615654447
11	0.005388798177816285
11	0.004872880663728212
11	0.00393664362118228
11	0.005851144060936861
11	0.005447604507781907
11	0.005432642301500653
11	0.004364768653533972
11	0.005804113351316162
11	0.005195930877465457
11	0.0046464365587184555
11	0.004932671817083141
11	0.004692990301033954
11	0.0041166598649575075
11	0.004275832489786256
11	0.004642539033100095
11	0.005244287632668692
11	0.006124761036541217
11	0.006143493561514311
11	0.005456652850047706
11	0.005311092497711894
11	0.003863466502498453
11	0.004621075314672688
11	0.003971837409197144
11	0.004342750583623348
11	0.0036086918610215286
11	0.004553838441038357
11	0.005054055531499745
11	0.005052958757764056
11	0.005099419514448687
11	0.0040891643121111435
11	0.0054686254456535145
11	0.0044364008724530725
11	0.004802186423894854
11	0.0048108333683133005
11	0.004795292509370013
11	0.004721429441512247
11	0.0047981915858721575
11	0
11	0.0050356924416872
11	0.004833699528081676
11	0.0047789437543298155
11	0.004993678230401429
11	0
11	0.005058913848141378
11	0.004117615643119183
11	0.004999147060197087
11	0.004868745236555061
11	0.005045600645592655
11	0.004718063702514095
11	0.0054069613465432135
11	0.0032088035341162587
11	0.005128920211921237
11	0.0036365224074838922
11	0.004324857995220284
11	0.00549621539234064
11	0.003986981416017524
11	0.005210930849276906
11	0.0044738462131132814
11	0.003928818367773921
11	0.005013632368304222
11	0.005051206975268576
11	0.00479271885087621
11	0.004188052516082224
11	0.004758808437372297
11	0.005497249458979534
11	0.003922788837069312
11	0.005039405436812094
11	0.004339013234624414
11	0.0047027448921351704
11	0.003950035693213031
11	0.006314925724515356
11	0.004825436987252664
11	0.004189923336209163
11	0
11	0.005464604396086293
11	0.005093562489750642
11	0.005541395043194508
11	0.005254551714241675
11	0.006155722575835165
11	0.004408560799448359
11	0.005751982947327944
11	0.006038384913050272
11	0.004489056609170784
11	0.006659608196223522
11	0.0044735618884563875
11	0.005623504940880519
11	0.005246856500959599
11	0.004285710281032112
11	0.00554774970831555
11	0.004370630793964539
11	0.0063497083164996805
11	0.005489608580593284
11	0
11	0.004639814451929584
11	0.004613558995319355
11	0.004879582408966413
11	0.0034037121122424984
11	0.005278571391339495
11	0.004673432897933603
11	0.005174753925325847
11	0.0048360808172854906
11	0.005123803419361734
11	0.004775767230793099
11	0.00518321156292657
11	0.005111782821905176
11	0.003625418310644153
11	0.0043103734596962725
11	0.004242569167444139
11	0.0056493143977953105
11	0.006377096702543452
11	0.004435455181408139
11	0.004954282234573515
11	0.005770380136000247
11	0.004558467710356894
11	0.004594874859026847
11	0.006971223857137691
11	0.0059090461620193565
11	0.004903158729748395
11	0.005732793259853026
11	0.004816104457691518
11	0.00606246132344464
11	0
11	0.004112015765715165
11	0.0041709428436107745
11	0.004845356463443164
11	0.004335792970726242
11	0.0040178034229155155
11	0.004763493354699693
11	0.004700443973038629
11	0.005084245216831626
11	0.004036819504109431
11	0.006140242129566718
11	0.0042851200011452106
11	0.004357487329073972
11	0.0045586224018569245
11	0.005788544858150312
11	0.004291711550213708
11	0.004181626876772518
11	0.004653028364021631
11	0.006130041046911209
11	0.005380514013192158
11	0.004830306861867457
11	0
11	0.0060889993256996525
11	0.004523583055772288
11	0.005302899528240703
11	0.005142620624475004
11	0.004808275958190647
11	0.0038515359674308335
11	0.005881995990270462
11	0.004931985485197177
11	0.005090674300763823
11	0.004476478755786752
11	0.004970689324344061
11	0.004943373181511757
11	0.003506784490587226
11	0.00508652353283526
11	0.004190761183832375
11	0.004325055665346654
11	0.004475673299290117
11	0.004293832822757934
11	0.005560763600903961
11	0.002687889367483949
11	0.004335220450460056
11	0.00504441064008845
11	0.0060808680532553954
11	0.005975581502120924
11	0.0051263160518414275
11	0.003743102180895728
11	0.004812644983891013
11	0.00416118731147885
11	0.004156918128951324
11	0.004136699049586207
11	0.004907920383264426
11	0.005564951446687096
11	0.004117559214650383
11	0.004407751320760959
11	0.004031212501285712
11	0
11	0.005006314084864785
11	0.0037558781742848173
11	0.006220725188961131
11	0.00539064483445674
11	0.004769617014635291
11	0.003996565180881835
11	0.005539045096741427
11	0.0042716478410694605
11	0.0054345152125054004
11	0.005722958399129453
11	0.0049343583135506965
11	0.003856497176429222
11	0.004715816697014267
11	0.00522477202480639
11	0.0047006094387862995
11	0.003409363352454543
11	0.0039527932392088554
11	0.0053614460303369966
11	0.003955472314076456
11	0.004698825967382289
11	0.004310378512954277
11	0.004719580517128402
11	0.005099608287579237
11	0.003957815263969095
11	0.004829198846825507
11	0.0053488689701820785
11	0.004655275114881522
11	0.004313378894609838
11	0
11	0.004480828005475092
11	0.005130916940873445
11	0.003945972982188382
11	0.005424254983800411
11	0.00528339861947992
11	0.005255353172413174
11	0.003700348693493808
11	0.005709939523070352
11	0.005766991992507176
11	0.004134464299745532
11	0.004675419563954224
11	0.0057557912153977184
11	0.004843993823780969
11	0.004171224022178856
11	0.004474944807129362
11	0.005371675296010456
11	0.004368541326995717
11	0.006321528676759028
11	0.005814172622484405
11	0.005085341722196848
11	0.004607890519563776
11	0
11	0.005186954686690139
11	0.003958447453514473
11	0.00445910810620321
11	0.0033410879588228626
11	0.005214567400914034
11	0
11	0.0049195946577439194
11	0.004329410320363742
11	0.004868458424074675
11	0.0043057897932785765
11	0.004355586248464682
11	0.004871182379995754
11	0.0053139581737862126
11	0
11	0.005573720870180132
11	0.004216067939317731
11	0.0052101965031709
11	0.004645926219336492
11	0.0048320655591966265
11	0.0043519277082976655
11	0.0041291169994303505
11	0.003702798082576022
11	0.005835010556680613
11	0.006245081967189373
11	0.0038529547858274955
11	0.005387000880363537
11	0.0047717518012612885
11	0.004757625220314798
11	0.005374931415934691
11	0.0048092741478805365
11	0.0047579112366327335
11	0.005133997875457285
11	0.004694026836387947
11	0.00519424605362713
11	0.004370132792276174
11	0.006160526469141483
11	0.004019170132620885
11	0.004643305410885829
11	0.005645192276610083
11	0.006173289756276917
11	0.0042971318318069445
11	0.0038827885758246296
11	0.003922682233797707
11	0.004822583669202575
11	0.003857829712436457
11	0.004418515987053961
11	0.005539420609941724
11	0.0051318379022401005
11	0.0046379599168861665
11	0.003910132634733543
11	0.005109245596189998
11	0.004831398788664285
11	0.003785244983691145
11	0.00529250568647292
11	0.005709047587760215
11	0.004649846411696199
11	0.005125086168646366
11	0.004035130656074975
11	0
11	0.004951899647594488
11	0.004693642841673582
11	0.004625111125636818
11	0.004253824768540504
11	0.00478585960505751
11	0.0049954773053764905
11	0.003992275462202299
11	0.004756679653269463
11	0.004407653927488961
11	0.004925027300545291
11	0.0047464135414711315
11	0.005536780901485838
11	0.005149266591377396
11	0.004785474682757753
11	0.005914577582126428
11	0.004541424467206286
11	0.005631330455060681
11	0.004375320125900282
11	0.0048674754671731305
11	0.005434153748239884
11	0.005382440039547871
11	0
11	0.005631049188059035
11	0.00443031936844607
11	0.0058102204067795125
11	0.0045295362033146705
11	0.005214864499877588
11	0.005037900986374006
11	0.00543355485005901
11	0
11	0.004637751701977903
11	0.0054749509382437285
11	0.006539733395927783
11	0.004496247206992329
11	0.004908334670502957
11	0.004875164508329517
11	0.004648890362548759
11	0.0037685224925301944
11	0.0054043256498170255
11	0.004936304692173013
11	0.005311883569152273
11	0.004445674930496531
11	0.004868802978617687
11	0.004264971863894586
11	0.004756269027851017
11	0.004690854492802932
11	0.0041992519075364715
11	0.004276940466249931
11	0.004758303775739663
11	0.004853501614636071
11	0.005592961460267295
11	0.004053781206239421
11	0.0053424342500661024
11	0.004812416509855286
11	0.005096452884767154
11	0.005242239584380118
11	0.004289350204963052
11	0.005461297891078065
11	0.006471491995754052
11	0.004724116416218227
11	0.004640872818753065
11	0.0049843159806287835
11	0.005262038821264886
11	0.004049575562125715
11	0.005066491044044735
11	0.00424212337186571
11	0.0047530649707508
11	0.003973477239622897
11	0.004413375077174415
11	0.0047872489569205055
11	0.004268121745648829
11	0.0043931093597384735
11	0.004900937065687725
11	0.004601816577485388
11	0.005124140215874647
11	0.003992266366199822
11	0.004353239368433861
11	0.00485826603361399
11	0.005038470607829261
11	0.004873955174880047
11	0.0038224661676531917
11	0.003843308144148512
11	0.005255864013108224
11	0.005135448881008971
11	0.0051545866681530494
11	0.004468985739484428
11	0.006307332367979292
11	0.0037102159223648574
11	0.004530181146268784
11	0.004738099525770073
11	0.005009937955606918
11	0.005127149355358494
11	0.004789200533813099
11	0.003402495319108428
11	0.006011752446931268
11	0.0033252706856692453
11	0.005299732354496225
11	0.004410791206000129
11	0.004820380425194023
11	0.0053978009857905875
11	0.004506399694921231
11	0.003991228817682175
11	0.003858095623240027
11	0.006291086043242371
11	0.004379862487387597
11	0.005519136223523512
11	0.0045273480360650846
11	0.004619546164015352
11	0.00478263358287874
11	0.005049320292132463
11	0.004662502068743031
11	0.005118684149605599
11	0.005920085031649361
11	0.004643198652295525
11	0.004838043458955421
11	0.004900998213849912
11	0.005080686870691535
11	0.0049102368330424155
11	0.004599143452496082
11	0.004120631842960704
11	0.005780924824456781
11	0.004961577641989583
11	0.004797251878620034
11	0.0048418078941981175
11	0.004920923001638038
11	0.004780498526285049
11	0.005398447630898763
11	0.004752337853371056
11	0.00421907538612444
11	0.005068619649915112
11	0.003895586284688355
11	0.004948385583792483
11	0.0064799095029432
11	0
11	0.003955505105040363
11	0.005373083222342575
11	0.004925635075928936
11	0.0047874490396126925
11	0.005273156012044169
11	0.003879024488766504
11	0.004472577481683338
11	0.0048514473605523354
11	0.004700975255812542
11	0.005782847628880412
11	0.005808382958745634
11	0.005177607071436008
11	0.004006638066334245
11	0.005421875390682804
11	0.005577112433761644
11	0.005668392021036419
11	0.003847901828073147
11	0.0045304684352815315
11	0.004371464232755009
11	0.005688794662954342
11	0.005373871823822554
11	0.0044036151433133565
11	0.004212205806757946
11	0.003370573453844451
11	0.004158483534588257
11	0.004605241764877749
11	0.006296821322271237
11	0.005401532747782945
11	0.00598827375646239
11	0.004065928294350487
11	0.005402778108772386
11	0.004221318546534419
11	0.0037359151124478408
11	0.004561647736260834
11	0.004167926865532228
11	0.0039729020153840226
11	0.0042789042049526625
11	0.003644319917327781
11	0.004656692614279108
11	0.004426590538092667
11	0.0049900626294443725
11	0
11	0.004601905254166337
11	0.003936698132021214
11	0.004169505368836808
11	0.004626503197157099
11	0.0041340227002060895
11	0.004749775479449766
11	0.004999048878140146
11	0.004724591964973326
11	0.004952730761180271
11	0.005082902422619925
11	0.0049891623359500465
11	0.00374094553371709
11	0.004343669846111051
11	0.0048752387927967645
11	0.0051661882387787844
11	0.005040052341085692
11	0.004248209183249381
11	0.0041079275364775715
11	0.004870336840574918
11	0.004913945477013145
11	0.005428791575750279
11	0.004597885915606681
11	0.0038835759313160484
11	0.004074980943832287
11	0.005607856872922272
11	0.004094448077610212
11	0.00509822747703819
11	0.006903496596124039
11	0.00453349792617108
11	0.005325654454336263
11	0.005759277948129525
11	0.0038435815675834624
11	0.00594018346775152
11	0.005495826336168455
11	0.006203453719547905
11	0.004385798098523114
11	0.005461012709727764
11	0.005025916335195883
11	0.004988830358666558
11	0.005146102578055035
11	0.00542875271421944
11	0.0061747167235087635
11	0.006141491265307926
11	0.005527072396530965
11	0.003977526743342862
11	0.004729361342540137
11	0.004818798307303183
11	0.004781198108308851
11	0.005303190004854419
11	0.004604576111370474
11	0.0036266979934836043
11	0.004570486238689188
11	0.0055623647571168035
11	0.005355384000926236
11	0.004676191729684771
11	0.005001033735285156
11	0.004513931808874333
11	0.004005366914744594
11	0.004062653192102731
11	0.00483176946762342
11	0
11	0.00531801034630714
11	0.0046384156412097545
11	0.004571619514304159
11	0.005176510985096715
11	0.00422742219885922
11	0.0049573917899493015
11	0.005217986122983248
11	0.004367737024440719
11	0.004715190771655735
11	0.005020059035089514
11	0.00466784416070884
11	0.005149307564960487
11	0.005298108337170243
11	0.005123970209320009
11	0.005099271591640844
11	0.005135041474008656
11	0.005084346473770023
11	0.005344593937538772
11	0.0048930873685770525
11	0.004412143823724641
11	0.0059896616874453015
11	0
11	0.005222633324350042
11	0.004637525342553621
11	0.004135438781426684
11	0.005076589669528181
11	0.004875795318830322
11	0.0058194171118940525
11	0.005831538895167339
11	0.0046176026012622025
11	0.00446811004309033
11	0.0050890706805533144
11	0.005559564070969279
11	0.005392246081049254
11	0.004489869924517587
11	0.004948131199653804
11	0.0051156656125547345
11	0.0052164848068727765
11	0.004767868559597409
11	0.003698450914132784
11	0.00511284160308833
11	0.004949271716543706
11	0.0038139762808852614
11	0.0052998535282542695
11	0.004551510629435316
11	0.005023554104728927
11	0.004946854756607173
11	0.004058095501967214
11	0.004677051949132161
11	0.003941343616699468
11	0.005347690624059895
11	0.005067107207139582
11	0.003795457854782087
11	0.004175318776749498
11	0.0049169466310069075
11	0.00484771450493101
11	0.006523918531026133
11	0.005271837664885084
11	0.005448439134581438
11	0.005848247199949966
11	0.0045402661424598515
11	0.004631840079949908
11	0.0050975942602879305
11	0.004514183703062032
11	0.004598769332966466
11	0.0054010374046963745
11	0.005546334250598336
11	0.005755176969357973
11	0.006574019933412649
11	0.004176214614429878
11	0.004661189676648702
11	0.004548542068410261
11	0.004057126912641204
11	0.00517998008291692
11	0.005391774891016276
11	0.0064009474647779415
11	0.004769950713839692
11	0.004932288853586016
11	0.005457706813724561
11	0.004952430869595256
11	0.004300699536639579
11	0.004419906936567481
11	0.0037369211517375863
11	0.004371668667725355
11	0.00435109954260591
11	0.003833878563548007
11	0.005716549249082069
11	0.005094105166218707
11	0.004645062254096671
11	0.004748514017286594
11	0.0053534668612903605
11	0.004803987370250084
11	0.00494329643636838
11	0.00407543221982375
11	0.00520223605738691
11	0.005456737372031654
11	0.00457735218259361
11	0.005456453523454196
11	0.0030767978588249556
11	0.006466333343993362
11	0.004223236083933504
11	0.005317362619013113
11	0.004498614037326065
11	0.004134433189480731
11	0.004185892423021753
11	0.006436279046240699
11	0.003672289176731059
11	0.003974612151856589
11	0.004611425545321856
11	0.004358283040167072
11	0.0036319031175864
11	0.004907057188980209
11	0
11	0.005134023445548887
11	0.005137254744535704
11	0.004083124509610001
11	0.004674070663191506
11	0.0036559230206160663
11	0.004690752666755309
11	0.00469944999766523
11	0.0036008682303555776
11	0.0036990059955969447
11	0.004374556731461895
11	0.004865087630345814
11	0.003775375879305188
11	0.005284999297540581
11	0.004980812847460888
11	0.004411033918472083
11	0.004263003558497421
11	0.0047575545671599585
11	0.004476305016515293
11	0
11	0.0035035316977546963
11	0.006234264512836876
11	0.0038886419659863434
11	0.004620117789934327
11	0.004983755817109652
11	0.005179076679412911
11	0.004560476098948997
11	0.00574228611204549
11	0.004349583535918846
11	0.0037556915725770485
11	0.004343780214499915
11	0.004433186580944866
11	0.005410171947695352
11	0.005707785708471819
11	0.0041598110690342196
11	0.003926224216226678
11	0.0033843467723188893
11	0.004442224528505596
11	0.0034440664131254388
11	0.0060796220397358785
11	0.005012493738408593
11	0.004982081978770811
11	0.005619109450352352
11	0.005305145644854866
11	0.005225966345476385
11	0.005882353275064812
11	0
11	0
11	0.004179121051650949
11	0.004721114303705045
11	0.00602099338113587
11	0.004921999894417074
11	0.005516331380399397
11	0.006114157309239276
11	0.004868995147837871
11	0.0050049383352670455
11	0.005339123458225444
11	0.005999648690792553
11	0.005256139741197558
11	0.003292857296909837
11	0.004705152053666226
11	0
11	0.0048667278096480695
11	0.00483248480865095
11	0.004966811773212148
11	0.005132884329916257
11	0.0046671207733275065
11	0.005095143671527765
11	0.00491395825486113
11	0.0045988801133759385
11	0.003712093430687827
11	0.005251308864965777
11	0.005841703115421994
11	0.004186999586592743
11	0.00422973795346815
11	0.0043357714404329605
11	0.00512050475149725
11	0.004779715593968795
11	0.005697424137042466
11	0.006376811878590359
11	0.004970735344136449
11	0.004647106931206853
11	0.0048647194469493005
11	0.005022664681974021
11	0.003847947158887699
11	0.004592197869104519
11	0.004346834462288108
11	0.00493345744266569
11	0.003207625584408279
11	0.0047815037298368545
11	0.00487434414714512
11	0.0057217778476475
11	0.005234580196500573
11	0.004445187602899831
11	0.00439265385700093
11	0.00302541606903474
11	0.004008463716406453
11	0.00406120540973635
11	0.00506092790445501
11	0.0056546023412094555
11	0.005011629791007794
11	0.004458965981883961
11	0.0048024254057549886
11	0.004638649961471534
11	0.004090963458910541
11	0.0054611065822265355
11	0.005859003090681494
11	0.004462191975142895
11	0.005020681269370944
11	0.0044956947928209
11	0.003991924338402117
11	0.006149997411449571
11	0.004784247825983284
11	0.005482821277184731
11	0.005399895118100821
11	0.004596254955600495
11	0.004223542243558841
11	0.004388846928904454
11	0.005703909577672571
11	0.004710556502091888
11	0.0040623286289031765
11	0.004917943607546069
11	0.003764444155081512
11	0.00544890602750692
11	0.0053605798096755235
11	0.004499796697990508
11	0.004744629723163712
11	0.0046970860374882925
11	0.0038548460515615847
11	0
11	0.004530139976267567
11	0.004226604334203694
11	0.00489654744899527
11	0.0045081575877566615
11	0.00528765377485184
11	0.004850839264883481
11	0.005259441550831765
11	0.005610020518231097
11	0.004919846821172566
11	0.004731163589322175
11	0.005304776632287031
11	0.005338848086122228
11	0.00288091976900868
11	0.004029329847236246
11	0.005102095079495317
11	0.004930296048338485
11	0.005604680290977659
11	0.003938510754634683
11	0.0035328968598478797
11	0.005888122786113025
11	0.0038198377712861235
11	0.005274133841695638
11	0.004490892256249207
11	0.0046501758285779635
11	0.004402838086177958
11	0.004833700618384194
11	0.005184639927756688
11	0.004582595975525859
11	0.005481943545130086
11	0.004138027619694664
11	0.00482079820359416
11	0.004565831584364514
11	0.004582540306155149
11	0.005105479960992466
11	0.005675037826230774
11	0.0032558213849167377
11	0.004912687628458694
11	0.003854188885134864
11	0.004670370237796568
11	0.0039913591486719045
11	0.004665721434717493
11	0.0045425639004729
11	0.00510372215096878
11	0.005037293447046982
11	0.005801255200822397
11	0.005262994546498276
11	0.00592897181506781
11	0.004431924922888167
11	0.004997099403464309
11	0.004614455828157696
11	0.004776218343789658
11	0.0047316676295433725
11	0.0056889107573708545
11	0.005173622467213437
11	0.00556221831253264
11	0.0036585851267076554
11	0.0052698120305840965
11	0.005132294835715743
11	0.00524189349130606
11	0.004354139919222376
11	0.005284696392472083
11	0.005571937910200592
11	0.004209511385738617
11	0.00483439380985151
11	0.004517761875660614
11	0.005142247287345219
11	0.005737872413898284
11	0.0048936878909477555
11	0.005037057825133044
11	0.005308139405599345
11	0.004500028960335517
11	0.004675958327454801
11	0.005231770402728422
11	0.0053515669976775815
11	0.005511271573592832
11	0.003979864391911559
11	0.005924699611826968
11	0.003937875168781334
11	0.004564734940163429
11	0.004926448056494042
11	0.0044536252931333216
11	0.0038306515018346732
11	0.004423361111897372
11	0.004503453778832599
11	0.004839683045698766
11	0.00479544515052537
11	0.00484321757175767
11	0
11	0.004262673533703907
11	0.004853399674483968
11	0.004187240253055792
11	0.004615703078210687
11	0.004133020694596428
11	0.004401583953289852
11	0.005076810783723159
11	0
11	0.004012873883170422
11	0.004149458250251203
11	0.005274792753177037
11	0.004289601531912555
11	0.004683292209847854
11	0.005149783524544868
11	0.003973329663651239
11	0.005072883733183578
11	0.005861628441102292
11	0.004649084585112312
11	0.004921329621520486
11	0.005091463621157392
11	0.006060734098551806
11	0.005760745610632108
11	0.004313133768428586
11	0.004938855570205457
11	0.0039366936088423505
11	0
11	0.004633450427021856
11	0.004669743599133548
11	0.004354573036172202
11	0
11	0.003700628042373418
11	0.004926864599920018
11	0.005337700518543003
11	0.004281838997050262
11	0.004815105110252575
11	0.0053970611652998345
11	0.003835868863775814
11	0
11	0.005083134168499144
11	0.005493450590763827
11	0.00466427376355647
11	0.004844472663487065
11	0.0046971788519307904
11	0.00413376216317922
11	0.004515806201286705
11	0.005203993150654696
11	0.00566504819549519
11	0.00542113997671309
11	0.003907825279253477
11	0.0049666448568752904
11	0.005559925360933905
11	0.004787176195061045
11	0.004818283452871438
11	0.004037560587631716
11	0.004136201245851807
11	0.003998797145293894
11	0.004542113574804871
11	0.004429055844651869
11	0.004074155110985145
11	0.0026499477838632735
11	0.005548511568555779
11	0.005277425325882909
11	0.004099299227443058
11	0.005979043735098356
11	0.0038860385521275634
11	0.004809262526902872
11	0.004515500611030378
11	0.002915723738802874
11	0.004965983309271806
11	0.004668121385931059
11	0.004803299046087237
11	0.004396879692557469
11	0.004785737624973595
11	0.004440533269744825
11	0.00505026426785695
11	0.0036237167940684424
11	0.004609173231546563
11	0.003932939116842163
11	0.005047755881809541
11	0.003978512450440891
11	0.004579628164930188
11	0.00448662062816662
11	0.00470576224844596
11	0.005281309418569771
11	0.0055665941918206134
11	0.00417419158352659
11	0.0045311860484584686
11	0.0054380000210298715
11	0.004294316666095672
11	0.00498619601367323
11	0.004232453911032309
11	0.004448172093529091
11	0.004300503535187505
11	0.00440664204540707
11	0.0038195130218580224
11	0.0066063830740584395
11	0.004282676706689503
11	0.0038096456163443293
11	0.0037329370567415897
11	0.004507492921164133
11	0.003186541969801855
11	0.0044691103480833105
11	0.004522584942700112
11	0.003122971266409932
11	0.00415516277365832
11	0.003893782345496204
11	0.005481172132898241
11	0.004539947129924056
11	0.004215968525502659
11	0.005184017530569322
11	0.004101156237946397
11	0.004821599034083206
11	0.004398541374889087
11	0.005027541073531792
11	0.005253471763890219
11	0.003744081385772604
11	0.0035440622447778345
11	0.004210272215331427
11	0.004924574527795216
11	0.005635552406485717
11	0.003920807612487002
11	0.005809284331377642
11	0.005838740776834299
11	0.0050210829960422145
11	0.00506981230031919
11	0.0046080329093492805
11	0.004533751572798263
11	0.00382147462862381
11	0.004338477368049938
11	0.003747174275775821
11	0.00517749642603627
11	0.006024077465907741
11	0.006359108616433528
11	0.00334678126455871
11	0.004728555248733226
11	0.004931004220906873
11	0.004907686960563312
11	0.004643891835350849
11	0.004638953812775242
11	0.004178998955791338
11	0.0038699513535280696
11	0.005342867604547634
11	0.003958845755195965
11	0.005001709651201496
11	0.004026558663324241
11	0.004248479137499396
11	0.005142850908252826
11	0.005926046415856097
11	0.005889724390138586
11	0.0060451519307673516
11	0.005076117018692405
11	0.0043393682914389066
11	0.004650887575712957
11	0.004891819961388057
11	0.0060955923028255974
11	0.005044830955704401
11	0.005078629549079121
11	0.0045828073021785595
11	0.004338054383702369
11	0.005238460391828076
11	0.004866437596042951
11	0.004517607422785016
11	0.005015828411658012
11	0.0051017707500452284
11	0.004605012859787341
11	0.004632228065609124
11	0.0047644725892969
11	0.003853178864061378
11	0.004943183356003387
11	0.0053557540551843925
11	0.004741097949461297
11	0.004664448697884423
11	0.004559322508885903
11	0.004243908625015959
11	0.005118038937936145
11	0.005540827901158066
11	0.003846548192978021
11	0.0057431391326545666
11	0.00521866787900268
11	0.005376267115357048
11	0.004489726417482738
11	0.005149173209829012
11	0.005426914694376818
11	0.00590933829180864
11	0.00457768689247782
11	0.0040310531285359386
11	0.00462394980394271
11	0.005322692777959785
11	0.005330007495178621
11	0.004880760832603498
11	0.004504791492598217
11	0.004767901706142804
11	0.006114769887800511
11	0.004191619369123503
11	0.0043530504183474684
11	0.0044537120081254945
11	0.003978384491418285
11	0.004728216662626857
11	0.0050855158585492105
11	0.0051760275885164575
11	0.005319164452024493
11	0.004378292672093196
11	0.0038478668769653065
11	0.004566000142391146
11	0.0038506923982797587
11	0.003690937116474016
11	0.0036465691514482312
11	0.005601195982456256
11	0.004506170473405637
11	0.004564932622648693
11	0.005035485803339578
11	0.004827963799155597
11	0.00592439175135179
11	0
11	0.004353400345612715
11	0.004119840595037672
11	0.005778174078274682
11	0.005126983488744269
11	0.004742556491789161
11	0.004108844471793405
11	0.004723239321234336
11	0.003923524481335744
11	0.005546381447375107
11	0.0044233506178732104
11	0.0051174432057988686
11	0.005601789702362671
11	0.003902026875146137
11	0.004528290496650432
11	0.004560259853648501
11	0.00523561586455301
11	0.004887626572457562
11	0.003933454283786232
11	0
11	0.004909210054604653
11	0.005292341928949386
11	0.005523356253642719
11	0.006224222126835849
11	0.004421163015782478
11	0.004548095759921607
11	0.005133318980086161
11	0.005323035667343809
11	0.003892109369274803
11	0.005330815605065027
11	0.005945693813341703
11	0.004993327874461596
11	0.004267125933255178
11	0.005897132301205098
11	0.004488032792207064
11	0.003766483146612671
11	0.0043180797579143865
11	0.004113805941801177
11	0.0038985039220100935
11	0.004494427681184103
11	0.004323049608977723
11	0.005054157963824913
11	0.004273993464709186
11	0.004712784552577114
11	0.00431376667055697
11	0.004039398328757551
11	0.004088119754115159
11	0.004515734687096962
11	0.005259854053539791
11	0.004791924633060762
11	0.005758312651910296
11	0.00550159685945706
11	0.00400625650283845
11	0.005699993880518873
11	0
11	0.0038356359673699814
11	0.005206608437697961
11	0.004896151334252153
11	0.004888318464826354
11	0.004506106023600345
11	0.005464810022349589
11	0.004961033334641758
11	0.004610384116390199
11	0.0042997600488504555
11	0.003167903519066084
11	0.00482388515777531
11	0.0047934378071970195
11	0.005031725872982803
11	0.004395043158345171
11	0.00401481009314112
11	0.0042575531490382235
11	0.004255214264579791
11	0.004410515816253036
11	0.004723461454573365
11	0.00430784668835081
11	0.0038256644886729293
11	0
11	0.005576270238272085
11	0.0044811412992355575
11	0.005435210567717782
11	0.004503459114451462
11	0.004136265710018931
11	0.005014281414900084
11	0.0035309112128786148
11	0.0046572671391230105
11	0.0047117112623222416
11	0.005121130629746714
11	0.004823404942948746
11	0.004535459560937967
11	0.005511595268690366
11	0.0046460938910095045
11	0.004799564643025751
11	0.005041708836430814
11	0
11	0.00613055071695435
11	0.0058429212631857744
11	0.0046481864027378425
11	0.004561273761492353
11	0.004561177103874103
11	0.003914373555681826
11	0.004860178584753497
11	0.004858699907290295
11	0.003649303166669972
11	0.004134762752773994
11	0.0046034053763667725
11	0.004478917901214894
11	0.005433000642733895
11	0.0044277929667437665
11	0.005119289884087637
11	0.004169002582733177
11	0.004473703040130098
11	0.0050375016260659905
11	0.005022945942072314
11	0.004745446488344361
11	0.005030014765292561
11	0.004350383658834359
11	0.0054908634932312106
11	0.004286399662658449
11	0.005574927727059582
11	0.00455611554573522
11	0.005077354811976791
11	0.004139951984493319
11	0.005197943053581222
11	0.0031951142954578806
11	0.005590427745700434
11	0.005151368216143768
11	0.004663265285507992
11	0.004587490713981895
11	0.004891317497650833
11	0.004367920875359677
11	0.004713386360584015
11	0.003190614096915216
11	0.004868791303002886
11	0.0050932884909150765
11	0.005623831441195086
11	0.004089837492666225
11	0.004548943008862539
11	0.004244850923643984
11	0.004049745126163567
11	0.004934790752148475
11	0.005477413733810644
11	0.0045973003332826405
11	0.004462426590196311
11	0.004977731157028038
11	0
11	0.004064160832662905
11	0.0050674321423241995
11	0.00447464673553091
11	0.0054459759562382115
11	0.005124300345817762
11	0.003715643929494305
11	0.004217621612434941
11	0.005661854298971214
11	0.005482026368521551
11	0.00333414520294093
11	0.004866636722491394
11	0.004433096418846183
11	0.005032023553898381
11	0.003963715368462294
11	0
11	0.004617654520179658
11	0.00385358568435798
11	0.0040303799825720694
11	0.004216038641357761
11	0.0038197529410335185
11	0.003775361476826522
11	0.004949549980227094
11	0.0041714362181594754
11	0.004020227481656221
11	0.00556793172754322
11	0.004077895286527681
11	0.004434081391507814
11	0.004623255307822094
11	0.005546233535774917
11	0.004020498837934865
11	0.004043385755521889
11	0.003696635981307932
11	0.005758030628518934
11	0.004261650119162579
11	0.004429381336275476
11	0.004337965942417285
11	0.004420216930293079
11	0.0053941365402463415
11	0.00474970418561138
11	0.003926091348003619
11	0.0050165418594117096
11	0.005387763596462389
11	0.0054580408943572
11	0.005075604799608575
11	0.005377347978478235
11	0.004146657566377224
11	0.004855467919374554
11	0.004566049376444022
11	0.00485912281464761
11	0.0042877444721405545
11	0.004216649707639891
11	0.004950642143495544
11	0
11	0.0038050501277337666
11	0.0050458976634869795
11	0.0047316436822883055
11	0.004450678618606698
11	0.003943495342671441
11	0.0035568707486981297
11	0.004960599672322487
11	0.005257365385007176
11	0.006030614539463326
11	0.005209812731684949
11	0.004117585423188627
11	0.004951345404783428
11	0.005139651758516134
11	0.003865122365342514
11	0.004972456169697321
11	0.005358213751729523
11	0.004821968935960508
11	0.005162890868412054
11	0
11	0.003594691554353007
11	0
11	0.004899025815640534
11	0.004828823698850569
11	0.004333119651406025
11	0.005006907724220039
11	0.005397538089672565
11	0.0055726010631256435
11	0.004560943870431375
11	0.004413728772053531
11	0.00524528450715002
11	0.005304471593113957
11	0.004022000049158815
11	0.0042461495338768016
11	0.005457704205254084
11	0.004702290660006905
11	0.004751884642285215
11	0.005268546120168781
11	0.004634937938379204
11	0.00478838711939838
11	0.004631348287337616
11	0.004226379386038341
11	0.004973242540183117
11	0.0047099148186040335
11	0.005051801467300785
11	0.004188021085648831
11	0.004510068814835589
11	0.003271446806505626
11	0.004332569384188268
11	0.00476468869466726
11	0.003918030662524659
11	0.0051189910374925835
11	0.004854457061547004
11	0.004279530538323655
11	0.004976589575849095
11	0.00561408490279999
11	0.006243270014095768
11	0.006189741801549154
11	0.004009817568497293
11	0.00404154368521025
11	0.0043039551236232826
11	0.00493970224482453
11	0.005697135530092896
11	0.004367489369937594
11	0.0056105628381593045
11	0.004197917591819437
11	0.0047458986151590835
11	0.004830729346343686
11	0.005561228252228996
11	0.003978165662744645
11	0.004882759909148634
11	0.005314480118899064
11	0.004137626233452586
11	0.004915979492769395
11	0.006367738675741826
11	0.005387247299832757
11	0.005066978811433927
11	0.005450100832899601
11	0.004308470019944312
11	0.0036147586976718435
11	0.004505276700265827
11	0.004061543351083763
11	0.005536459525617057
11	0.005677780477007452
11	0.0047720982806549956
11	0.004334306171874289
11	0.004927442304017051
11	0.004002718847285821
11	0.0035347655559679605
11	0.0064764676222034715
11	0.006313122398810997
11	0.004645241040010517
11	0.005341767240206974
11	0.004561629450979121
11	0.0047934616088487585
11	0.003655292931004705
11	0.004374760632231432
11	0.003788825039532493
11	0.004321333045210316
11	0.004034583894036842
11	0.004862770190354396
11	0.004238141870021654
11	0.004871111593392146
11	0.004761943469222855
11	0
11	0.0043032992844880495
11	0.0037675376127621753
11	0.005409791531081667
11	0.005051141258702194
11	0.005853653247295909
11	0.004066637734251394
11	0.0051770244864026895
11	0.005152209648810572
11	0.004243228864126347
11	0.005025438629275593
11	0.004994320714124925
11	0.005262150312251342
11	0.0038767542706862903
11	0.003911784367488968
11	0.005786654543664336
11	0.004792483198794088
11	0.00568320844473067
11	0.004559531151980171
11	0.00518603257743955
11	0.003798519823371375
11	0.004493122886860461
11	0.0057213377335636985
11	0.004417702024342576
11	0.004314674612929669
11	0.005556490265482141
11	0.005927472608616372
11	0.0038412301378273235
11	0.003661568857352303
11	0.004285333381193602
11	0.005420576929961945
11	0.004238411644019029
11	0.004601122502559963
11	0.004370269936876029
11	0.004805366457863032
11	0.005086490727536981
11	0.004544152769353432
11	0.005738448720363079
11	0
11	0.004759627199671583
11	0.004507415067636612
11	0.005165869969422426
11	0.0042664571374817885
11	0.005110888884252408
11	0.005769750035427339
11	0
11	0.005311851227837716
11	0.005312793860553031
11	0.004365067721141568
11	0.00486364525848431
11	0.005490424415724389
11	0.005324857675784295
11	0.0043023322102858875
11	0.005147692786300392
11	0.0056012395463172675
11	0.0042154864676184735
11	0.005830166487197643
11	0.004895437034974262
11	0.004801634658989354
11	0.005215506959373355
11	0.0035320584912385974
11	0.00397560561352512
11	0.004319308468950883
11	0.0029083388203427598
11	0.005061154975545254
11	0.0059498937033296805
11	0.005840882909982747
11	0.005110946333605708
11	0.005348621540850552
11	0.004320562956452694
11	0.004376214851515255
11	0.006698431182017441
11	0.004604696303826826
11	0.00532143755985254
11	0.00494152319289142
11	0.004530295342514941
11	0.005124504184835154
11	0.004883569322580572
11	0.0043976209997221285
11	0.004913682700546099
11	0.004119652486956438
11	0.004518294924762808
11	0.005417428486205037
11	0.005799030935360644
11	0.005204200179974391
11	0.005332308680120357
11	0.00464161627831985
11	0.005695408192220863
11	0.002771236814958289
11	0.005395626143197509
11	0.004072469777664275
11	0.003787039705166061
11	0.0033941065619788576
11	0.0039315827488139825
11	0.005036820252576636
11	0.0042624084090778815
11	0.004002155263262868
11	0.005313062586426415
11	0.004390669071278631
11	0.006000214493502657
11	0.004372780482874602
11	0.006155954694335243
11	0.004776533691027219
11	0.004625699341552696
11	0.0045618645559235725
11	0.004792116064389225
11	0.004443029101760052
11	0.005610920500982561
11	0.004479161120618286
11	0.005748002156053098
11	0.004848488841456437
11	0.005454793000079427
11	0.00456104332489881
11	0.0044235112468996645
11	0.005023859764768135
11	0.00464618390783364
11	0.0036433278958867845
11	0.004372224040516617
11	0.004416540384713841
11	0.005885588127906311
11	0.005117456310316908
11	0.005108130484203578
11	0.00467118908911629
11	0.004679848712327309
11	0.003871499512349243
11	0.005174733081897631
11	0.005040693537046424
11	0.004310465662281341
11	0.005602104827092315
11	0.004689523344707932
11	0.00575655728125437
11	0.00462781382250298
11	0.004754048448073664
11	0.00420109252756848
11	0.006161259730327667
11	0.00416555129041639
11	0.004489898878136522
11	0.004958537217652534
11	0.0036459046882764286
11	0.004302843537997102
11	0.003669136709703836
11	0.004936135597053061
11	0.005393053696474828
11	0.004400656151690344
11	0.002992247665390149
11	0.004784753657343049
11	0.004859264958637198
11	0.004864682190715439
11	0.004873691045408233
11	0.003962898071444079
11	0.004818802747911127
11	0.004506506239539031
11	0.005403403549540182
11	0.004716740550895541
11	0.004830168970912052
11	0.004733700331242508
11	0.005222279126328444
11	0.004302502696278616
11	0.004012532499994944
11	0.003423915064296179
11	0.004327722867993381
11	0.005443803499286415
11	0.0048251886810493205
11	0.0039806413765210765
11	0.004864753289049114
11	0.004755591022643247
11	0.004268844911680021
11	0.0057769510075749595
11	0.005169032310957597
11	0.005440176186553566
11	0.00471472258266165
11	0.005236350206582946
11	0.0054102946445942456
11	0.00473386947186751
11	0.005379939308002248
11	0.0038246054582080327
11	0.005163013794554519
11	0.005182221383382708
11	0.004466983912603862
11	0.005639473040038904
11	0.004815525965638498
11	0.00600358638515354
11	0.00464830439732719
11	0.004162489123304822
11	0.005160937096644213
11	0.0054056972180536065
11	0.0046643032385257025
11	0.003965533053435541
11	0.004666426413026066
11	0.005248411427069549
11	0.005362633164630709
11	0.003991944597212046
11	0.004776504159451177
11	0.004095504056839164
11	0.005120944626796264
11	0.004334587357084338
11	0.005448868832828433
11	0.004801837992983049
11	0.004524523570574914
11	0.004514104926989149
11	0.004575964282885285
11	0.005878482562654718
11	0.00493771745106605
11	0.005803858761696189
11	0.00436332131423905
11	0.00443339903971461
11	0.004557993193541269
11	0.0044441009354541615
11	0.004434929025117119
11	0.004205250799233105
11	0.004870387540330971
11	0.003972847401332919
11	0.005424948245008289
11	0.004383042966206869
11	0.004484024845463992
11	0.0038846843655674546
11	0.004548741312642923
11	0.004613907420984227
11	0.00467010990877058
11	0.003742187016369912
11	0.0046138433595324865
11	0.005143891238556272
11	0.004822961900992872
11	0
11	0.005237606342304437
11	0.004644534638595198
11	0.004570269591315903
11	0.0048885333451223305
11	0.005401740078780495
11	0.005468032140950803
11	0.00435054747044006
11	0.005410359159619376
11	0.005408380683878926
11	0.0041411975030044585
11	0.004491354681418177
11	0.003644531944111616
11	0.006151462579304114
11	0.005177689815015215
11	0.0060404201638118065
11	0.005976692438802365
11	0.0047623692037704795
11	0.004581128251220516
11	0.0057139159021555
11	0.005694805365741574
11	0.00428337309476064
11	0.005004708795678576
11	0.00406327362516617
11	0
11	0.005548828822057904
11	0.005586430647099661
11	0.0048433296296850215
11	0.004376117390966323
11	0.004872183942459282
11	0.0033404927647579345
11	0.005428220582381879
11	0.005068508506124826
11	0.005612723476010662
11	0.005149450642656568
11	0.005750452724895519
11	0.004653826018135057
11	0.006405075981006101
11	0.00411899996660377
11	0.004880897678061764
11	0.0061279668392569975
11	0.006091629490021247
11	0.005614623803423676
11	0.0044242645449302535
11	0.005181896457946504
11	0.0060268354755681555
11	0.005659178739115368
11	0.004869679625182743
11	0.0052259474988841145
11	0.004674884777903639
11	0.0046739246291892045
11	0.005011973960744389
11	0.004664935155341709
11	0.00436972010062012
11	0.004644283168300584
11	0.003832309124800077
11	0.00539068243300532
11	0.00426462187576453
11	0.004364863773309681
11	0.003951867584652411
11	0.003280850698511524
11	0.006301340701468903
11	0.004586321410215887
11	0.004602897113990284
11	0.005365656129009223
11	0.005232466264972947
11	0
11	0.004373235633233763
11	0.0043244142579847
11	0.005323684096504276
11	0.00502673988362434
11	0.004301228326764931
11	0
11	0
11	0.004106966352794104
11	0.004680509559909712
11	0.005361026495790654
11	0.005044163587130268
11	0
11	0.004526009783028242
11	0.003803427146676188
11	0.005440200017547381
11	0.004286035332550881
11	0.004742171626705211
11	0.004835801955164376
11	0.005375681626901254
11	0.005142639231475329
11	0.004503698833853612
11	0.004382454594140996
11	0.004282559957328785
11	0.004673188535485141
11	0.004472287778526974
11	0.004794593193348285
11	0.00444939028934872
11	0.005092752062245582
11	0.005331288226551217
11	0.005753411370781828
11	0.005116245300265666
11	0.004656920440342444
11	0.0055604136364463645
11	0.00381892618379113
11	0.0037974864232175483
11	0.004504647643802592
11	0
11	0.0039019549140968494
11	0.00438547642932986
11	0.005000508006275106
11	0.004471011280516289
11	0.004618440595422552
11	0.004310375690687985
11	0.004921311894462511
11	0.003732908455522182
11	0.004535519370983442
11	0.004401982481445401
11	0
11	0.004138129722007328
11	0.005007509885503618
11	0.004364042794684418
11	0.005819795699293154
11	0.004598428351558527
11	0.0050335090465473626
11	0.00421924012816646
11	0.004086153226323276
11	0.004673619415642895
11	0.0051213159150518975
11	0.004694414999161608
11	0.004480850328577464
11	0.0044383193403622154
11	0.003996051598894109
11	0.005110906371169379
11	0.005390442007857235
11	0.005347455975328514
11	0.00503526299709545
11	0.005372644115573132
11	0.005194301989089786
11	0.004232934917334556
11	0.004179490583208167
11	0.004918649050805406
11	0.00377806784094103
11	0.006045096130374074
11	0.004361178603338753
11	0.005498165800478159
11	0.004297481209379965
11	0.004757720229442703
11	0.00553408951746442
11	0.005319000507415249
11	0.004247448145467661
11	0.005800191763769448
11	0.005173198947657318
11	0.004754207685708137
11	0.0045732575743511
11	0.004830325921012042
11	0.004259790627486281
11	0.004558668275707839
11	0.004000872629623907
11	0.005255764870702097
11	0.004520583213885269
11	0.004412871127456022
11	0.004169397452669753
11	0.004088572843050044
11	0.005678021624645121
11	0.005038325311744971
11	0.004919202112603757
11	0.004230728370388447
11	0.003700834399885338
11	0.004160442339796956
11	0.0033742469563023385
11	0.0054175770846279945
11	0.006534330012878031
11	0.0047306262818814036
11	0.004218596014966408
11	0.004234106124271301
11	0.006077529861773107
11	0.005313016855427651
11	0.004477645768846899
11	0.003942312318532012
11	0.006152771192638686
11	0.004604441051517399
11	0.005095115231331552
11	0.005672825645069856
11	0.004741480037959891
11	0.004539181733367905
11	0.004390696008119967
11	0.005093147250009476
11	0.005225609299354271
11	0.00516878000504666
11	0.00466589459548075
11	0.005751572650874707
11	0.005107278294521599
11	0.0052423506775028895
11	0.003584830707514845
11	0.005015018652113131
11	0.005036642017705408
11	0.004019954686459543
11	0.004418233056122451
11	0.005045187044534438
11	0.005900013254497466
11	0.005926450386677154
11	0.0047789291218210015
11	0.00543630228710489
11	0.0037760828482840043
11	0.004581249726713295
11	0.004701849156998771
11	0.004916058762548258
11	0.005191991290411792
11	0.0051051570434568865
11	0.004726115699739662
11	0.004865827257217546
11	0.004739678640716356
11	0.003483575083406445
11	0.004558722471537094
11	0.005392346461453354
11	0.005123162307596333
11	0
11	0.003933927330615815
11	0.004098265093216882
11	0.004337541168554508
11	0.004654784351056839
11	0.005024437457973602
11	0.005128922381109105
11	0.003975105060352889
11	0.003938844483185439
11	0.004110822586319519
11	0.0047513224624278665
11	0.004102501446501884
11	0.0039024311226033928
11	0.004748592023139974
11	0.005224063838740215
11	0.00386016424413157
11	0.004438798448790671
11	0.004989787104727069
11	0.004912649472184757
11	0.00427501737176771
11	0.004583116825235099
11	0.005163659480739715
11	0.005710979805013855
11	0.003944827764705853
11	0.005650136740971375
11	0.004745032922446191
11	0.004218275156216579
11	0.00500001713785952
11	0.004080785608636111
11	0.005886069916395136
11	0.005275363568665625
11	0.004196175121589888
11	0.004296582383248192
11	0
11	0.005078983772939576
11	0.005157619628615066
11	0.004125333983376112
11	0.005221104407106011
11	0.006159777943762334
11	0.004172709028630927
11	0.0046763940253513395
11	0.004203075579507934
11	0.003125384606755215
11	0.005816437987216702
11	0.004469994788674414
11	0.0055712712304406935
11	0.005667009507523711
11	0.0039833443353208785
11	0.003430844828854909
11	0.005890036210399434
11	0.0041445066405329896
11	0.004426036156848161
11	0.003733629474158091
11	0.004687803187687149
11	0.0047646485343972355
11	0.004660828368989306
11	0.004533240988883019
11	0.003692165929960481
11	0.004636905137596203
11	0.004613689587465358
11	0.0032528025242813596
11	0.004428740131125344
11	0.005370341192892144
11	0.0043249161308310845
11	0.004581113366084468
11	0.003999857291795539
11	0.0054657685546844045
11	0.003967746041103764
11	0.00449549824873501
11	0.004023254362837979
11	0.006127626075610712
11	0.004677295691193968
11	0.005393599901019305
11	0
11	0.005276119500421214
11	0.004457649860316795
11	0.004054799736630449
11	0.004134081528090474
11	0.0053569661952296765
11	0.005604807303584253
11	0.004383048503102311
11	0.004977071587938954
11	0.005202974802208324
11	0.0057851153120028155
11	0.00305890872110762
11	0.004875131401166243
11	0.00596591167077021
11	0.005108015339555481
11	0.004847594201899805
11	0.004011072172052778
11	0.005184283856968269
11	0.004361641248578644
11	0.0031072655275209064
11	0.004665780080031735
11	0.005013582118424534
11	0.0051379895625344035
11	0
11	0.005246442716497577
11	0.005659917590995591
11	0.004760519862040756
11	0.004402894693493586
11	0.004903537907088369
11	0.005539222639981991
11	0.004213343570465273
11	0.004867281026581964
11	0.00397314403190662
11	0.004924600113899171
11	0.004487316767660323
11	0.004687091991166057
11	0.004246501883803207
11	0.004278001394581373
11	0.004646063859888413
11	0.004814942606675954
11	0.004460376041929386
11	0.00503476812447537
11	0.004811989587749388
11	0.005608974288196988
11	0.004663804938119191
11	0.003802050407806976
11	0.004344184390791526
11	0.00566418395684649
11	0.004614239738861042
11	0.006286400379938446
11	0.006178461351559394
11	0.003221169118553582
11	0.004042581559657963
11	0.0053179506639158955
11	0.005095352950105011
11	0.004667252026546114
11	0.005303360400984571
11	0.005248102341450832
11	0.004462068974083954
11	0.006099382086106265
11	0.0038620315065221638
11	0.005631502690306052
11	0.0043280576652538075
11	0.005305897095388881
11	0.0044958589054650165
11	0.0059121738472503365
11	0.00461945144121283
11	0.005111268650851895
11	0.0049220398367182255
11	0.004356012467214454
11	0.006220403744072315
11	0.005169237623217318
11	0.004805252253660372
11	0.005965485386534141
11	0
11	0.005017454568026478
11	0.004479609180598077
11	0.004929352523529388
11	0.0042195059083702195
11	0.005206068384199045
11	0.005447048061509859
11	0.004382659838562193
11	0.00463727109823256
11	0.005763240397042648
11	0.004426186716271157
11	0.004613339148550173
11	0.004462366461323948
11	0.0041284867820815686
11	0.0038741665911396638
11	0.004425941895144321
11	0.004162360541189293
11	0.00498282502450033
11	0.004050110990531353
11	0.004937424122430479
11	0.005907440601706192
11	0.004836249639768239
11	0.004217173186446511
11	0.00415423940743317
11	0.004865244563296898
11	0.00547556324423312
11	0.0047942789566055724
11	0.004196305718247212
11	0.005643922252138975
11	0.004329577416278475
11	0.004975335184967236
11	0.006414096973919941
11	0.004712485663037569
11	0.004200432660677093
11	0.0049943539501841215
11	0.005394781692657244
11	0
11	0.004745716820205934
11	0.004050756393187761
11	0.0032829466112873538
11	0.00466356646747302
11	0
11	0.005990557668844239
11	0.004776164112421094
11	0.004641294359145113
11	0.005537732855327809
11	0.005022544218614567
11	0.004645277275827085
11	0.004566665918337188
11	0.003954642350078051
11	0.005138314508399069
11	0.004390646261419949
11	0.004039242864422767
11	0.004521762785548638
11	0.005330210104258444
11	0.0051048141431004395
11	0.005944447110777264
11	0.0057581154029715965
11	0.004476726609564341
11	0.004412136043772976
11	0.004494070659501977
11	0.005426235970906579
11	0.004617324479151488
11	0.004639718785052631
11	0.004264884514622567
11	0.003921003346370978
11	0.004718899308930248
11	0.004394792627595725
11	0.005000878586462205
11	0.004525833031101537
11	0.0054471499390375076
11	0.004284260954342221
11	0.004008892971912682
11	0.003956334667587038
11	0.004772786327679102
11	0.003984919561588727
11	0.004107076243486465
11	0.0038604061854729437
11	0.004454882377991872
11	0.0050076538933802395
11	0.00455281344110878
11	0.004282909130481349
11	0.0055147716125659284
11	0.0048960849691461784
11	0.004353918950934135
11	0.004232493700724088
11	0.004865675277603221
11	0.005207691564056785
11	0.005016767494946527
11	0.004392908184518625
11	0.004160007466489229
11	0.0051403209718592965
11	0.0045340652056934366
11	0.004008052719423465
11	0.005281794388335096
11	0.004179185850498987
11	0.005126892183056946
11	0.005044147950689668
11	0
11	0.005533617568585069
11	0.00546737291447772
11	0.004820280229132283
11	0.0030520325445194344
11	0.0061687880505177746
11	0.004912697467607939
11	0.005700840585279364
11	0
11	0.004340452453421533
11	0.003989908523425252
11	0
11	0.004385335930963142
11	0.00652258433234104
11	0.005158826160776715
11	0.00559410311456681
11	0.0043742991254311775
11	0.00502045295048526
11	0.005672089530384325
11	0.004798330848595652
11	0.0047697516531809625
11	0.005116231876569562
11	0.006303273262194936
11	0.00558791853551212
11	0.0044209367083089205
11	0.005451365573022647
11	0.006219538145473688
11	0.0038973708327801225
11	0.004378196553407193
11	0.005083301773859805
11	0.004142678000158905
11	0.005413054279500094
11	0.004457809338960948
11	0.005000914681114309
11	0
11	0.004982139883972918
11	0.004408294279027778
11	0.005241066226570903
11	0.004748578883022292
11	0.004211874856638504
11	0.003916644321590774
11	0.0042623386175151415
11	0.00604603239605
11	0.005495066019342946
11	0
11	0.005046702419732644
11	0.005708708878287504
11	0.005433653071089888
11	0.005484811130364887
11	0.004463728666903507
11	0.00497754699665447
11	0.004088346998565553
11	0.005338577784884846
11	0
11	0.004469947415346051
11	0.004524443240088243
11	0.005035273846956292
11	0.004401079924402794
11	0.0046436235931257
11	0.004415881929362132
11	0.0051113171195464845
11	0.005459603957101041
11	0.004557406724321171
11	0.004662579094543036
11	0.005272658815859049
11	0.003863270203902699
11	0.003409528408415285
11	0.005637025540794259
11	0.005107717609100558
11	0.0045188730451170235
11	0
11	0.004534919947276696
11	0.005118078951297267
11	0
11	0.003896736017600743
11	0.0054304085897062156
11	0.004945507906066134
11	0.0038961327301981212
11	0.005211572225741075
11	0.004232957815552468
11	0.0047900386939864386
11	0.005299489516003531
11	0.006458155294582847
11	0.004547836659615893
11	0.00441103630188617
11	0.005054476456579757
11	0.0050140793258424765
11	0.005600568915457454
11	0.004543757730895479
11	0.004322110763255581
11	0.0049138840410108955
11	0.004998498062012515
11	0.00539429594092914
11	0.004306389449524118
11	0
11	0.005248932577436418
11	0.004761238973944976
11	0.005574530033855446
11	0.005126857126572485
11	0.0041014978362201296
11	0.005261296369009701
11	0.00459029779883827
11	0.004305203031640077
11	0.005642529985233356
11	0.005089684974058362
11	0.004903733896942025
11	0.0050328824831390884
11	0.0036191545020022465
11	0.005577480880817335
11	0.00483573337183114
11	0.0046624124870889
11	0.005314070802654811
11	0.005519466190638393
11	0.004494212107655005
11	0.005439448063768924
11	0.004386313956107025
11	0
11	0
11	0.004364809690318152
11	0.004314291831242652
11	0.004149639351327084
11	0.004898579892126542
11	0.004109055419727818
11	0.005914316055239124
11	0.00537073575785006
11	0.004720345521954002
11	0.004824257232549302
11	0.005027445949401615
11	0.004228314953527023
11	0.0052929395889236034
11	0.004521413005070079
11	0.005108243225950466
11	0.0040862685840776175
11	0.005189536270044517
11	0.003905604602432213
11	0.00382981106825298
11	0.004575957862329684
11	0.003290746748540134
11	0.004493651890658832
11	0.005029747523320926
11	0.005114969674449322
11	0.004264237857783595
11	0.005279183676523783
11	0.005676680190905079
11	0.007238717225928875
11	0.004538107911458829
11	0.006280480826321324
11	0.003790672677740822
11	0.004780204206233415
11	0.003467948296862194
11	0.003881943749356943
11	0.0038540704909776633
11	0.004609583567812456
11	0.005553773045504869
11	0.005024404553121519
11	0.004416671919228593
11	0.0039053914419538566
11	0.0048901183824920725
11	0.004190693506961327
11	0.004346887339886639
11	0.004914546323354697
11	0.0047422930182578794
11	0.004354326183216579
11	0.003888795430990232
11	0.004184650375963657
11	0.00499861004855705
11	0.0052653081002294495
11	0.003733416889071842
11	0.004460589340893634
11	0.0039795544350365725
11	0.005064247013748341
11	0.0033691730420657103
11	0.00465556158985094
11	0.005419317132792597
11	0.004676445390774931
11	0.004958343049190938
11	0.004648235469285089
11	0.004603711638297645
11	0.004898838762032325
11	0.005497548659064482
11	0.005076537297179554
11	0.004737092675166807
11	0.004636171668525186
11	0.005099955872196983
11	0.005085244463085671
11	0.0049524531566641945
11	0.004248300051644942
11	0.00559863366637067
11	0.004901393626336318
11	0.00424932352226661
11	0.003564902863797003
11	0.0048033515152547
11	0.005423184038758615
11	0.004581696800857345
11	0.005408818292882398
11	0.005545070527695692
11	0.004378953761842669
11	0.004137488352704396
11	0.004700859375279569
11	0.005472216129296452
11	0.004293417890184227
11	0.004701630858706635
11	0.0030780125522383343
11	0.003763092160598145
11	0.004360994547230852
11	0.0052105410526592216
11	0.004504381488225539
11	0.004160262040424757
11	0.004059115483911104
11	0.00421852955794108
11	0.004639540703161546
11	0.0052879504375829885
11	0.004911216117137021
11	0.004594655687280093
11	0.004273577437976216
11	0.0037602783884033825
11	0.003944290308133777
11	0.00415944312461661
11	0.005472301421816202
11	0.00439754501130376
11	0.004699007892750478
11	0.005235953659367821
11	0.005232705862890913
11	0.0037567868624533564
11	0.0049500999670510654
11	0.004773143949590146
11	0.005037836538085432
11	0
11	0.005045679665407234
11	0.0050737155050504315
11	0.004577763242573943
11	0.004614200027405094
11	0.004896500779260219
11	0.004662263160936258
11	0.004838480035312067
11	0.00478849539905709
11	0.005659870829527881
11	0.004789524755857571
11	0.005143997914321387
11	0.004931356356794823
11	0.005303394448886838
11	0.00548637839986632
11	0.004145973216630975
11	0.004479134345463387
11	0.00610765362961612
11	0.005790234679939446
11	0
11	0.004605355920626317
11	0.0050471189129920055
11	0.0063176148783990705
11	0.004771201694468754
11	0.004567519111804866
11	0.004455071898050519
11	0.005738198142546648
11	0
11	0.004880693394896954
11	0.0049980670321727195
11	0.003892862983660485
11	0
11	0.004018005795700877
11	0.004795174734359926
11	0.005797483526041497
11	0.004635563900783332
11	0.004057036747207989
11	0.005156581277962611
11	0.004296740486530805
11	0.004824427061507538
11	0.005970494690758556
11	0.00496932746283039
11	0.0044578617634559925
11	0.005233248205684107
11	0.005492442505441268
11	0.004544589226280548
11	0.004755361606421824
11	0.0044118381454441875
11	0.005858745685789722
11	0.0035135356519384736
11	0.006320507683564824
11	0.004118233962106528
11	0.0038707844866929493
11	0.005344182977229893
11	0.004580175451309614
11	0.0049926568142093395
11	0.0050223466069733895
11	0.0041650055042385834
11	0.004778876696214968
11	0.0057749022140805
11	0.004985097173443004
11	0.00552722905430396
11	0.004322137861320045
11	0.004137741277751291
11	0.004461861951186684
11	0.0038830400515223887
11	0.0046265429021048
11	0.004732179585769587
11	0.005966163023874009
11	0.004343655843778127
11	0.004876245335570853
11	0.004649995832313553
11	0.0033934519326350625
11	0.005032560377617467
11	0.00464591527800093
11	0.005300330583380063
11	0.004525174743587072
11	0.004988597686631955
11	0.004857239360526366
11	0.00601437964466537
11	0
11	0.0041332370587800595
11	0.0032657920729312257
11	0.004256515343430148
11	0.004331392546349069
11	0.004569495782497189
11	0.004840043839447638
11	0.005272256446107702
11	0.005363353666380698
11	0.005050593024906684
11	0.004763062135282122
11	0.004177729712605322
11	0.006247282626956129
11	0.004630176166324119
11	0.004184001374151644
11	0.004799660736706507
11	0.004867488977335937
11	0.004733706545116888
11	0.005402424441835206
11	0.003935857019488321
11	0.005205013509754584
11	0.004008329155043603
11	0.0057244861921184305
11	0.003912172976315683
11	0.00475114146910679
11	0.004859167649633782
11	0.005257389244596193
11	0.004451274520039058
11	0.004669648356081883
11	0.0042622749320656034
11	0.005568924507582283
11	0.004923068681074562
11	0.0047297623733170415
11	0.005910683356162246
11	0.005391560052375018
11	0.004952417373730125
11	0.004224680264621026
11	0.0045186319238701925
11	0.005947039389971868
11	0.0048906397267148025
11	0.005915056537928788
11	0
11	0.005458821905736452
11	0.0057179077012242735
11	0.0047885388744862015
11	0.0040546575220237755
11	0.0035499401336794717
11	0.004613648490496708
11	0.004475377855489103
11	0.005271564769252576
11	0.0050184602164119515
11	0.0038460037459860114
11	0.004937641461163296
11	0.0053065323043164315
11	0.00442103051024547
11	0.004284866014875563
11	0.004400948708271345
11	0.004692306460402955
11	0.004080818494496808
11	0.005051864796728248
11	0.004047218395698633
11	0.00402765644979726
11	0.005367113557480475
11	0.004054570685519666
11	0.004320259076594018
11	0.003631787082403213
11	0.005054424665270634
11	0.006183029298799142
11	0.004106228768138273
11	0.0038036368132524086
11	0.004115159261673045
11	0.002621636529473711
11	0.005347423154760051
11	0.005415426130896906
11	0.0038242728029445386
11	0.004607105826497382
11	0.005643666049280933
11	0.004327092748322427
11	0.0042715010023489115
11	0.005423911652485148
11	0.004786689218106063
11	0.004815520579748374
11	0.003948908975061651
11	0.00587372183851609
11	0.004360507616537047
11	0.004650370622725653
11	0.004462357526284468
11	0.004572185559388072
11	0.004601662030274271
11	0.004153763440050871
11	0.0056499147677437685
11	0.0047384828112003174
11	0.006636256712791714
11	0.003712317322274652
11	0.004047394058574162
11	0.00515485572402905
11	0.00558857404261769
11	0.004134386269860007
11	0.005298468459757493
11	0.0045772690450336575
11	0.004268895203157252
11	0.004717915137743849
11	0.005197606058518231
11	0
11	0.004473975778888083
11	0.005046332798731582
11	0.004112039271225818
11	0.00323007282995185
11	0.004575577647554734
11	0.0049852466388781635
11	0.005483282768251254
11	0.004132357644266688
11	0.005094752133474802
11	0.004951852569220308
11	0.0048215150246370495
11	0.004947986048948961
11	0.0040927252322650026
11	0.004443163023809705
11	0.006146935044297671
11	0.0037422238553096354
11	0.0044664397650904675
11	0.004736927621980651
11	0
11	0.004411640598214665
11	0.005220353015883686
11	0.004071622137088976
11	0.004649052141039386
11	0.005137500802732167
11	0.003931094655136885
11	0.005029415055813971
11	0.003928843189596251
11	0.004860152032790695
11	0.0057072587383959214
11	0.005170146036998043
11	0.004568625801155287
11	0
11	0.0051556960871928575
11	0.004803732173906339
11	0
11	0.004724817867158418
11	0.004403378335502625
11	0.004510056106790682
11	0.005355337616135884
11	0.00492700648515712
11	0.004615684810866664
11	0.00433287282981657
11	0.004716096087617282
11	0.004232546876090849
11	0.004703992537170137
11	0.003935062445976518
11	0.0039861608496861494
11	0.004564787613460983
11	0.005254748926323865
11	0.005776521340143747
11	0.0041246346642238975
11	0.005074328810126435
11	0.005556474786958002
11	0.005534450869662504
11	0.005397369847790602
11	0.0037035339524448224
11	0.005160778580696487
11	0.0052440022263807945
11	0.00470792328028008
11	0.005896807826191474
11	0.004098275762089343
11	0.004115975381872846
11	0.003709348011028477
11	0.004287085016914079
11	0.006287146251530327
11	0.0039664528282219004
11	0.004640257906847398
11	0.00542862089394635
11	0.004539357151585006
11	0.004487068987122338
11	0.00463640917788771
11	0.006398511147647631
11	0.0038929060108425194
11	0.005225747721254738
11	0.0056710489058966595
11	0.0042867890151865595
11	0.005575725451761361
11	0.005333394090806999
11	0.004157252877709704
11	0.004348708214221586
11	0.004393622285832141
11	0.005238791117506886
11	0.0057114030278267395
11	0.004450078315943693
11	0.005566470446160036
11	0.004478760738127644
11	0.005164408622287387
11	0.004538178802489504
11	0.00469031328030116
11	0.0045784460309836895
11	0.005114398940420956
11	0.004987139834074888
11	0.004997338472272737
11	0.005183791884750036
11	0.006718749676237062
11	0.005261273504000079
11	0.005260071621066541
11	0.004943376685054996
11	0.005902421571246576
11	0.004449385410267132
11	0.005400072849369318
11	0.005100858566699258
11	0.004347498455463612
11	0.005177377724280926
11	0.005379974613846413
11	0.004912436746512662
11	0.005699590451111078
11	0.004982854138366545
11	0.005413940372810137
11	0.004479432275577175
11	0.004444445682090591
11	0.005478679623890118
11	0.0056201569401999885
11	0.004564783938737679
11	0.005177412608772797
11	0.0043853782134430155
11	0.005156717297391278
11	0
11	0.004480483915564282
11	0.004155526337402134
11	0.005734614807089548
11	0.006265017186163737
11	0.004917278525899969
11	0.005381090157658672
11	0.00561291394581108
11	0.005410941092866389
11	0.003535351662396634
11	0.00509174144275131
11	0.003481743806532299
11	0.004172647671357782
11	0.005632260123456205
11	0.004728982764264839
11	0.004145080004339031
11	0.004755645373889438
11	0.004336185569221122
11	0.005522158847746526
11	0.004963067803551524
11	0.0037960994797625724
11	0.003271092010863539
11	0.00505812947264814
11	0.005664500785562934
11	0.005379903626805935
11	0.003947804748396648
11	0.0042790570292350364
11	0.005274774441289573
11	0.003766926499074331
11	0.004409119348443622
11	0.004713349187949017
11	0.005502795412142612
11	0.0060281174839123776
11	0.0034421402475976292
11	0.005151425882583813
11	0.004332092029300882
11	0.004601498046490348
11	0.005284596553933431
11	0.0036221362078069164
11	0.0059747915430608594
11	0.0055337502484389175
11	0.004619157982909088
11	0.0053883253166149
11	0.0037208685838920367
11	0.004959632203774561
11	0.0036224055299551258
11	0.005457854727345542
11	0.0045087408566179795
11	0.0037049945384793723
11	0.004816420280692834
11	0.005675940335937479
11	0
11	0
11	0.005334198526259385
11	0.004712079024799234
11	0.004333232188022721
11	0
11	0.005174520783557625
11	0.004628620483860111
11	0.004372354878872686
11	0.004479234128453376
11	0
11	0.004905459445808965
11	0.003709285646089476
11	0.0042607314366779935
11	0.00404204299792754
11	0.005715781701472592
11	0.0058174907640567665
11	0.004359261106856515
11	0.004178201626977367
11	0.004295710853865761
11	0.006117140772591523
11	0.004463466260198362
11	0.005748125761453144
11	0.004533279813785316
11	0.0056437766444592434
11	0.00488829831493375
11	0.003980500204068234
11	0.004671872622259135
11	0.004752259722096885
11	0.004298308092813184
11	0.004554023273715492
11	0.004275695775195801
11	0.004920596121069599
11	0.0034522979012113508
11	0.00401792635293725
11	0.003842776926667928
11	0.005352127280103891
11	0.0032560369271814496
11	0.00497605711648695
11	0.0037543454127941804
11	0.004123851850452611
11	0.005151430130966197
11	0.0046076316561669125
11	0
11	0.004687038432006691
11	0.004854550496463481
11	0.004187115330320274
11	0.004269508735537501
11	0.004449651816104044
11	0
11	0.004639559535422874
11	0.004710686438189275
11	0.005465233245453059
11	0.004936947449740275
11	0.003423005948044569
11	0.0038141692617348383
11	0.0053365827781820425
11	0.0041956624913600535
11	0.004070986676066188
11	0.004066004991734874
11	0.004951503048620999
11	0.0036092157945464233
11	0.0060138909038292086
11	0.004851285003759767
11	0.004192307659115834
11	0.0053872958788781684
11	0.005328182364362178
11	0.004557017751769864
11	0.004831785710374451
11	0.005417370506921435
11	0.005444521787826158
11	0.004768505918444796
11	0.004505996818648542
11	0.004609278225292626
11	0.005311198301442539
11	0.004360173112874662
11	0.004679064284621769
11	0.0038897799486953713
11	0.0044783115684667715
11	0
11	0.005176653856247171
11	0.0029652749958235867
11	0.004631082424157831
11	0
11	0.004787811711718738
11	0.005022070134322113
11	0.004625568751416866
11	0.005054902187834249
11	0.005472587956661695
11	0.004837142034964807
11	0.0036473289494430993
11	0.004604604943492119
11	0.004151695520194842
11	0.004538254768606904
11	0.004936286638840466
11	0.004700528537615734
11	0.006109287842808454
11	0.004512312292153137
11	0.00509149229851433
11	0.005193956042847245
11	0.005148120420866917
11	0.005203833658804012
11	0.005200887121142216
11	0.006024952167630324
11	0.005189770260590242
11	0.004294925635286835
11	0.004815533571812969
11	0.0038958120378097777
11	0.005232010007355807
11	0.004519715072087657
11	0.00490364273687874
11	0.00478613416703001
11	0.004025721115451383
11	0.004945344604012934
11	0.0042338757746777445
11	0.005147722878914914
11	0.004647057451354179
11	0
11	0.005099126492682519
11	0.004271475910769827
11	0.005704911862561376
11	0.004792696786726735
11	0.005369427424498338
11	0.004365575835580535
11	0.005015578586254104
11	0.006452129351974973
11	0.005016768907344547
11	0.005237759818897505
11	0.00409371949981143
11	0.005177836542068106
11	0.005404191527176169
11	0.005483088887943177
11	0.0032432046747052604
11	0.005405303180347547
11	0.005030233123764599
11	0.005663466672166819
11	0.00469107992702888
11	0.0037756719018179766
11	0.004434846087681684
11	0.005599100358419357
11	0.00476547356300558
11	0.004105233172254801
11	0.00372003158450459
11	0.005745492104529307
11	0
11	0.004912998661362643
11	0.005221714570838424
11	0.0061071251991230285
11	0.005066051153080568
11	0.00463479171590642
11	0.004906615905570447
11	0.0043069827037132006
11	0.0041745078396472944
11	0.003886601827054083
11	0.004371840950938624
11	0.0050635442733533214
11	0.004860451147776841
11	0.005762251313799446
11	0.006004376246691748
11	0.004882281070232049
11	0.0042292608211459606
11	0.00567828171920847
11	0.004010933137815768
11	0.003969089258905858
11	0.005851031106057906
11	0.0040485822664558125
11	0.005152220212801322
11	0.0053430250680973936
11	0.0051393231248127525
11	0.00443541000029777
11	0.004289133501477662
11	0.00583048503580377
11	0.005695934296141631
11	0.005004634874494366
11	0.004012932760768487
11	0.004339432304007471
11	0.004661056211584165
11	0.003974985042485485
11	0.004907329226870178
11	0
11	0.006005329353476914
11	0.004199251058335923
11	0.00449606179739015
11	0.005022485192268727
11	0.004282144784214961
11	0.0038543246386040543
11	0.0050108232897407515
11	0.004567374875334074
11	0.005840201264788235
11	0.004489966835747407
11	0.0049507283668893684
11	0.005356611979884288
11	0.0052013355672792545
11	0.006526222585241015
11	0.004481182159325741
11	0.005116815237376707
11	0.004865871117836927
11	0.004698732344065388
11	0.00506169131850042
11	0
11	0.004536425838816562
11	0.004565834967267007
11	0.0037523319626721788
11	0.005308860375116263
11	0.004833837051598033
11	0.004652567880046414
11	0.003617945050279193
11	0.0040447035097191195
11	0.00465925874081788
11	0.00548698269415922
11	0.003625576854348771
11	0.004119316342897168
11	0.005388733930120585
11	0.0052826112346243065
11	0.005519612344666742
11	0.005088343691837872
11	0.006204268507475086
11	0.005218157722497476
11	0.005168900938987453
11	0.005927510620656533
11	0.004931358156027559
11	0.0052009958065450035
11	0
11	0
11	0.005422210812508187
11	0.004310487741350656
11	0.00387657225253472
11	0.0049268619242805786
11	0.0038694208033742145
11	0
11	0.004825329874423215
11	0.0056110372805433005
11	0.0033447422313184496
11	0.0036510747440023066
11	0.005953059679441998
11	0.004347101555586112
11	0.003719730477939062
11	0.005929166625258524
11	0.004824410417126467
11	0.005210671825251669
11	0.004640827565442039
11	0.004344351397839557
11	0.004312703623873093
11	0.004759527035780968
11	0.004005898573660963
11	0.0051199267400813
11	0.004798716519255314
11	0.0050378071318176905
11	0.004822726691398979
11	0.006315864310749802
11	0.004498211713038488
11	0.0046364339613094
11	0.006689432217323902
11	0.005233282750214199
11	0.003615460631817454
11	0.004113567842926371
11	0.004711615996813142
11	0
11	0.00452445784820121
11	0.004861769627651939
11	0.005842370580893655
11	0.0061727649624173245
11	0.0050047799651857395
11	0.00602813460259806
11	0.0054371575866018615
11	0.004728143382585067
11	0.004563325259561401
11	0.004732608456189396
11	0.0053976116162452155
11	0.004375159429992614
11	0.005519059514984859
11	0.004725522177973692
11	0.004320938348861282
11	0.005278412823990011
11	0.00420138766291916
11	0.004298184304109833
11	0.00543036785739079
11	0.00541642226130534
11	0.0047742697119443605
11	0.0045056759917859596
11	0.005224801735836846
11	0.005219025580628439
11	0.005229890496402154
11	0.0040619357314433165
11	0.004638348837660321
11	0.0045671799961154785
11	0.004162015383541343
11	0.005074559486880835
11	0
11	0.004788831719510108
11	0.004896464989897376
11	0.00527364232482809
11	0.0056354749188866704
11	0.005324544975336742
11	0.004694900464663104
11	0.006282168879334686
11	0.004463251499414778
11	0.00489438209753581
11	0.00517445432749944
11	0.0037928225486068014
11	0.005112598058820458
11	0.004654832748390735
11	0.006655191854273336
11	0.005088223619760862
11	0.005387740483005724
11	0.005405393627244262
11	0.004029983752063332
11	0.0038119315960039833
11	0.005775321197548468
11	0.003590843247179544
11	0.004448735963105224
11	0.0048584980062993145
11	0.004497064717108439
11	0.005209110025875058
11	0.005027728239682817
11	0.005085322823163523
11	0.004432675065205434
11	0.004976096582095103
11	0
11	0.00471974781137289
11	0.005480247496926142
11	0
11	0.00554040580281727
11	0.005225546610988326
11	0.006799248937377046
11	0.004974793008984
11	0.004201887004511426
11	0.005569722247336499
11	0.004407063969408377
11	0.004358778434208935
11	0.004851077287745559
11	0.004957915091140689
11	0.00469516364491121
11	0.005419808233557008
11	0.004578994540564933
11	0.0052429524243902724
11	0.004884865610654426
11	0.005473658677082001
11	0.004626101183376315
11	0.0051499868344539465
11	0.004459191156098194
11	0.00459995922859042
11	0.005494300105453345
11	0.0042272911121920935
11	0.004586975389420416
11	0.0049625178117051515
11	0.003669621458425659
11	0.003941234408922983
11	0.005643490488027847
11	0.005085996186540904
11	0.005152621809863093
11	0.005451016306038692
11	0.0044029429740512546
11	0.004642479183012886
11	0.004340595276199798
11	0.005023404423820391
11	0.004734596665492006
11	0.0051395961071478155
11	0.005046488236354589
11	0.0034283492360756085
11	0.004805691424396777
11	0.00469492044978972
11	0.004509142152880596
11	0.004210213497581186
11	0.00506134865821531
11	0.004484947729218166
11	0.004783400111111137
11	0.005256932732588527
11	0.003946674607013024
11	0.0040895447504132095
11	0.004648124065175467
11	0.004273121086672107
11	0.004332404834943998
11	0.004734226663525056
11	0.005822475909985509
11	0.005672826930507786
11	0.004006753963919794
11	0.004957301441375569
11	0.004887492498187901
11	0.003022616387405697
11	0.004760396824597762
11	0
11	0.004566738120571808
11	0.0042225957196997095
11	0.003404946991360587
11	0.004618174868004118
11	0.0041454978065822105
11	0.005028359655629386
11	0.0043795306877916175
11	0.0040322845902245365
11	0
11	0.004649803043642899
11	0.003913175972340882
11	0.004291986141946858
11	0.004212212516812437
11	0.0040760831246973855
11	0.004965203852603407
11	0.004819506250694635
11	0.003960885381021755
11	0.004143532190846293
11	0.004801305984204976
11	0.004991405070631395
11	0.004820436364459271
11	0.004354468268476813
11	0.005624573443964038
11	0.004834749705000525
11	0.0039022526942400233
11	0.0056339999188747885
11	0.004253423440762691
11	0.005198017119228377
11	0.004410387608077847
11	0.004344575360740761
11	0.004384151505671475
11	0.00466541914697965
11	0.005017050811674813
11	0.004303146439378579
11	0.0057281020539361625
11	0.004927129351004038
11	0.004594365058119315
11	0.004879867390096625
11	0.004505019810091956
11	0.005020928485445978
11	0.005045900000578141
11	0.0047907115282539315
11	0.004538592524427415
11	0.0042295839252347095
11	0.005081568983705802
11	0.004244048947502766
11	0.003850234496519894
11	0.005161457664969899
11	0.00441666998275187
11	0.006147298613122712
11	0.00480226265707585
11	0.005052374524796914
11	0.004428934726234297
11	0.005239338797307516
11	0.005061608331312982
11	0.006088856035390942
11	0.004401040453513241
11	0.004763343467469094
11	0.005887851579169265
11	0.0054197223068117445
11	0.004612593915566191
11	0.0042030325034000515
11	0.0053438667627897
11	0.003830649500908877
11	0.0035892758608107363
11	0.004717488013136098
11	0.004223031797453545
11	0.0037337880877312377
11	0.004377861895720367
11	0.004287837760959837
11	0.005143907669061794
11	0.005641367641288803
11	0.005259714507598287
11	0.004520698968607287
11	0.0036149236660206157
11	0.003695292256178228
11	0.004881854347633663
11	0.004557245275304922
11	0
11	0.005249228639536629
11	0.004480245235209459
11	0.003839749120661669
11	0.005374506876975468
11	0.00432813653991458
11	0.0067797303292322884
11	0.004435617066153665
11	0.004574551893154001
11	0.005311434893085132
11	0.004536414126051281
11	0.0037077254821558684
11	0.005379395899959623
11	0
11	0.004851579270195029
11	0.004436394587721573
11	0.004364644723773214
11	0.006207233469328152
11	0.005005152680497953
11	0.004503124489906139
11	0.0050146716360709555
11	0.006021103627281969
11	0.004024350090350712
11	0.00367647320117323
11	0.0038509170653560315
11	0.004277529086917137
11	0.004583849569781808
11	0.005028174382448262
11	0.003696957754214771
11	0.004361323064376879
11	0.003351663711050046
11	0.0039873598777128046
11	0.004193611241249772
11	0.00451620150358893
11	0.004802293464491298
11	0.005156370629596744
11	0.004690587987312818
11	0.005352699282744918
11	0.0038250818718067806
11	0.005395034798424518
11	0.004485237749722483
11	0.004619986946674613
11	0.004044724823356497
11	0.004343641886819433
11	0.005743101732749157
11	0.004618555537614952
11	0.005543643850449531
11	0.0036998481628026762
11	0.003863982372127454
11	0.00565146263092688
11	0.005802970922310928
11	0.0033831252869789387
11	0.00522791523724854
11	0.005032339849293736
11	0.004848193593709006
11	0.004395688542578745
11	0.005873384614490949
11	0.0050935489154328994
11	0.0057281197577328915
11	0.0046632538997887765
11	0
11	0.004463580744749135
11	0.0051697841316859
11	0.004679070299103109
11	0.005926867243641284
11	0.005256696187641702
11	0.0061300257923897206
11	0.005729199543372156
11	0.00522523302358045
11	0.004750257804564117
11	0.005248595094389882
11	0.005194733057499166
11	0.004224915050366925
11	0.005411339187263235
11	0.00550016545038761
11	0.0051539230217942395
11	0.004081263817073821
11	0.005600181780588138
11	0.003827211988305921
11	0.004340913993248431
11	0.004397183768631279
11	0.004665449146701866
11	0.005022386912538958
11	0.00570976765038542
11	0.005217162673454088
11	0.003956203456559888
11	0.004929207124838801
11	0.005504509708959187
11	0.004212541891118058
11	0.004111111471699665
11	0.004321843871049649
11	0.004114066935931252
11	0.0045098973940573455
11	0.00505074389493829
11	0.00394926322463609
11	0.00399779417180735
11	0.004510746231898484
11	0.004290530589417559
11	0.00434410691052979
11	0.00449233604914268
11	0.004810644072758011
11	0.004605622098809164
11	0.004716043385267053
11	0.004694214848669191
11	0.004395872760717154
11	0.004740481240660816
11	0.005493904215921576
11	0.004104310766012715
11	0.004889830779486055
11	0.004800516911080563
11	0.0031808027186515505
11	0.004540902267405417
11	0.004273166335133912
11	0
11	0.0043466618649180425
11	0.004397910273798349
11	0.005307006689841631
11	0.00445707458246883
11	0.005084715479682279
11	0.00399156524943072
11	0.005129637611004798
11	0.00471210516037634
11	0.004817483513386583
11	0.003353713361146856
11	0.003886145332518027
11	0.005221545109745177
11	0.005750288280690195
11	0.004374282242340266
11	0.004195466468282343
11	0.00521156382972741
11	0.005683084230530272
11	0
11	0.004020257385624268
11	0.004124533112725844
11	0.004652139181293686
11	0.00456611804606608
11	0
11	0.004825025726417464
11	0.0045994410481131264
11	0.004241069274771482
11	0.005731071010436322
11	0.0049973674897674895
11	0.0052145834997683336
11	0.003801994981151708
11	0.006679119823538439
11	0.004885941788900905
11	0.0051259509787983095
11	0.0042418076219911975
11	0.004923143091671153
11	0.004831253217357592
11	0.006053934868983483
11	0.005562364690112834
11	0.004208342169800968
11	0.004158695268286625
11	0.0050626182169152
11	0.004076745407174047
11	0.004409178683116717
11	0.003996146483617496
11	0.004733432502466364
11	0.004664189926117432
11	0.0043079500145484515
11	0.004624910032266429
11	0.005481241894469995
11	0.003677560226775956
11	0.005851617990360225
11	0.006245871037758022
11	0.004601375441844967
11	0
11	0.004493741394579858
11	0.005173757996085348
11	0.004832130026346273
11	0.00586746124754391
11	0
11	0.005326731763651871
11	0.004835485816414823
11	0.00477589477681245
11	0.00466755053505344
11	0.004802552947387002
11	0.00462968679251829
11	0.004336815688075836
11	0.004792736462840777
11	0.0057516067354108184
11	0.004049958026637707
11	0.0033385567581215524
11	0.005351349133679091
11	0.004362469842710681
11	0.004628521530816717
11	0.004386313627511556
11	0
11	0.005364126860934383
11	0.004914899959913248
11	0.005017010571558527
11	0.004752776384621006
11	0.004459875788151793
11	0.004179693886803336
11	0.00463541849083116
11	0.003994626429354129
11	0.004343836824948649
11	0.0034384418942805693
11	0.005530065497430599
11	0.004304947711124336
11	0.005461492306839687
11	0.004090201269737502
11	0.003956439403858049
11	0.005669520687416806
11	0.004725191698244814
11	0.005561092599348594
11	0.006214980528740709
11	0.004092700046556581
11	0.005873919244299076
11	0.004559094101108889
11	0.003607796029960886
11	0.004759616932297795
11	0.003651361313055223
11	0.005048026698969374
11	0.006072882348422268
11	0.005265161783723833
11	0.004218348359606374
11	0.003998610569975098
11	0.003652718474919013
11	0.00425179645133819
11	0.004629327810427037
11	0.005472145982611087
11	0.006401188286041067
11	0.006495253232249383
11	0.004122873786382394
11	0.003990098417190526
11	0.004532148628661935
11	0.006152764236275105
11	0.00439109108905053
11	0.005501379727159894
11	0.0038377884901542878
11	0.004327132928667476
11	0.006003872666624088
11	0.005057847057679523
11	0.0037794060912079933
11	0.00470452989000565
11	0.004385936186038215
11	0.005171409458493539
11	0.005299066182862602
11	0.004400690951954839
11	0.004345705343953137
11	0.004649504323758949
11	0.0049271092764801355
11	0.004869064111950163
11	0.005768373053743348
11	0.005142863134662989
11	0.006005941210500442
11	0.004475899547199215
11	0.004698222575244276
11	0.005680163097049633
11	0.004302380442717463
11	0.004119557014111789
11	0.004966207945195882
11	0.0058216690753492015
11	0.004649863491883303
11	0.005259831670250183
11	0.0052119143698081535
11	0.0036484626332785076
11	0.004368850775869272
11	0.005259861546035621
11	0.005466224778434171
11	0.0055483825277820075
11	0.0052981401288608706
11	0.004958346636778702
11	0.005153195760275579
11	0.005006839947558672
11	0.004532578766230816
11	0.004255297743006686
11	0.005778117728072335
11	0.00537572431957717
11	0.004807864314253245
11	0.0057560522191104635
11	0.004678966894760888
11	0.004034402131073669
11	0.004954368350629817
11	0.004178830025569423
11	0.004676662755586318
11	0.006025108070834603
11	0.004115805280058537
11	0.005802311291766847
11	0.005396956832285605
11	0.003949155602591769
11	0.004151766675790802
11	0.005064662957554815
11	0.0050452682609747074
11	0.003909431316975825
11	0.004917808068003137
11	0.004319184653036837
11	0.004949939507612701
11	0.005516454369452991
11	0.005026216110734635
11	0.004160947233424194
11	0.00456411292108509
11	0.0049298798043916296
11	0.005471746816193892
11	0.0049607091740330135
11	0.005764655298766286
11	0.0036982010706694667
11	0.005928769069892789
11	0.004972565686167169
11	0.00425677440070047
11	0.004501561555612098
11	0
11	0.0038887597244476953
11	0.004583242507804608
11	0.0046543851613940965
11	0.00515674698137871
11	0.004856944357445254
11	0.0042709654890016715
11	0.0038117340190726603
11	0.0047204525550376955
11	0.00412700037726088
11	0.004133138896174281
11	0.004514379203702773
11	0.00433693802726258
11	0.005398213689814173
11	0.004373088463726881
11	0.0044311797182128194
11	0.004477792248884316
11	0.004693322121153935
11	0.004352039128243143
11	0.004811366601638507
11	0.0055883896641315345
11	0.004184598419667272
11	0.004292991450563657
11	0.0060049033346464475
11	0.004306998606175502
11	0.004577925976919556
11	0.003814578979946079
11	0.00488741635709586
11	0.0033355891201406625
11	0.004746074806900537
11	0.0047503302836513425
11	0.005330830721257593
11	0.004886930278314413
11	0.004099700635748649
11	0.0035152529857709713
11	0.004561235865722737
11	0.004972010593398393
11	0.00571530638436349
11	0
11	0.005480786423188467
11	0.0034278272900512673
11	0.005850267894225917
11	0.004579273168774285
11	0.005295110542496225
11	0.0049688446462713915
11	0.004760847922584995
11	0.0036309148220140166
11	0.004342541739838994
11	0.004438050651930452
11	0.003815877844934042
11	0.00417176809286734
11	0.004275643830713793
11	0.0048603529542478475
11	0.004248837167680559
11	0.0044822463672706606
11	0.005767385483479759
11	0.0039380363777340825
11	0.0041702474370950435
11	0.0035084091054020747
11	0.00535444904137991
11	0.0048712222042719844
11	0.005384913525556719
11	0.005097520062189775
11	0.004794602350824239
11	0.004096959721930005
11	0.004695908871284657
11	0.004103959647273613
11	0.005220741776224977
11	0.004800645863259017
11	0.006258618589434298
11	0.004242220084909173
11	0.004088185442582479
11	0.004995693092113947
11	0.00443446414458282
11	0.004186104934935676
11	0.004029947143167793
11	0.004585761308771291
11	0.005498678567951449
11	0
11	0.004041353933849074
11	0.004474842763164748
11	0.004248833097152844
11	0.005269726875957406
11	0.005446297376165141
11	0.004920735491847074
11	0.00427091748633139
11	0.004065617031643302
11	0.0048699656609814115
11	0.005075047042438258
11	0.0038884805756936426
11	0.004042151029147294
11	0.004061826810589712
11	0.0036929667759808948
11	0.004788067946605301
11	0.0047326623465897485
11	0.0043878887986077515
11	0.005085663801926068
11	0.004123928553516709
11	0.004077501695743024
11	0.004659781553685388
11	0.004744452226901826
11	0.004925040737443539
11	0.005137953255804157
11	0.004609379410303536
11	0
11	0.004679654692042679
11	0.0040385226240737615
11	0.0050052047456821715
11	0.004782001387377843
11	0.004996850531293535
11	0.004453479462625981
11	0.0060280607580243005
11	0.005387842875915527
11	0.005087917809481453
11	0.005246921319556307
11	0.0037552767513432802
11	0.004870302211369358
11	0.0053402710747789085
11	0.004408701007266273
11	0.005169104263230857
11	0.004059294223419685
11	0.005440932778561269
11	0.004809790374966186
11	0.004764716964862499
11	0.004020338469538736
11	0.0037407919295013824
11	0.004295430354108631
11	0.005221264857565797
11	0.005049891922595487
11	0.004779580808217474
11	0.005153006848558501
11	0.0036402261852961863
11	0.004049952096374848
11	0.00350454382959456
11	0.004466949823754995
11	0.0034857853719382596
11	0.004982572637794399
11	0.00494326518369856
11	0.004328576534364824
11	0.004084224139813506
11	0.004911015413114586
11	0.0051412402216294605
11	0.004148108545871229
11	0.00567189501684774
11	0.004261123236338239
11	0.00595501230774998
11	0.004358027272573824
11	0.004833184838312385
11	0.003849123689711187
11	0.005298689167427282
11	0.004769952317297848
11	0.005329144372628587
11	0.004900659228768393
11	0.004056208565149784
11	0.0037803275997638393
11	0.0050155338896550545
11	0.006014256806002042
11	0.005200452361990836
11	0.004344649375665651
11	0.004628111911379392
11	0.0045208630964363805
11	0.005395111081010145
11	0.005574497215149235
11	0.0051928817286534265
11	0.004301564582479138
11	0.006053240802749976
11	0.0043351271959405375
11	0.005235805167635088
11	0.0038339384297649106
11	0.0032624294934346554
11	0.004456747561091219
11	0.005171959582028071
11	0.003987198015876418
11	0.004093028805123288
11	0.006336700035494019
11	0.005347967272552804
11	0.003648214035960393
11	0.0039500536572637315
11	0
11	0.0036019851341322438
11	0.005553666266467724
11	0.005842947913712904
11	0.005352720257607974
11	0
11	0.006241258951443884
11	0.005140109569641004
11	0.004213669717345288
11	0.003859184121319933
11	0.0042628258047370336
11	0.004939419034240766
11	0.005146724693034944
11	0.004076917790981473
11	0.0052505510310842775
11	0.004890962941833214
11	0.005082432788251293
11	0.004923395680635308
11	0
11	0.004725026696338642
11	0.005535731387062338
11	0.004226764463763101
11	0.005759123944247952
11	0.003923239423994769
11	0.003911404018052866
11	0.005140155372266841
11	0.004321956666621489
11	0.006386278558542072
11	0
11	0.0039927637909723335
11	0.0034360177111363004
11	0.005068389377004891
11	0.005236073837084461
11	0.004712337018060351
11	0.003986316663360601
11	0.004684696678855578
11	0.005428758034499603
11	0.004555314978442943
11	0.0064237660695905625
11	0.00406025390455833
11	0.005140788988663936
11	0.005308913259320683
11	0.0035238750940233404
11	0.0040522733339511076
11	0.005184741490621193
11	0.005161800619764274
11	0.005154784475186894
11	0.0053523872484144116
11	0.005140720508033881
11	0.0051320589550141096
11	0.004367980640093743
11	0.004478623351463482
11	0.0052768876363629945
11	0.005955044820708372
11	0.005015984001439157
11	0.0047049217239484254
11	0.0038752522497792377
11	0.005137338278975861
11	0.00413161975731275
11	0.004650082519551971
11	0.004633165702781411
11	0.005715165351409208
11	0.006094143417940762
11	0.004589900946138195
11	0.004168638904876868
11	0.004888836363456625
11	0.005348938735067354
11	0.004452589393068493
11	0.004321268964682597
11	0.005057043467299916
11	0.0032731622313079754
11	0.004900193055156886
11	0.004834121722032906
11	0
11	0.005371846035582199
11	0.004807772025719462
11	0.003433021612690759
11	0.004386161744123303
11	0.004229987520231912
11	0.004022147951070187
11	0.004454059467960802
11	0.004157879961110101
11	0.005314223373725984
11	0.004452928760133185
11	0.0042470185794394434
11	0.004725510987021965
11	0.004467210815899897
11	0.004458144922841169
11	0.004827097976872167
11	0.004005315513353912
11	0.005790434941910274
11	0.0037762892400494625
11	0.006249230950236599
11	0.005363555465460824
11	0.004983341845308555
11	0.0050768091159235085
11	0.005416084009907924
11	0.004239929353977081
11	0.004224832177778075
11	0.0047281749826184015
11	0.004173314423045827
11	0.005523625847475501
11	0.003694866711512635
11	0.004513688152720933
11	0.004977408601205047
11	0.0045125647296808714
11	0.004199792235615648
11	0.006513857761547728
11	0.005563697368863893
11	0.004832697988302684
11	0.0045077295589786084
11	0.004846368049080795
11	0.00407976226953742
11	0
11	0.004711270624778115
11	0.00557073934048297
11	0.004317878052133015
11	0.005321844831374635
11	0.0035875176668007914
11	0.004886471798396035
11	0.0050038763011620935
11	0.004066644373368992
11	0.005149270093142914
11	0.004318846461717366
11	0.0037575418786098273
11	0.005060798893233809
11	0.004473434269284354
11	0.004397788122645956
11	0.0057030320178525105
11	0.004456328662749874
11	0.004268129284992974
11	0.00460200738549762
11	0.004125319851884281
11	0.005498785355689396
11	0.005210502854031517
11	0
11	0.00400380503396931
11	0.0046920643130931566
11	0.00407445120553837
11	0.004092007835761611
11	0.005157137445399471
11	0.005489381602158208
11	0.004293993974021773
11	0.005160755552052152
11	0.004378669032034933
11	0.004952669723765201
11	0.0053310698349651724
11	0.004515495067006469
11	0.004356461929900882
11	0.004775228243952803
11	0.005188413906101422
11	0.005291056952552495
11	0.005843558608321216
11	0.005109127147791789
11	0.003915836614595633
11	0.0039837205857105595
11	0.004687642847903378
11	0.004613104825402638
11	0.003789253149524324
11	0.004648976905585884
11	0.005444130578261951
11	0.004823024048668746
11	0.004108024155777771
11	0.004441162271792512
11	0.004771303482060698
11	0.0051399938417931
11	0.0036311063196950624
11	0.004090173887624883
11	0.004520823905476796
11	0.004419650032556611
11	0.005562420102402114
11	0.005168787921161439
11	0.005932809776661828
11	0.00582868740046538
11	0.0034919614768959347
11	0.0042225254013327895
11	0.005146527145501791
11	0.0061554731728447705
11	0.004668112723638593
11	0.0046677959283751725
11	0.004609282731718095
11	0.004019151734918366
11	0
11	0.004421531800545914
11	0.00429433282880701
11	0.004698855383968638
11	0.006050566008219461
11	0.004423605548318404
11	0.004198077272952036
11	0.005708707738030134
11	0.0037360118779698483
11	0.004523797628812898
11	0.004701871732395406
11	0.004060062827397129
11	0.003830005622973145
11	0.005100339777482525
11	0.0042268313830967266
11	0.0045636993310710465
11	0.004119956433765567
11	0.0038473491070515737
11	0.0038790965090137763
11	0.005141238712290607
11	0.004851511634886047
11	0.005120698173212384
11	0.006934111816262798
11	0
11	0.005990949758290034
11	0.004300876714579147
11	0.004418392505384467
11	0.004397292200502866
11	0.005664725359401937
11	0.00406575017321282
11	0.005017005951860041
11	0.003844409705307033
11	0.003976219439676275
11	0.0038672129469832627
11	0.004683027334017822
11	0.004830257432297333
11	0.004865900284662785
11	0.004146574374834933
11	0.0050588665602932835
11	0.004665100889902229
11	0.004634376451083847
11	0.004718813383539443
11	0.004342997085182377
11	0.003917893513541376
11	0.0046583674935128435
11	0.0046034735994466254
11	0.005093972774968751
11	0.0037658253634075324
11	0.004761318374283535
11	0.004552560864130321
11	0.004645050085727938
11	0.004756567219571474
11	0.005486323870391817
11	0.006399065292707612
11	0.004679611001457136
11	0.005328712255459267
11	0.0041508380868925335
11	0.0047385948593758635
11	0.004611760271876037
11	0.0052841348316189874
11	0.005054262032783704
11	0.004932202992790469
11	0
11	0.004637945166067861
11	0.005404771536701549
11	0.003819136469907019
11	0.005004227155747049
11	0
11	0.004932943933865384
11	0.004812148611264038
11	0
11	0.004288121754385938
11	0.004727863323382291
11	0.0055337940667807345
11	0.004693262850181978
11	0.005808217506995319
11	0.004530127727091497
11	0.004978617750423505
11	0.005793143206776367
11	0.004858768430290058
11	0.004753920696893986
11	0.004282476924960472
11	0.004908881184063411
11	0.005254349697481093
11	0
11	0.005806473256138815
11	0.005247753713050966
11	0.005116610307724071
11	0.004091361634613993
11	0.004146618401254821
11	0.004820012392630344
11	0.004608831801956569
11	0.0042888342653289975
11	0.005060052734407545
11	0.004711466558737769
11	0.005139663789291528
11	0.005070493614291701
11	0.005847390056228442
11	0.004273955810052639
11	0.004242566813379268
11	0.00418362194372626
11	0.004945137880853183
11	0.005175267776298178
11	0.003929035395436707
11	0.0034864183427480355
11	0.003507751765639748
11	0.004716744474137479
11	0.005115619893848042
11	0.004778729401128626
11	0.003638486759952403
11	0.004218260836168284
11	0.0046530542203001984
11	0.005220611972441043
11	0.0055571309013067805
11	0.0043698080775749215
11	0.004323390243700366
11	0.004353768447640054
11	0.004864572698192532
11	0.003975534238134664
11	0.004137733922180253
11	0.003976156122502539
11	0.004319236682535605
11	0.0042870360557025235
11	0.005313889862100675
11	0.005058956326772512
11	0.0046705018358276455
11	0.004329916909807445
11	0.005358879858807331
11	0.004184922483437368
11	0.004971253511580364
11	0.004044416075237109
11	0.003585050317149273
11	0.004263291435939336
11	0.005002772194823846
11	0.004644051387155887
11	0.00523889499674328
11	0.003608115425431834
11	0.005150628113315822
11	0.004112116893319232
11	0.00501328708808941
11	0.00480606020556174
11	0.005237016510024463
11	0.003499180654781614
11	0.0062743032327111405
11	0.0055271972032347
11	0.003348213524101121
11	0.0049174897095518
11	0.005116308247189288
11	0.004656059807269602
11	0.0035180937469976217
11	0.0042259695097699715
11	0.005606924109357561
11	0.005516270777990451
11	0.004144080245267975
11	0.005920550996105197
11	0.005276369220739016
11	0.0034056712675471085
11	0.004675747191610773
11	0.004115986637056132
11	0.004609679040732921
11	0.004728594321493797
11	0.003988102083311432
11	0.004504491157146152
11	0.0043785867937584785
11	0.004315656739978727
11	0.006505090428328024
11	0.004792661721925643
11	0.004818936672996456
11	0.005158851490270824
11	0.005467729687435154
11	0.004890557569726545
11	0.0039850733937432
11	0.004736285585567934
11	0.004772827571950328
11	0.004474716464630369
11	0
11	0.005054381443337771
11	0.004917838774161681
11	0.004758163330828991
11	0.004213410587774306
11	0.006007405421654998
11	0.005033985853811252
11	0.00530722115438713
11	0.0046154978529286215
11	0.004478414999444144
11	0.004821700652510373
11	0.005285043470917408
11	0.004189143749547398
11	0.004346635077574422
11	0.00538480345573935
11	0
11	0.004293395904622332
11	0.004425237450055489
11	0.005511474395024948
11	0.0056120357566407895
11	0
11	0.00498274420336996
11	0.004234107313185824
11	0.0044232674453097524
11	0.0037235750770849216
11	0.004759202741840299
11	0.005452151304653882
11	0.00470901787326879
11	0
11	0.004560622454702907
11	0.004807437945268557
11	0.004924622029672642
11	0.0032307984005038844
11	0.004971122944275349
11	0.0050602869299439975
11	0.004795171218391307
11	0.0055882770742293605
11	0.004709775728686399
11	0.004619198784933557
11	0.005300448990404809
11	0.004602333592233297
11	0.0037973274172404883
11	0.00496974877009441
11	0.004018060753859574
11	0.005120168721989517
11	0.004464611896148507
11	0.005600009693272519
11	0
11	0.004127816493473048
11	0.004319603392259465
11	0.004213642743949791
11	0.005125004024670314
11	0.004890699993096586
11	0.00509257947557319
11	0.0049763874419908
11	0.003730558790981107
11	0.004968428317753773
11	0.006116129590397221
11	0.006141613127877647
11	0.0052787799429599176
11	0.004523770618588403
11	0.003935834784956097
11	0.005302957782212721
11	0.004478801140733999
11	0.004984891431908782
11	0.005012420784568469
11	0.004168831798250069
11	0.00385511893089663
11	0.004708753787454256
11	0.004425367022810017
11	0.004762744109148264
11	0.00640306897129344
11	0.0062257978916644184
11	0.004260198749765045
11	0.00545879226655578
11	0.004492646347485781
11	0.005354668993972726
11	0.005402614786816202
11	0.0050411107313143326
11	0.005068140010826411
11	0.00509284424464927
11	0.005117649556386663
11	0.004910611589443906
11	0.00608904338344474
11	0.0040713852172245294
11	0.004395505819819149
11	0.005075938889596509
11	0.004648136895133823
11	0.004181454672442842
11	0.005096161695121224
11	0.0054791695867459096
11	0.005243293475800394
11	0.005724090336047017
11	0.004229232237747031
11	0.005092230595956178
11	0.005278197674590597
11	0.004940003525314404
11	0.0051837248576435905
11	0.0055593641489747134
11	0.004881494539103132
11	0.004281752538108965
11	0.004616779416120691
11	0.005720442704864027
11	0.005485420340257662
11	0.00456504234682917
11	0.004455711645968162
11	0.004686202635195963
11	0.005084879850470951
11	0.0050507997220250065
11	0.005114838071685725
11	0.005523311708102111
11	0.005192564016428155
11	0.004165598857611219
11	0.004742681390782796
11	0.006033591409064284
11	0.00601641372406699
11	0.004939463519448565
11	0.004949519456103312
11	0.004084888244242721
11	0.004947119773209083
11	0.004769729420346075
11	0.005282957835435081
11	0.005320690208762685
11	0.0036794478301650723
11	0.004900563834781815
11	0.004397544297758472
11	0.003801697807735201
11	0.006292167164557359
11	0.003648040418669164
11	0.00413623964679621
11	0.004766892356615289
11	0.0046771417348320694
11	0.004951396196265908
11	0.004524979616267635
11	0.0044032932495439644
11	0.004787780249928338
11	0.005012358267888282
11	0.003587625636382766
11	0
11	0.004507945270639697
11	0.004150157628375777
11	0.0044037397715543354
11	0.004102847817987998
11	0.0040679031766702525
11	0.0030826002028517827
11	0.006013279632587017
11	0.004021006365673086
11	0.003281131314311996
11	0.004342114820202587
11	0.004202235376685431
11	0.0046509635883994465
11	0.004621547089207376
11	0.005786694376671713
11	0.004458127149317891
11	0.004390513221207016
11	0.004262987393684357
11	0.006670267466304179
11	0.006266248683018152
11	0.00434023238878204
11	0.0040048531397226805
11	0.005254700763005855
11	0.004874624532665103
11	0.004279405513928863
11	0
11	0.0038693327256531834
11	0.004275102821072873
11	0.005470830425103488
11	0.004402844342721856
11	0.0054013042886967245
11	0.004202306989851901
11	0.005025354566795837
11	0.005137628707900757
11	0.0039663511473819
11	0.004046658487990178
11	0.00469415350132248
11	0.004115182905702888
11	0.005735622906960611
11	0.0037196804991025383
11	0.005050431582798056
11	0.005004292225669702
11	0.005960416108921353
11	0.005160903818379952
11	0.004419646723149756
11	0.005259601103471975
11	0.00595243217329859
11	0.005083078091063832
11	0.005592200268915275
11	0.0049514041682567605
11	0.005179506096208087
11	0.004241966866271726
11	0.005131715035136849
11	0.004291955733268742
11	0.005219536047464384
11	0.0060920155014761515
11	0.003946901570637313
11	0.00345028718823025
11	0.005905326280552243
11	0.005460158156837054
11	0.0038929219538814583
11	0.004721691751685337
11	0.005706046377060886
11	0.0036491968231759935
11	0.0050366374953668925
11	0.004316754100307727
11	0.0051854319615198975
11	0.004420456619588506
11	0.0036380541054215807
11	0.0049167245602450395
11	0.005267867113663054
11	0.004236692343516992
11	0.0047567905208233925
11	0.0036032222445655875
11	0.005079960337640495
11	0.004623633270761485
11	0.005370604539349696
11	0.005119387077432427
11	0.004510810297948691
11	0.0039849461516767775
11	0.005575597642236486
11	0.0054420166254402075
11	0.005371321980505499
11	0.004920727043694192
11	0.006712039806434065
11	0.005341427562217284
11	0.0057398184704657886
11	0.004748201904782727
11	0.0035228118876211114
11	0.0043638957553929335
11	0.003665129244225142
11	0.004827829610009909
11	0.005590775617938015
11	0.004064664897922724
11	0.004327188771006866
11	0.005129917219982576
11	0.005155389992792494
11	0.004657945227726224
11	0.004943136690778922
11	0.004552049448090467
11	0.004810188721364788
11	0.0045537370839557655
11	0.0042541888470061925
11	0.0054559292399802796
11	0.004269389847551119
11	0.004155668313794455
11	0.005245856980461566
11	0.0058741921888784835
11	0.0040970769209601856
11	0.004414187627059116
11	0.00436737713578202
11	0.003927722664158177
11	0.004668714457301094
11	0.003508465747188079
11	0.004288877709592832
11	0.0064492630743462715
11	0
11	0.003960778043281278
11	0.004975217304069731
11	0.004543601508106513
11	0.0036007072116685987
11	0.004359926307390151
11	0.006289052505056186
11	0.004856935083785839
11	0.004685893898881898
11	0.003876476636527001
11	0.0055393946084888925
11	0.004539055880213465
11	0.003797033044262677
11	0.0048723975967108505
11	0.004971000099877775
11	0.004897497639704299
11	0.005303663773746183
11	0.004560545108932692
11	0.004795144116663018
11	0.005119790899902837
11	0.004177692769074292
11	0.004654731776239115
11	0.005087873693815671
11	0.0049315709797500655
11	0.004240468181625616
11	0.004287248289024385
11	0.004046474785172128
11	0.004599688167490055
11	0.0037771739449644673
11	0.006175483913585266
11	0.004657880524799852
11	0.005049018225145302
11	0
11	0.004384774651928152
11	0.004930778407321353
11	0.004868799482191237
11	0.005404673676206048
11	0.006317251879027738
11	0.004990180085320503
11	0.004021209929195762
11	0.0043587907880039585
11	0.004555249983470272
11	0
11	0.005037869750480811
11	0.004779990354318224
11	0.004523711665102933
11	0.003881846232186305
11	0.003986107328100771
11	0.004622977328507948
11	0.00550121572276274
11	0.004270953121179331
11	0.004663905843818179
11	0.004260093812878305
11	0.004454499568305711
11	0.005012297552841595
11	0.004503931207765915
11	0.006377148393285176
11	0.0049508973597504145
11	0.004541603392291777
11	0.005584823937074054
11	0
11	0.0063174571749117165
11	0.005646325608420573
11	0.004981057741158206
11	0.005404840741515345
11	0.005142326416077481
11	0.004208995323435857
11	0.005455847837396798
11	0.0054395676086566236
11	0.0052159060581081565
11	0.005337453466360828
11	0.0050477243072062795
11	0.004235701238313503
11	0.004406109076218421
11	0.004449100410839933
11	0.0038523909026271248
11	0.004586535831980831
11	0.0050043860324084566
11	0.005375772094621035
11	0.004382548312449874
11	0.006237307524228955
11	0.004510286416973007
11	0.00448627437891193
11	0.003743302566725393
11	0.004040212447040883
11	0.005756015208619847
11	0
11	0.005318294975159801
11	0.00396260577638944
11	0.00449057715437753
11	0.004818789274078293
11	0.005261418935368279
11	0.004713089080868884
11	0.0036468134723652637
11	0.005281533545592616
11	0.0052617602169595405
11	0
11	0.004725039278061149
11	0.004344873611421397
11	0.0046014594067973315
11	0.004374354940580692
11	0.004208567489651103
11	0.003613026153974882
11	0.004502330176292515
11	0
11	0.0037634024343463023
11	0.0037539629786721217
11	0.0036902137193445535
11	0.007011627337432458
11	0.00479515247329104
11	0.005754638027683725
11	0.0035373558134637897
11	0.003751588203973418
11	0.006148787420385462
11	0.005232554228234352
11	0.005181328798774246
11	0.004864677388312268
11	0.00463169847781334
11	0.005577810393959169
11	0.004584417323048143
11	0
11	0.005961875702171253
11	0.004660451011039749
11	0.005440051725003933
11	0.004196293718295847
11	0.005254093419703786
11	0.004782910622293863
11	0.005348608328245083
11	0.004750779044939795
11	0.005118591470435151
11	0.004742810819783018
11	0.0064814768793491
11	0.005177769299019471
11	0
11	0.004869101127118147
11	0.005181521621313851
11	0.004497313885662418
11	0.004747310360864859
11	0.004815129344996511
11	0.004130816499193555
11	0.005722323121982538
11	0.005900838484069046
11	0.005340967597984149
11	0.004629405374625811
11	0.0049070713145558135
11	0.004086538206149069
11	0.004601031421977092
11	0.004743529268744293
11	0.004570567986837577
11	0.0036434610897596318
11	0.004482436130088659
11	0.003994179533760951
11	0.0059029265234873075
11	0.004057050801291009
11	0.005226106833345506
11	0.004207788756307299
11	0.006263462805389809
11	0.003589324572091037
11	0.0050626728854372745
11	0.005124058791764673
11	0.0052875116087976
11	0.004980462337508599
11	0.005144230512694214
11	0.004995677469199744
11	0.007039569391336803
11	0.0052219756564280025
11	0.003026358148893711
11	0.004705734161803997
11	0.004386832848461252
11	0.0037745331535846854
11	0.005647158596792617
11	0.005136151079391303
11	0.005503469984201965
11	0.004921568785953097
11	0.00392430865558131
11	0.00490448862183029
11	0.003936151361173111
11	0.004647700338616588
11	0.0037876726392979017
11	0.004758398819986706
11	0.004697363551280449
11	0.004430430327596394
11	0.004314590426712981
11	0.005069565163260571
11	0.0056068351744217185
11	0.005459804770513652
11	0.004970920696675885
11	0.00483558359387454
11	0.004887499814131756
11	0.003703160596433185
11	0.0038501729304189504
11	0.003574286572350724
11	0
11	0.004662031452601918
11	0.004889277071664081
11	0.00390074058771984
11	0.004564698574992592
11	0
11	0.003848626061231325
11	0.004164747655631013
11	0.005061890648491032
11	0.005644809917992187
11	0.004700640452834886
11	0.006060808282948998
11	0.004722737875183638
11	0.004282941379973306
11	0.005030486196279948
11	0.004261600356850787
11	0.005854706374554043
11	0.0037431118002702636
11	0.004232331723777067
11	0.004987216373673907
11	0
11	0.003986282490450623
11	0.003761081835039797
11	0.0055243162592517785
11	0.005327674484839782
11	0.005323658691989174
11	0.004070139619921357
11	0.0054744548513618405
11	0.003901640612882278
11	0.003973470897708794
11	0.004851031043983942
11	0.0044207146944849635
11	0.004954269934553392
11	0.004628325464873372
11	0.004408737249349318
11	0.0049002660600578766
11	0.0044147560526190035
11	0.004434564655358763
11	0.004624589329588168
11	0.004435786373365109
11	0.0044114206867530165
11	0.0042577219664594514
11	0.005221933906842223
11	0.004929852477417039
11	0.004415373014787079
11	0.004194674774082708
11	0.003947428868530769
11	0.00520803128850112
11	0.003918486741177466
11	0.005251120266232959
11	0.0038841623132742226
11	0.0049544328084490715
11	0.005735800921870124
11	0.004147997319662364
11	0.005820428778492947
11	0.004721388926317934
11	0.004661938788922525
11	0.004869772018540274
11	0.005234233295889701
11	0.0048656566598286955
11	0.004970368489577461
11	0.004145411187912123
11	0.005467163924103839
11	0.004896837034319815
11	0.004915772834904675
11	0.005510181607595713
11	0.004466672072907896
11	0.0047459562069167086
11	0
11	0.0039161967556005945
11	0.004922718871976499
11	0.00415815188491468
11	0.005366257672661414
11	0.00456373289156493
11	0.0035166081167639805
11	0.005910114851998867
11	0.00480476792741582
11	0.005166281597261695
11	0.004474864456149771
11	0.004590086376911777
11	0.004926241359379452
11	0.004194225600109059
11	0.004329893069324239
11	0.003639133710271128
11	0.004738655985406159
11	0.004333137370116077
11	0.005015742686431336
11	0.005470293126310604
11	0.0038698792002025404
11	0.003579709086012413
11	0
11	0.0040867884905382915
11	0.005871555990992804
11	0.004760421040953812
11	0.004779904316102421
11	0.005100421117837939
11	0.004565119707818381
11	0.0034090649604840463
11	0.0032146548066677594
11	0.005343569127274007
11	0.004146286870004977
11	0.00397357665989522
11	0.004371647581081848
11	0.004334149147075951
11	0.00367665669891027
11	0.0049357875959057575
11	0.005016398586824395
11	0.004554976337296628
11	0.004786470188753102
11	0.00453269504834997
11	0.0038078508051352443
11	0.005064608824727792
11	0.0037633990546383778
11	0.003969808800683264
11	0.005675364814485307
11	0
11	0
11	0.003434240089597722
11	0.004665819768945616
11	0.004500828934934557
11	0.004650435465024534
11	0.004362504467662604
11	0.0039759631774126634
11	0.003573072288239157
11	0.003844806130091014
11	0.005180454750150225
11	0.004870792238279592
11	0.0043014872983998965
11	0.005025457766775623
11	0.004877580234905452
11	0.004240769347049092
11	0.00470489796915668
11	0.0037297166707412335
11	0.00466684918920864
11	0.004253545785459111
11	0.004097088820099966
11	0.005982939291013164
11	0.004299543557215507
11	0.0048288738684172045
11	0.005951972676063555
11	0.004898970044974904
11	0.004353494178936633
11	0.004222169603212793
11	0.0046821247653861895
11	0.004342525979529031
11	0.0035065066920121537
11	0.004846044417586676
11	0.0045212253354098755
11	0.0056324398764104125
11	0.00445322238054602
11	0.003534319274170376
11	0.004073653869171616
11	0.005138333958668435
11	0.004936674485343332
11	0.005192935791516747
11	0.0050742963504219795
11	0.00544596023715873
11	0.00567857125130077
11	0.004890831721771924
11	0.004936359530109204
11	0.0037581637923989834
11	0
11	0
11	0.004824500773395956
11	0.003983705115442655
11	0.0046268806163776025
11	0.004760572532518115
11	0.004185554179257841
11	0.0035826567917815696
11	0.005085085385485197
11	0.004267644643063804
11	0.004875524230382152
11	0.0044798530957254525
11	0.005126531113790859
11	0.005149098566998338
11	0.005840973902535042
11	0.004669734579000804
11	0.005272488730759789
11	0.004974714611815435
11	0.00394581724547173
11	0.0056884385614141865
11	0.005706084278913397
11	0.004514074157226864
11	0.0038882511848153272
11	0.004036305277315281
11	0.0039331486526110624
11	0.005793377085975889
11	0.003929134401855807
11	0.004331772710923142
11	0.004290387938804204
11	0.0050762998019306315
11	0.0048663045707011314
11	0.004844816193898355
11	0.003962163199873098
11	0.004007504962924192
11	0.006314816781486068
11	0.004276136978568322
11	0.004400502314276535
11	0.005247761009705604
11	0.004974435607318517
11	0.004727861153174091
11	0.004096588962626661
11	0.004549759900734652
11	0.004397387483412921
11	0.00551822466242729
11	0.005031452056570907
11	0.004144772201779309
11	0.004285218536133126
11	0.005134158465958669
11	0.005959545485721347
11	0.004654356918506612
11	0.0047398875711018385
11	0.005543097325825408
11	0.0042878305606723075
11	0.005004068098987013
11	0.005301789292844375
11	0
11	0.0057295973874008956
11	0.003618817268546781
11	0.005173444286125739
11	0.005511370667886307
11	0.00509839147525364
11	0.005577696224305288
11	0.005052028512534267
11	0.004414588540937546
11	0.0036311342792713875
11	0.00596594616080201
11	0.004058903733454002
11	0.004300834503375204
11	0.005189179395649899
11	0.003807951877495782
11	0.0033172000789440477
11	0.0045908925164116765
11	0.0055304994605771636
11	0.0049909776197667845
11	0.004398598444084988
11	0.004550782913395277
11	0.0038471283106067916
11	0.004149271395358163
11	0.005580972305505072
11	0.005870215615883302
11	0.006436149073545163
11	0.0047227895418842526
11	0.004980993139933333
11	0.004442088643815313
11	0.0045284947268670215
11	0.004471442290237646
11	0
11	0.004738068918106189
11	0.006298954174322463
11	0.004639205162872685
11	0.005085905674898328
11	0.003972528068064737
11	0.004665153281024842
11	0.004747280872333772
11	0.0038411795728248914
11	0.0055933428911714945
11	0.004681397877167642
11	0.0032649147844840466
11	0.004656389982082753
11	0.004278683491985747
11	0.005044158659212896
11	0.004932300652934
11	0.004103730067822653
11	0.00518618787987096
11	0.0035020301960105656
11	0.004882673396809366
11	0
11	0.006454229847708205
11	0.004436309448577951
11	0.005346899743034269
11	0.004629967716935136
11	0.0039414525839489515
11	0.004931640861399951
11	0
11	0.004771977795494103
11	0.004189916502324707
11	0.0037206426893525058
11	0.005806675571271786
11	0.0035431581611509084
11	0.005513351172480483
11	0.005542863962089545
11	0.004137705684606371
11	0.005576478271456093
11	0.005425114890857216
11	0.004444134410732641
11	0
11	0.004892113852655488
11	0.00485148646121408
11	0.004473491802218461
11	0.006093350452809302
11	0.004252714846178947
11	0.003917345394170514
11	0.003369678868603379
11	0.0049178482457412995
11	0.00672939439116218
11	0.005440868297580693
11	0.006279197429796385
11	0
11	0.00563826708381363
11	0.0047857969994133985
11	0
11	0.005251070317754649
11	0.003675652102580366
11	0.00717531115712431
11	0.004837910402192662
11	0.004212424906754322
11	0.004832072747258319
11	0.0032362064027222697
11	0.0036031033618556573
11	0.005527576298134263
11	0.006281750967186338
11	0.004313932498269329
11	0.0045694172399768475
11	0.004381564232594534
11	0.004629481653613937
11	0.0032490115028243178
11	0.004875266765324743
11	0.004223855958727188
11	0.003932624785230034
11	0.003996803187910927
11	0.005052770955523642
11	0.003470242762770516
11	0.004153900503342553
11	0.005033582393761507
11	0.005466403616099283
11	0.005749395540957594
11	0.005498201256723004
11	0.005594224725839325
11	0.005801970552354644
11	0.004366345420870494
11	0.0050570089547480514
11	0.0038829931250591353
11	0.0055528940065109455
11	0.0054005233115726956
11	0.004099323860444226
11	0.0038235256428922025
11	0.004647980655954476
11	0.004809342749754894
11	0.004091657389149117
11	0.004283011122028818
11	0.006292402584621565
11	0
11	0.004532683634480773
11	0.004337890807415208
11	0.005187770400092608
11	0.005059874077633063
11	0.005089781603071549
11	0.004995270245591199
11	0.005185002666486955
11	0.004766757552080091
11	0.004773809869071135
11	0.005204129327896647
11	0.0050737646892103335
11	0.004387220915639064
11	0.0049106304771637296
11	0.004744161854687671
11	0.0047808298919382085
11	0.0038363138164866375
11	0.004497472895143954
11	0.003986165225238861
11	0.005319667644925226
11	0.005751995795260755
11	0.005248306825500597
11	0.005034500766312927
11	0.004602969033886094
11	0.0049808227564864796
11	0.004372016242854551
11	0.004583936487937942
11	0.004502365308185236
11	0
11	0.004861828751260751
11	0.004353466833071975
11	0.005370534556314215
11	0.005183393124524858
11	0.005601683340853518
11	0.005060115371691548
11	0.005084134131395078
11	0.004706717999870721
11	0.005520209894542598
11	0.00513312394685442
11	0.0029193738944849144
11	0.004605398610506859
11	0.0050780571862401825
11	0.003969133381822419
11	0.0067177948935035516
11	0.004000744063560074
11	0.004617300941085288
11	0.0041441562158540685
11	0.005837537985808829
11	0.006172299317156983
11	0.004188130934357947
11	0.0039923525110889735
11	0.0067365454062917945
11	0.004526129652895059
11	0.0046193585833873155
11	0.004916260299924779
11	0.005774592486299701
11	0.006399956400624697
11	0.005211588806786913
11	0.004072610786193832
11	0.0045997105789502635
11	0.004771056640162634
11	0.0057843333115913664
11	0.0049389406862351305
11	0.004847272211462303
11	0.005256536477861098
11	0.0051327665430473636
11	0.004429424070424127
11	0.004185666081223746
11	0
11	0.004966854234242719
11	0.0040888548946218205
11	0.005540990375387198
11	0.005166387305820445
11	0.003863444746509508
11	0.005629000940037861
11	0.004873888954369513
11	0.0034468713957980395
11	0.004956217192900084
11	0.005592651162266807
11	0.005407036837979715
11	0.0043281838422002585
11	0.004461296369310313
11	0.005016372626488488
11	0.005091521357033468
11	0.005450252876246719
11	0.005292399094645439
11	0.004377236941098479
11	0.004671121460626693
11	0.004699235704591216
11	0.005596431942960057
11	0.005814063294245083
11	0.004788023229091992
11	0
11	0.005025081216271603
11	0.004761993341567579
11	0.006056777322704516
11	0.005029842001307958
11	0.003518407372267808
11	0.004575385897157674
11	0.0048043542395696465
11	0.004299261927637001
11	0.00496129960349682
11	0
11	0.004039682607585662
11	0.0050522101530803476
11	0.005605997993197234
11	0.0050800006215383844
11	0.004887362916721109
11	0.0040626055098175184
11	0.005383196653026921
11	0.005002898578122453
11	0.004234735211912795
11	0.003636127585326817
11	0.004256444433134159
11	0.005263392854321509
11	0.004841125970457848
11	0.0042646053408720245
11	0.0036302391094093396
11	0.003702269885720676
11	0.0037380144487253325
11	0.0056061453165601296
