cval	avg_intersection
	1.4992834803762389e-4
	1.877797315663875e-4
	2.4494666270390907e-4
	2.1728416353460628e-4
	2.0777552654269594e-4
	1.531810871725039e-4
	1.8452938352714286e-4
	1.7285930168567065e-4
	1.9786805488181906e-4
	3.0018100244266603e-4
	0
	2.4310371339726668e-4
	2.3245175509192814e-4
	2.1551252133270466e-4
	2.539414560953514e-4
	2.3107943414808475e-4
	1.8719590013120587e-4
	1.65549589814083e-4
	2.16183667035181e-4
	2.7818997662144813e-4
	2.2136258599014352e-4
	1.087429927373923e-4
	1.643054120229059e-4
	2.2035191574083497e-4
	1.6944390266420607e-4
	1.8055224460717387e-4
	2.3927576695831988e-4
	2.6252104099308527e-4
	0
	1.689514357722551e-4
	2.2455520358360156e-4
	2.0337284744038865e-4
	2.5448024244631234e-4
	2.535218305800162e-4
	1.2918561225796568e-4
	2.0065781257954507e-4
	1.8397355546352677e-4
	1.5845060000280634e-4
	1.4836721965608463e-4
	1.6574328844539692e-4
	2.27467931993271e-4
	3.1026668151818944e-4
	2.482749878054277e-4
	2.9410726388515857e-4
	1.2226198904969222e-4
	1.8285687089151736e-4
	1.6144635098455946e-4
	1.5913718339077596e-4
	1.1685538000678861e-4
	1.368253516626254e-4
	1.8978586792461834e-4
	1.5752456174350347e-4
	1.9201282045552882e-4
	1.5006991241344313e-4
	2.7053958000586797e-4
	0
	3.9173119845910633e-4
	2.3840791404414695e-4
	2.506706571124615e-4
	1.3310735755518515e-4
	9.283067774767381e-5
	2.1499339931058646e-4
	2.6165865311574845e-4
	1.999246560965994e-4
	1.8104278139213624e-4
	3.3151370995941046e-4
	1.9166842754261888e-4
	2.2070085646851533e-4
	1.2082647655776897e-4
	2.525763896296383e-4
	2.055313165760755e-4
	1.5731738524157895e-4
	2.3239851546332681e-4
	2.6330572808602547e-4
	3.3396053321231643e-4
	2.87607377430012e-4
	1.5633971119164794e-4
	1.849499440842778e-4
	1.401909476730713e-4
	2.4383273006751025e-4
	2.3348176769017373e-4
	2.4112723083153544e-4
	2.9353734346975206e-4
	1.5310087281130265e-4
	2.8490569196388047e-4
	3.225902284080903e-4
	2.975002998395078e-4
	1.976779874340169e-4
	2.5245123626633863e-4
	1.5049455976194156e-4
	1.3457190111415077e-4
	1.5566329235595423e-4
	1.9229754830155045e-4
	1.8847550170024644e-4
	1.6767769553876553e-4
	2.769317855788835e-4
	1.4212068576184445e-4
	2.650328810192741e-4
	0
	0
	2.614730882906103e-4
	1.789297534837109e-4
	1.792985332599397e-4
	1.935478012211955e-4
	2.161245798395084e-4
	1.2639059169964592e-4
	1.6941659544220613e-4
	3.527793475160014e-4
	1.4842731437497478e-4
	2.4264593510540673e-4
	1.3732707331840963e-4
	4.4329971309781135e-4
	1.9409142888065478e-4
	2.511576164553222e-4
	1.6716267186633e-4
	2.2997500263365267e-4
	1.9433493743603464e-4
	3.8700076586410193e-4
	3.869511579939103e-4
	3.3371872514118277e-4
	1.1920448976566821e-4
	1.733151366492644e-4
	2.218736262878149e-4
	3.0461537966004553e-4
	3.1951667536882336e-4
	1.3203700026640414e-4
	2.496074425862065e-4
	2.404906977211838e-4
	1.7565306175243512e-4
	3.053406853267863e-4
	2.1304393460447465e-4
	2.873020857172886e-4
	2.398628853999038e-4
	3.125494100153328e-4
	1.913657139042476e-4
	1.7250870724929982e-4
	1.8810609116493208e-4
	1.504507524166573e-4
	8.913150657513893e-5
	3.5762905789242283e-4
	3.0248245989947356e-4
	1.9285415128467804e-4
	1.3638155213760878e-4
	1.8949396298213156e-4
	9.498020399942442e-5
	2.480495874727668e-4
	2.9531595948990424e-4
	1.329378275611758e-4
	1.47561563857723e-4
	1.6354521200996614e-4
	2.465986478440362e-4
	3.268855807369772e-4
	1.8735661159499686e-4
	1.760273298867833e-4
	2.3303153867061346e-4
	2.1213650628628278e-4
	0
	1.8631129172216404e-4
	2.2610456700652125e-4
	1.4154675944244908e-4
	2.214917513413423e-4
	4.660599600607769e-4
	2.241220636197964e-4
	2.664955846699555e-4
	1.3457182522171867e-4
	2.756761986236725e-4
	2.863468176254949e-4
	1.9924303983925778e-4
	2.2014741233759643e-4
	1.508326919102947e-4
	1.9826277903143934e-4
	1.8876497220527978e-4
	2.230551274939072e-4
	2.234353267426541e-4
	1.7862021279849727e-4
	1.5314718079818536e-4
	1.074905008163332e-4
	1.8701458950445273e-4
	2.7844196349587725e-4
	3.211755160391248e-4
	2.8455799322032354e-4
	2.0368992281503368e-4
	2.7616911958977026e-4
	2.2777682231183815e-4
	2.2684483605943802e-4
	1.6040984046756268e-4
	1.228867670976874e-4
	2.589442724453718e-4
	2.665637524724927e-4
	2.421923320933077e-4
	2.1502371824216372e-4
	3.376076288416901e-4
	2.6267603844526665e-4
	1.6789333368923758e-4
	2.0740420875213313e-4
	0
	2.5712176931220164e-4
	3.008659741365443e-4
	3.640663915859378e-4
	4.7095925495093207e-4
	2.127145048140478e-4
	2.8177294104135504e-4
	2.4586047723673405e-4
	1.595392904330138e-4
	2.926916644233069e-4
	1.7656767370045434e-4
	2.501118225616409e-4
	2.254165419313441e-4
	1.182492289619294e-4
	1.6035560033747398e-4
	1.452559162458178e-4
	3.7340229007678334e-4
	2.499892760092726e-4
	2.0544645979243516e-4
	1.0840037789991749e-4
	1.6207249741333917e-4
	3.71143938636547e-4
	1.7493338136333062e-4
	1.508540262842004e-4
	1.572307047348493e-4
	1.8330924348722183e-4
	1.3478611027421605e-4
	1.9831350705247692e-4
	1.803559410980648e-4
	1.4669573380660241e-4
	1.8046765919137387e-4
	3.2766287500612273e-4
	1.4033181081393652e-4
	1.8318418296492723e-4
	3.153712476664491e-4
	2.6303185040434926e-4
	1.677691104009758e-4
	2.223422958050501e-4
	2.2644667450775392e-4
	2.1536009940310323e-4
	2.1434369842593666e-4
	0
	2.1425523347052075e-4
	2.1671094290843016e-4
	1.7701511228829554e-4
	1.976860304277365e-4
	2.7578239850815185e-4
	1.836486718734276e-4
	0
	2.090126991719879e-4
	2.4069508236060683e-4
	2.0733299624775718e-4
	1.787660382687632e-4
	1.478068688268146e-4
	2.0988578380608838e-4
	2.7703103147281444e-4
	1.6799742056530968e-4
	1.7203061121599385e-4
	1.6814057465468308e-4
	1.8971304507441836e-4
	2.3502491012060775e-4
	2.0696938677940437e-4
	3.4638634208420803e-4
	2.198297586106059e-4
	2.3483073174666286e-4
	2.0868484350687166e-4
	1.8762303899220496e-4
	2.9386889249959796e-4
	2.1294958903666483e-4
	1.6191161061548815e-4
	1.957044457109639e-4
	2.8321633916447323e-4
	2.0406619136629532e-4
	1.8514231749537974e-4
	1.9225398442414314e-4
	1.1065207825675135e-4
	1.3921756160117894e-4
	1.706196975017595e-4
	1.8755430816587738e-4
	1.919169960101194e-4
	2.5427293144798834e-4
	2.2694257845418548e-4
	1.7938499401385526e-4
	4.046372816761712e-4
	2.3086315278923506e-4
	2.2841373416745636e-4
	1.8254483417062605e-4
	1.3572074805219222e-4
	3.8351611432752084e-4
	1.5483149987898979e-4
	3.9787663358710994e-4
	1.7250013156939356e-4
	2.858218999399885e-4
	2.4030833992301173e-4
	2.2631453903784317e-4
	2.939272768465644e-4
	2.3790756518170678e-4
	1.4509339207113869e-4
	1.7137318904084518e-4
	2.681275711599127e-4
	1.9770628659629077e-4
	2.2815933805397573e-4
	1.614993341096351e-4
	2.533470751508802e-4
	2.7263118423840775e-4
	2.890753091405658e-4
	2.3044792534959526e-4
	2.6032918636206137e-4
	1.8818033879165288e-4
	2.8681099471758676e-4
	3.121510873374772e-4
	1.8075531204112647e-4
	1.8916176803394853e-4
	1.8209435138620865e-4
	1.7466645665509207e-4
	3.752953707906197e-4
	1.643842831281201e-4
	2.0409744802778036e-4
	1.3852804722989172e-4
	1.6094509275472438e-4
	2.600900337006546e-4
	1.6423734988600964e-4
	1.6284441857059712e-4
	2.6686924091353487e-4
	2.808918784815542e-4
	2.0426659423566774e-4
	2.356197198414969e-4
	2.216646412002975e-4
	1.89277125812687e-4
	1.9767381850846786e-4
	2.589431916991883e-4
	1.8335373804640253e-4
	2.5954266556693834e-4
	1.38582248442051e-4
	2.5020354255469193e-4
	1.9398971685273233e-4
	1.8100109084231438e-4
	2.119690099489427e-4
	2.5774843602412953e-4
	0
	1.1828588386920497e-4
	2.0238644275110153e-4
	3.2695225654382127e-4
	0
	1.5399082170939154e-4
	1.6589254490995521e-4
	2.128796000323934e-4
	0
	2.911431130272967e-4
	1.8058524702385304e-4
	0
	2.483267650118713e-4
	1.5096577875124893e-4
	1.2621156271881503e-4
	1.4720767134950686e-4
	2.323611387733192e-4
	1.0792890757563135e-4
	2.0151065522400804e-4
	1.9117702881637304e-4
	3.358622522319765e-4
	0
	2.088436982014922e-4
	2.4357757429108924e-4
	1.5499663938982894e-4
	2.3850051277692983e-4
	1.379366481661023e-4
	2.364475214537222e-4
	0
	3.985709713031643e-4
	2.509323453273298e-4
	2.145483241661829e-4
	2.4988312722210883e-4
	1.963405432428331e-4
	2.0652882100089746e-4
	1.2071703925851589e-4
	4.1394223507178435e-4
	2.295251399884767e-4
	2.984504491010871e-4
	2.119166531869303e-4
	1.7388426498290342e-4
	0
	1.706330009714631e-4
	1.599655671966961e-4
	1.4677620861721646e-4
	1.9536656533177555e-4
	1.8556808874148456e-4
	1.364626936418795e-4
	1.984991294710474e-4
	1.3545396511507196e-4
	1.5679066431971376e-4
	2.1391111138379935e-4
	2.684108222703619e-4
	2.0243835278074796e-4
	0
	3.3090503390366627e-4
	1.8325354128644826e-4
	3.207144849257008e-4
	2.0184701586968093e-4
	2.7964894944700297e-4
	1.7965120579966506e-4
	2.2652926178845712e-4
	2.197735966848029e-4
	1.4177081007203947e-4
	2.4335388554881836e-4
	2.1399324429241618e-4
	1.686496850648714e-4
	2.0742696598276362e-4
	2.1182205198637158e-4
	2.9583613220303975e-4
	2.313638813967976e-4
	2.1079426891335574e-4
	3.2911331861397685e-4
	2.883987108129149e-4
	1.6342400141380794e-4
	1.446698583351442e-4
	3.510699586555723e-4
	2.15851896252162e-4
	1.4486575913288385e-4
	1.83446953705811e-4
	1.7095891504687933e-4
	1.711801757412377e-4
	2.0241047206270436e-4
	1.6494012737906853e-4
	1.6452392677427846e-4
	2.304787245942732e-4
	1.9756619500253852e-4
	4.7422235551881214e-4
	2.4409501615106372e-4
	2.419654924845482e-4
	1.442387098688931e-4
	2.948293224330743e-4
	1.4444808371455017e-4
	2.2937277124580375e-4
	1.235403193203307e-4
	2.723505550384528e-4
	1.610051791635499e-4
	2.566733615358437e-4
	1.9534183955085944e-4
	1.985255643829325e-4
	1.534350303071804e-4
	1.3927383847565588e-4
	0
	2.560186585774532e-4
	2.548944743717397e-4
	1.3799811660441914e-4
	2.0758848033641147e-4
	3.2649320072578795e-4
	2.0197789913679984e-4
	2.6925443661710073e-4
	2.547062089952132e-4
	2.5395419224285486e-4
	1.7177625720496664e-4
	2.1321372261005298e-4
	2.73053916446514e-4
	2.20235717729822e-4
	1.980152231659301e-4
	2.1813345811697707e-4
	2.2155879200006827e-4
	1.8674157695451987e-4
	2.3616634970415507e-4
	2.4805479378690236e-4
	1.3254622510647818e-4
	1.3725589138127958e-4
	1.674398152471712e-4
	2.1627041556114768e-4
	2.3098248216659297e-4
	2.170043858090072e-4
	1.6837991889800464e-4
	2.639160004109866e-4
	2.3640984744599227e-4
	2.0445742878525514e-4
	2.2541903276527541e-4
	3.1055321389451287e-4
	1.6639843901127053e-4
	2.63380814432553e-4
	2.214918340415346e-4
	2.737201152690651e-4
	1.1489190639517618e-4
	1.4762932052348428e-4
	1.33830914151918e-4
	1.929748660029434e-4
	2.2295314403302644e-4
	1.3161689037078183e-4
	2.428133874455049e-4
	2.6590543943410736e-4
	1.1985657754360831e-4
	1.794671767375295e-4
	2.1733165570070337e-4
	1.8369809289880628e-4
	2.0496786242718426e-4
	1.9026375607724566e-4
	1.9888302427433437e-4
	1.317415581044448e-4
	4.0439931679149793e-4
	3.2581333499658136e-4
	3.1086416233209823e-4
	2.0709144072511614e-4
	2.8908291747106496e-4
	1.7708998787698867e-4
	2.9748638226875324e-4
	2.3260923299422986e-4
	2.1692947162733347e-4
	1.4318901320208165e-4
	2.051321102280122e-4
	1.0488105887854607e-4
	0
	1.4870558484683096e-4
	1.9420974349020406e-4
	3.157651211646577e-4
	0
	1.8286930068155404e-4
	1.2979592520026993e-4
	2.3878239069813478e-4
	2.031241936753363e-4
	2.175749144101824e-4
	1.9514929454088667e-4
	1.8985074486688994e-4
	3.0027844594164793e-4
	1.2792623082397617e-4
	2.2520026829248003e-4
	1.7325277126320108e-4
	2.3026063642511186e-4
	1.9692079725539823e-4
	1.333463186714846e-4
	2.7517690823746643e-4
	2.8650009614865997e-4
	1.6465698599497968e-4
	0.00036181254561654564
	1.6701838419977833e-4
	1.896242919526518e-4
	1.996065887213358e-4
	3.703879492732703e-4
	2.9355889498169024e-4
	2.1479546268059993e-4
	1.031064321297094e-4
	2.8338588524094667e-4
	1.2435940270242544e-4
	2.3773171854648772e-4
	2.3795925082448696e-4
	2.640404097345386e-4
	1.540851002919757e-4
	1.9814476271845958e-4
	1.298149774837218e-4
	1.5439068126898992e-4
	2.0766812259791255e-4
	0
	2.085346491862313e-4
	2.986427013767247e-4
	1.9955640600173238e-4
	1.5163423072091204e-4
	3.4871437087857635e-4
	1.9516753477273908e-4
	1.9543671553556215e-4
	0
	1.994249306305716e-4
	1.731665255388592e-4
	3.5656273488852806e-4
	1.238775258713042e-4
	2.599803662708378e-4
	1.4776293394121455e-4
	2.677717764219048e-4
	3.4497960307615036e-4
	3.0775065737391016e-4
	1.4251723857248427e-4
	2.117894613844916e-4
	2.245244132019644e-4
	2.533056064304106e-4
	2.5564503915750816e-4
	2.2771910148035388e-4
	1.9470375556033032e-4
	1.8484709711251164e-4
	2.5850518369964514e-4
	1.4740665502374614e-4
	2.2412846239822158e-4
	3.978864875404171e-4
	1.6478109264640505e-4
	1.9626719998293334e-4
	1.269136787487628e-4
	0
	2.1832096619230735e-4
	1.2683942129148714e-4
	2.0278708391502357e-4
	2.0280069770278693e-4
	2.1433605497143772e-4
	3.244726949056493e-4
	1.405427801490109e-4
	2.4383262919995145e-4
	1.6882358923437697e-4
	1.4930462622288768e-4
	2.274608933344031e-4
	1.3291314716274498e-4
	1.5572913071427722e-4
	2.4533810069366646e-4
	1.8308487109623215e-4
	1.7612330230782236e-4
	2.8862424228840285e-4
	2.0936933437147248e-4
	1.596868676298567e-4
	1.4463796847257626e-4
	1.1622193552833367e-4
	2.077342550258246e-4
	3.086499930677127e-4
	0
	2.0868277324940604e-4
	2.620273350216191e-4
	2.1770597340207986e-4
	1.519634267872578e-4
	1.8683075734608447e-4
	2.524292911220995e-4
	1.3385998183817208e-4
	1.3753803608528874e-4
	2.4122874855984943e-4
	2.578541478637507e-4
	1.1393050182349671e-4
	2.6282445955329005e-4
	1.7197295921553206e-4
	2.5704875010809636e-4
	2.2809501913974127e-4
	2.163135177930088e-4
	1.7524372227041622e-4
	2.2876919368389347e-4
	1.7419679085210553e-4
	2.8897729496671034e-4
	2.1175732271686156e-4
	1.7179492719261478e-4
	2.1650875784104862e-4
	2.622568457157002e-4
	0
	1.9940354320250562e-4
	1.527266035303746e-4
	2.008368380463164e-4
	3.1145881560285936e-4
	2.3393007666522067e-4
	1.9664561178858676e-4
	1.769029236875351e-4
	1.3681927300528428e-4
	2.2216634438954207e-4
	1.2367330014596267e-4
	2.604360005979348e-4
	1.8873561979600896e-4
	2.1468660862777097e-4
	2.1160525502425894e-4
	1.7190574467892817e-4
	1.918536631193462e-4
	1.5124978212600058e-4
	1.4012360507582104e-4
	3.185024355779157e-4
	1.595115317156971e-4
	1.447540940544495e-4
	2.1463039513073181e-4
	1.7149783905912803e-4
	2.4487683624667883e-4
	1.8295069017597746e-4
	1.5196877665864223e-4
	1.6501811920382074e-4
	3.781425505892889e-4
	1.8811679637564436e-4
	1.0954550677262755e-4
	1.6814916349114494e-4
	2.719406338542189e-4
	2.099019103220307e-4
	1.9085552435723645e-4
	3.0516750042293135e-4
	1.7732621517462291e-4
	1.42953552291597e-4
	1.8164185523630071e-4
	1.8268158519622822e-4
	0
	1.825931019883471e-4
	1.8045600690391245e-4
	0
	0
	1.6606782189029217e-4
	0
	2.3141153428634403e-4
	0
	1.9224301485565675e-4
	1.3518939113580598e-4
	1.650017506042955e-4
	1.3498770183039877e-4
	2.453029850142626e-4
	1.862975714854989e-4
	0
	2.4324213344340272e-4
	1.1057707988205084e-4
	2.9297168789665375e-4
	1.5853917686169607e-4
	1.9495677139330455e-4
	1.605893014787544e-4
	1.9886839716865313e-4
	1.927858921773331e-4
	1.295755297188009e-4
	1.3994160900405222e-4
	1.1469671462677685e-4
	1.9825653502266583e-4
	1.900208087377716e-4
	2.756989058964227e-4
	2.879220525916887e-4
	1.5480327588439637e-4
	2.0602939710651682e-4
	1.6432035229901976e-4
	3.182036687386911e-4
	1.7453173160403637e-4
	3.2751264591178214e-4
	1.6072271242653904e-4
	1.92554166968207e-4
	0
	3.478113872100829e-4
	2.9625140768932005e-4
	2.127317239221328e-4
	2.5936239982793385e-4
	1.8716220786207946e-4
	2.1545423042859023e-4
	2.0502138459238526e-4
	1.9838014853143182e-4
	3.1700987016403847e-4
	1.508794116778072e-4
	1.4224797605559482e-4
	2.0242292762478274e-4
	2.676704364068613e-4
	2.3235551263099577e-4
	1.2240175899200432e-4
	2.717051002870327e-4
	1.623601470397771e-4
	1.360861050093455e-4
	0
	2.5460451775447565e-4
	1.4725915422024067e-4
	2.687683038498024e-4
	1.5357908448661704e-4
	1.5793553935459506e-4
	1.3418459628119456e-4
	2.8843361998345335e-4
	2.0536487575181734e-4
	2.8237065330576766e-4
	1.8028883771380974e-4
	1.756817234023682e-4
	1.405596565766135e-4
	1.926844263318759e-4
	1.8762020209542668e-4
	1.3383270120014647e-4
	3.026666159702117e-4
	1.3880911415327038e-4
	1.514377977649915e-4
	1.9087931706047567e-4
	2.1049204766607357e-4
	1.5334710140379044e-4
	2.3276548754525296e-4
	1.4468838395870423e-4
	1.8260613677676668e-4
	1.8002853729120894e-4
	2.3612334476865295e-4
	1.795220092971732e-4
	1.4815476433999457e-4
	2.613358216520138e-4
	2.2513483640261578e-4
	1.783400153383706e-4
	2.501495862504493e-4
	3.472347072247729e-4
	3.602980850351692e-4
	2.569594384602323e-4
	1.3903099129253748e-4
	2.93634489092214e-4
	2.2313141312160382e-4
	3.48770320437231e-4
	1.2335236001850394e-4
	1.0553303749703523e-4
	2.5506390465393e-4
	0
	1.8214958039258463e-4
	2.2635188057332461e-4
	2.237220373227616e-4
	2.2287291652416298e-4
	2.7300323783182304e-4
	2.1610613797564936e-4
	1.7866133442588243e-4
	1.8872708428724282e-4
	2.802540363176803e-4
	2.8182676270504316e-4
	1.707269333216633e-4
	1.3049167810745915e-4
	1.8419873881059227e-4
	1.9968689527190262e-4
	2.130640244403484e-4
	2.1163908905150942e-4
	3.137235552875496e-4
	1.7056193582560094e-4
	2.544790300921935e-4
	2.2583285088146075e-4
	1.974038669424578e-4
	1.3576147256493757e-4
	1.5236592376573853e-4
	2.1734187457049628e-4
	2.5832816859517677e-4
	1.7017593515261493e-4
	2.5474820498670703e-4
	1.9376807110392543e-4
	1.9643842882385856e-4
	2.6046364813030225e-4
	1.3011175407346562e-4
	2.218166213152361e-4
	2.969112768082572e-4
	2.078785738659424e-4
	2.499803407067885e-4
	2.688948029891437e-4
	1.2780138657954475e-4
	1.7663547476495193e-4
	2.2232750576538777e-4
	2.4183927016683968e-4
	1.6281409376884032e-4
	1.6342626593393385e-4
	2.8055678691633613e-4
	2.3010287907200726e-4
	2.6479996171419447e-4
	2.7946038298816086e-4
	2.9606892786128154e-4
	1.2779731428745456e-4
	1.228359241711323e-4
	1.6346555422329004e-4
	1.399126782313849e-4
	2.589136223880838e-4
	3.195163242283333e-4
	1.9686307327944312e-4
	1.5878341422921656e-4
	1.8976403764682124e-4
	1.891289641987113e-4
	2.6091591127333714e-4
	1.8269695054704246e-4
	2.6462615682206235e-4
	3.4974231933531107e-4
	1.1313771991423264e-4
	3.186718004777957e-4
	1.425797457203048e-4
	2.901848560103621e-4
	2.5052578546416667e-4
	2.8957770651473534e-4
	0
	0
	1.7812278714921317e-4
	2.299312983712157e-4
	1.364904334810725e-4
	1.4338163494890215e-4
	2.369692949301197e-4
	1.573002287497816e-4
	1.1686792634958759e-4
	2.367357040385654e-4
	3.1559984400692106e-4
	2.943995240213691e-4
	2.480401859281212e-4
	1.4279499690635864e-4
	2.216131496779169e-4
	1.956266793656471e-4
	1.2616211700686993e-4
	1.5031401826602888e-4
	2.2391227045277004e-4
	0
	1.6714226523127003e-4
	3.1803587773231916e-4
	1.3403322645262467e-4
	2.2374918128684388e-4
	2.247466872379024e-4
	1.220697012439809e-4
	3.3301292709707195e-4
	2.05939124256579e-4
	1.7692797673801272e-4
	1.775133229768113e-4
	2.3121962686810998e-4
	2.600557904376383e-4
	2.573625660060141e-4
	2.408242382987068e-4
	3.318801484779286e-4
	3.385898188542249e-4
	2.55245023627431e-4
	2.1948241876904538e-4
	2.2124832143506095e-4
	1.5795289651031162e-4
	2.5793333664882656e-4
	1.9849919939826725e-4
	2.471571115247171e-4
	3.127047818029878e-4
	3.0621354504583415e-4
	1.7941157904814947e-4
	2.1885966648243235e-4
	1.4738066490452777e-4
	1.3961226536344634e-4
	1.336875947007654e-4
	2.546141913107607e-4
	1.6549287254494823e-4
	2.8714864359963125e-4
	2.53059814686153e-4
	3.2298114833258733e-4
	2.8576084146138866e-4
	1.7487243232651705e-4
	2.5110477523795444e-4
	2.933317527909474e-4
	3.2446541646611357e-4
	2.6671391881052454e-4
	1.7858466412270957e-4
	1.7396423067002196e-4
	2.700717176632037e-4
	2.7174480536647146e-4
	1.723981112441696e-4
	1.968139060369341e-4
	3.1337384783282514e-4
	2.014663842993031e-4
	3.588583671991094e-4
	2.7191466751610993e-4
	1.8742345215232723e-4
	0
	3.046533009122842e-4
	1.9041895892191695e-4
	2.2188821343166267e-4
	2.0371737370153875e-4
	1.782629440738565e-4
	1.5502948694839732e-4
	2.015605634648548e-4
	2.498884161684002e-4
	1.1871635539037301e-4
	3.314256347952725e-4
	2.357612390002482e-4
	1.829692606930391e-4
	3.620653405131186e-4
	1.0123911892915188e-4
	2.6451205621873296e-4
	2.2102067574808834e-4
	3.416839254853174e-4
	2.3152004590226935e-4
	0
	2.2124689836006294e-4
	2.3067925298326142e-4
	2.2919010874363483e-4
	1.6461302827515422e-4
	1.0277427191859302e-4
	1.4466654197491818e-4
	2.0214981815734061e-4
	2.29626390218905e-4
	2.375667164616067e-4
	2.222349758643921e-4
	7.957199665153634e-5
	1.7610183539286617e-4
	0
	2.5627313341380334e-4
	1.3328545806548593e-4
	2.479474042516335e-4
	2.2442899511478714e-4
	3.166450386323479e-4
	3.072706297700985e-4
	0
	1.6348705621793314e-4
	1.2006716903661287e-4
	2.1177475086015532e-4
	3.647271501437555e-4
	2.3210123139346482e-4
	2.2354720379881977e-4
	2.7772262506012773e-4
	2.0887000835525225e-4
	2.050124313496867e-4
	3.458146960637287e-4
	2.157712191258922e-4
	3.028597365268906e-4
	1.5341162572593856e-4
	2.543295305689081e-4
	2.529191604208472e-4
	1.9390179259514965e-4
	1.90840046269875e-4
	2.879238190972404e-4
	2.1910475296779968e-4
	1.8526156016605e-4
	1.2814829862350935e-4
	3.343898283472495e-4
	2.624025557272458e-4
	2.3129851111502032e-4
	3.3360169485065677e-4
	1.6148982098029531e-4
	1.6994913494929606e-4
	1.670492726985496e-4
	2.6958031914668136e-4
	1.9929134323245777e-4
	1.66141697861209e-4
	2.08332231135037e-4
	1.474794182729339e-4
	2.6985203856395916e-4
	2.407319274712183e-4
	1.3890144093520597e-4
	1.8543665962652208e-4
	2.2523093225359063e-4
	1.1760426468627971e-4
	2.952745651718219e-4
	3.3445036556901107e-4
	1.6088243548144823e-4
	2.6300853075220115e-4
	1.795965891727893e-4
	2.0788374885598283e-4
	2.951315562681707e-4
	2.754281009830103e-4
	2.3138780157879352e-4
	1.611891963215359e-4
	1.8609152395199888e-4
	1.4498191407362997e-4
	1.6193603725200983e-4
	1.3199120542734517e-4
	1.7519510107750637e-4
	1.759981646791091e-4
	1.2184095270152001e-4
	2.3116276301365457e-4
	2.1008955874918757e-4
	1.987111534576237e-4
	1.3249275943527354e-4
	2.7466326142152833e-4
	2.631756996203097e-4
	2.4029256284561877e-4
	1.6491379366205818e-4
	1.938630411039818e-4
	1.523149140539263e-4
	3.2832946885435473e-4
	2.8783546526880185e-4
	1.8578745511561555e-4
	1.3743688011532445e-4
	2.02003518256453e-4
	2.0295162786485355e-4
	2.2557161630197908e-4
	2.4228077100238113e-4
	2.3442935413247194e-4
	0
	1.8568985520460145e-4
	2.1054388627083623e-4
	1.4588963423702372e-4
	2.573009753058743e-4
	2.1295131055997968e-4
	1.623649416228321e-4
	2.9707682506733245e-4
	2.3242172439202078e-4
	2.1153355452621934e-4
	1.7590663207242975e-4
	2.2065548952960044e-4
	3.473378792119242e-4
	2.497699700452793e-4
	1.3611552170580529e-4
	1.8659136850476436e-4
	1.3438252046702503e-4
	2.71691229722002e-4
	1.436705700686156e-4
	1.9563579895259844e-4
	3.23548949538959e-4
	1.3391799542500157e-4
	1.8566428099112692e-4
	1.5688036171158723e-4
	3.174051443509565e-4
	1.6716357713868253e-4
	1.840277351066803e-4
	2.475662378609144e-4
	1.4447775075683843e-4
	3.4993493657422273e-4
	2.47809114237691e-4
	2.350952463135671e-4
	1.7019752684786893e-4
	1.7526220645866676e-4
	2.839061786111659e-4
	1.5881242398390296e-4
	1.746882184587119e-4
	2.0311573251474528e-4
	1.2758507246544274e-4
	2.08502739490647e-4
	2.0514005028477483e-4
	1.7851642426407218e-4
	1.7397702168020553e-4
	2.0477131409762513e-4
	1.727604127366747e-4
	1.6940918407303292e-4
	1.7485006325568289e-4
	2.0257923365399195e-4
	1.8198111738338264e-4
	1.6695775952011663e-4
	1.4003436548754573e-4
	2.684136619009577e-4
	2.4027558226757148e-4
	3.4508802701550405e-4
	1.968965750876398e-4
	1.7550783806149947e-4
	2.0150024562134888e-4
	2.2178970417157488e-4
	1.707148502945584e-4
	2.1034843240716434e-4
	2.6085884295694913e-4
	2.7390536804038394e-4
	2.6146221677532334e-4
	1.7679479831666806e-4
	1.3180017349733277e-4
	2.0270985511202516e-4
	1.296662295951421e-4
	4.222549023291807e-4
	1.3749634649011687e-4
	2.9026614342523964e-4
	2.5524363019483864e-4
	1.551802646526922e-4
	1.6260815211986365e-4
	2.1429051041797442e-4
	3.077832433794426e-4
	2.6066367577013425e-4
	2.3405646965711096e-4
	2.58891048412338e-4
	2.2196418776920324e-4
	1.526742955704822e-4
	1.7105115915039355e-4
	2.353611631454193e-4
	2.8574033199431115e-4
	2.209653690603338e-4
	2.9661190137741174e-4
	2.8384488450368693e-4
	2.63786251291541e-4
	1.2776684882099445e-4
	1.464492185256568e-4
	1.9542133639467973e-4
	1.3394307571912086e-4
	1.907416734292947e-4
	1.6821447375428556e-4
	3.1000033506881986e-4
	2.0267725160535318e-4
	3.2633128856235437e-4
	2.2246606171703032e-4
	1.7871065779525376e-4
	2.988424065769731e-4
	1.9667739546887436e-4
	0
	1.8404540342353614e-4
	1.713129989008226e-4
	1.9161081633497622e-4
	1.567391047680577e-4
	2.579301518486595e-4
	1.7997733759015817e-4
	1.988263424250721e-4
	1.1986791726289168e-4
	2.6718411291875573e-4
	4.0927359718641613e-4
	1.7709051081051384e-4
	1.3277593660844707e-4
	1.9008957476829966e-4
	3.397193589516473e-4
	0
	2.3533503236286443e-4
	3.572653494436892e-4
	1.4591227619739034e-4
	1.562471067485261e-4
	1.4941946933061354e-4
	2.5068013130585766e-4
	1.904879936504368e-4
	3.497649535643709e-4
	1.2981399253843737e-4
	1.8585328709508453e-4
	2.565917425374989e-4
	1.6865184467645936e-4
	1.7838730716741375e-4
	1.9125076261659646e-4
	1.2305596218419395e-4
	1.4480544575306298e-4
	1.0822201936941117e-4
	1.8374311688638197e-4
	2.1111991801195455e-4
	3.185068122191878e-4
	1.938476258780607e-4
	1.897548332331573e-4
	2.5198486769645583e-4
	2.1775272419399108e-4
	2.5700525492200916e-4
	1.8614531305092064e-4
	1.3498107951091418e-4
	2.813655542252035e-4
	2.1175706781293268e-4
	1.7657639389809346e-4
	1.335562583504988e-4
	2.5066592706496875e-4
	1.323505831275353e-4
	2.1394022044506124e-4
	1.7321975519378794e-4
	2.630080734676659e-4
	1.7418545299038152e-4
	2.829662504372131e-4
	2.676100410822254e-4
	2.6252060116769345e-4
	2.1167527193914805e-4
	2.0369755403564806e-4
	1.8909260125282476e-4
	2.237664956116829e-4
	2.601905722047175e-4
	2.8564081227254245e-4
	3.784298061101949e-4
	1.6293683323968013e-4
	2.2125611323183184e-4
	0.00023772760770822927
	1.3688499257181382e-4
	2.932422979275073e-4
	2.8210557505918825e-4
	2.7516545161765865e-4
	0.00018987948369939171
	2.2624776893317232e-4
	2.282354509826249e-4
	1.113832915072609e-4
	3.1079821657507476e-4
	1.430825757218934e-4
	1.7007651002396237e-4
	2.981751700296507e-4
	2.1651773535706802e-4
	2.2222846829547189e-4
	2.740405171891203e-4
	2.0991435846639931e-4
	1.7874919129518688e-4
	2.753895166386716e-4
	2.3069818514236926e-4
	2.050655960711145e-4
	1.948087425290974e-4
	2.078141931256379e-4
	0.00014159575739784664
	1.4998292991811276e-4
	2.1388486077517755e-4
	2.923289152893983e-4
	2.900849278281976e-4
	1.1847916601713515e-4
	1.7078416131487416e-4
	1.5260856287727616e-4
	2.6695427487617094e-4
	2.090149979141243e-4
	2.3246431553185194e-4
	1.9636100153254724e-4
	2.5362034775916264e-4
	1.6488787085198393e-4
	1.7826124507793958e-4
	1.9838670475928632e-4
	1.6300409924754948e-4
	2.4883027921608646e-4
	1.1175656834522981e-4
	2.643424674526128e-4
	1.7115873432410242e-4
	1.9036388992007235e-4
	1.470993062344818e-4
	2.0217055998691488e-4
	1.6263886339115395e-4
	1.6253682609783387e-4
	2.8902413293741306e-4
	2.454399976135346e-4
	1.5113955439886292e-4
	2.925284337979681e-4
	1.2137015170243944e-4
	3.172454599411563e-4
	2.5049838931005564e-4
	1.874464172082538e-4
	1.8523967758829842e-4
	2.878247158106398e-4
	1.6718781338635787e-4
	1.5200408826506867e-4
	2.347734982540477e-4
	3.412536977076836e-4
	1.695495908678988e-4
	2.411708177168229e-4
	2.7337093345516017e-4
	1.0742863864657889e-4
	1.5380512808916216e-4
	3.226714907243213e-4
	2.1794745984875984e-4
	1.299841444546843e-4
	2.024116602580698e-4
	1.486700201336617e-4
	1.654636457266138e-4
	2.673675924689025e-4
	2.086768527838572e-4
	2.1797511406283435e-4
	1.4957071959482965e-4
	1.7018982569526903e-4
	2.732056313056454e-4
	2.0989658444046442e-4
	1.8005949302352006e-4
	1.3798001276484507e-4
	1.6072853145343932e-4
	2.3656741198319889e-4
	1.7491535906527785e-4
	1.4911762045573309e-4
	0
	1.7191010268815453e-4
	8.65073289811648e-5
	1.8188415105982884e-4
	2.46356133336593e-4
	1.3697017611042836e-4
	1.307778479447366e-4
	1.644514941895678e-4
	1.6995188358242958e-4
	0
	1.7380360496632008e-4
	2.288401199403495e-4
	1.9517158942248693e-4
	3.504300399674333e-4
	2.6991758881290924e-4
	1.383250987796187e-4
	2.381003893766223e-4
	2.354976456064299e-4
	2.3548376990680143e-4
	1.9349728784568478e-4
	1.9826349285237402e-4
	1.7944464872071735e-4
	1.9840880996496585e-4
	2.1984917141092055e-4
	2.5295738115189005e-4
	1.6841885964488326e-4
	1.792368448619466e-4
	0
	2.3915150410956312e-4
	3.1898824022078367e-4
	2.0136797100000584e-4
	1.6078243110544243e-4
	2.66636818187146e-4
	1.2925170834868053e-4
	2.448664858353642e-4
	1.8730483591474715e-4
	2.076449636129241e-4
	0
	2.3770015866334134e-4
	2.4923105540400526e-4
	2.485157388952235e-4
	2.66896575329062e-4
	2.1101863279524184e-4
	2.9548195640353964e-4
	2.374496147284519e-4
	1.4386561351287548e-4
	1.1977257748101118e-4
	1.6403311671120603e-4
	2.1661756864668535e-4
	1.962052035179925e-4
	3.151090159332424e-4
	1.6528861872985731e-4
	0
	0
	1.4065298588535e-4
	2.1488487320514435e-4
	4.2119932627050717e-4
	3.1417041538871074e-4
	3.4993410598936777e-4
	1.7356786355688134e-4
	2.296945151337782e-4
	2.4236751569677462e-4
	1.6912195315086227e-4
	2.499117445395054e-4
	2.1762034687718688e-4
	2.025636078660024e-4
	0
	0
	2.054888512993439e-4
	2.56838912704355e-4
	1.6954987277053972e-4
	2.6163751588711607e-4
	1.5406763251793202e-4
	2.5847828932312386e-4
	2.5971113503366376e-4
	1.9523972868088155e-4
	2.1126149809891232e-4
	1.4854895563865003e-4
	1.3517234944340843e-4
	1.6025666080136066e-4
	2.502087508991247e-4
	1.2501671343952302e-4
	2.081849697960813e-4
	1.287156128810224e-4
	2.3094604137380314e-4
	1.7337785572293398e-4
	2.651697478834635e-4
	2.9176901927799824e-4
	1.985965011793271e-4
	2.525326625682027e-4
	2.2770535868691774e-4
	1.5345135292308846e-4
	2.2343691225542477e-4
	2.3452609476162496e-4
	2.0916728696971905e-4
	1.569255768651373e-4
	2.4733613293250855e-4
	2.2748820189108615e-4
	2.2341216604169443e-4
	1.6153850301413506e-4
	2.232886539143507e-4
	2.696684238773815e-4
	2.791287552517251e-4
	1.5598611286321622e-4
	2.016026353857663e-4
	3.4176531148318186e-4
	1.6418949677232496e-4
	2.3561244682513208e-4
	1.7662807703308994e-4
	2.0482069433554748e-4
	3.417572004310384e-4
	2.965726924626347e-4
	2.0115259671328383e-4
	1.6072732074484477e-4
	2.958930886810813e-4
	2.1509719047654142e-4
	2.718746420852768e-4
	2.50368703468346e-4
	2.6461386904965767e-4
	1.2281292175093136e-4
	2.3754959377995507e-4
	1.5333341547710264e-4
	1.8596067139167377e-4
	1.32635764876622e-4
	1.4950299003437895e-4
	1.3999053007340498e-4
	3.012005280983705e-4
	2.2657823665948821e-4
	2.711181152053174e-4
	3.44045359289818e-4
	2.2883189626101463e-4
	1.77249352656069e-4
	2.3208722894461575e-4
	1.9318071967904687e-4
	2.181858363517144e-4
	2.225321522531854e-4
	2.4004427211504127e-4
	1.8232048628207174e-4
	1.843342739341312e-4
	1.8404932292564603e-4
	1.2521001742224903e-4
	0
	2.9450316956339923e-4
	1.6780507492197193e-4
	1.7715925319533826e-4
	2.947751391264575e-4
	1.790507978828857e-4
	2.017368608638181e-4
	1.0177425869406695e-4
	2.2533487712092043e-4
	1.4272426310049655e-4
	1.26290651045113e-4
	1.3980178961106796e-4
	1.4630325662684597e-4
	2.0766874279845872e-4
	2.220526553727886e-4
	0
	0
	1.6646152605812744e-4
	2.5736298243712787e-4
	2.1991009748105177e-4
	1.7027594644509483e-4
	2.8741738955922433e-4
	2.2540255565076486e-4
	0
	2.67899140120932e-4
	2.732310618246353e-4
	2.3262326857543625e-4
	1.8289217433464292e-4
	1.2473930305329477e-4
	2.531539155421696e-4
	2.2803786611107985e-4
	2.2542539980936218e-4
	2.386426282086046e-4
	1.8716608128522272e-4
	1.5762437262089812e-4
	1.6199670198455157e-4
	1.9131902856620503e-4
	2.5896239943851824e-4
	0
	2.969474647925502e-4
	3.4079312627633893e-4
	2.0281353616452102e-4
	2.555529918058156e-4
	8.511697101798966e-5
	1.943306203505314e-4
	2.05694361168707e-4
	2.2159597555637575e-4
	1.585742709499663e-4
	2.8241107856877745e-4
	2.0662662369891105e-4
	2.064173803520531e-4
	2.4638265087554916e-4
	1.501575222378494e-4
	1.9676047780087924e-4
	1.9869583091254285e-4
	2.8766217823561534e-4
	0
	1.675297950366787e-4
	2.0290362716340876e-4
	2.3013671324067188e-4
	2.1797067063791895e-4
	2.760014462440799e-4
	1.569516087187437e-4
	1.892996313724702e-4
	1.8366939620230474e-4
	1.5127251589684373e-4
	2.798338524723763e-4
	1.8182618757881658e-4
	2.1564228280756675e-4
	2.3730441427536646e-4
	1.6913680223831957e-4
	1.7638090999503732e-4
	2.479916383222915e-4
	1.4582140515542256e-4
	2.8066492625625976e-4
	2.116963411480979e-4
	1.3765803115635403e-4
	4.3521375109729633e-4
	1.924114323580986e-4
	4.062786581855846e-4
	3.7409369073947184e-4
	3.0921041481143463e-4
	1.561145316210054e-4
	1.8210803734360295e-4
	1.4680325755192942e-4
	2.4217430164856374e-4
	2.009687028361128e-4
	1.0816147363382251e-4
	1.5407066966748132e-4
	2.8471983686722006e-4
	1.4927806029972182e-4
	1.3613085220395897e-4
	1.631684943387476e-4
	1.438439356655851e-4
	2.213577335312899e-4
	2.4653555486520764e-4
	1.9893367201351752e-4
	2.234646028948538e-4
	1.65150619772709e-4
	2.0065000366912102e-4
	1.7906602560800275e-4
	4.0036565534692795e-4
	1.726725268041723e-4
	1.7835581541990136e-4
	2.6148700205291277e-4
	1.4952989245255651e-4
	2.758032958637203e-4
	1.9614032150879444e-4
	1.404386264311558e-4
	1.523511031533711e-4
	1.7865643018014969e-4
	2.3335646433824908e-4
	2.4126845305149082e-4
	2.0846631138548384e-4
	2.3758144277534086e-4
	2.590309066361907e-4
	1.2833257021731726e-4
	1.9274766874777244e-4
	1.8332295927607722e-4
	2.9726190903995296e-4
	1.5963117666212168e-4
	2.1373874617490853e-4
	3.1008235816157477e-4
	1.563274837536928e-4
	1.4593192358629167e-4
	1.4025463954606178e-4
	2.050335267077636e-4
	2.054293510495753e-4
	1.6708492597741656e-4
	1.486920190560691e-4
	1.1766995316792656e-4
	2.77280521464143e-4
	2.5174907487533174e-4
	1.7355618446685106e-4
	1.3758119545713277e-4
	1.8369143919473696e-4
	3.2119669293618363e-4
	3.0808537171612575e-4
	3.1231195172120414e-4
	1.3658293359657765e-4
	2.379416206148673e-4
	3.7283004036935607e-4
	2.3720072673729317e-4
	3.3952832018595714e-4
	2.623137049981399e-4
	2.047034431938447e-4
	1.5973611417655588e-4
	2.2512633950733061e-4
	1.9287039233676487e-4
	1.658704649774289e-4
	2.3033792938862652e-4
	1.9823970015998312e-4
	1.8368233241302422e-4
	2.0001516840129253e-4
	2.4426391695196714e-4
	1.6834296621935635e-4
	2.685876115536514e-4
	2.329495374058912e-4
	2.9403259045617154e-4
	3.8014591536113896e-4
	1.9515402839948395e-4
	1.9138660535677205e-4
	3.043911714805864e-4
	1.1267133867303678e-4
	2.4772869786754463e-4
	1.3946552778474648e-4
	1.6112361724715047e-4
	1.7735989010132862e-4
	1.2168995302065924e-4
	2.5831611989119086e-4
	1.8777763104084886e-4
	2.186703341861064e-4
	2.9169250835873697e-4
	2.736010188004814e-4
	2.568011611332661e-4
	1.972736091812898e-4
	1.9779579166689628e-4
	2.587874200044253e-4
	1.2857283740350984e-4
	0
	2.2759539666222003e-4
	3.2606952905729793e-4
	3.1710755927515945e-4
	2.406936225869688e-4
	2.4688734877074996e-4
	2.383409620704832e-4
	2.5682613937491936e-4
	1.6233178209237268e-4
	4.2549937448811063e-4
	2.3534555190090497e-4
	1.6168319346543966e-4
	2.9435203560588185e-4
	2.160667750918968e-4
	1.9984236266761793e-4
	2.8880673415649326e-4
	2.2901019643189953e-4
	0
	2.996461712064235e-4
	2.4971120325158457e-4
	1.1544628972350749e-4
	1.922709794506491e-4
	1.8846129901129677e-4
	2.5488525655069036e-4
	2.1786980389306543e-4
	1.9844730108449645e-4
	2.1079464390632755e-4
	1.1424642403450411e-4
	2.4289295385299852e-4
	2.691694978810674e-4
	1.599629334233501e-4
	1.9620777560607985e-4
	1.941580380806162e-4
	2.747678731524977e-4
	3.0171444096432356e-4
	1.8749897514204502e-4
	2.2824250157237971e-4
	1.4995143879145757e-4
	1.8974786676450662e-4
	2.0196432319078805e-4
	1.8907234755109306e-4
	2.397754278116163e-4
	1.9248593823417554e-4
	0
	1.668774191458226e-4
	2.698138860867857e-4
	1.3033589184246563e-4
	1.9411824932537273e-4
	2.807256624469982e-4
	3.2150287511280935e-4
	1.6431527012401593e-4
	2.0529102124184178e-4
	2.185617806201502e-4
	2.4077775443881225e-4
	2.3436426004047581e-4
	2.2311609167130147e-4
	3.338330688463416e-4
	3.8677341121022844e-4
	2.65839120273716e-4
	1.7531654254890046e-4
	2.552510414073404e-4
	2.6508392305294094e-4
	1.4266795687424943e-4
	2.581877946115027e-4
	1.244780261718582e-4
	2.0129603829857637e-4
	1.6991047908975268e-4
	3.497110087881266e-4
	2.729519388948908e-4
	3.3735232124576547e-4
	1.5862057066433165e-4
	1.6314876063945217e-4
	1.9787500474483563e-4
	1.8933804722724801e-4
	3.246928868465862e-4
	3.380723456670136e-4
	2.1584272890560208e-4
	3.109718889411748e-4
	2.203241503233645e-4
	1.58643827839872e-4
	0
	1.6145151653914691e-4
	2.6583927902880123e-4
	1.1029289359496649e-4
	2.0441675439919198e-4
	2.690138034157562e-4
	1.8311809068115154e-4
	3.0475181720089183e-4
	1.0022303619088352e-4
	1.9566378184771523e-4
	2.3075683903787917e-4
	1.4829595168427352e-4
	1.7838653204485486e-4
	1.7118325609554762e-4
	1.5411652607836011e-4
	2.2586401980785074e-4
	1.5723642671971184e-4
	2.3519985200628858e-4
	1.5877423671399645e-4
	2.3636901929250878e-4
	0
	1.8204557305293086e-4
	1.8021413282655674e-4
	2.1253186149169885e-4
	1.6642562235551605e-4
	1.2940529113846205e-4
	2.5396019366732335e-4
	1.2590195096194928e-4
	2.149218158896449e-4
	2.336289570370743e-4
	1.4355031755353996e-4
	2.2571900688944129e-4
	1.8655713441439672e-4
	0
	1.5813547519148545e-4
	2.6573024341238995e-4
	1.4602154828463726e-4
	2.1486262576228231e-4
	1.340309375981339e-4
	1.1904338813709675e-4
	2.170122645070175e-4
	1.6169930619491804e-4
	3.199164291915223e-4
	1.719655836315233e-4
	1.6361911858648424e-4
	2.750439581496722e-4
	2.143116605202437e-4
	2.4753704989493317e-4
	2.7603226093060677e-4
	1.142769846918237e-4
	1.6993233033425398e-4
	1.5926228178393974e-4
	2.679014427557106e-4
	1.3518081396815993e-4
	2.005148543164961e-4
	2.718980571762657e-4
	1.1646046369973291e-4
	1.7318712189325603e-4
	1.37428069256924e-4
	1.9592247530545711e-4
	1.4741868412568093e-4
	1.9979244359362243e-4
	1.63472054364777e-4
	1.8486515537083934e-4
	2.1059611466851355e-4
	1.836214668548353e-4
	1.641369173037385e-4
	2.5612200325726253e-4
	1.4860571768376285e-4
	1.7373372332159725e-4
	1.420829194861941e-4
	2.4111929327366418e-4
	3.578978614661805e-4
	1.88775050279387e-4
	1.3172107305383824e-4
	1.453825244598221e-4
	2.625361297599743e-4
	2.31192975469129e-4
	2.531603383532229e-4
	2.0323287691892525e-4
	1.6126366263132362e-4
	1.7554996835670845e-4
	2.05232389318733e-4
	2.5667856312694035e-4
	1.1603558794059776e-4
	1.555553726272892e-4
	2.069790314800758e-4
	1.9940745485479982e-4
	1.433187874373755e-4
	2.4465423186342805e-4
	2.725086961984435e-4
	2.5043832025462454e-4
	1.3347971055194157e-4
	1.8996986571795713e-4
	3.014662497789448e-4
	1.3988606621932279e-4
	1.7254840437959778e-4
	1.5832681455573732e-4
	2.7619708247477777e-4
	1.6480418341447225e-4
	1.9179526468130343e-4
	2.6550761838514767e-4
	2.309088457233086e-4
	1.2391182970057757e-4
	2.0092887248065005e-4
	2.4529465209865997e-4
	2.1810522092734506e-4
	1.4771664653647764e-4
	2.308661974514282e-4
	3.5716244688464144e-4
	1.6751209738095958e-4
	2.2958218556403675e-4
	2.8276269427414104e-4
	2.3448179874158498e-4
	2.80564039737487e-4
	2.2470319091545516e-4
	2.5445075227866095e-4
	1.761830607585809e-4
	1.3478629519478265e-4
	1.9285346677289797e-4
	2.0380309403207093e-4
	2.2007341216525916e-4
	2.3461711492457908e-4
	1.3468997233009576e-4
	1.5806419922538884e-4
	2.112789139375479e-4
	1.9208300377294394e-4
	2.4780908199079386e-4
	1.7103049749399069e-4
	1.5051073221724015e-4
	1.7759091255252138e-4
	2.7443506099287287e-4
	2.3479697309158255e-4
	2.3345001208076104e-4
	2.691376534817981e-4
	2.1603003061154209e-4
	1.6805833878842948e-4
	1.7114360473597452e-4
	1.837665662034106e-4
	1.4460625476881241e-4
	2.544678563858477e-4
	2.7283537792055295e-4
	1.707326977464414e-4
	0
	1.2348067606631827e-4
	2.177059064308667e-4
	2.4864285197165683e-4
	2.2398725553770702e-4
	1.4480785399388385e-4
	1.5514574558759875e-4
	3.8943064396914913e-4
	1.662907112142682e-4
	2.2766643275034534e-4
	1.8758149242194914e-4
	2.8721003742329665e-4
	3.463492835957022e-4
	0.00017720320497179652
	2.891857509355658e-4
	1.7146410688529177e-4
	1.99529044539179e-4
	1.808158478253524e-4
	1.4161505563980154e-4
	2.6023229778263476e-4
	1.724535938113326e-4
	3.7112682346173163e-4
	2.9893402732305717e-4
	1.6680983674639146e-4
	2.8897354586157603e-4
	1.915324545095234e-4
	1.0423310010337084e-4
	0
	1.978055000700041e-4
	1.4878186553007614e-4
	2.1171060523672244e-4
	2.502378820907177e-4
	2.3741018785152952e-4
	1.3352864824452173e-4
	1.6862672504965119e-4
	1.9004875116785205e-4
	2.578286583666273e-4
	2.3204176875822214e-4
	0
	2.364907303834021e-4
	2.0317304249093242e-4
	1.6712185627743232e-4
	1.820323703444966e-4
	1.3774529673874725e-4
	4.088574696430287e-4
	1.6467363669109457e-4
	1.4024513608302175e-4
	2.2460848642838678e-4
	3.1958329836656444e-4
	2.661214859259369e-4
	2.505478931821725e-4
	1.2998377036009626e-4
	1.9010382458699876e-4
	2.242550733275738e-4
	1.2998950476680562e-4
	2.506831620298813e-4
	1.5468759761000654e-4
	3.0819339280309545e-4
	1.386575622122948e-4
	2.3007692855530238e-4
	1.4943924263312902e-4
	2.651663468887431e-4
	2.310758198146884e-4
	3.263725965508002e-4
	1.527889222752001e-4
	3.0296327255079607e-4
	1.802255746426327e-4
	1.8020293008881734e-4
	2.5412755104110005e-4
	2.5752850226465107e-4
	1.7114143412494238e-4
	1.2733505149202528e-4
	2.156695578774919e-4
	2.9141869873403216e-4
	3.053669137263639e-4
	2.3307556840179253e-4
	2.593817237593171e-4
	1.98418211434531e-4
	1.6132026006301426e-4
	2.2343684450410421e-4
	1.822971599520577e-4
	3.6331585329800296e-4
	2.7216599766974336e-4
	1.740406194375031e-4
	1.8693005805352428e-4
	2.0765576968684974e-4
	1.7934742587844907e-4
	3.435608390106041e-4
	2.472620532810304e-4
	2.470503037317584e-4
	2.69626417521998e-4
	1.6222314626486076e-4
	1.4000913865481158e-4
	1.5461553453069245e-4
	1.3892544645983848e-4
	1.6708251587673723e-4
	1.6404029821401016e-4
	2.9374391065986274e-4
	1.520851517034227e-4
	2.1293757731368393e-4
	1.8719640715231215e-4
	1.993138463466622e-4
	1.2706816491159947e-4
	2.1594344981720311e-4
	2.048433126424306e-4
	2.2789410046051602e-4
	1.5717157410116407e-4
	1.8230895902334582e-4
	1.1311301736816451e-4
	2.5600444225955504e-4
	1.692147367495696e-4
	1.8744830301180166e-4
	2.1986652839791812e-4
	2.233434343780004e-4
	1.7220597933416756e-4
	2.2640524233109158e-4
	2.0810693108969807e-4
	0
	1.6322951935768328e-4
	1.3852605878385109e-4
	2.71762084393786e-4
	1.5789825129754512e-4
	1.337952459435111e-4
	2.716911526755623e-4
	1.580284590148816e-4
	2.542191055331236e-4
	2.3402049770671323e-4
	1.6723244496648744e-4
	2.3490519105045577e-4
	1.2171410582204064e-4
	2.1262241064776697e-4
	1.7241637285998225e-4
	1.644156016218744e-4
	1.8068452726157286e-4
	1.5758952745897938e-4
	2.199186110019618e-4
	1.584903109026045e-4
	2.3401394724783528e-4
	2.4708092129138834e-4
	3.0621392866540364e-4
	2.1835403469476372e-4
	1.5829136887316952e-4
	1.7572656154758018e-4
	3.022801032797989e-4
	1.0624320057268133e-4
	2.3620510098369378e-4
	2.904407769819349e-4
	2.395950669736153e-4
	3.022818548057037e-4
	0.00019344175094771529
	2.1383073547321584e-4
	3.146794433201225e-4
	2.1978574297267526e-4
	1.3852516088116854e-4
	1.4087008945731295e-4
	1.2412075097751674e-4
	2.0083303094240273e-4
	2.899667126701239e-4
	1.7776101543472936e-4
	1.6112664109124854e-4
	2.273090819277185e-4
	3.2214007638562764e-4
	2.556332607055179e-4
	2.8274767346895597e-4
	1.7052491676885874e-4
	1.991698018773187e-4
	2.8640533459540704e-4
	2.988942391178582e-4
	2.477077196222145e-4
	2.5251621479277183e-4
	2.4049564852010575e-4
	1.8226091261905022e-4
	1.6796462074168396e-4
	1.6843440165777398e-4
	1.673951659890368e-4
	1.2456302651758458e-4
	1.9191549314006277e-4
	2.2186259670886567e-4
	2.0839850974590455e-4
	1.502953730078115e-4
	1.6085461398459148e-4
	0
	3.292280438030944e-4
	1.4250984383763898e-4
	2.4773383014162496e-4
	1.2354524441685863e-4
	1.6337058078495895e-4
	1.5164287440622414e-4
	2.978354033930757e-4
	1.3945369919746953e-4
	2.1619786356830617e-4
	2.2664764792698343e-4
	1.7722645466647797e-4
	1.5828665436467447e-4
	1.4046698344031283e-4
	2.8682360041737317e-4
	2.2619860322176563e-4
	0
	2.1879673514861353e-4
	1.847026909709363e-4
	2.357585838065382e-4
	1.8027317824810923e-4
	3.18950777732662e-4
	1.3789154148103336e-4
	2.1923140056894644e-4
	0
	2.2945199985091656e-4
	1.3132947909095277e-4
	1.1030965993569045e-4
	2.452400644172892e-4
	2.918832865191337e-4
	1.6058025024764055e-4
	3.0485213853137424e-4
	1.7169079157556945e-4
	2.5886507770041706e-4
	1.4937804886839198e-4
	1.5863675747903165e-4
	1.9508316314672348e-4
	2.0480431738177505e-4
	1.7503999509995018e-4
	1.8901973465392376e-4
	2.2155387825185802e-4
	1.940046529352036e-4
	4.313417721836175e-4
	2.8998974685984913e-4
	1.8555784633218176e-4
	3.253190451663015e-4
	3.965664596090708e-4
	1.514826838773494e-4
	2.4438633527198246e-4
	1.6175496379608277e-4
	2.715681173916749e-4
	2.029149414570722e-4
	2.0714151951735542e-4
	2.141658471105286e-4
	2.0187194357024384e-4
	3.5050208289337406e-4
	2.1034957702516143e-4
	2.1433569626375703e-4
	0
	1.7010795185620263e-4
	1.585080697490914e-4
	2.616046510339575e-4
	2.1612305328417504e-4
	3.47573117115274e-4
	1.5234918576223397e-4
	2.784429532550998e-4
	1.9473314938007593e-4
	1.7676390277497297e-4
	2.0102284207402466e-4
	1.690567269111355e-4
	2.4394861937039125e-4
	1.6135821246490004e-4
	2.2918486258694944e-4
	1.8174806125592345e-4
	1.804484876873522e-4
	1.8137934744883935e-4
	2.562918961043265e-4
	1.5723526248722467e-4
	2.7462448799083037e-4
	1.2445460851982963e-4
	1.4112790576211189e-4
	1.5020246579620382e-4
	2.257734339237369e-4
	1.9051252013930323e-4
	1.2262578376481096e-4
	1.439804521401722e-4
	1.9796809801352741e-4
	1.8651768162829624e-4
	2.2594072148816267e-4
	3.121942871867903e-4
	2.2240937866533207e-4
	0
	2.9491493411857455e-4
	1.8946944697123118e-4
	2.2918471753150012e-4
	1.3045262500340675e-4
	2.4931074379626924e-4
	2.3163505940738803e-4
	1.839416087963548e-4
	2.7803818331119384e-4
	2.798608572897239e-4
	1.9366760674135243e-4
	1.6164300064465295e-4
	2.3530084831716123e-4
	1.290372098191294e-4
	2.615321888370546e-4
	2.472976205631682e-4
	2.3225027043489657e-4
	1.3671016795302037e-4
	2.12885961152535e-4
	1.9173750839267159e-4
	2.0938776155841047e-4
	1.7134043539607311e-4
	3.2663894616512403e-4
	1.916928859304873e-4
	2.2751825178155168e-4
	2.1515212081555057e-4
	1.859817232287819e-4
	2.4360224379476255e-4
	2.0538213814867644e-4
	1.5346572523526833e-4
	2.572432949829498e-4
	1.1671914074340469e-4
	2.0221971707388246e-4
	2.2915608862942154e-4
	1.6270414506670735e-4
	2.1423182563779972e-4
	1.6432127869857479e-4
	1.9765750823835476e-4
	1.3563771138851478e-4
	3.1718594264831096e-4
	1.1365560157979093e-4
	2.20872571378553e-4
	3.323897937139359e-4
	1.5519795185694508e-4
	1.3378486265599147e-4
	2.5432354495586904e-4
	2.9054228398468963e-4
	0
	1.6753987642575353e-4
	2.909233072363686e-4
	2.7660555735891415e-4
	2.3146072183575595e-4
	4.3882037074993594e-4
	2.3427798854676427e-4
	2.511712312885822e-4
	2.9633093454831247e-4
	1.437504283909318e-4
	1.762760428378742e-4
	1.8429517649920683e-4
	2.7237348652220546e-4
	1.437011144175329e-4
	1.9789808825885466e-4
	2.149121053768041e-4
	1.7183730930152438e-4
	2.507187497804086e-4
	2.4826733443656225e-4
	1.377399569946651e-4
	2.894321124260908e-4
	2.1951905960052829e-4
	2.663014427970946e-4
	1.7728135696662079e-4
	0
	2.503929026030921e-4
	3.1589877626953965e-4
	3.693561252078845e-4
	2.4275791294861665e-4
	1.6000112718489527e-4
	1.8811933423549968e-4
	2.167883789186541e-4
	1.3944702406351687e-4
	2.5433652170330846e-4
	1.6715905538723262e-4
	1.0375407034144569e-4
	2.8918345087443803e-4
	1.8435852930081802e-4
	1.450661446720569e-4
	2.1857326644958203e-4
	2.197930687128102e-4
	1.75061119553234e-4
	1.526368360312589e-4
	1.8476114745040622e-4
	2.0434598134109151e-4
	2.2741453507794132e-4
	2.4010498009627152e-4
	2.7714815118630594e-4
	1.6384437418901377e-4
	3.1072613739447643e-4
	1.4266056505912652e-4
	2.859696171733449e-4
	1.4693846489087807e-4
	1.3795492713683538e-4
	2.3315813062035675e-4
	1.7278199412752737e-4
	9.434839591193662e-5
	3.9816727757558746e-4
	1.7589571114376472e-4
	1.95692992746042e-4
	4.38356515986215e-4
	2.0248583961294966e-4
	2.7915296187778414e-4
	2.7713201484868264e-4
	2.4211087649606596e-4
	1.3106801413944363e-4
	2.6227089226822593e-4
	1.765853652219154e-4
	4.035604922432808e-4
	2.1521203224081052e-4
	1.2102867701493136e-4
	1.5680159734238384e-4
	2.234583205061971e-4
	3.8066830687106217e-4
	2.3563880990111144e-4
	1.7651639050041688e-4
	2.5620628878116167e-4
	1.98411823681522e-4
	2.2677355395916662e-4
	2.3804876602234542e-4
	2.0691566086007143e-4
	1.7766185045491517e-4
	1.5955659304912501e-4
	1.7841039736796155e-4
	1.636698282777348e-4
	2.633110286715236e-4
	3.284323049380462e-4
	2.0384878830711792e-4
	1.8769490741656533e-4
	3.1199355404197977e-4
	1.193254056484632e-4
	1.9726338097459387e-4
	2.4308427684667467e-4
	1.982794320270381e-4
	2.149998219655102e-4
	1.2930685920973324e-4
	1.8029850124267786e-4
	2.9218187820257086e-4
	1.3733836878660605e-4
	1.2814931895127512e-4
	1.9673091236981148e-4
	1.881834498403547e-4
	2.872713924514093e-4
	1.7137388896514824e-4
	1.368100182056156e-4
	2.526673597890551e-4
	1.7422882257644613e-4
	1.943246199574067e-4
	2.558857907290631e-4
	1.9759843593611178e-4
	2.4771784090575795e-4
	1.9065007624568506e-4
	2.2246048087500535e-4
	1.358421148988037e-4
	2.821284434069138e-4
	2.5711169845309606e-4
	2.56665600713195e-4
	1.3607371733186793e-4
	1.9248713029571563e-4
	3.4885285395986205e-4
	2.2785284517522832e-4
	2.1133908329669805e-4
	3.3019203764636973e-4
	2.2969156403847106e-4
	2.822343015737973e-4
	2.672871351019542e-4
	1.6198332918876637e-4
	2.2799516327345881e-4
	1.2062870758106495e-4
	2.500487051980783e-4
	1.9517608149871663e-4
	1.6557382685068812e-4
	1.684093401785683e-4
	1.9244215606630964e-4
	2.705601901500361e-4
	2.0335588546371803e-4
	1.9141870346839606e-4
	4.2164167184462626e-4
	1.380824475382648e-4
	1.2600592468605242e-4
	2.8944944485464666e-4
	2.3403769953417037e-4
	1.4084385613535096e-4
	2.088430730607954e-4
	1.3109275380913008e-4
	1.751295705517132e-4
	1.673309977802603e-4
	0
	1.8103889133046162e-4
	1.1696100764588712e-4
	2.0664258955666468e-4
	2.046699319274247e-4
	3.01130998578211e-4
	1.4553896801951688e-4
	2.118288984342127e-4
	2.2762188606385e-4
	1.8251597779356864e-4
	1.97956251941078e-4
	1.5642687170867368e-4
	1.6155538100362445e-4
	3.236207208174526e-4
	2.725767146376368e-4
	1.6136503846314568e-4
	1.75433677220867e-4
	3.081437548828728e-4
	1.917734752799146e-4
	1.0636795045034291e-4
	1.5663991138854672e-4
	3.085783021223086e-4
	1.773577012041228e-4
	2.3574194060810432e-4
	1.7377564852181192e-4
	2.308075276539804e-4
	2.2066159989041467e-4
	1.6892880953927204e-4
	1.9251510133204484e-4
	1.6574002033795755e-4
	2.534303671441011e-4
	2.0427202221394116e-4
	2.4066845942391797e-4
	1.6483802674854887e-4
	2.0787593487618804e-4
	1.3879255390275496e-4
	2.0156865714686872e-4
	2.825765853061321e-4
	1.6294194195995497e-4
	1.807689849225337e-4
	2.443959214469655e-4
	1.9954975759362004e-4
	2.2253822063644704e-4
	1.3399032039952596e-4
	3.1189346898130186e-4
	1.8919434263086696e-4
	2.6807069139187076e-4
	1.7126332428323303e-4
	2.1709426343761887e-4
	2.077322597240561e-4
	2.5562386443786153e-4
	2.3405143011651753e-4
	2.791101296586594e-4
	2.401949361828109e-4
	1.9830275340784265e-4
	2.9474842986360213e-4
	1.424931583091052e-4
	2.675753970166005e-4
	2.4582573189411316e-4
	2.404483152205024e-4
	3.006384458578893e-4
	1.929471528124789e-4
	1.637216516819314e-4
	2.519947762557132e-4
	2.7601957531671643e-4
	2.3019394672046836e-4
	3.0119303143551316e-4
	3.005189698373528e-4
	1.742109964250928e-4
	1.9034641427181166e-4
	3.0472365567984355e-4
	2.73348379116816e-4
	1.2264157175018837e-4
	1.4596327338885074e-4
	3.419040541582257e-4
	2.1055112286555728e-4
	1.4214581514925857e-4
	2.6231061139268065e-4
	1.7835507279991613e-4
	3.2344409563623254e-4
	1.184892916971439e-4
	4.8540470303019026e-4
	2.1805400913917886e-4
	4.173006970770219e-4
	0
	2.8755117346071095e-4
	1.6114083941639224e-4
	1.75845092805737e-4
	2.1163510536121823e-4
	2.1129227817267087e-4
	2.893515115663671e-4
	1.6462945595490907e-4
	2.560078111427978e-4
	1.8447410421516705e-4
	1.5604685166451969e-4
	2.2298488412187865e-4
	1.1985755783728486e-4
	0
	2.510375942825662e-4
	1.6455610801675535e-4
	1.6851227301473566e-4
	2.57817751827397e-4
	1.5889396870720664e-4
	2.651086537951369e-4
	2.140278537768956e-4
	1.341438801708008e-4
	1.641196187382278e-4
	0
	2.4117911305995726e-4
	1.469913730012976e-4
	1.1902904370912524e-4
	3.5183610521578304e-4
	3.5856499549741363e-4
	2.2828655784605477e-4
	2.4989961542492027e-4
	2.1127613076328138e-4
	0
	1.3467269900660172e-4
	1.90964835263942e-4
	3.9748775660447316e-4
	1.837540877000685e-4
	3.3662161139211565e-4
	1.5310261515178515e-4
	1.4627362406139963e-4
	2.463686507385593e-4
	1.4321296283103952e-4
	1.9550968224934755e-4
	1.236174272192271e-4
	0
	2.740042972406423e-4
	2.8363527726471506e-4
	1.6220231904100742e-4
	1.3869568857874327e-4
	2.3761550559013052e-4
	1.7468989979303726e-4
	1.7875319368254212e-4
	2.0987767795987248e-4
	2.2752480945742855e-4
	1.8310982587921594e-4
	1.4276033411448274e-4
	1.8404049223432227e-4
	2.842265279314131e-4
	2.675607924518592e-4
	1.5097893065782946e-4
	2.3691278952528465e-4
	3.276509762778703e-4
	2.3176643526400879e-4
	2.259387273688681e-4
	2.9794195208400254e-4
	2.591220385224218e-4
	2.2451791557260987e-4
	0
	1.6230577373363626e-4
	2.4263109712565213e-4
	2.3936295479219506e-4
	1.5164312969013143e-4
	1.5650415094714486e-4
	1.3023889359658564e-4
	3.9682310530084696e-4
	1.3880770337325966e-4
	1.5179788682497086e-4
	2.265193461858289e-4
	3.1772235167986437e-4
	2.45357628409076e-4
	2.4098445114938114e-4
	2.37128521636408e-4
	2.1382352904673307e-4
	1.275557954431789e-4
	2.4013858468763222e-4
	2.3131010174082874e-4
	1.9997323756944983e-4
	1.3499120771776605e-4
	2.637670048215354e-4
	3.1533787870463944e-4
	1.2057193463977289e-4
	2.660308270253214e-4
	2.0369591643657303e-4
	2.6219521217199184e-4
	2.5201414452836617e-4
	2.1096219261591132e-4
	1.8152957000726902e-4
	2.764776036902449e-4
	2.559654429848658e-4
	2.663318085463329e-4
	2.647050274853808e-4
	0
	2.456671591396531e-4
	1.1496139866555055e-4
	1.3898654022323565e-4
	2.38017293229147e-4
	2.3084250854682e-4
	2.1026450881755058e-4
	2.543088564599925e-4
	2.4639351048601633e-4
	1.4585050547455695e-4
	1.6055978938966643e-4
	3.193595882063476e-4
	1.1961459460779671e-4
	1.5064368811080613e-4
	3.001855467477391e-4
	2.4940709056538076e-4
	2.276546148782284e-4
	1.574492428458126e-4
	1.9628969615713648e-4
	1.4122179014840636e-4
	2.2909018838244519e-4
	2.747692223550638e-4
	1.6095814882808758e-4
	1.727498020711252e-4
	2.375944859804204e-4
	2.901023494652455e-4
	2.621542218082268e-4
	1.0488701033262077e-4
	3.5654952992932926e-4
	2.730745582623678e-4
	2.517374279253587e-4
	2.0840342089067563e-4
	2.144517126027485e-4
	1.934483454416833e-4
	2.440682790890492e-4
	1.8879807184617187e-4
	0
	2.4705721020624696e-4
	2.0691147370093855e-4
	2.193717742850513e-4
	2.4746319997323335e-4
	1.3821054010458271e-4
	2.0190560983492765e-4
	2.592016732777873e-4
	2.071746800817708e-4
	1.481679130854764e-4
	1.598167287282878e-4
	1.7365254722684725e-4
	2.6393017606496686e-4
	1.8050165540487527e-4
	1.9650718060623288e-4
	2.1391506204053085e-4
	3.365210190662584e-4
	2.133704883213568e-4
	1.9973258913901626e-4
	3.491962774629186e-4
	2.364372950628586e-4
	2.0405578623880892e-4
	2.1185972774377998e-4
	3.125455819603103e-4
	2.1127605856481263e-4
	2.111674882182301e-4
	2.575728220751059e-4
	1.6651492893279916e-4
	1.720427868606827e-4
	3.009913922032613e-4
	2.0024899171727263e-4
	3.2607008918733154e-4
	3.3582161085793583e-4
	3.921244360680847e-4
	2.967096155037172e-4
	2.0816245074894632e-4
	2.138377724126771e-4
	1.360767617631443e-4
	2.4014203121493634e-4
	1.7264532233324985e-4
	3.910118700751662e-4
	1.8673660841116052e-4
	1.430900879780128e-4
	2.679216001888312e-4
	1.7816216611781568e-4
	0
	1.362604782947013e-4
	2.0221750296143046e-4
	1.159972580106814e-4
	2.6627666740931924e-4
	1.8082939904390854e-4
	2.563501625284704e-4
	2.640493658489243e-4
	3.4025255518716445e-4
	2.7303349128525765e-4
	3.2779963445377205e-4
	2.3314130930146765e-4
	2.6529020511670043e-4
	1.6616665808826526e-4
	1.4058750440160272e-4
	2.2818896914255748e-4
	1.920351738295789e-4
	0
	3.2722529844446613e-4
	0
	2.066081625269271e-4
	2.0895797881121254e-4
	1.9215433128222237e-4
	3.149719176552176e-4
	3.0323524503520085e-4
	1.992000053932705e-4
	2.0229167584637957e-4
	1.366287846906946e-4
	1.9633291824410252e-4
	2.014764131488962e-4
	0.00016040934159108224
	2.3902741608559564e-4
	1.974279471542586e-4
	1.660857256303208e-4
	2.2594337296599429e-4
	1.825329183973725e-4
	4.4984469198408464e-4
	2.0877367825972298e-4
	2.1869384670284453e-4
	2.554526277393568e-4
	1.5911273847303735e-4
	1.6673307505981344e-4
	2.3837239672395375e-4
	2.5725565443129704e-4
	1.0683076732197045e-4
	2.0543849621776952e-4
	2.003794845738462e-4
	1.6978858072605652e-4
	3.1574575307359093e-4
	1.6446593252909038e-4
	2.539522835289595e-4
	2.5265341453646655e-4
	2.1044296540101572e-4
	2.0795012969467122e-4
	1.289495998724175e-4
	1.4827779702406176e-4
	1.2100462248156393e-4
	1.6870593421984095e-4
	1.2615264423580108e-4
	2.6899436043014964e-4
	1.6869664367973817e-4
	1.5362491130663686e-4
	1.4131720532166604e-4
	1.8687658665192833e-4
	1.6084479053077693e-4
	1.1512273663023568e-4
	2.148141996622924e-4
	2.2160473760754202e-4
	9.05978002953948e-5
	2.0635614632062862e-4
	2.2204456725403413e-4
	1.8770551059558142e-4
	1.6646948345463926e-4
	1.6346707889915404e-4
	0
	1.2558772668107407e-4
	1.6155422623756967e-4
	1.378426499852148e-4
	2.1626572463147336e-4
	2.0585453732767465e-4
	2.905582949248848e-4
	2.5377983174290056e-4
	2.4097194701390914e-4
	1.5063801925576238e-4
	2.1225220249569224e-4
	2.7455364322002333e-4
	1.4289751842292884e-4
	2.3002781914338588e-4
	1.130877072879802e-4
	1.6338933878286697e-4
	1.8651606622552334e-4
	1.2226865002990127e-4
	3.147331269820812e-4
	1.64409723546894e-4
	1.7112347545408772e-4
	1.8947852678235141e-4
	1.8319800693712191e-4
	0
	2.027636860912835e-4
	2.3147411892722867e-4
	1.4266190940967732e-4
	1.8162170661366748e-4
	2.462450640785425e-4
	1.791806083495243e-4
	1.725024843522315e-4
	1.0804508789012449e-4
	1.9462151613493448e-4
	1.6794437523490077e-4
	2.5894220727605517e-4
	0
	2.3087064634959417e-4
	2.9263501537665505e-4
	2.5032492555823754e-4
	3.208222018994678e-4
	3.954824202951482e-4
	1.2583277886072172e-4
	1.9350192624900342e-4
	2.973852030405525e-4
	1.9159365214666162e-4
	1.355632086267286e-4
	1.919742102276534e-4
	1.8587283309008356e-4
	1.5873537200119826e-4
	3.032442345448562e-4
	1.9557099278802797e-4
	2.2440160670582425e-4
	2.0557408422926745e-4
	1.4588715347287027e-4
	1.9291061631282656e-4
	1.481838863724914e-4
	1.9463640894825288e-4
	2.408616875177915e-4
	2.6469851040304443e-4
	1.6938094116922075e-4
	3.3775365252563985e-4
	0
	1.444783193590337e-4
	2.2873628130512337e-4
	0.00025910594432995145
	1.916560483388182e-4
	1.7802451971433715e-4
	2.993460384742907e-4
	1.823714026610779e-4
	1.8245413153759193e-4
	1.3264042560960242e-4
	2.1826520065994456e-4
	2.650094847168317e-4
	1.7748979881432601e-4
	3.48177323181958e-4
	0
	3.220474768144358e-4
	2.2974342584259055e-4
	2.999434816842731e-4
	2.3781818530635402e-4
	1.782150907391868e-4
	1.5841051985482075e-4
	1.6816237502016677e-4
	2.5781120502628186e-4
	2.2623594452762626e-4
	3.9488603602354407e-4
	1.7495266658104432e-4
	1.272253043544837e-4
	2.7722409194881457e-4
	2.3455567647106298e-4
	3.4545103132528355e-4
	3.015539851593915e-4
	1.7316987305679988e-4
	2.9613531670459543e-4
	1.959939593517324e-4
	1.6013653089740434e-4
	2.7568907849499156e-4
	2.788558935230607e-4
	3.6230817372799357e-4
	1.7541576936338295e-4
	2.533880043979545e-4
	4.934148096790296e-4
	1.5161185028440596e-4
	1.9572507744313212e-4
	2.7469809893291235e-4
	1.5387488854003422e-4
	2.2097074675380218e-4
	1.5506716258560814e-4
	1.5677049743913194e-4
	2.149280864161291e-4
	1.7823811062919002e-4
	2.2007069959129592e-4
	2.152585255584481e-4
	1.853953871984757e-4
	1.3849812279122353e-4
	1.2460736444313335e-4
	0
	3.566972787261255e-4
	3.0801941071479673e-4
	1.8443763468588948e-4
	2.0075877848178605e-4
	1.5315795680212284e-4
	2.0112762852208637e-4
	1.6625765755380178e-4
	3.2577823728480133e-4
	1.7084216209118855e-4
	1.4621731421638943e-4
	1.3662525811529127e-4
	1.245518194732967e-4
	0
	1.9488726576376132e-4
	2.7354286566492266e-4
	2.4024456516238792e-4
	2.5910168524163386e-4
	2.0078402963942386e-4
	2.1827012882870788e-4
	1.7286784182496748e-4
	1.8893562826948333e-4
	1.6196551137636999e-4
	1.3041113105044858e-4
	2.402131314554158e-4
	1.644157444068885e-4
	1.663684621253967e-4
	1.913935074121289e-4
	2.808894721316852e-4
	2.5605215266093104e-4
	1.458816985503549e-4
	1.6547657248112404e-4
	1.771023073488286e-4
	2.4521389288912417e-4
	3.577480989553458e-4
	2.432694876383268e-4
	1.709739335154416e-4
	1.840973847583537e-4
	2.1109697622008968e-4
	1.777957523529006e-4
	1.7142727017794925e-4
	1.4541892935974847e-4
	2.0981505068183917e-4
	2.936717344713355e-4
	2.4550883048656013e-4
	2.314586632789048e-4
	3.442497041365218e-4
	1.6549356028964994e-4
	0
	1.5704595146594016e-4
	1.2924162159829843e-4
	1.611217570580348e-4
	2.803864331629572e-4
	2.9431091652800035e-4
	2.0848761154156002e-4
	2.2425433667196254e-4
	2.1985497912561155e-4
	0
	2.2855020186755327e-4
	2.255754555034852e-4
	3.0517807037790096e-4
	2.314366382819425e-4
	1.8174499324973825e-4
	2.814012383546638e-4
	2.509759904351715e-4
	3.0859176926131273e-4
	1.3566799265389012e-4
	3.433978494401509e-4
	1.7549173468002434e-4
	1.5926200321657487e-4
	1.6793137659876307e-4
	1.815885701036195e-4
	2.2096637354161735e-4
	0
	1.0562557717413957e-4
	1.6231508650441337e-4
	2.6338032930437193e-4
	0.00023884001944177071
	2.021653309560059e-4
	2.422930863674083e-4
	1.7195971593790224e-4
	2.866688815810656e-4
	1.2367172506167067e-4
	1.7718644350993835e-4
	1.6290648179563934e-4
	1.8758626410968348e-4
	2.1010886127488144e-4
	2.1311258425565793e-4
	1.5974815745371465e-4
	3.8018189620793165e-4
	1.5687544440157671e-4
	2.2618903878996892e-4
	1.5874147258300425e-4
	2.2963982604247229e-4
	1.6782067480199816e-4
	2.3003981328681127e-4
	2.158201697207257e-4
	1.3433793011395943e-4
	1.9779131034260183e-4
	3.036451632080995e-4
	2.467148471013609e-4
	2.3619165256906466e-4
	2.0830614518579905e-4
	1.372114396714166e-4
	2.0560546381993456e-4
	2.0214557251149642e-4
	1.7104213180848643e-4
	2.182832320247274e-4
	2.3509179638587613e-4
	2.522073925531025e-4
	1.7407051905128762e-4
	1.985368229110952e-4
	3.474984784125645e-4
	3.1605159239355405e-4
	2.4070291877856167e-4
	1.300630979775367e-4
	1.5977845020036314e-4
	3.2787652822235713e-4
	1.5832789647860645e-4
	1.9960368187745678e-4
	2.6317257258899043e-4
	1.6329814859391217e-4
	2.1193351831730954e-4
	2.3505206976789803e-4
	1.1870109863038114e-4
	2.1666956797401782e-4
	1.946307288336831e-4
	1.936237176093358e-4
	1.9805087199657788e-4
	0
	2.3558693890550353e-4
	1.58772777544721e-4
	1.8683509451145248e-4
	3.150057749333649e-4
	1.6910351288377997e-4
	2.3794536776368188e-4
	2.1117965081251996e-4
	2.2259291788699696e-4
	2.535674262951868e-4
	2.512730016477156e-4
	3.339613686775517e-4
	1.5706548600172827e-4
	1.8192735947873727e-4
	2.1694656119187382e-4
	1.7766916311811413e-4
	1.934777452999941e-4
	1.6720952573517312e-4
	1.4648835301275362e-4
	1.2642473619437413e-4
	2.552039124430975e-4
	2.463151721709943e-4
	2.0039163886898992e-4
	2.664994555168276e-4
	2.491379672544739e-4
	1.3462620615000152e-4
	2.0880316722868172e-4
	1.5727529048384985e-4
	2.5262824926621945e-4
	2.118097554845452e-4
	2.624043048300917e-4
	1.759516072656247e-4
	1.329704620471682e-4
	2.0132313826936706e-4
	2.099132220861441e-4
	1.3392927816119037e-4
	1.581515012157027e-4
	1.7681156269737055e-4
	2.3121616712255236e-4
	1.8090117561923245e-4
	2.361444297438999e-4
	1.4323582672435796e-4
	1.7535221226026783e-4
	2.2913062758892985e-4
	2.087560155471963e-4
	1.9763147508915905e-4
	2.2631604822151782e-4
	1.710859402455752e-4
	1.8619351268847e-4
	1.3351137648996044e-4
	0
	2.7758602581558174e-4
	2.3807889301100875e-4
	1.530552325796126e-4
	2.4376924414217305e-4
	1.9981809455138044e-4
	1.9160237231840267e-4
	1.3141981100487062e-4
	1.6765435358797332e-4
	2.506275374470417e-4
	2.1532194059149115e-4
	4.2144836562983245e-4
	3.660593723039862e-4
	2.540387472207811e-4
	1.1966035446178611e-4
	2.195359962639093e-4
	2.0979835289829078e-4
	2.0586234827207642e-4
	2.2201007065999448e-4
	2.0153155389299459e-4
	1.861696697347937e-4
	2.1566462851432792e-4
	3.353867450869864e-4
	1.9025614881238738e-4
	1.621481726360812e-4
	1.3180441135935176e-4
	0
	1.4163609110271952e-4
	1.7706097727657237e-4
	1.7681139234968442e-4
	2.650036518236359e-4
	9.59913278227043e-5
	0
	2.0870041163514552e-4
	2.513222274766181e-4
	1.7750562144243237e-4
	1.2646722901032596e-4
	1.8439693361812983e-4
	2.058636641735805e-4
	0
	1.881653249059221e-4
	1.9087617462493477e-4
	1.3719095219802817e-4
	1.0502758676965226e-4
	2.4789221769525043e-4
	3.112583665773198e-4
	2.9316322784187144e-4
	1.571998776277998e-4
	1.572384894515281e-4
	1.2965135063184314e-4
	1.2572555667259662e-4
	2.6243751726244086e-4
	2.0712983089374458e-4
	4.29211786293163e-4
	1.330759293820114e-4
	1.5383459421526151e-4
	1.1935836986243777e-4
	1.896973419832924e-4
	1.8250113196825726e-4
	2.1275997748135397e-4
	2.2708947919292084e-4
	1.8594584287658867e-4
	1.791868018188851e-4
	2.3998298671054608e-4
	1.3658052353463396e-4
	0.00018868114225710101
	1.422222458102521e-4
	1.9116975320507504e-4
	2.3367333346531634e-4
	2.0904885061988007e-4
	2.1288473029812857e-4
	1.748739439065593e-4
	2.3254052731656112e-4
	2.4006774535208816e-4
	1.4036117432691893e-4
	1.7882421753472006e-4
	2.7247565041448404e-4
	1.7069325030852366e-4
	2.864806223115023e-4
	1.7953518337913608e-4
	2.7546310162241105e-4
	2.3178512637862258e-4
	1.7424639828204937e-4
	1.8321154017655498e-4
	3.9612500270926694e-4
	2.4041487195468182e-4
	2.674244898540623e-4
	2.0823274506730156e-4
	1.5698292548728531e-4
	1.7806432223268118e-4
	2.670383662720174e-4
	1.704674486152318e-4
	1.7025309133030436e-4
	2.013459913909657e-4
	3.396351509062506e-4
	2.166573912590933e-4
	1.339489351268009e-4
	2.262164139945959e-4
	1.9334346879240836e-4
	4.1644762521424145e-4
	2.2555121590988938e-4
	2.668657460212026e-4
	1.2962743546671236e-4
	1.5482259695442392e-4
	1.9743925692159475e-4
	1.5896963890575552e-4
	1.3512755414466505e-4
	1.7854142554775334e-4
	1.7842638678094189e-4
	1.9397020171238715e-4
	3.13435210405526e-4
	1.5717268093007499e-4
	2.1262741522646287e-4
	1.951569693611967e-4
	1.0007931960141712e-4
	1.2560544601268456e-4
	2.5458660626600816e-4
	1.418775661378205e-4
	2.3625430900546234e-4
	2.0858693507061157e-4
	2.4237128916110737e-4
	0
	1.880554770844227e-4
	2.208967267334482e-4
	1.5183590133791136e-4
	1.802170335330656e-4
	2.825048751498039e-4
	2.128612338415442e-4
	1.307206831060241e-4
	2.0533443516498594e-4
	1.7236139247493577e-4
	2.281706171257797e-4
	2.4428456850393023e-4
	1.2910457897279018e-4
	1.1869046301327829e-4
	0
	1.5515568117664046e-4
	2.7725069996369377e-4
	2.0411309568096707e-4
	1.8871819833856342e-4
	2.1527125986770307e-4
	2.1062838709538277e-4
	1.6922715126236284e-4
	1.9153463640000858e-4
	3.137573987184115e-4
	1.859640648920571e-4
	2.2895207044228461e-4
	2.871732195423228e-4
	1.84465413846163e-4
	2.1200225257013823e-4
	2.8206608962925224e-4
	1.131073101070983e-4
	3.9370951878235064e-4
	2.301137738658552e-4
	1.94035202089783e-4
	1.7486582903569015e-4
	2.4914298260182114e-4
	1.144997608658498e-4
	1.8066406686930293e-4
	2.220368767941415e-4
	2.699011445636277e-4
	2.003059007722224e-4
	3.843463360348487e-4
	1.3046796223140493e-4
	1.5909276290127406e-4
	1.3978592527394266e-4
	1.7074974928972037e-4
	1.7303852950842173e-4
	0
	3.065031443361736e-4
	2.2730624715106904e-4
	2.052800455316302e-4
	1.3366671954818905e-4
	0
	2.336731068027839e-4
	1.8043714412446836e-4
	2.385255199513022e-4
	2.2498542385397392e-4
	2.853175424931613e-4
	2.737572493869229e-4
	3.397745212782677e-4
	1.8911639657531425e-4
	2.5091961819310375e-4
	3.830886748041823e-4
	1.7440367855975394e-4
	1.7806631207144253e-4
	1.1746634933629487e-4
	1.446563453634798e-4
	2.73652950340441e-4
	1.42948905286343e-4
	1.6557559352725106e-4
	1.954780140267606e-4
	2.7631592277064187e-4
	2.0724342833826765e-4
	2.1141825492272497e-4
	1.2004133812855285e-4
	3.132323317184243e-4
	1.7226179666060006e-4
	1.6369245406336883e-4
	1.895985386309016e-4
	3.1924670288407877e-4
	2.381828943152844e-4
	1.980151411641938e-4
	2.44491024993649e-4
	1.9113986604405667e-4
	2.798152311102157e-4
	1.96340947979904e-4
	2.0995641026135258e-4
	1.9922647015476998e-4
	2.907483786677196e-4
	1.942181873896114e-4
	1.8815977951968207e-4
	1.5813306277488316e-4
	2.1894076339550142e-4
	1.7255646253023715e-4
	2.03705652717626e-4
	2.427613101693658e-4
	1.527912110713143e-4
	1.5401413783044812e-4
	0
	2.9216129442831044e-4
	3.0623659028910995e-4
	2.278379973430582e-4
	2.1486327191044715e-4
	3.347206779860481e-4
	2.7987596101749834e-4
	1.678740953068825e-4
	0
	2.3955647327575025e-4
	1.5905434254284972e-4
	3.505901660851923e-4
	1.3050118262098974e-4
	1.9042609990747977e-4
	0
	1.1638356935437052e-4
	1.7830951793583e-4
	3.1438614528674856e-4
	2.481302973709925e-4
	1.979526061927258e-4
	1.377355607034009e-4
	1.8810735985849385e-4
	1.7837457974329596e-4
	1.788480066517151e-4
	2.963650159594583e-4
	2.770305905055485e-4
	2.192539279403204e-4
	1.8690722428739344e-4
	2.1844964893711618e-4
	3.2693557625602774e-4
	1.5494406775731106e-4
	1.630401604651955e-4
	2.77267633770184e-4
	1.0514982675858387e-4
	2.060562369049023e-4
	0
	2.9391438302391797e-4
	1.6468294767197267e-4
	2.769247735540344e-4
	3.560830387669425e-4
	1.2935488456020423e-4
	1.6755881614962913e-4
	2.821486428927301e-4
	2.3950531044694456e-4
	1.4326738282278002e-4
	1.785291376595959e-4
	1.4171724462971682e-4
	1.778173028592895e-4
	1.9194730374624415e-4
	1.4391868060341628e-4
	2.094638701825991e-4
	0
	1.3242855694429567e-4
	1.9358479692281778e-4
	1.3897602865696045e-4
	1.3055444152825746e-4
	1.7402273718218164e-4
	0
	1.9750970836880479e-4
	1.5972974427563513e-4
	2.26445727719299e-4
	2.2514410314792207e-4
	1.4746718931534528e-4
	2.523819611870899e-4
	0
	1.5698233790750038e-4
	2.48679949412034e-4
	1.5728476637583768e-4
	1.2925330473391856e-4
	2.712849396269976e-4
	1.4763683229565506e-4
	1.9113581087006951e-4
	2.0278321392732122e-4
	2.2203753964150205e-4
	2.070915226781859e-4
	2.1992749607860986e-4
	2.4440487706662607e-4
	2.834175170434487e-4
	4.270761855403471e-4
	1.931494668362392e-4
	1.9259705814503328e-4
	1.7291548491916666e-4
	2.2596787283728459e-4
	1.746839449153689e-4
	1.7930114778919436e-4
	2.678359519466544e-4
	2.3034756061989786e-4
	2.1010987737452253e-4
	0
	1.390045705188802e-4
	1.4565589979380347e-4
	1.5847475728897423e-4
	2.8315432635921546e-4
	1.4812379951865994e-4
	2.757497034576779e-4
	1.8447745540945594e-4
	2.6325385351439373e-4
	2.641597368778956e-4
	0
	2.3322134709071694e-4
	1.9519460112226822e-4
	1.5406310919878553e-4
	1.762556078185481e-4
	2.4539170330131017e-4
	2.2175426078770283e-4
	1.527438506876376e-4
	3.284438103769455e-4
	1.4150539035819907e-4
	1.9032655790863996e-4
	1.6709899731698384e-4
	1.6183513712454312e-4
	1.7647302374404253e-4
	2.3749203449361728e-4
	3.004708251747499e-4
	1.8415967150449137e-4
	1.9711523705881305e-4
	1.8912259123523922e-4
	2.4735329412468616e-4
	2.426799436660879e-4
	1.9761632487898741e-4
	1.5644150767155895e-4
	1.4112424196219308e-4
	1.5773288657873493e-4
	1.6829641649869292e-4
	2.4028208268521393e-4
	1.2058098194159412e-4
	2.0588557269727095e-4
	1.808049834035498e-4
	1.506447562086659e-4
	2.0616980573069784e-4
	1.1668174738549506e-4
	1.671788807573978e-4
	1.5372821787513187e-4
	2.3360978661906656e-4
	2.3456471440396043e-4
	2.6153515180019846e-4
	1.9310730024833526e-4
	2.2041148962532499e-4
	3.179542303341205e-4
	2.5477098962252225e-4
	1.2033002502655565e-4
	1.2785575295399743e-4
	1.7652883341328499e-4
	1.6205237961881177e-4
	1.3439236243551538e-4
	1.9940946892546213e-4
	2.1639403363365127e-4
	1.309943585199615e-4
	2.288398355192788e-4
	2.246841291711816e-4
	2.593468269244808e-4
	1.264701619343516e-4
	3.317999661150309e-4
	2.0237804569064072e-4
	1.3565877419642258e-4
	1.747538850852127e-4
	3.473653647836753e-4
	2.9920163351010773e-4
	2.2145745613746592e-4
	1.5164134343482368e-4
	1.8598379235204674e-4
	1.847334590189117e-4
	3.242902145217056e-4
	1.3638926205521815e-4
	2.3080653274545247e-4
	2.0867369568585074e-4
	2.5483723068852227e-4
	1.8075431884847102e-4
	1.098336026695165e-4
	1.7314816577138306e-4
	1.485806934270303e-4
	2.0439665955425252e-4
	2.160193559069058e-4
	2.372132810691348e-4
	2.2717592423195237e-4
	2.0720793081579353e-4
	2.1646217045019527e-4
	2.8607062166125197e-4
	2.2036261379461405e-4
	1.6072189645144425e-4
	2.8370694841564013e-4
	1.6868111492429968e-4
	2.257737428526694e-4
	4.176973053698337e-4
	3.5712108948873723e-4
	1.7509575671105471e-4
	1.8782484389926268e-4
	2.1495012922194843e-4
	1.9500315666898713e-4
	2.72784522041895e-4
	3.5112442834326144e-4
	1.7849543099846498e-4
	2.9650954598709075e-4
	1.60229533727984e-4
	1.2039911690182036e-4
	2.0029388626613675e-4
	2.3598042271456095e-4
	0
	3.65259174106795e-4
	1.663710066902556e-4
	1.7362233845833011e-4
	1.595794234352472e-4
	1.5616941898655628e-4
	2.122137552026511e-4
	1.6369589128158475e-4
	1.1458794992891956e-4
	1.9010612290621605e-4
	1.4972709327371977e-4
	2.1602753056055272e-4
	2.3970219777436942e-4
	2.709588661677789e-4
	2.16901737903284e-4
	2.9336065900938287e-4
	1.9492201289465265e-4
	1.9077472843435228e-4
	1.627862107793296e-4
	0
	1.2085576198337831e-4
	2.0873913680439932e-4
	3.330865622529425e-4
	1.7421490082720044e-4
	1.495848213704175e-4
	2.440667959868097e-4
	2.1989044205477366e-4
	2.0099324404861663e-4
	2.124964904871527e-4
	1.6520206442775318e-4
	3.4268949192377355e-4
	0
	2.0255107132794318e-4
	1.6975202532865206e-4
	2.756284455075941e-4
	1.5659367723512506e-4
	3.264262267032613e-4
	0
	1.3877274051601676e-4
	2.1174515734386342e-4
	1.847889414540678e-4
	1.3049785017590806e-4
	1.4138421010759743e-4
	3.1436759831095473e-4
	1.4097435153720544e-4
	1.6206507371491202e-4
	2.1852761040552372e-4
	3.4679408822291957e-4
	2.1156136713275888e-4
	0
	2.0167011442151318e-4
	3.777717897947739e-4
	0
	2.0433097382752206e-4
	2.498246076651213e-4
	1.749201542495546e-4
	1.418146368387038e-4
	1.5542258141609724e-4
	1.826061954915664e-4
	2.811024028635532e-4
	1.811134084601658e-4
	2.2349307724924038e-4
	1.7898103277298467e-4
	0
	2.7526954041887114e-4
	2.76953267975964e-4
	1.3591040123834346e-4
	1.3077544191765969e-4
	3.139300807726853e-4
	2.1100761975458295e-4
	2.0828966692691052e-4
	2.2196315530762016e-4
	1.466038575870914e-4
	2.4297455153786886e-4
	2.7723432098736663e-4
	2.75659400433249e-4
	0
	2.3646250323534855e-4
	1.683464943974096e-4
	1.9615991207703776e-4
	2.998195773693415e-4
	2.3336015117495572e-4
	0
	2.1722056465058143e-4
	1.2310833165688222e-4
	3.10547277061714e-4
	2.857018469109771e-4
	3.556435223448979e-4
	2.029895259824165e-4
	1.3668346081766665e-4
	3.159320690847008e-4
	1.980398210951386e-4
	1.8038639326114255e-4
	1.6527883545031555e-4
	1.4683160534349583e-4
	1.4731773495611777e-4
	1.9979086917216052e-4
	1.928801608273496e-4
	1.5400408228015172e-4
	3.932937252526162e-4
	3.4941885345734846e-4
	2.2828293189518773e-4
	1.6180093580842072e-4
	2.1297867076431893e-4
	1.6507465700992628e-4
	1.3557543125939213e-4
	1.7821529371150278e-4
	1.7098294112795324e-4
	2.6358342675879303e-4
	3.0725097817575135e-4
	1.841280469924693e-4
	1.673689157445292e-4
	2.818825090525684e-4
	2.531258973282343e-4
	3.8690756707865874e-4
	1.7265134062565394e-4
	2.919722891658322e-4
	1.3397719542988603e-4
	1.648235190230696e-4
	1.812739704926192e-4
	0.00029437871480747187
	3.856950398195883e-4
	1.8146228525256266e-4
	2.0384249894337032e-4
	3.3538633554389493e-4
	2.4412853541810062e-4
	2.195326675000421e-4
	2.560569719542809e-4
	1.5440173513034237e-4
	1.4124253847960943e-4
	1.6277977222707392e-4
	2.306667342934644e-4
	1.686617429577127e-4
	3.035852310946161e-4
	1.7941328504719615e-4
	3.3217081283229606e-4
	1.4553475569195439e-4
	2.965766701026514e-4
	2.0243892625723255e-4
	1.3620047764087323e-4
	1.1559847183669032e-4
	1.8653393064408806e-4
	1.532299584795719e-4
	1.6881010833360162e-4
	1.4822097548703193e-4
	2.8917962295258175e-4
	3.242656323094415e-4
	2.4571293708268996e-4
	2.311791889418217e-4
	2.28364153929537e-4
	1.9939501155302264e-4
	1.959853678225798e-4
	2.2606311233467884e-4
	1.8862894274191395e-4
	2.2894552845978525e-4
	1.3310308387719203e-4
	2.971520217009171e-4
	1.1673514510960005e-4
	1.8075112718774145e-4
	3.2541688628088275e-4
	2.473697374153408e-4
	1.8681630207453837e-4
	2.0058573565292332e-4
	2.0186973873045046e-4
	2.213701259293382e-4
	1.7485737242284665e-4
	1.8704790218717477e-4
	2.1188110129333638e-4
	1.2655516122516143e-4
	3.0600425114517537e-4
	1.8266886927586815e-4
	3.5505222035903995e-4
	3.0395336767449435e-4
	3.1097720443504565e-4
	0
	3.638316830685173e-4
	3.098383680192331e-4
	2.2603445506136715e-4
	1.9885776840562034e-4
	2.668964062236651e-4
	1.6215410682278065e-4
	2.595183024392851e-4
	1.3911448506595281e-4
	1.6785774971600972e-4
	2.135367229645044e-4
	1.9569148371382118e-4
	2.642324846137438e-4
	2.5946762671574656e-4
	3.255802852996891e-4
	2.2266424429873204e-4
	1.3010973240732223e-4
	1.3574290095625852e-4
	2.1865957491999904e-4
	1.0902004861595322e-4
	0
	2.1303359015837625e-4
	3.731639799420145e-4
	1.7649578353972609e-4
	1.5370172674474664e-4
	1.9685025675909168e-4
	1.2130890563722115e-4
	1.7808054114035226e-4
	1.6952675658016297e-4
	1.4890677333293943e-4
	2.3859109491945076e-4
	2.0702882846990457e-4
	1.8845288336199727e-4
	1.779730630731486e-4
	2.8649424244977124e-4
	2.3410241956623137e-4
	1.6368218759397606e-4
	3.20622693428783e-4
	1.6099026606955708e-4
	2.6039258069141934e-4
	1.5661238031250706e-4
	1.9120999009772691e-4
	1.829560989862396e-4
	2.955861683394108e-4
	2.3164616505159705e-4
	1.9294180739298046e-4
	1.8583272705926713e-4
	1.5351588959172484e-4
	0
	2.8154955076028793e-4
	2.3451988147646865e-4
	3.01896398075469e-4
	1.9984330527464506e-4
	1.986438408256602e-4
	2.1987819133687775e-4
	2.3850336380889947e-4
	3.223599509957735e-4
	1.9503079583432485e-4
	1.3128547996799363e-4
	1.8343503195168348e-4
	1.944104030606076e-4
	4.0412432165325027e-4
	1.8668068447506034e-4
	2.5786894530577085e-4
	1.9819615561250342e-4
	1.6343986477792647e-4
	1.5009637923183602e-4
	1.757170426465795e-4
	1.7416650819465868e-4
	1.918834691594674e-4
	2.079576656745097e-4
	1.4828950378995668e-4
	2.4296102726804522e-4
	2.7865185763101643e-4
	1.86668658651945e-4
	2.0051818368740053e-4
	2.47474801376876e-4
	1.174456260804124e-4
	2.3259414786785718e-4
	3.3164267133889083e-4
	2.3026150376468814e-4
	1.5407937290539103e-4
	2.51201999744826e-4
	2.2200292109113932e-4
	2.9335817961283374e-4
	2.7657287585806993e-4
	2.1701123707043875e-4
	1.1065602751231407e-4
	2.1478332570426257e-4
	2.2082740361632736e-4
	2.556917754564372e-4
	1.9715722070078956e-4
	2.1687672378403576e-4
	1.1891712005149578e-4
	1.540796485253386e-4
	2.387043387394071e-4
	3.3054851285899513e-4
	1.6087821526748316e-4
	1.8292494184053796e-4
	2.8482415083897633e-4
	0
	1.431608911262405e-4
	2.6063696796242025e-4
	1.359156628570255e-4
	4.19036721805672e-4
	2.557952830259326e-4
	0
	2.0527731977272015e-4
	1.9767689249096366e-4
	3.468856854443847e-4
	2.1335791256521394e-4
	2.2420469506978733e-4
	2.6736023188775294e-4
	1.751979524336593e-4
	1.4579437149727422e-4
	2.5804910173698976e-4
	1.7928063148632707e-4
	2.2012904161562754e-4
	1.920878460478917e-4
	2.7283701508332484e-4
	3.182998815156212e-4
	3.548386465082517e-4
	0
	2.2230513384807838e-4
	1.0734905772531732e-4
	1.84689716623486e-4
	3.783557859956786e-4
	2.102351659205767e-4
	2.2853816296457326e-4
	2.9847353538804103e-4
	2.0573319567173553e-4
	2.4428702917601733e-4
	2.279627642902495e-4
	1.8220469878950526e-4
	1.3179250286520034e-4
	2.8956930652774486e-4
	2.6819293726107403e-4
	2.0854950693150896e-4
	1.6355220861309736e-4
	3.6611913397112796e-4
	1.8316125947108344e-4
	2.712602299186586e-4
	1.8379300527082506e-4
	2.2872954540162607e-4
	2.958917665315874e-4
	2.24145660155006e-4
	2.2627371851171373e-4
	1.6438609473514037e-4
	1.7583974027596974e-4
	2.5975707505486456e-4
	3.543421724477531e-4
	3.4761530914731486e-4
	1.339752380277149e-4
	1.763306765952646e-4
	1.6937922726529636e-4
	2.001812533205111e-4
	2.869907565452521e-4
	1.1114251006010011e-4
	2.2714626040167956e-4
	2.0844278105233173e-4
	2.0538436245323406e-4
	1.811309746596933e-4
	3.4080339354057576e-4
	1.4936739569163643e-4
	1.839359817898303e-4
	1.4700476291659462e-4
	2.1256426822988147e-4
	1.2668628561281713e-4
	0
	2.1398367590182821e-4
	2.1201389775679205e-4
	1.7464605025086253e-4
	0
	2.1052566010251617e-4
	2.0362412117447964e-4
	1.8589507389431078e-4
	2.389439642320719e-4
	3.0836722257119393e-4
	0
	1.7221044372129322e-4
	2.0605047201588064e-4
	1.776357745650372e-4
	1.6856220452974327e-4
	2.888632931612712e-4
	2.923840586698515e-4
	1.5157479395276721e-4
	1.489356313073958e-4
	2.1703107014000623e-4
	2.445825752428546e-4
	4.150935608624864e-4
	1.9847812619118536e-4
	2.006688811626415e-4
	2.3475527028124054e-4
	1.3846562380071415e-4
	1.5296044564149856e-4
	1.713303144413515e-4
	2.2723078134180813e-4
	1.8869434989157174e-4
	2.0325708531083455e-4
	2.2103639794100215e-4
	2.0824042960291525e-4
	1.890077720142805e-4
	3.7085101400809433e-4
	4.1216787629201097e-4
	1.825914289651436e-4
	1.6695598444707607e-4
	2.571331600626948e-4
	3.1873065601438467e-4
	2.2634589738763239e-4
	1.7202355192165203e-4
	1.8124142435365265e-4
	2.0483842631271136e-4
	2.5709192228252274e-4
	2.0478019201521186e-4
	1.7539748096758012e-4
	1.8138569224864268e-4
	2.0111542263269306e-4
	2.149158722084325e-4
	1.8450920540923632e-4
	1.0871557816769066e-4
	2.8189872934715823e-4
	2.402652182131559e-4
	1.9259258456930556e-4
	1.8776805556064893e-4
	2.1391662752146885e-4
	1.8842179459203424e-4
	2.1552401648533838e-4
	2.0850522012261105e-4
	1.8705618992145284e-4
	1.7584293597374212e-4
	1.4979705273332684e-4
	1.9808386518859638e-4
	1.66618929167435e-4
	1.9321970161624834e-4
	0
	2.4071362356563203e-4
	2.2013163338036761e-4
	3.170676020553199e-4
	0
	3.0198205392229627e-4
	2.278129082071476e-4
	2.0406148233947035e-4
	2.0731937184525118e-4
	3.2028695123287397e-4
	2.1479069501518236e-4
	3.1820681953234565e-4
	1.5597545567480576e-4
	2.712772069646472e-4
	1.1520856348866778e-4
	1.4429403124942698e-4
	1.8859680374238539e-4
	2.1218650820892625e-4
	2.358026407351966e-4
	2.529124542421861e-4
	2.0953807485531796e-4
	2.772373801307228e-4
	2.2723436407555775e-4
	2.9618082535999053e-4
	2.698990920607264e-4
	1.2644940239893895e-4
	3.372154692899686e-4
	1.387641994277129e-4
	2.876735297027123e-4
	1.8784195715282426e-4
	2.0750485766385745e-4
	2.1877552342218536e-4
	2.001314510794242e-4
	0
	0
	2.586405785889678e-4
	3.160553675122191e-4
	1.2736673023290966e-4
	2.3741647998480486e-4
	1.4706601999671124e-4
	2.5153116966695045e-4
	2.1718236823867643e-4
	2.0377905584708907e-4
	2.8142852364634505e-4
	2.8490821867045485e-4
	2.9374884460832087e-4
	0
	2.0598008456167247e-4
	2.273172782592932e-4
	2.6954136247811413e-4
	1.4900770229784528e-4
	2.264569682776787e-4
	1.9173916335949194e-4
	1.4393383020193623e-4
	1.4744816356128756e-4
	1.3125663745661544e-4
	1.5236950061661196e-4
	1.0774468469697628e-4
	1.9488363186904122e-4
	1.655648599401131e-4
	1.6779763368253222e-4
	2.574871275087449e-4
	1.6428195526896637e-4
	1.735925445681208e-4
	1.4368302886548222e-4
	1.6716431856245476e-4
	2.41214411617922e-4
	2.5283198327223183e-4
	1.7831129034320058e-4
	2.1001101317465965e-4
	0
	1.2045639192094119e-4
	2.6817842603937657e-4
	1.8878682806584406e-4
	1.9939705405125352e-4
	2.4275662658789567e-4
	1.8494608931999843e-4
	1.8572989859717254e-4
	1.7564155800482432e-4
	2.6838809053942485e-4
	2.051928564882204e-4
	1.9998191461873877e-4
	1.5429612782298313e-4
	2.3558471241170848e-4
	1.4964185658217647e-4
	3.2150831935646567e-4
	2.723276792139759e-4
	1.9636068264532723e-4
	2.3728998877833754e-4
	3.2960305818711635e-4
	1.9978531416378563e-4
	0
	1.3109752529037115e-4
	1.790249916493836e-4
	2.1446685964422236e-4
	1.1329554360437785e-4
	3.405940604158618e-4
	2.0983487673438355e-4
	2.0623005137495316e-4
	2.8881205539261936e-4
	3.134989490535291e-4
	1.554613003820529e-4
	1.8364641698425e-4
	1.8571331573398345e-4
	1.6324952148115993e-4
	2.0244936052113887e-4
	2.3640954282218093e-4
	1.4722984711781225e-4
	1.856297140013797e-4
	2.5722397543578184e-4
	3.183708799794862e-4
	2.927519542344011e-4
	2.0937304550370427e-4
	2.496800781754526e-4
	1.2745935833122124e-4
	2.3286763153491442e-4
	1.708641352359999e-4
	1.3257735541040829e-4
	1.7188435036706714e-4
	1.874672126695379e-4
	1.683501871220586e-4
	2.793736443488645e-4
	1.0977601284749679e-4
	3.0785124131909084e-4
	9.69132807646569e-5
	2.2111552820267414e-4
	1.3972919356366805e-4
	2.81592720785795e-4
	2.771206411274299e-4
	1.7369673399160595e-4
	2.6806623577662345e-4
	1.8791128601239473e-4
	1.6525488580663986e-4
	2.4115377733930786e-4
	1.5451972219716903e-4
	1.4993958343161357e-4
	3.2404962549664106e-4
	3.0182326932135184e-4
	2.1444854746648838e-4
	1.562883534728313e-4
	1.2773778248261324e-4
	2.901744203213629e-4
	1.0048076713149652e-4
	1.813716399614637e-4
	1.8335448390225918e-4
	1.4950137282465617e-4
	1.2775303609208134e-4
	1.6335402786261965e-4
	2.4600999448878217e-4
	1.913964347515099e-4
	1.3567476147909347e-4
	1.8093580248497928e-4
	2.703804910044416e-4
	1.7717715206514947e-4
	1.4922125170994932e-4
	1.7469448669172236e-4
	1.7708660339979187e-4
	1.859268007112813e-4
	2.159013413331962e-4
	2.7374817353554426e-4
	0
	0
	1.7405707258552207e-4
	4.2611366906539536e-4
	3.0172615918207875e-4
	0
	1.6550719908977522e-4
	2.4071389005008665e-4
	1.598636674726646e-4
	2.61442947772527e-4
	1.7615915732893154e-4
	1.4483831060160533e-4
	2.3943440902368527e-4
	2.081452368880703e-4
	1.5875352103266688e-4
	2.2174779504632083e-4
	2.2372551738959935e-4
	3.2248844183687157e-4
	2.0580272569164877e-4
	2.2230877252414012e-4
	0
	2.0976059945187258e-4
	1.4218768304778516e-4
	1.5783016019209301e-4
	1.336870243292612e-4
	0.00026162752445251457
	1.890628832794076e-4
	1.863298496626836e-4
	2.70257956604607e-4
	2.132885164412547e-4
	2.479743994026415e-4
	1.9367651210565258e-4
	1.6446811199028903e-4
	1.9499070686217497e-4
	1.6049984262107728e-4
	1.982727941107825e-4
	1.6905034932827748e-4
	2.479060434534896e-4
	1.6384763004119844e-4
	2.759733480636181e-4
	0
	1.7773490837973558e-4
	1.666985357372136e-4
	2.3856045889426118e-4
	2.25963062337818e-4
	3.500312522872718e-4
	1.8429359811864864e-4
	1.431128019976429e-4
	2.1100651107373676e-4
	1.8928629109454305e-4
	1.8461502158471018e-4
	2.0108042071243458e-4
	3.027656456688385e-4
	2.9375622176792607e-4
	1.8871066165359736e-4
	2.4745929786471174e-4
	0
	1.825690079613404e-4
	3.0577179022259025e-4
	3.564361109980487e-4
	2.8758910434055945e-4
	1.0334825946867521e-4
	2.1649093071560673e-4
	1.888878188196717e-4
	3.1272382391955795e-4
	1.5833666169925154e-4
	1.6063449235220707e-4
	2.150712391243899e-4
	2.1522444138603436e-4
	1.5381383283205943e-4
	2.1601449315053603e-4
	2.706238418515291e-4
	2.340856086276243e-4
	2.447886094781655e-4
	1.6907435356417684e-4
	0
	2.450871430019661e-4
	3.437727847223205e-4
	3.264183735756947e-4
	2.5838470416479224e-4
	1.725200658592571e-4
	1.8382456164807703e-4
	2.6850366491097753e-4
	1.918922345051979e-4
	1.931777397127091e-4
	1.857394786549811e-4
	2.5168396853890646e-4
	1.9531314683038836e-4
	2.2968865265879525e-4
	2.594125030388064e-4
	1.2875942651530513e-4
	2.483565894619335e-4
	2.4382707020890237e-4
	2.0637602992308336e-4
	2.4999598732496363e-4
	1.6165245981180569e-4
	2.092756875428343e-4
	1.523496121283429e-4
	1.5915035443515987e-4
	1.20518053704791e-4
	0
	3.6789805996889803e-4
	2.0465870509495796e-4
	1.338919998063351e-4
	1.3831236883334584e-4
	3.707972905038489e-4
	2.0600373366418866e-4
	2.3760216341869931e-4
	2.002767291451009e-4
	0
	1.7054841468476642e-4
	2.1389128258053706e-4
	1.8828965855879234e-4
	1.667363868488407e-4
	2.2025131631923516e-4
	2.6083554583711125e-4
	2.1981399923000434e-4
	1.9692129968888115e-4
	2.989003216609079e-4
	3.411795697624996e-4
	0
	2.7334367450115046e-4
	1.9936782445736074e-4
	1.463248185614253e-4
	2.90015083555797e-4
	1.8188241461225508e-4
	4.5024996487081005e-4
	2.0745649226832223e-4
	2.0111385052508238e-4
	1.6847202270470427e-4
	1.5069761327837455e-4
	3.218624196708353e-4
	1.7650549555012665e-4
	1.3684068210166974e-4
	3.3695899560586955e-4
	1.452805860273839e-4
	2.0876582229641138e-4
	2.3869877387025905e-4
	2.3642070160993423e-4
	0
	3.1647198679240053e-4
	2.3152983872485602e-4
	1.598526419677255e-4
	1.9813495747531768e-4
	1.7810427041297297e-4
	2.6487245583967995e-4
	2.1234626869747242e-4
	2.4314105280821865e-4
	2.09132175325388e-4
	1.599205540203668e-4
	1.4647114916791734e-4
	2.0150662753373725e-4
	1.5849507905246472e-4
	1.9206514558492977e-4
	3.0275642492941213e-4
	1.9106750775939703e-4
	1.9829290879556124e-4
	3.1834152993949195e-4
	1.2747134238542387e-4
	1.7041707484411058e-4
	2.391664978428142e-4
	2.4960258664328134e-4
	1.8741354589701896e-4
	1.6917088191540072e-4
	1.2105081184933544e-4
	2.702763336703989e-4
	1.2489297522232326e-4
	1.781638694672067e-4
	1.325591227578087e-4
	1.2976516352233633e-4
	1.4332142685300104e-4
	2.1108297075468098e-4
	2.551707551127165e-4
	1.5470647922511985e-4
	2.430689847323892e-4
	0
	2.4777454755218147e-4
	2.122657350535983e-4
	0
	2.2176419882764437e-4
	2.0425103648584345e-4
	2.4844914467531484e-4
	2.029246407119962e-4
	0
	2.1532398963424723e-4
	3.324954017302633e-4
	2.678360857500904e-4
	1.2162012381855182e-4
	1.7345207053693474e-4
	1.9726324761090645e-4
	2.6198468563173427e-4
	1.5493990071049362e-4
	1.3660595787374103e-4
	1.5684925716232705e-4
	1.5328132955651162e-4
	1.9535722556687869e-4
	1.3974345746243038e-4
	2.5708573569423724e-4
	1.8569914810066853e-4
	2.1387939493792873e-4
	2.098849073826492e-4
	1.6175914232097465e-4
	1.5337753439273444e-4
	1.3417040235414485e-4
	1.9869359484244774e-4
	1.1953720388299515e-4
	3.3520277547552304e-4
	2.2581899351537124e-4
	3.5967760216904095e-4
	2.4076241850059052e-4
	1.739977561478175e-4
	1.786143770783144e-4
	2.962221053742034e-4
	1.9480710167649353e-4
	1.837464207073356e-4
	1.2179965108367404e-4
	0
	1.9232116883049978e-4
	2.39446443284425e-4
	2.140847119665705e-4
	1.9945261566304466e-4
	3.107237206209608e-4
	2.0616842845411958e-4
	3.884186776115896e-4
	1.9600374671935796e-4
	2.745178718140868e-4
	1.6094677822263187e-4
	1.7846020877752226e-4
	2.8627872821594436e-4
	1.581080961071226e-4
	2.2386085340924918e-4
	1.1552016738010979e-4
	2.0029078458731772e-4
	1.1057115306160583e-4
	1.7794075297696934e-4
	2.7202720685942e-4
	1.302448567627811e-4
	1.4231362448496583e-4
	2.6320820808336864e-4
	2.184409526876953e-4
	1.9488527528771076e-4
	1.8725493300400262e-4
	1.7092459339144514e-4
	2.3363278603903633e-4
	1.638124076158308e-4
	1.2961397672521177e-4
	2.424258123998946e-4
	3.902865125020955e-4
	1.4993291563711287e-4
	2.0209915293535288e-4
	1.8208573093813003e-4
	2.4152615434889553e-4
	1.7407905882978162e-4
	1.573129772559263e-4
	1.3543565623058056e-4
	1.9191016513511714e-4
	2.3433095533244004e-4
	2.38181128430687e-4
	1.2686548280949124e-4
	3.0455013592448554e-4
	1.9518269092666561e-4
	1.8588717555007646e-4
	1.9994714739514745e-4
	1.776846471194157e-4
	1.7173896533197392e-4
	2.948642207037584e-4
	2.4029707802367093e-4
	1.933165809252386e-4
	3.885146260949069e-4
	3.349631209299683e-4
	2.1066563442487786e-4
	2.1244182278447134e-4
	1.45282445955824e-4
	1.0825277083607358e-4
	2.881405318376059e-4
	1.7573978959190475e-4
	1.703123077275391e-4
	2.0165288477223494e-4
	1.8584842731244328e-4
	3.4741403064117855e-4
	2.9684266996091326e-4
	2.0043460906091201e-4
	1.6932617199146686e-4
	2.261525252885399e-4
	1.0975786621175526e-4
	1.774854011450505e-4
	1.7020787468963045e-4
	2.1381377332285257e-4
	1.377094583547813e-4
	1.5818990775806816e-4
	1.7329862173288805e-4
	2.1629309379183158e-4
	1.9171339421598593e-4
	2.401589217653663e-4
	2.556664558395031e-4
	2.321164687318779e-4
	1.789494466592633e-4
	1.8784277946159214e-4
	1.9312520629098342e-4
	1.6188744370861617e-4
	2.1684223525349913e-4
	1.783847944824319e-4
	1.9946809328770943e-4
	2.608878099937727e-4
	1.696758478927207e-4
	1.9522511028008692e-4
	1.7038232594510764e-4
	2.429147172271191e-4
	1.7320068073299478e-4
	0
	1.1827540146070158e-4
	0
	1.9486116338548836e-4
	1.4941306600297963e-4
	1.4098177289616345e-4
	2.0518716024572154e-4
	1.5317433430842405e-4
	2.000602692567244e-4
	1.1245962672228126e-4
	1.531743172068049e-4
	2.1188365322303676e-4
	1.883196912993689e-4
	2.6637873741763363e-4
	2.57411130979688e-4
	1.2896618566486805e-4
	1.471569800160876e-4
	1.1244944138989479e-4
	1.6502321596040365e-4
	1.6289718435457103e-4
	2.7861611579464316e-4
	2.0847958227602402e-4
	3.91788610471578e-4
	3.007489478754604e-4
	2.0335065174187012e-4
	3.202222554298958e-4
	1.7641768096002323e-4
	2.912464543394122e-4
	1.6270766087938285e-4
	1.481980529312391e-4
	3.074285109800601e-4
	1.964344095198837e-4
	1.8010741901811476e-4
	1.5189485356335158e-4
	1.1869033101288591e-4
	1.5840954389839958e-4
	1.6842182930648268e-4
	1.7301756490664e-4
	4.0306731459016935e-4
	1.99995931865241e-4
	1.5954698954348664e-4
	2.8334279041509726e-4
	1.8283045839371815e-4
	2.699149023415458e-4
	2.0595725662668585e-4
	3.4866504824332834e-4
	1.808256106356575e-4
	2.162639038004042e-4
	2.1087162481077883e-4
	1.291411698201988e-4
	1.8884005840056638e-4
	2.1055301822560488e-4
	1.9896790806814025e-4
	1.1493794158375704e-4
	1.8313668835696431e-4
	2.0211573715253877e-4
	1.3538223966207152e-4
	1.9346533475715492e-4
	1.7413257087492979e-4
	2.4099842871532236e-4
	2.0482534183503449e-4
	1.9544638998599562e-4
	1.544261784557558e-4
	3.01390886145717e-4
	2.830524161841313e-4
	2.054705881316127e-4
	2.2734068712334138e-4
	2.1788906610779432e-4
	3.221528018512451e-4
	1.5817827493893872e-4
	1.8650095494458647e-4
	2.116949092736038e-4
	2.4220564749508834e-4
	2.1151628252328162e-4
	3.059534511953555e-4
	3.2498047440114467e-4
	1.87318766800665e-4
	1.4314911864146449e-4
	3.1641842965929713e-4
	1.2394011722584666e-4
	2.1390986335592495e-4
	2.675987037425115e-4
	2.8083598369221e-4
	1.3869168627628613e-4
	2.2088458951900996e-4
	2.235787209233238e-4
	1.3334432225653537e-4
	1.6896683036659983e-4
	1.7527179002797694e-4
	1.5004141147961856e-4
	3.717178323987025e-4
	2.47907085247009e-4
	1.4920032505418717e-4
	1.4956599889505697e-4
	2.2363344067665157e-4
	2.7273270410871543e-4
	1.576473459056828e-4
	2.98185914610967e-4
	2.4421428727118197e-4
	2.0637485990293025e-4
	1.4004481810584666e-4
	1.4245156754376235e-4
	1.4085910584943673e-4
	1.5056829753615575e-4
	1.5186706814057624e-4
	1.4437360172182652e-4
	1.218570145256878e-4
	2.2831965232318925e-4
	1.87974204542837e-4
	2.35125642643879e-4
	1.2664922882427588e-4
	2.3518573807228317e-4
	2.566157568110607e-4
	2.050290804562463e-4
	3.460689342751696e-4
	1.592659210946515e-4
	0
	3.9207515801886126e-4
	1.9358368922031273e-4
	2.809478239051857e-4
	2.5029617672509886e-4
	1.9748756533471046e-4
	1.3937714886567938e-4
	1.385621902408665e-4
	1.9192522073484085e-4
	1.4252865176049437e-4
	1.560395749207042e-4
	1.2501363755647025e-4
	2.609982168338438e-4
	1.7677359142186943e-4
	1.70769689682709e-4
	1.5784605443921928e-4
	3.167867508970694e-4
	2.235697321568489e-4
	2.234081750762765e-4
	0
	1.9113572972741371e-4
	2.1049336679726996e-4
	2.3177919858583443e-4
	1.179744881233482e-4
	1.7192687771124608e-4
	1.6010952507054257e-4
	1.3694096217509408e-4
	1.5753570151365176e-4
	2.700923401901327e-4
	2.9774981248551754e-4
	2.354376667816864e-4
	1.3248666649028312e-4
	2.9122439800333794e-4
	3.195826342451394e-4
	2.479114478653115e-4
	1.2272033252292994e-4
	3.00077868852994e-4
	1.7542748594723555e-4
	2.257897956952779e-4
	1.2597624590679008e-4
	2.787704761067041e-4
	1.937102128632274e-4
	2.1629845503246664e-4
	2.2206786602760244e-4
	0
	1.8883841848595055e-4
	1.661220991762223e-4
	3.3337804193767377e-4
	1.2113335111275657e-4
	2.2962659968242476e-4
	3.2600787931496954e-4
	2.2338654716681463e-4
	2.7984594112747546e-4
	2.8166777231900696e-4
	1.8572704034668333e-4
	1.4353048481888928e-4
	1.9206869538574816e-4
	2.1549816486199648e-4
	2.0521774831800394e-4
	1.638620572881114e-4
	3.729138062137084e-4
	1.9452232723217065e-4
	2.261599365405336e-4
	1.685130331770132e-4
	3.6678581346873417e-4
	2.159462281892512e-4
	2.0757149163673873e-4
	1.1228898782608718e-4
	3.249335250962326e-4
	2.6082813370921357e-4
	3.184161471403739e-4
	2.5707916049431885e-4
	1.8931582801052195e-4
	2.663737834253581e-4
	2.725639881051874e-4
	2.4182824750515383e-4
	1.6931993462932513e-4
	2.2789698572099075e-4
	1.4269433500374562e-4
	2.2520951221870935e-4
	1.8322900318031994e-4
	2.7691712881859376e-4
	1.7527064602042712e-4
	2.0061409135645073e-4
	2.763026262453151e-4
	2.105317712201433e-4
	3.1158945846573795e-4
	1.2453263003446167e-4
	2.047369947375169e-4
	2.495673802134557e-4
	1.9472242195485575e-4
	1.7567091626305922e-4
	3.178015947714064e-4
	1.543839405143927e-4
	2.2910223170284345e-4
	3.474901235242738e-4
	3.220532726516999e-4
	1.7788144012447431e-4
	1.2598041746714626e-4
	2.762477937103256e-4
	1.6732536939701245e-4
	2.1213311328403418e-4
	2.2521114063655964e-4
	2.0391542320402934e-4
	2.2132015717806234e-4
	1.5584521589269095e-4
	1.7767411026923095e-4
	4.5382994831726146e-4
	2.321942150868915e-4
	2.2972134108659918e-4
	1.6306590063761272e-4
	2.0011727690255328e-4
	2.6012793143657666e-4
	2.2808876343415638e-4
	1.6098385843856292e-4
	1.8917127490752713e-4
	1.6401416209775455e-4
	2.095242140966841e-4
	2.9625231048079596e-4
	3.2559723147150256e-4
	0
	2.7180270563181315e-4
	3.101529775518776e-4
	1.6788573635661674e-4
	1.5256186398624394e-4
	2.2790044538542611e-4
	2.500166550182814e-4
	3.0076821993903804e-4
	2.0224563568955033e-4
	1.1299559347213247e-4
	1.6821098772115022e-4
	2.2537898155766147e-4
	2.5951529726570016e-4
	1.823376966746104e-4
	2.032102152991359e-4
	2.70565997984473e-4
	2.7046213519186916e-4
	1.5961562354601782e-4
	2.080166067869004e-4
	2.5896429697934247e-4
	1.823919311606745e-4
	2.112537354831761e-4
	2.22006164412722e-4
	3.2462722565055886e-4
	1.5180839116175665e-4
	1.301045129110451e-4
	2.1731012714812034e-4
	2.2780757939528935e-4
	1.7016262352776077e-4
	1.584911975827972e-4
	2.176463126921399e-4
	1.5942273805573571e-4
	2.145135806850615e-4
	2.357910160457428e-4
	2.1725405316394648e-4
	1.9105229751829238e-4
	1.4317398985284037e-4
	1.6485051948001437e-4
	2.7533722328036345e-4
	2.1257640434909963e-4
	1.8425112097117377e-4
	1.7425732844225582e-4
	2.8309251576465655e-4
	2.946308225310423e-4
	2.3068546893840474e-4
	1.587035066132245e-4
	2.192915596863571e-4
	1.7518968083594268e-4
	1.698611398717803e-4
	2.0152371861523085e-4
	2.225968834357842e-4
	3.310956466665935e-4
	2.2803997102999253e-4
	2.514688572492907e-4
	2.631976033629249e-4
	1.8091987144562693e-4
	3.029675909128899e-4
	1.539893267979766e-4
	1.2642784280762163e-4
	3.2531851671805886e-4
	3.074917741171112e-4
	1.869435652321008e-4
	1.3032515511856034e-4
	2.482210697179019e-4
	3.001765384311561e-4
	1.9910371868243605e-4
	1.9215110988719607e-4
	2.1299676425744942e-4
	2.1284988233053346e-4
	2.2247561190298108e-4
	1.853146368197301e-4
	2.2595698799117978e-4
	3.834106461572034e-4
	2.4972463470602e-4
	3.179388757255291e-4
	3.2797754358579413e-4
	1.1928653030884779e-4
	2.8882476295026045e-4
	1.7203536280967216e-4
	2.445282636224521e-4
	1.43479376049306e-4
	2.3865306329088912e-4
	1.7124387002710864e-4
	2.4317177792415856e-4
	1.589914951237544e-4
	3.9583398667510377e-4
	2.509509119948817e-4
	1.7053629079199177e-4
	0
	1.8137992314769946e-4
	2.0102161350019621e-4
	3.3245197798808336e-4
	1.1633848066654866e-4
	1.6752152247571193e-4
	2.5804488160428645e-4
	0
	2.6044572271716567e-4
	2.719331556120773e-4
	2.868647299145267e-4
	3.192774480557161e-4
	1.5383388496187855e-4
	2.1444133077879598e-4
	1.8664828252273224e-4
	1.5466830771192693e-4
	3.13663599408063e-4
	2.702818901283857e-4
	1.987719335119047e-4
	1.964621327760399e-4
	3.42475592589281e-4
	2.0682607196141042e-4
	2.3874875478137377e-4
	1.34229025063659e-4
	2.1461762444399297e-4
	1.7438836006031998e-4
	1.5373075737816938e-4
	1.4632690358183764e-4
	1.470941018293088e-4
	2.579703952455197e-4
	1.791423306815197e-4
	1.8091332729784374e-4
	2.291846777971193e-4
	1.618309709445852e-4
	2.1443257538881404e-4
	2.1186133414557878e-4
	1.9266972908078155e-4
	0
	2.367786821197211e-4
	1.6838484188288604e-4
	2.318928132241687e-4
	1.4056754990311043e-4
	2.339219257989934e-4
	1.7832397268522445e-4
	1.8644334169898828e-4
	2.3025589597862252e-4
	2.435769491130627e-4
	2.1892987827757572e-4
	1.7518692002485876e-4
	1.1908449161686218e-4
	2.2819332444173218e-4
	2.968952973070549e-4
	1.6423609814325525e-4
	2.3783717755446982e-4
	2.8250967016894824e-4
	2.534051911062789e-4
	2.4362817346357458e-4
	2.2545967828066865e-4
	2.1906593932618525e-4
	2.2984779595610998e-4
	1.4824357677635738e-4
	1.623919998883523e-4
	1.508003775743809e-4
	1.659674934934629e-4
	3.1309893220380426e-4
	2.238903264263566e-4
	0
	2.1777548893261404e-4
	1.3234789903230886e-4
	2.4388830585375288e-4
	2.046025299977672e-4
	2.264722983496006e-4
	2.3511544259991328e-4
	2.531153735211328e-4
	2.354662675198816e-4
	3.0395930326309164e-4
	2.0200254346879265e-4
	2.1399223922799994e-4
	2.2852156574188943e-4
	2.1505530368812664e-4
	1.1379588813213358e-4
	1.9365052534732393e-4
	2.285934428913515e-4
	2.699352013317411e-4
	3.1940911436634196e-4
	1.8980017668888185e-4
	1.790696596739235e-4
	1.9432385494544025e-4
	2.0752833688240585e-4
	2.7289874569740204e-4
	3.5886734465026755e-4
	2.3484498810986094e-4
	1.4837777914968273e-4
	1.952294790681293e-4
	2.3605327132168825e-4
	2.2193754389581368e-4
	1.9998200248524524e-4
	1.071005005468245e-4
	1.8010136358565022e-4
	1.3504763324801564e-4
	1.6115048494933241e-4
	1.1955771985372695e-4
	2.1381454524825938e-4
	2.1541296885197963e-4
	2.4913343732330204e-4
	2.548542873056498e-4
	1.3576453877555916e-4
	1.381147871633389e-4
	1.6286269423758834e-4
	0
	2.5074102126712935e-4
	1.5932070344356418e-4
	2.502756715783969e-4
	1.1925470799986449e-4
	1.550411761414278e-4
	3.286408461673293e-4
	2.1777236942672364e-4
	1.3883186182066424e-4
	1.812736997777217e-4
	3.7185945130274517e-4
	1.908887508964796e-4
	2.314020830739059e-4
	2.2124180884625512e-4
	1.9491912123711816e-4
	1.5043753011572997e-4
	0
	2.12123831103444e-4
	1.5732007654816968e-4
	4.02354170764324e-4
	2.2849141449294828e-4
	1.9574361328282888e-4
	1.421613516724831e-4
	2.528325826391237e-4
	1.4838220706769946e-4
	3.3102274663010013e-4
	1.6714913094070875e-4
	4.872373938986909e-4
	1.8551389122101175e-4
	1.7155876696640983e-4
	1.8284545549916083e-4
	2.3194048292167772e-4
	1.7070907214564423e-4
	1.4410469030687063e-4
	2.1429109497202867e-4
	3.512767637941211e-4
	1.9264224166977626e-4
	2.0014274908322798e-4
	1.7354031705265558e-4
	2.2737182833980064e-4
	1.9239199409117915e-4
	1.1320718990896929e-4
	3.9286011117558683e-4
	2.5803697662207906e-4
	1.9103881405958323e-4
	0
	2.2362471793282196e-4
	2.3354977989590997e-4
	3.042391436650773e-4
	1.3840856990982164e-4
	2.3058744019605786e-4
	2.658965023604823e-4
	2.0640972644931082e-4
	2.5646768936631086e-4
	1.4826935571609205e-4
	1.660399196748427e-4
	1.8076307276559606e-4
	1.754477795916706e-4
	2.4038676936505635e-4
	1.8663529676566376e-4
	2.0607535095938328e-4
	2.2237874913014674e-4
	1.4601145416503962e-4
	2.11073090318239e-4
	2.851667124776635e-4
	1.9705970548009383e-4
	1.7709582934017344e-4
	1.6429903564585996e-4
	2.0779199337496177e-4
	1.578530421143448e-4
	2.0082784685335276e-4
	2.691764329673643e-4
	1.598887208938199e-4
	0
	2.347530116318313e-4
	1.568534808123705e-4
	2.3179555094461984e-4
	1.996058037191124e-4
	2.6894380810767464e-4
	1.9493950495283322e-4
	2.5649851666010394e-4
	1.3207458465796414e-4
	3.1163790196124243e-4
	2.898068611142314e-4
	4.0909289155257163e-4
	1.9135502753511922e-4
	1.6234750421070858e-4
	1.7764941151368125e-4
	1.8202460899567217e-4
	2.296027392715015e-4
	1.3812024651458618e-4
	1.7616522756394598e-4
	2.6472464611691733e-4
	2.9609126503865374e-4
	1.1849078201938143e-4
	1.3492899261350857e-4
	2.3444414480085148e-4
	1.904903335458477e-4
	1.774467601846023e-4
	1.7877682624400332e-4
	1.7052963088652474e-4
	1.7046803527867428e-4
	2.5659293899638595e-4
	1.6666461101533722e-4
	0
	1.7033410281869422e-4
	2.237196940370436e-4
	1.638654131956325e-4
	1.3581645002317555e-4
	1.8830238535941286e-4
	1.5874587027195355e-4
	3.0945144612129846e-4
	2.657016453068262e-4
	2.2638252926518077e-4
	1.503038765123069e-4
	2.2142056642946096e-4
	0
	0
	2.2426547911469477e-4
	1.8617891735612905e-4
	2.765931948919178e-4
	3.0005076677123115e-4
	2.701253399822248e-4
	2.738881307258947e-4
	1.4497245819999788e-4
	1.932630535061377e-4
	1.6877046679767245e-4
	2.2116584883608345e-4
	2.843659017389384e-4
	2.9564551830286827e-4
	1.9017628855699827e-4
	1.5705751507841164e-4
	1.5574066563650354e-4
	1.8830857680903574e-4
	2.0369911653212117e-4
	1.5237797867725944e-4
	1.372226901509463e-4
	2.731605150139172e-4
	1.5805186926096327e-4
	1.4206547240350222e-4
	3.226907612381899e-4
	3.176173766226706e-4
	1.532377004885429e-4
	1.3915954399726114e-4
	1.889478241384626e-4
	2.8746072867895145e-4
	3.692240581993349e-4
	1.7875676901821705e-4
	2.0298849149053745e-4
	2.8350342299397383e-4
	3.368816690799077e-4
	1.2171760255106303e-4
	2.5057198002287616e-4
	2.4785133288800996e-4
	2.110991451946058e-4
	1.1743594571613528e-4
	2.902588110274871e-4
	1.8200735087691163e-4
	1.9187389593624464e-4
	2.2255853841761828e-4
	2.3776697216519073e-4
	2.5025717600668317e-4
	1.6506943612421996e-4
	2.300069793857339e-4
	0
	2.2032047541334544e-4
	3.358325928375274e-4
	1.9463713779211496e-4
	1.787270970373187e-4
	2.6787725790126417e-4
	3.0124799541887486e-4
	1.6621074466790305e-4
	1.8237073123040018e-4
	2.712227413911791e-4
	1.9227577809444516e-4
	1.2502877683217162e-4
	1.6082906753390273e-4
	2.1723410746300056e-4
	2.112690273134793e-4
	2.823769026754378e-4
	2.3426288917530126e-4
	3.640154412279164e-4
	3.2477934223902973e-4
	2.579815373567353e-4
	1.2991022616462577e-4
	2.1680503892592326e-4
	2.487656313997479e-4
	1.9379145752344246e-4
	2.2995007123300396e-4
	1.595731654131444e-4
	0
	0
	3.5933376447455943e-4
	1.601237179457922e-4
	2.0366274542609608e-4
	2.1587445695463392e-4
	1.8815589919819693e-4
	1.412096089360692e-4
	2.1232452969445958e-4
	1.8131105673662825e-4
	3.1692579627190976e-4
	2.0145694226826223e-4
	1.9905227903073465e-4
	1.6418190343131728e-4
	3.0962131789632514e-4
	1.8775385429527786e-4
	3.45463887904049e-4
	1.2004555485017204e-4
	1.6732517127925796e-4
	2.423315618840293e-4
	1.5201762970163234e-4
	2.480293028264049e-4
	3.41721881502375e-4
	2.3335728502303627e-4
	1.33276551280242e-4
	2.6963479348824965e-4
	2.8006258552992975e-4
	1.3478324980395506e-4
	1.6191385664288404e-4
	2.517450377619801e-4
	1.5919623061818938e-4
	2.3529581326913815e-4
	1.8694849494170086e-4
	2.9565366474710767e-4
	2.950430656772715e-4
	1.283811026138926e-4
	3.1025115057156964e-4
	1.2292914902620365e-4
	3.0815642543301355e-4
	1.560586241518755e-4
	1.312256497491613e-4
	1.637278277874264e-4
	2.0485745730492577e-4
	1.9115616565556337e-4
	1.7897142808481883e-4
	2.6315530805031995e-4
	2.047860208785433e-4
	2.105168789693959e-4
	2.7946358842159046e-4
	3.51551643210157e-4
	2.334353481937498e-4
	2.449252093582466e-4
	1.4082193238525596e-4
	4.287573564567933e-4
	1.553044621072492e-4
	2.489078369142742e-4
	1.8350520531128524e-4
	2.0398326718915863e-4
	3.012970511530598e-4
	2.073565541778443e-4
	2.8739872221534576e-4
	1.6814997983382126e-4
	2.3755790696720392e-4
	1.8183973919658238e-4
	0
	0
	2.690793384969183e-4
	2.087907638709583e-4
	2.9623840893078023e-4
	2.6324349595283655e-4
	1.4370210916415512e-4
	1.872457494674519e-4
	3.7910239642873075e-4
	1.6117635781188214e-4
	2.979290107328425e-4
	2.712923137240613e-4
	2.0650649556839875e-4
	0
	3.2412062367973476e-4
	2.0866314698008413e-4
	1.5498215972678105e-4
	2.0915189181492982e-4
	2.547501938577612e-4
	1.8030039094176962e-4
	2.881637893016167e-4
	1.5334925360732096e-4
	1.6940968568121838e-4
	2.4042043824863164e-4
	1.6923092566939433e-4
	1.3175304956796743e-4
	1.756373273568832e-4
	1.9681529415297355e-4
	1.8980640822028485e-4
	3.2807060456912265e-4
	1.7405755594873342e-4
	3.1688424818687244e-4
	3.5143861948935476e-4
	1.6113931854207147e-4
	3.28294052179454e-4
	2.3886251638495168e-4
	1.738200453789254e-4
	1.0262606069984228e-4
	2.9262032264999185e-4
	2.3416663177919548e-4
	2.3596839046480228e-4
	1.8068405156813376e-4
	2.522190204082956e-4
	1.9614302770383228e-4
	1.8231062456353986e-4
	2.01647293623991e-4
	1.6609023707020383e-4
	1.774176446618929e-4
	1.9023911006960207e-4
	1.891895079315661e-4
	1.4766537658453328e-4
	2.6648681374248027e-4
	1.5587968641854298e-4
	1.826578013464083e-4
	1.0570453701503082e-4
	3.019450910676898e-4
	2.006098502271751e-4
	1.4252585873684165e-4
	1.3703792692406843e-4
	1.9880633650029678e-4
	1.4839886890217192e-4
	1.9405646820859113e-4
	2.0631817287996592e-4
	3.452096452082541e-4
	1.234445255150138e-4
	2.74089049016642e-4
	9.741995276048013e-5
	1.3684461064967864e-4
	1.9093990236345752e-4
	2.710267387101959e-4
	2.077658611624165e-4
	1.8583978320917653e-4
	1.7607966500863127e-4
	1.3812533613751724e-4
	1.7768866493812958e-4
	2.2439931277596503e-4
	3.076608350461983e-4
	2.183168107628134e-4
	3.037209850034669e-4
	1.4692120401651974e-4
	2.7990373884098163e-4
	2.499880069333631e-4
	9.411773692929338e-5
	3.65758469994757e-4
	2.9747152714311605e-4
	2.804366987868575e-4
	2.1409948950496446e-4
	2.2033465436516856e-4
	2.4463753883915577e-4
	1.4024910784896834e-4
	2.093580980200568e-4
	1.3291251359008984e-4
	2.503433565972079e-4
	2.1766683537614682e-4
	2.5159276241691993e-4
	2.233289010661958e-4
	1.4368014884628516e-4
	0
	1.5496788061600896e-4
	2.3440733128357767e-4
	3.024250248970509e-4
	2.818332564302952e-4
	1.5067834389668843e-4
	1.882315819856045e-4
	1.728583061904956e-4
	1.3952467539813382e-4
	2.3931716139278167e-4
	1.2210243835422704e-4
	0
	3.5181913707456596e-4
	2.242907001213828e-4
	1.5647437168806643e-4
	2.0851091717154322e-4
	2.0502136783962752e-4
	0.00036175268036976233
	2.6884541331719105e-4
	2.0050798368822465e-4
	1.9766858012883813e-4
	1.7214657529379622e-4
	0
	1.698262135584019e-4
	1.7277108305873158e-4
	1.8698524969855705e-4
	0
	2.461877044625811e-4
	1.1311176602758186e-4
	2.882181966658971e-4
	1.625777100306963e-4
	3.250516910662618e-4
	2.580930496424195e-4
	0.00021573686049640146
	2.389602724212733e-4
	1.5699729112697122e-4
	1.7259925228181263e-4
	2.68532448668836e-4
	1.728506010605972e-4
	2.551598156332256e-4
	2.185965383966339e-4
	1.719677404899347e-4
	2.2104461747702876e-4
	1.895355451331492e-4
	1.8036062689239752e-4
	1.6147386802195916e-4
	2.4124592225199034e-4
	1.6395763797008442e-4
	2.539458463576727e-4
	1.6681612570076945e-4
	1.3047580925060458e-4
	3.3118306664992964e-4
	2.0654178993331388e-4
	1.5022565628183569e-4
	2.859486579104643e-4
	3.1534743844188187e-4
	1.7129741516685418e-4
	1.7075238535387157e-4
	1.686313543034292e-4
	1.7614683748495323e-4
	2.4125585653389167e-4
	2.5922046208068356e-4
	3.0239592887988816e-4
	2.07555784681258e-4
	2.0614594306113632e-4
	1.684600142368223e-4
	3.1070537187830613e-4
	2.0819478232210242e-4
	1.8419074251247835e-4
	2.0100465589780958e-4
	2.3298862644396403e-4
	2.933136968420345e-4
	1.6899223664942447e-4
	2.2936980601987825e-4
	2.511691594170735e-4
	3.8338605334269673e-4
	2.5068332870194953e-4
	2.6546942896408143e-4
	2.4306415485056667e-4
	1.8677129921379333e-4
	2.384027559591712e-4
	1.2351888762854408e-4
	1.7983992106263146e-4
	1.6468458102171355e-4
	2.2777935723401443e-4
	1.962124699961697e-4
	2.178476137446688e-4
	3.362459570264939e-4
	2.532740964711898e-4
	1.6412064348152934e-4
	4.059639895895991e-4
	1.3900275136583882e-4
	1.6445601066518266e-4
	1.7117559550255685e-4
	2.7595968313802184e-4
	2.2947245859611428e-4
	1.905175150801195e-4
	2.2043974923239052e-4
	2.735129513464478e-4
	0.00015131304563233621
	1.7897203564451778e-4
	1.8184113626136896e-4
	1.6368394438797873e-4
	3.1834571348165146e-4
	2.8114596393415613e-4
	1.7171677508082538e-4
	2.5395391365370425e-4
	1.3701790755567004e-4
	1.5400561555574e-4
	1.55363374894908e-4
	1.7617823261930005e-4
	0
	1.7040100646275902e-4
	2.026730608649557e-4
	2.0046514227270307e-4
	1.3847818491734057e-4
	1.396696063664604e-4
	1.8036378134457203e-4
	3.947410331138457e-4
	1.5958242009018336e-4
	3.2173126036304613e-4
	2.069898029377052e-4
	1.6716244051685758e-4
	1.6103878443784008e-4
	2.234935014120343e-4
	1.9631870331806613e-4
	2.8710233171767456e-4
	1.9050818207964966e-4
	3.395551416931634e-4
	2.0209046429779993e-4
	1.9894409300363352e-4
	2.3492779290188012e-4
	1.9533531369811668e-4
	2.0914553137947053e-4
	1.476399311098315e-4
	1.7642098530785925e-4
	1.577857391829281e-4
	3.051850179053969e-4
	3.179832510059158e-4
	2.2087031251129e-4
	2.855523953981753e-4
	1.8556500077140717e-4
	2.3231006128708278e-4
	2.575172818920058e-4
	2.129827427087802e-4
	1.707484170162111e-4
	1.2762480669564242e-4
	2.0475520719180585e-4
	3.8292160815091265e-4
	2.0829548350762415e-4
	1.586225542335121e-4
	2.1996577109011122e-4
	2.910067607848284e-4
	1.5644007677067097e-4
	1.8650139243179439e-4
	2.4350118195083875e-4
	2.0369671658217384e-4
	1.9663940475063497e-4
	2.2113780427564792e-4
	2.75736031298007e-4
	3.0826252694136057e-4
	0
	1.5434071622941108e-4
	1.7220512783992168e-4
	1.9661518427895733e-4
	2.2500466845194836e-4
	2.0588199571266753e-4
	2.265062190804477e-4
	1.5383520898261415e-4
	2.0058699893219718e-4
	2.590994459903781e-4
	0
	1.8537314702312768e-4
	2.8299828408986656e-4
	1.7587321825070576e-4
	1.4244936191442058e-4
	1.7975297724478033e-4
	2.1857393050129446e-4
	1.2802011274574293e-4
	1.1219206717957017e-4
	1.8623850115073598e-4
	4.072543756717374e-4
	1.371656310968258e-4
	1.8953801980661593e-4
	2.3214639644343846e-4
	2.804996843989075e-4
	2.4156865450005553e-4
	3.343125577831269e-4
	1.879089086580885e-4
	2.0147894613622622e-4
	2.944532047720129e-4
	2.475725756870106e-4
	1.8032591825541358e-4
	1.517165264235426e-4
	2.3040403928283997e-4
	1.6462607535411e-4
	1.8318913474414891e-4
	2.0514924507127806e-4
	2.460401909167081e-4
	3.4551062230560276e-4
	3.214499501780654e-4
	2.2178806264523955e-4
	2.0026846650714148e-4
	1.69992584911589e-4
	1.8473257565058312e-4
	2.495112390724393e-4
	1.1325491805735417e-4
	2.1691017767106895e-4
	1.842564265092281e-4
	2.681853549602292e-4
	1.1547571882321788e-4
	2.139254577895634e-4
	2.29991391389887e-4
	1.656994681029312e-4
	0
	1.5687660235514059e-4
	2.50941479427949e-4
	2.6314608980951553e-4
	1.5657620830654965e-4
	2.3882473268587714e-4
	1.811760263686839e-4
	1.765982237743022e-4
	2.7157498559857634e-4
	3.1647928669004013e-4
	2.272079510479438e-4
	1.4848451275193073e-4
	2.943718977689587e-4
	2.7257011885451225e-4
	1.5529974478204132e-4
	2.543190081004112e-4
	1.4844361930206932e-4
	2.2427685622333665e-4
	1.8753097072794848e-4
	1.7325203029037623e-4
	1.5558647841969203e-4
	2.2215855325104637e-4
	1.3721729354189123e-4
	1.6508415391567927e-4
	2.095960706586236e-4
	2.571305569315929e-4
	2.900524221808167e-4
	2.82793565231846e-4
	1.3144655259169009e-4
	1.864518889249563e-4
	9.83581162976954e-5
	1.5632650176452206e-4
	1.3662479660327893e-4
	1.435042443928122e-4
	2.513126560653709e-4
	2.651293811266698e-4
	1.860277901755268e-4
	1.7204786107399944e-4
	1.5836693501579613e-4
	1.7681523700384424e-4
	2.908657334760323e-4
	1.9812717067967797e-4
	1.389677597381097e-4
	2.1811770965603227e-4
	2.675046429813437e-4
	2.23263689947577e-4
	2.3375718231135977e-4
	1.8458568160734505e-4
	2.1020808345045594e-4
	2.955172540364745e-4
	3.3832166276805305e-4
	2.8415967710428754e-4
	1.5306096114193167e-4
	1.748969571082004e-4
	1.8830560124326573e-4
	1.5780599962033487e-4
	3.827446228752832e-4
	1.91544320199667e-4
	3.035399319485077e-4
	0
	2.259334615606001e-4
	2.526453739573535e-4
	2.8374127204987374e-4
	3.826711740285229e-4
	0.00019608349672437889
	2.706860851996923e-4
	1.8503514920954734e-4
	1.9784439961130918e-4
	2.6830864548887744e-4
	2.039262513421777e-4
	3.409888394127936e-4
	1.5107199248242076e-4
	1.1728610552684948e-4
	1.6823472454220183e-4
	1.4863185203495727e-4
	2.181045436403355e-4
	2.1649613256508683e-4
	0
	1.7774353366553327e-4
	2.3684880059876342e-4
	1.9218002702953664e-4
	3.132011574835984e-4
	2.968926353487839e-4
	3.287669584252037e-4
	1.553717501427866e-4
	1.8521165620971998e-4
	2.4534445581414797e-4
	2.599394575701705e-4
	1.966615545883424e-4
	0
	1.0566320442902046e-4
	1.7663146594541586e-4
	1.7027404680701672e-4
	1.7197720934723665e-4
	2.816728218316421e-4
	3.066309354055051e-4
	0
	1.601964841588628e-4
	3.7203399318269285e-4
	3.409610451802859e-4
	2.3044553095131606e-4
	2.5343851903767675e-4
	1.4961914423213877e-4
	2.151749976239177e-4
	1.1109417449434763e-4
	1.404915718071948e-4
	2.666786884742364e-4
	0
	2.167417026769462e-4
	2.630837507701979e-4
	2.6659913575433384e-4
	1.8806357854994347e-4
	0
	1.8263063023683508e-4
	0
	1.7608675971800787e-4
	2.123192616269662e-4
	2.0743040861472358e-4
	1.9583755191947608e-4
	2.2257533929818225e-4
	2.4471716894451e-4
	1.3174811346234707e-4
	1.9030570665099303e-4
	1.59023411870306e-4
	1.7192538343602725e-4
	1.563325741051191e-4
	1.5578179286206424e-4
	2.6297761980894425e-4
	2.0570614001047245e-4
	2.052711968750317e-4
	1.9518422476572266e-4
	2.554418224524521e-4
	1.5972318010123716e-4
	2.5686413833190565e-4
	2.201855674841538e-4
	2.0145240490038223e-4
	2.209112024780261e-4
	1.8083237969760787e-4
	1.9061073520635054e-4
	1.9825498463966408e-4
	1.3750654690932782e-4
	1.9555397254029556e-4
	2.043620223458521e-4
	2.3496556087552887e-4
	2.136429888059454e-4
	2.0330951787429107e-4
	3.366401007279485e-4
	1.2616843055409172e-4
	2.518219739532305e-4
	1.6792540957452125e-4
	0.00015317146190421313
	1.3676193977711193e-4
	2.5777081988121933e-4
	2.33655092383295e-4
	3.6218653385264695e-4
	1.5189272876288935e-4
	3.6451738943405805e-4
	1.608715396315142e-4
	2.6797256776472445e-4
	2.0311073291264274e-4
	3.259163618099429e-4
	2.697051431765832e-4
	1.7851342875016953e-4
	2.093736701854187e-4
	2.6056715637483914e-4
	3.3553049336810164e-4
	2.2599623176495741e-4
	2.265422546345209e-4
	3.212537543289191e-4
	2.57066554840382e-4
	1.6514299105338276e-4
	2.6617403107485855e-4
	2.716713776003551e-4
	1.8094281500649251e-4
	1.7581582211624865e-4
	3.457088275169457e-4
	3.616201304050203e-4
	1.7545063112949598e-4
	4.0462234668326547e-4
	2.155674340932538e-4
	2.234481993381663e-4
	1.6235151913512514e-4
	1.7052675791986974e-4
	2.799268994297753e-4
	1.3455725797864376e-4
	1.7949513767118603e-4
	1.4325498630275582e-4
	1.5328591182558256e-4
	1.8707488456746156e-4
	2.0754555376592543e-4
	1.6185404185080736e-4
	2.3392726293436784e-4
	0
	3.256627293403781e-4
	4.3119022870351665e-4
	1.4135184062620489e-4
	2.1986526208463646e-4
	2.0702888915241844e-4
	3.509857197900246e-4
	3.2235460562914884e-4
	2.049090614213779e-4
	1.1546555232096063e-4
	4.0180278839038844e-4
	1.949644079574972e-4
	1.5650802337159958e-4
	1.1650195561233517e-4
	1.2146275871116273e-4
	2.3022360580585594e-4
	1.4346408083535262e-4
	1.780424415104166e-4
	0.00021671491862454241
	1.951927421727465e-4
	1.9325050790039864e-4
	2.9909980969419585e-4
	3.297118020875667e-4
	1.8877488707801156e-4
	2.667476846578985e-4
	9.811362369558536e-5
	1.3782692038688605e-4
	1.3712051128548486e-4
	2.784756864010263e-4
	2.1908714903135548e-4
	1.6213118232692036e-4
	1.8616746063177355e-4
	2.759279208548323e-4
	1.2787399025980634e-4
	1.6898956962642565e-4
	1.8436167353082794e-4
	2.0022406797008975e-4
	2.099489481883492e-4
	1.7587619487409542e-4
	0
	1.6044714929563087e-4
	2.557731219883757e-4
	2.2022304680628505e-4
	2.3177884236694053e-4
	2.0106262459538944e-4
	2.9925901698635727e-4
	1.5713342929192693e-4
	2.248255939858524e-4
	1.4944689040254487e-4
	2.5234091888902784e-4
	2.6415355435509367e-4
	2.0550069751066116e-4
	2.6565557906281273e-4
	1.645503197675008e-4
	2.0572101613348346e-4
	2.355959463587417e-4
	2.628681189686785e-4
	0
	2.525072785002534e-4
	2.670879267753646e-4
	3.5586675753736523e-4
	1.5899454827500187e-4
	2.3153508182667713e-4
	1.5266605330936428e-4
	1.783826972861875e-4
	2.0236952535164021e-4
	0
	1.844117860812865e-4
	2.4966039586148527e-4
	2.0260039989232454e-4
	2.0383181836732719e-4
	2.0358101441071108e-4
	2.7302513540243507e-4
	1.3908687633005647e-4
	1.8116284730980734e-4
	1.4151406199339084e-4
	2.0420295085557546e-4
	1.4833814470411772e-4
	3.0701485137573053e-4
	2.0141446369164082e-4
	1.3920339808204214e-4
	1.3388688252980265e-4
	2.0581160449637182e-4
	2.3441786725278218e-4
	1.384379402329502e-4
	2.2657991685793942e-4
	1.3335947543127017e-4
	2.2890613278880073e-4
	3.655661144462087e-4
	1.9786396076701008e-4
	1.5139959236248435e-4
	3.7104203634377974e-4
	1.9638023976871054e-4
	1.7705317126510495e-4
	2.2578184753199826e-4
	1.2096763648190582e-4
	1.6607740543993145e-4
	0.00017701830541178744
	1.905392415787611e-4
	2.8141326527362625e-4
	1.4199081933223925e-4
	2.697949606420208e-4
	1.9619957805253716e-4
	1.471253707951103e-4
	1.5889343088934621e-4
	2.842505852337261e-4
	2.5222077214939796e-4
	3.773495461239104e-4
	2.7527819398591127e-4
	3.6342542879017547e-4
	1.9040636545776603e-4
	2.2120142071062283e-4
	3.6480642216400207e-4
	1.292130693816465e-4
	2.8465190336135e-4
	2.5738382571329323e-4
	3.131092596921175e-4
	1.4135251199784264e-4
	1.828809600165079e-4
	2.3960100877560848e-4
	3.2184578131885295e-4
	3.157296655294176e-4
	1.997158480818944e-4
	2.2365268361758452e-4
	1.8487978437568652e-4
	1.6178536099224034e-4
	1.4961766351417495e-4
	1.792508189401082e-4
	1.6028301522649053e-4
	1.4714116935096437e-4
	2.6726819153661955e-4
	1.7061644950447946e-4
	1.815856058943641e-4
	2.0452147799421714e-4
	1.441072761723982e-4
	2.460778661224243e-4
	1.409966339803959e-4
	2.0532700417459976e-4
	2.874656739981741e-4
	2.191100959609125e-4
	1.61181381011624e-4
	1.2526355459714249e-4
	1.5562571554274428e-4
	1.2336531940027764e-4
	2.484457596326044e-4
	1.5071876213414924e-4
	1.4186804437601124e-4
	1.9074451928244359e-4
	2.07591398984033e-4
	2.3529371730157708e-4
	1.9554503807473638e-4
	1.7858923016353013e-4
	1.642419868598738e-4
	2.8365750321214197e-4
	2.1052998276007215e-4
	2.2154197601428628e-4
	3.2036503111718183e-4
	2.3963001076611213e-4
	2.207133260209957e-4
	2.1997842292453747e-4
	1.9090930988699772e-4
	1.5428175927713317e-4
	3.333166715978403e-4
	1.1992080306275057e-4
	2.330382603633566e-4
	1.838075412963198e-4
	1.5212099731796096e-4
	2.2113129609585916e-4
	2.2125516048397348e-4
	1.2936229499965342e-4
	1.8848641609650076e-4
	1.598942403129167e-4
	1.7422132018211654e-4
	2.175601575653096e-4
	2.018267656548187e-4
	1.5498917461907508e-4
	1.8489887918268072e-4
	1.831745656493563e-4
	2.6780616870802985e-4
	2.0609881425852954e-4
	1.8225998713305633e-4
	2.3703814460640315e-4
	1.6076543210514281e-4
	1.9351970809039102e-4
	2.5781423215881586e-4
	2.1711046944754557e-4
	1.7790090399723583e-4
	1.4613610779334787e-4
	2.6817541927930745e-4
	2.5403686551786e-4
	2.985342764092813e-4
	2.6886984323705167e-4
	0
	2.4266890972675516e-4
	1.5196849616977098e-4
	1.6557715257638987e-4
	1.863156347407557e-4
	2.0246361317952116e-4
	2.9221653304247017e-4
	0
	1.1392577615958062e-4
	1.866683157560873e-4
	2.3842197709471558e-4
	2.9658183555937513e-4
	2.452081655479939e-4
	2.74563014912291e-4
	2.9032101793385504e-4
	1.4156561721140294e-4
	2.752202362888578e-4
	2.1944316541226363e-4
	1.4332998324892467e-4
	1.343330451088185e-4
	2.2069211007797612e-4
	2.2428807498746102e-4
	1.9935498487693308e-4
	2.3685992751498326e-4
	0
	1.6717126875101653e-4
	1.7215240389650214e-4
	1.4320818756442496e-4
	1.4987653418574768e-4
	3.294008509019642e-4
	2.5217508434759617e-4
	1.2299085013946426e-4
	2.2325030049190965e-4
	3.422792901770254e-4
	2.543321038370629e-4
	1.9023663059615788e-4
	1.9073123169485119e-4
	1.352433185459603e-4
	1.7755772907662373e-4
	1.6970822354623206e-4
	2.5889863366087835e-4
	0.00020449405335804798
	2.4705889168492455e-4
	2.4307561625883697e-4
	2.144257911937638e-4
	2.1812408153156694e-4
	1.4384021144894029e-4
	1.4483286337362356e-4
	1.3628805585306147e-4
	1.4170105669047858e-4
	1.5134448687191185e-4
	3.5107602335277167e-4
	2.842573346084726e-4
	1.6792990123052566e-4
	3.752692666734122e-4
	1.5154702508121586e-4
	1.746841357427611e-4
	2.069668466784988e-4
	1.9507694413564803e-4
	1.7325411174114893e-4
	1.4625834991635462e-4
	1.960428987690886e-4
	1.920595243756137e-4
	2.767166872345647e-4
	2.1580652275209492e-4
	1.5329674958861202e-4
	2.278701046047315e-4
	1.8382581585318713e-4
	1.4846120682163568e-4
	1.8354408452492005e-4
	2.2228926638212596e-4
	1.7108058814094396e-4
	2.4154462208139253e-4
	2.9127123999919425e-4
	2.7208143000701375e-4
	2.407124437829975e-4
	2.0362010008660188e-4
	3.1064011814955865e-4
	1.7683510588594446e-4
	1.735740269989246e-4
	2.2582066277578334e-4
	1.9398030214864162e-4
	1.5710282935209167e-4
	1.531284787833369e-4
	2.7582142353547155e-4
	1.9529905153968088e-4
	1.918519767160902e-4
	2.361392001849959e-4
	1.1991022672528158e-4
	1.8590215719481302e-4
	2.2607281465352982e-4
	1.9315631214801712e-4
	1.9364948086917258e-4
	1.9316594650051623e-4
	2.1998281492457378e-4
	1.6672190070446115e-4
	3.122232929447434e-4
	2.564628110256671e-4
	1.3277587427620033e-4
	2.166892503468897e-4
	2.2973077412011652e-4
	1.9941905535429802e-4
	7.892666413775489e-5
	2.548372491956153e-4
	1.9126359307603433e-4
	1.0947902986475275e-4
	1.2042231965697875e-4
	2.148871603169354e-4
	3.1131507681464297e-4
	2.7746292068994336e-4
	1.6377888024284246e-4
	1.316921596949819e-4
	2.0745849502921133e-4
	1.607198075168247e-4
	1.929645904883639e-4
	1.760451731834768e-4
	1.6963382077890608e-4
	1.5607247734787492e-4
	0.00032846718704494663
	1.915482366144979e-4
	1.6357434183561688e-4
	2.5045089067101377e-4
	1.9274449905592453e-4
	1.8484054717774257e-4
	1.2162507429129171e-4
	1.678995725588906e-4
	2.8626054338261406e-4
	3.139641020164417e-4
	2.4206194877995658e-4
	2.501578367357331e-4
	1.5642496351519746e-4
	1.9550723722662e-4
	1.9331410530213942e-4
	2.3915484346195056e-4
	3.6268224025685355e-4
	2.3010050854315985e-4
	3.1200022692435056e-4
	1.5675620610884733e-4
	2.7043731612667367e-4
	1.5160399548385598e-4
	2.6511169231284703e-4
	3.2154606972893836e-4
	1.8229322523298595e-4
	2.9815367872605697e-4
	2.0430809730738803e-4
	2.641722462726435e-4
	1.1636369916906677e-4
	1.526202247532831e-4
	2.0635338368822694e-4
	2.047001845297478e-4
	2.755951277306912e-4
	1.65385501501087e-4
	2.6710301374989546e-4
	1.0729991336552411e-4
	1.770879515902009e-4
	1.76203722635633e-4
	2.1146034999537433e-4
	1.0775778263656263e-4
	1.970979848140572e-4
	2.0150636626880744e-4
	1.701564085237469e-4
	1.5844879417927562e-4
	2.1669805667862838e-4
	1.3198088854827336e-4
	2.244253355108757e-4
	2.775104110197076e-4
	2.107203496069345e-4
	2.0918432318866125e-4
	2.2736120041001273e-4
	1.8657223440253577e-4
	2.6038784731729765e-4
	1.2632584127997957e-4
	1.6952141727298925e-4
	2.865030621077918e-4
	2.5457893004843056e-4
	2.956518835796135e-4
	1.767057342755224e-4
	1.4124194891224588e-4
	1.9076406553076582e-4
	1.924146297790737e-4
	2.2164219519609294e-4
	2.5378701511474957e-4
	1.434760231225697e-4
	2.966044477443185e-4
	1.5056394266519315e-4
	0
	1.2422377426099377e-4
	0.00025984044166774633
	0
	2.308878697605623e-4
	4.1906266898413853e-4
	2.0037413884166878e-4
	2.941773259242534e-4
	2.0097438123555016e-4
	2.651367031137902e-4
	2.024057253881415e-4
	2.129049228025468e-4
	1.9165635919460243e-4
	1.8079055313854447e-4
	2.000775618579849e-4
	2.209734580903077e-4
	2.0823704114665607e-4
	2.1613100407735664e-4
	2.6561395228508054e-4
	2.749477600571441e-4
	2.1233727673553618e-4
	1.7165560092313712e-4
	2.0854428878460163e-4
	2.85644000841958e-4
	1.8605989741660357e-4
	2.982422269462407e-4
	2.254862875265604e-4
	1.747838829788992e-4
	2.2156107485114454e-4
	1.753774788825826e-4
	1.6310573812163614e-4
	2.719796942119812e-4
	1.8737557527569466e-4
	2.2170656380411216e-4
	1.7055975405226763e-4
	2.6950240236246363e-4
	2.6480945537606316e-4
	2.490963125348086e-4
	2.0335089485172384e-4
	1.6971274664681385e-4
	1.4356708911029934e-4
	1.2741478861648682e-4
	2.5370060958401417e-4
	3.19347815015323e-4
	1.478845013897771e-4
	1.9080284795736476e-4
	1.670180476122356e-4
	1.657380768762572e-4
	3.1114727273805855e-4
	1.3534313246175577e-4
	2.30174980073186e-4
	1.4476807204321287e-4
	1.8092022934679895e-4
	1.93716764828381e-4
	2.1855486094471e-4
	1.5901373986875744e-4
	2.959764860400704e-4
	1.6349331660361546e-4
	0
	1.7427422794507265e-4
	3.1120854339220075e-4
	0
	2.0355621050189426e-4
	1.7901153881234036e-4
	1.8673586519863503e-4
	1.609440841581996e-4
	1.9326909900325444e-4
	1.9552563582550872e-4
	3.3265112833963357e-4
	2.702692724744451e-4
	2.077434443946987e-4
	2.214451581853272e-4
	1.570799818748011e-4
	0
	2.5239525399454153e-4
	0
	2.4172035597248495e-4
	2.4281070998844986e-4
	1.9259450217828328e-4
	2.416852507385085e-4
	0
	1.8627466774639594e-4
	0
	1.6564412701677424e-4
	1.284581504904168e-4
	2.902967463992422e-4
	2.650352115467323e-4
	2.4015787092896324e-4
	1.379287257379595e-4
	1.8675563432440234e-4
	1.325864136262416e-4
	1.764878400905891e-4
	2.900506843276667e-4
	2.740367929147366e-4
	1.9204570739668825e-4
	1.1389753164253833e-4
	1.5868179473459663e-4
	1.3148912766608773e-4
	2.3758070172804003e-4
	1.918587661863183e-4
	2.1708750345502656e-4
	2.147716839905576e-4
	2.66266213406145e-4
	0
	2.2201107177505046e-4
	1.7494268867515795e-4
	1.2809128910323586e-4
	2.374281293795007e-4
	1.6622347759490846e-4
	2.3923672034243307e-4
	2.3144691929057024e-4
	1.8053536388971234e-4
	0
	1.8290448050607873e-4
	2.140663419063199e-4
	2.8589958858293873e-4
	1.473760032614445e-4
	1.3477341631841817e-4
	1.4541357560563442e-4
	1.8736088488467708e-4
	1.5699356424343745e-4
	1.7053237727784074e-4
	1.8676328138178747e-4
	1.7858342659897534e-4
	1.2154573883022401e-4
	2.822592101421578e-4
	2.0605436775034136e-4
	1.6269408793347057e-4
	2.1894658948338997e-4
	3.186906781632619e-4
	1.3396176769945618e-4
	2.0814197547038132e-4
	2.1394022041119125e-4
	1.6309403837064013e-4
	1.761786855433879e-4
	2.049284053976393e-4
	3.197387914191481e-4
	1.400170095700343e-4
	2.2078497733364052e-4
	1.859330925220606e-4
	2.3220921783931992e-4
	1.741657073899877e-4
	2.0915011296838501e-4
	2.499403843613876e-4
	1.534772417882934e-4
	1.8410985462313258e-4
	1.9883513286513924e-4
	1.9889432405464442e-4
	1.1197212378108993e-4
	1.0122218673817973e-4
	2.2293756844148847e-4
	2.1032462454223118e-4
	2.0943049553572734e-4
	4.0570882009023613e-4
	1.0903200970501336e-4
	1.9172373581322004e-4
	2.3816322430437662e-4
	1.832684717198634e-4
	0
	0.00026762370962942216
	2.585751194688585e-4
	2.622178751746989e-4
	2.7548529688562406e-4
	2.0662250768319643e-4
	2.467227691276262e-4
	0
	2.636244606699392e-4
	1.9135025591858674e-4
	1.7796886682290317e-4
	1.7928512972076484e-4
	1.8382275428189694e-4
	2.6373145000636384e-4
	1.4462938591362166e-4
	2.3716014614825746e-4
	1.4881960879676047e-4
	2.2212431159131203e-4
	1.546101624021314e-4
	1.8333282077293505e-4
	2.0652337924457052e-4
	2.172267186167027e-4
	1.895067330800641e-4
	2.566225550943719e-4
	2.2000800805343745e-4
	1.470963988294911e-4
	2.757793333106237e-4
	1.3430601000098777e-4
	0
	2.6684706624375626e-4
	1.39128974557435e-4
	2.73148833598212e-4
	2.873787428981391e-4
	2.0164580278467651e-4
	1.6317234842873514e-4
	2.2758430519388074e-4
	3.0279354505494057e-4
	2.7155841961745643e-4
	2.0451433608319785e-4
	2.074623445545419e-4
	1.9895710513806211e-4
	1.8231988074108433e-4
	2.8398073936595944e-4
	1.519309672263008e-4
	3.73868792146016e-4
	2.572608033361856e-4
	2.3066465939393073e-4
	1.8919670440192875e-4
	2.4180339770220517e-4
	1.746937140777314e-4
	2.140618806671325e-4
	0
	2.0737833288884562e-4
	1.3889771925265388e-4
	1.539042182717071e-4
	1.6083721581119277e-4
	0
	1.756916764457763e-4
	2.817544488267655e-4
	1.6564011592327046e-4
	2.243029567548315e-4
	1.6886896126429844e-4
	2.2094869294258393e-4
	2.2369130947913707e-4
	1.517387349457119e-4
	1.6199949521764032e-4
	2.461106574252427e-4
	1.6565053655393023e-4
	1.0216522071753218e-4
	1.3844550512186676e-4
	2.3291549065947398e-4
	1.965399495314274e-4
	1.8763578055950943e-4
	2.861932661264485e-4
	3.414857444908069e-4
	4.0498515721626e-4
	2.1283234560346006e-4
	1.2585126950365833e-4
	2.779431619119017e-4
	1.663984948709685e-4
	1.593093314992025e-4
	1.950386415769897e-4
	2.1436773865666654e-4
	1.4846943013585245e-4
	1.6307218760518082e-4
	1.7517973564035982e-4
	1.2991475886638254e-4
	1.8986697992110223e-4
	1.7219254506582938e-4
	2.8030388195223897e-4
	0
	2.821354603890029e-4
	2.525180258320892e-4
	1.8330727951603056e-4
	1.7313098761551727e-4
	0
	2.619336979715476e-4
	2.2584754004511157e-4
	1.719146170433712e-4
	1.3241129534402252e-4
	1.3423467871162464e-4
	0
	1.9479268713929083e-4
	1.5852744522510797e-4
	1.652860739762422e-4
	1.8783653000893478e-4
	0
	2.466621530427515e-4
	2.794185230906471e-4
	1.8935443165607382e-4
	1.5789146169114328e-4
	2.016306027246276e-4
	2.0239759588988173e-4
	2.3483997126681506e-4
	2.2397031516624966e-4
	1.5740893937019813e-4
	2.559087183369837e-4
	1.9296597978210941e-4
	1.6709714786849133e-4
	3.905444445281388e-4
	2.6231285714094785e-4
	2.874905987317805e-4
	0
	2.50416394146164e-4
	3.125630491851048e-4
	2.1616161531200903e-4
	1.5974351016452142e-4
	2.1371644494419203e-4
	2.601265174955214e-4
	2.1002159521762366e-4
	0
	2.476704873810602e-4
	3.3948138755154016e-4
	2.1903648246375778e-4
	1.8818187100380656e-4
	1.7966977629329162e-4
	2.0832747122644522e-4
	3.458067072676042e-4
	2.3508178807529032e-4
	1.6472074326196476e-4
	2.3910590158717846e-4
	2.906178282698395e-4
	1.5664516554376285e-4
	3.094386985867061e-4
	1.9213702737098994e-4
	2.273237572492124e-4
	1.1804127733694721e-4
	2.5635557486902846e-4
	1.2975987015784992e-4
	3.244747134330833e-4
	1.554900398783368e-4
	3.4122797542601084e-4
	1.4381571033471975e-4
	2.1169311502455633e-4
	2.8180134058112155e-4
	2.1220531737149297e-4
	1.6834214551223004e-4
	2.460250474947839e-4
	1.6934708948012904e-4
	1.531503083747822e-4
	1.8101217002815346e-4
	0.00018056703225708009
	1.3093533055084277e-4
	3.2861540335218475e-4
	1.6015795211321736e-4
	0
	2.4306241608403024e-4
	2.0076604331912312e-4
	2.688040457465384e-4
	2.0486271587837756e-4
	4.172544384475324e-4
	1.9415548147634968e-4
	0
	1.6558421739266992e-4
	3.2240064817352145e-4
	2.6317016647333963e-4
	2.3751782278028013e-4
	1.271317123137435e-4
	2.6823669932958316e-4
	2.0293090710553317e-4
	2.3254001628841207e-4
	8.984231113168194e-5
	2.2482941043950198e-4
	2.335716736628269e-4
	1.337103498798446e-4
	1.441382192517777e-4
	1.2623493099112436e-4
	1.8982614574132302e-4
	2.025893060374428e-4
	2.269754669200915e-4
	1.6614499793202625e-4
	2.2137041429476926e-4
	3.0317872575274726e-4
	1.6007389401229757e-4
	1.8101031004672845e-4
	1.2600733548110367e-4
	1.8177499884233415e-4
	1.7442363672276768e-4
	1.482814370521241e-4
	3.5467830331900683e-4
	1.714707049007567e-4
	1.6043228700309345e-4
	2.3549166873050272e-4
	1.1969554321834441e-4
	1.9451021895229006e-4
	2.5536295132115046e-4
	1.7062318816496149e-4
	3.201881262418375e-4
	1.6480181713897311e-4
	1.9758513289655052e-4
	3.085828517938825e-4
	2.213106941106115e-4
	2.769037387376817e-4
	2.640688442171567e-4
	1.8224410543400294e-4
	3.271635726627351e-4
	2.5766594846450563e-4
	2.3840628291161263e-4
	1.3903120094841513e-4
	0
	1.5621147114036534e-4
	2.2233873162625262e-4
	3.4471597008325537e-4
	1.2425518546599053e-4
	1.8181308501048906e-4
	0
	1.6373038281850786e-4
	1.3176324931602916e-4
	2.4679757799962504e-4
	2.1432295630433148e-4
	0
	1.3669381886337464e-4
	1.959193391170603e-4
	2.7153389337203766e-4
	1.9067640351223876e-4
	2.2745433786344665e-4
	1.1418468915883939e-4
	1.6131404821584895e-4
	2.0115262312341744e-4
	1.435931695917828e-4
	2.0728960975396763e-4
	2.145331007952448e-4
	2.0783199951117943e-4
	2.125915348933301e-4
	1.3765981532251086e-4
	1.6980662174799377e-4
	2.2005671011879075e-4
	3.407579408421307e-4
	2.7688530613024056e-4
	1.3544272326710001e-4
	2.4952006611750224e-4
	3.09299546116076e-4
	1.0818853850693823e-4
	2.5047905474634327e-4
	0.00028138530158223313
	2.432312468550134e-4
	1.9871548995641227e-4
	2.77705596372795e-4
	4.023741539103216e-4
	1.6196583248678805e-4
	3.0393106188452893e-4
	2.6913698314038606e-4
	2.276949605558184e-4
	1.4035033476291479e-4
	1.5187739908875594e-4
	1.9197449919658427e-4
	1.59785653849509e-4
	1.5085067428508548e-4
	2.0767154072983475e-4
	2.7162622153916745e-4
	2.00981129665517e-4
	1.386188587599956e-4
	1.731471451590256e-4
	1.6823772314395155e-4
	1.975575878692029e-4
	2.0325362625944938e-4
	3.223477279460098e-4
	3.208646452656946e-4
	3.579616271859308e-4
	1.6607961532899026e-4
	2.912151933230104e-4
	2.1015243132470096e-4
	1.4744054161397818e-4
	1.1763807892629273e-4
	2.9465228036270935e-4
	2.357707054138124e-4
	2.0137666122611435e-4
	3.417332700923477e-4
	2.655196559773742e-4
	2.155171497226585e-4
	3.2960174710836904e-4
	1.4560569445056635e-4
	1.9259355369872006e-4
	1.277643783612662e-4
	1.9230837500234464e-4
	2.147290733903574e-4
	0
	2.4093701781716751e-4
	1.2889067675390841e-4
	1.2781949698097652e-4
	1.7948228467968148e-4
	2.2535114573813658e-4
	2.1767112182195493e-4
	1.7687261820736655e-4
	1.6310212970407445e-4
	2.2084816188892327e-4
	1.5751579173909597e-4
	1.9232067626059185e-4
	3.044627745571545e-4
	3.3656012068468617e-4
	3.299496865342098e-4
	2.1287539277092718e-4
	1.4733418080911618e-4
	1.7947717638545143e-4
	2.023201897341361e-4
	1.8129722617564692e-4
	2.1135970399920382e-4
	3.5425275210481077e-4
	2.3686694673744595e-4
	3.9964757337161065e-4
	2.781169790424075e-4
	1.4811470174042743e-4
	2.397167594786834e-4
	3.006512363430682e-4
	2.643540048982283e-4
	2.317477462759187e-4
	0
	2.32063144379856e-4
	1.6914075282630146e-4
	1.8212214847082488e-4
	1.9178458373522123e-4
	1.8312008785439715e-4
	2.2447030844621822e-4
	1.2593520341870845e-4
	1.8754762064829246e-4
	1.9201916667296366e-4
	3.0153649645800387e-4
	2.0995457855678843e-4
	2.4810702084100895e-4
	0
	1.7664548630530176e-4
	2.378880514164996e-4
	2.2681753226309493e-4
	3.399401188517789e-4
	1.785971575524982e-4
	1.6586443143705353e-4
	1.8483039720160215e-4
	1.4218220196417612e-4
	2.0548660787178853e-4
	1.6386851609985397e-4
	2.3256958602270168e-4
	0
	1.9268752915045534e-4
	2.3019479599090443e-4
	2.1734039812566934e-4
	1.957208835335902e-4
	1.474859231535759e-4
	1.906940175616708e-4
	1.9981716279796549e-4
	2.0104019243342424e-4
	4.166040488293657e-4
	1.8584372929879894e-4
	2.196695567789261e-4
	1.7182929643721565e-4
	2.513547494523338e-4
	2.850999888231135e-4
	0
	1.7173275209539422e-4
	1.6009767902830865e-4
	2.2365819030802767e-4
	1.7033523584653835e-4
	1.8288808366619997e-4
	2.3062245089752574e-4
	1.6545944798628383e-4
	1.76780510311943e-4
	1.6829863640486858e-4
	3.284928393758831e-4
	2.5081475275625574e-4
	3.0751138641173307e-4
	1.4697470526470885e-4
	2.0850770566148264e-4
	1.631457275930879e-4
	1.1986354238619786e-4
	1.8555492453014856e-4
	0
	1.6450290951108384e-4
	1.6807462582856e-4
	1.8511684777200433e-4
	2.8483103897000494e-4
	2.056587239326369e-4
	3.245656308925338e-4
	2.526396336809564e-4
	1.584845578096396e-4
	1.8853534527597668e-4
	2.2519567965758819e-4
	1.7434768258765157e-4
	3.614665570489137e-4
	1.6868806569977904e-4
	1.4512889706786968e-4
	2.1312309204590035e-4
	1.509532625848034e-4
	2.673235559393919e-4
	1.364434398691502e-4
	1.8143604772375696e-4
	2.6604216408821705e-4
	1.6791934753323994e-4
	1.648306735240649e-4
	2.1860825087127988e-4
	1.698203111127686e-4
	1.881089190486405e-4
	1.983024875973836e-4
	1.9296698946328727e-4
	3.1347624384543487e-4
	2.5597893502066774e-4
	2.6643086957271153e-4
	1.878007749510252e-4
	3.0281786705141085e-4
	2.502477649048841e-4
	1.7548293592033044e-4
	1.5629105325136209e-4
	2.8204842033121696e-4
	2.6352697981081233e-4
	2.4779134605564776e-4
	1.771091135455764e-4
	1.926418383013884e-4
	2.4637868583030206e-4
	1.5020412350646024e-4
	1.7987778367534302e-4
	1.7602232689819888e-4
	2.348140209990927e-4
	2.7233133028768366e-4
	0
	1.9178434720381116e-4
	1.6360110255714727e-4
	2.3097068462869412e-4
	2.4754634447635783e-4
	1.9569581781656996e-4
	1.981849072890609e-4
	2.002350177236703e-4
	0
	1.1762106467451613e-4
	3.283027867519397e-4
	1.3599875018574102e-4
	1.595273993895052e-4
	1.543335799471502e-4
	1.1497706979161737e-4
	1.8870279171057946e-4
	2.2632555972914401e-4
	2.128086234567942e-4
	3.2998097742391617e-4
	2.417168947314869e-4
	2.882615772263533e-4
	1.727612600492447e-4
	2.147037056190477e-4
	2.249611079596196e-4
	2.849082599109345e-4
	2.847957938496892e-4
	0
	1.832784721979293e-4
	2.0501067111522903e-4
	1.734487004139899e-4
	2.046686530488073e-4
	1.829913329702134e-4
	1.6004953641719265e-4
	2.6388587499909634e-4
	1.415277318791214e-4
	1.5681107768263103e-4
	2.2520913354277084e-4
	0
	0
	1.7315956558318753e-4
	1.8004937855501188e-4
	2.3882922470496874e-4
	2.6104808737276045e-4
	2.7112348787509716e-4
	1.4564026865416152e-4
	2.911371503297373e-4
	1.8676064218477593e-4
	2.4117002362880402e-4
	1.6942017611935227e-4
	3.2931671020122857e-4
	2.557173782355768e-4
	2.620982512583274e-4
	2.792095762000385e-4
	2.4094955936481224e-4
	2.40355908387261e-4
	3.500180995750629e-4
	1.6232091349600554e-4
	2.625238266701254e-4
	2.834740098789649e-4
	1.330152887828492e-4
	1.666112588538675e-4
	1.949937009218621e-4
	1.296750113360814e-4
	2.4532859674851845e-4
	1.9741100218059523e-4
	1.3444867960164957e-4
	1.8170573515120258e-4
	1.7406863361919364e-4
	2.5605877599450377e-4
	3.8845846459927653e-4
	1.749654280384213e-4
	2.1121529088177193e-4
	1.733030225727653e-4
	1.438322177920971e-4
	1.7901563060020398e-4
	2.3810960086395163e-4
	1.873946909860346e-4
	2.3639227865277404e-4
	3.1304019288890336e-4
	2.68198350711964e-4
	2.8879127779849427e-4
	1.2368686227002247e-4
	2.414608153033168e-4
	2.5219660066842916e-4
	2.3197553665420517e-4
	1.074614778755701e-4
	2.529161977811426e-4
	1.9052436682180532e-4
	0
	1.175706320583816e-4
	1.6444378787554541e-4
	2.295670397247348e-4
	0
	1.4645202534768295e-4
	1.6913883249924168e-4
	1.8330582459801217e-4
	2.054738614724133e-4
	2.610728763040819e-4
	2.2736168967999292e-4
	2.3390927976077257e-4
	1.3394114615930333e-4
	1.599434985256733e-4
	2.0092917126316324e-4
	1.9586040895484737e-4
	3.1607476200232805e-4
	2.2334766112324858e-4
	1.7909863655460936e-4
	1.9936924093444155e-4
	1.8639748153683383e-4
	2.335077240939508e-4
	1.497650061025776e-4
	1.4478024568505605e-4
	0
	1.8532306126168855e-4
	2.0594069518233528e-4
	2.0196930257980857e-4
	3.0434962088188967e-4
	1.1342556386052688e-4
	2.041593546763258e-4
	2.568237037562589e-4
	1.7270650009385e-4
	1.1805041233147266e-4
	2.756239778338152e-4
	1.4422281153108832e-4
	1.3646507733934237e-4
	1.9965222772967746e-4
	1.5521939373234667e-4
	1.853900109831994e-4
	1.7960874302700098e-4
	1.7916544285589533e-4
	2.3314367996836983e-4
	2.438940536281845e-4
	2.2733441595958686e-4
	1.5592186065776982e-4
	1.7897333813313626e-4
	2.2728846725465134e-4
	3.418158049157856e-4
	2.422310017713366e-4
	3.204301978644936e-4
	2.1444104762107655e-4
	1.6774717125431088e-4
	2.7512027199647814e-4
	3.0988439192653313e-4
	2.8574440163081237e-4
	2.7475191569308207e-4
	1.7912946650836724e-4
	1.8183362610346785e-4
	1.7674837923174186e-4
	2.462047649928099e-4
	4.0233967896316036e-4
	3.6290366204158315e-4
	2.460804820270825e-4
	3.198361760317025e-4
	0
	0
	1.1483116026801663e-4
	1.633593178535219e-4
	0
	1.1888583369213625e-4
	1.2244590687648517e-4
	1.6498514679958608e-4
	2.0797933895684445e-4
	2.0208307586438558e-4
	2.1742630080510812e-4
	4.1965035606095035e-4
	0
	1.9723091382182022e-4
	2.4283795544538685e-4
	1.8846556345861857e-4
	1.6514378109663526e-4
	1.5379532556889774e-4
	1.853944070075274e-4
	2.1512227372578975e-4
	2.4434030383478053e-4
	1.8774393431970096e-4
	2.3366735357239286e-4
	2.786992836819324e-4
	2.2045926430021732e-4
	2.0583961959921127e-4
	2.1175003132968895e-4
	1.1970822750942149e-4
	2.7251762643268085e-4
	2.711294160289598e-4
	2.56279266946816e-4
	1.9575321003642923e-4
	3.585664075300944e-4
	2.602449017012666e-4
	2.3378030107287936e-4
	2.501297903922215e-4
	1.661618343802381e-4
	3.3238247767259304e-4
	2.450362617814714e-4
	1.7025564108026677e-4
	1.9769235462439088e-4
	2.6024510634341664e-4
	1.8979392912497054e-4
	2.64799359436452e-4
	1.8099928654602103e-4
	1.32605859601239e-4
	2.2915207665234893e-4
	2.37417282095051e-4
	1.5164667093267597e-4
	2.219653209810061e-4
	1.773139020668908e-4
	3.5030685432373794e-4
	2.4261749411314413e-4
	1.6310873337992723e-4
	2.3261200282336948e-4
	3.199113166036973e-4
	1.3078451190851365e-4
	1.9963658122229105e-4
	2.2144489965349903e-4
	2.0301663322994066e-4
	1.7316365829815679e-4
	1.893395156684042e-4
	1.388172366782338e-4
	2.207458283636193e-4
	2.2931204119527954e-4
	1.6801773317789723e-4
	1.284685267388327e-4
	1.608750168354002e-4
	2.162879236104612e-4
	1.579344348034744e-4
	2.0944224720238655e-4
	0
	0
	0
	1.4236780185651311e-4
	2.470084074327927e-4
	1.4789695085657965e-4
	1.795273793260282e-4
	1.9865373954142533e-4
	1.991480181029201e-4
	3.3846485437912373e-4
	2.445715502741181e-4
	2.1484848607040432e-4
	2.435426521959622e-4
	1.1793749286519667e-4
	2.7538385577488556e-4
	1.7580904463536037e-4
	2.1098496784701217e-4
	3.157831506212665e-4
	9.077089511915257e-5
	2.661497141780017e-4
	1.9059700488983109e-4
	1.7450794854697313e-4
	2.7113697806136427e-4
	3.073059869683116e-4
	3.245457959313718e-4
	1.3409041111816359e-4
	1.7178247929270813e-4
	2.346698304385673e-4
	1.6654855478897608e-4
	4.0528320029336435e-4
	1.4773377024159112e-4
	1.271064615304626e-4
	1.929018310861505e-4
	1.508294994311229e-4
	2.2080879649613794e-4
	1.2029480143784504e-4
	1.656445404481343e-4
	1.7566054501185822e-4
	1.8742294349830842e-4
	1.3254418663597405e-4
	1.5828883117210423e-4
	2.526533175020402e-4
	2.8615522943105457e-4
	3.0503286627451496e-4
	2.4068358899898492e-4
	1.7858690747955087e-4
	2.4250448768942573e-4
	3.052290270866105e-4
	3.003343124607418e-4
	1.5192510245039525e-4
	3.6097358641812706e-4
	2.1501862389304728e-4
	1.5038511966512127e-4
	1.4719516136417842e-4
	2.528753731294428e-4
	1.5729557902473046e-4
	1.7065312577807954e-4
	3.2017989771133894e-4
	1.8303094350320326e-4
	2.735366690464851e-4
	1.3486860111380252e-4
	1.9806349473900823e-4
	1.1212841842540654e-4
	1.9577666711649927e-4
	1.6405857100318939e-4
	2.0302523417510153e-4
	1.5405371041784822e-4
	2.850918796766127e-4
	2.2250992077651807e-4
	1.983375717267273e-4
	0
	2.1859207565388128e-4
	3.1969075256663566e-4
	2.0950518062436534e-4
	2.4015770955730068e-4
	1.4572828167177596e-4
	1.9807640759280604e-4
	0
	2.602740957310578e-4
	2.8942692154698376e-4
	2.619256949619287e-4
	1.9640100851495295e-4
	1.9003443549051792e-4
	2.516225506668945e-4
	2.2145621468599205e-4
	2.527808240295938e-4
	2.361664453903816e-4
	3.952320727829775e-4
	2.4904126580130575e-4
	1.5748563776720674e-4
	1.6481806084950873e-4
	2.728075844966816e-4
	2.377734343673143e-4
	2.3838752346366917e-4
	1.9993430704743498e-4
	1.27175293423757e-4
	2.034235764991986e-4
	3.1888597749382756e-4
	2.230303564321969e-4
	1.8385896355772253e-4
	2.4184269934184423e-4
	1.365905888741395e-4
	1.9307877806721174e-4
	2.2357459671763313e-4
	3.1576989915642947e-4
	2.2524596926663465e-4
	2.658015523252353e-4
	2.2294001237239112e-4
	2.1796044970100206e-4
	1.8018740141767086e-4
	2.0511241266329955e-4
	2.146234077103025e-4
	1.769174477144038e-4
	2.7549778485807104e-4
	2.4032694456318726e-4
	2.2635751209599948e-4
	2.2573661981540447e-4
	2.2769890658520984e-4
	1.6948168739992935e-4
	1.9370242216159192e-4
	3.4072022483378075e-4
	1.257718641846563e-4
	3.1819931786608184e-4
	1.8475052036327278e-4
	1.7835996328419718e-4
	3.011765419342461e-4
	2.880096991796961e-4
	0
	2.0005795547403923e-4
	3.741830967066077e-4
	1.1566996154589243e-4
	1.3623689734206456e-4
	2.971060101065005e-4
	1.9027661896089994e-4
	1.7810434183544507e-4
	1.5882746855675544e-4
	2.3336207864384155e-4
	0
	0
	4.4198794020886033e-4
	1.1803414802450097e-4
	2.274208918119151e-4
	1.9490486732038403e-4
	2.3939285151336115e-4
	2.370401380629324e-4
	2.269223637967501e-4
	0
	2.2521466650015216e-4
	1.962289105172986e-4
	1.6295856548067682e-4
	1.6076791988257276e-4
	2.2859713280661196e-4
	2.557845341039478e-4
	1.5051535540345834e-4
	2.1477534271575557e-4
	1.6106536723027446e-4
	2.1055499958212264e-4
	1.8370753351158012e-4
	1.9206972388617266e-4
	1.606990298599209e-4
	1.6165568614940278e-4
	1.987562940072378e-4
	2.9581500487872394e-4
	2.1882675308389324e-4
	2.408985252905254e-4
	2.21925999861762e-4
	1.8854054067815284e-4
	1.4219331441924169e-4
	1.7902911721971894e-4
	2.7261544065471934e-4
	1.629870149481138e-4
	1.9275578735604993e-4
	2.562747053362417e-4
	1.5297186816130552e-4
	1.6584490680230185e-4
	1.620640971892333e-4
	2.0992618867355333e-4
	1.69565645830777e-4
	2.683641095268537e-4
	1.596403072149484e-4
	2.0435965599854808e-4
	1.3713694347785747e-4
	2.1060492115155337e-4
	3.1840816460310237e-4
	2.3327023307494695e-4
	1.2373941153151377e-4
	1.498829652097696e-4
	1.7777529811917022e-4
	2.499769756661436e-4
	1.817353816959696e-4
	2.9209092270531694e-4
	2.2751860774115944e-4
	1.950862229583679e-4
	2.392853968005137e-4
	2.293612723416017e-4
	2.0249764937869862e-4
	3.152954416968106e-4
	2.755371244781202e-4
	2.502670467596513e-4
	1.632631688515348e-4
	0
	3.019538046099229e-4
	2.2336925984695017e-4
	1.8856064964602805e-4
	1.7663315666336903e-4
	1.588446161099713e-4
	2.066868811178002e-4
	2.9261480021599076e-4
	1.4235618636269592e-4
	1.9304438052415016e-4
	1.259873101641859e-4
	1.4382772244056737e-4
	3.0437099138760335e-4
	1.396942423918408e-4
	3.722850921505315e-4
	2.619016665531544e-4
	2.3394670784813746e-4
	2.0361707800911762e-4
	2.035643584639374e-4
	2.66223600427334e-4
	3.0092280170052694e-4
	1.6146815771373585e-4
	1.2913963662202984e-4
	1.8685982439091916e-4
	1.9387274865916002e-4
	3.408133440108244e-4
	2.5912983638010453e-4
	1.419259590335982e-4
	2.87929257017225e-4
	1.7577666073645447e-4
	2.4125830204292393e-4
	1.8853106488654097e-4
	1.188290366917121e-4
	1.8553619914714678e-4
	2.935177395446156e-4
	1.7021804828841111e-4
	0
	2.3755800067774938e-4
	1.8707730467367004e-4
	1.3893879977205744e-4
	2.928637960855986e-4
	1.9277674967734082e-4
	1.3965425724972918e-4
	1.5217168049823804e-4
	2.894596770368698e-4
	1.242386047031583e-4
	1.7324363601389515e-4
	1.8817371257528334e-4
	2.2828979770348384e-4
	2.062489197148919e-4
	2.197608943149309e-4
	1.5555340680139162e-4
	1.401534666153937e-4
	1.6218903742682252e-4
	2.2408348752887293e-4
	3.077348238790128e-4
	1.2824911507413868e-4
	1.6044771776980944e-4
	1.4451616132510575e-4
	2.2202273308550178e-4
	2.005107643723702e-4
	2.2358985098024163e-4
	1.335992469866323e-4
	2.2725618636558348e-4
	1.9783560375649612e-4
	1.88599709947549e-4
	1.2655449920961426e-4
	2.233576693063966e-4
	3.5345276326736953e-4
	3.0484559315077235e-4
	2.2861641446625028e-4
	1.6858947645351227e-4
	3.4219944093732e-4
	1.909777782420976e-4
	2.30716253542032e-4
	0
	2.9388627223560335e-4
	1.9746761755906535e-4
	2.2947161133516345e-4
	2.2688763454064943e-4
	2.3496700389890487e-4
	2.1592476195253515e-4
	1.6928709509311362e-4
	1.940506562779936e-4
	3.9336190039963924e-4
	1.4824873040065632e-4
	1.5041381525797564e-4
	2.2549700764944527e-4
	1.9903643046028627e-4
	2.0628040176033028e-4
	1.5191488386452794e-4
	1.5372016131635587e-4
	2.0542698191621667e-4
	1.4610839648058699e-4
	1.8726493463468348e-4
	1.990269220415583e-4
	2.17931533808906e-4
	1.7320663307751909e-4
	1.371740413774444e-4
	2.2107825642711306e-4
	2.2260398206051256e-4
	1.9630995955873695e-4
	2.069843442129061e-4
	1.3738600534556763e-4
	2.432618535046533e-4
	2.178593602271819e-4
	2.7667010731111097e-4
	1.4951353260166255e-4
	1.321846019262935e-4
	1.5680347290622585e-4
	1.5875089548899248e-4
	2.2997627925396778e-4
	1.1254228520790473e-4
	1.643957233832352e-4
	2.0772422543772698e-4
	1.8402097916666118e-4
	1.707167415642707e-4
	3.2015011642380875e-4
	1.4829900029662146e-4
	0
	2.0610604824590682e-4
	1.148880847251899e-4
	2.484144207444053e-4
	2.1435068656671885e-4
	2.4155091209854994e-4
	2.7919890798028604e-4
	2.1278687041663603e-4
	1.728242706739423e-4
	2.1702819949877955e-4
	1.711155657258658e-4
	2.387582149073065e-4
	1.9226857842198042e-4
	0
	2.9634683571909263e-4
	1.3652067425242863e-4
	1.5961535312655615e-4
	2.743198212189457e-4
	1.7945772763322348e-4
	3.1888524488412094e-4
	1.3249739987927049e-4
	3.161882453752213e-4
	1.3379673203978105e-4
	2.236267741606047e-4
	2.9895084951488197e-4
	1.5093535806660576e-4
	2.1110035671438485e-4
	1.7689894926423827e-4
	1.9667738985530735e-4
	1.3846913361881204e-4
	0
	1.4855367246714664e-4
	1.7300042399703172e-4
	1.7646384475470328e-4
	2.8734934882021696e-4
	2.664574999410299e-4
	1.2935621522045285e-4
	1.8825522932636158e-4
	1.0044963157043507e-4
	2.0823643098161494e-4
	1.8518606699871034e-4
	0
	1.715807680843161e-4
	3.5826534860709797e-4
	1.8388147120813213e-4
	2.0999164934942905e-4
	1.7678492263113098e-4
	0
	3.266934602842227e-4
	1.4242294871175652e-4
	2.3651977490815368e-4
	2.2719656094495938e-4
	2.1593495397411147e-4
	0.00020579360096856562
	1.1349735282503748e-4
	1.2715073743173474e-4
	1.5472244286541376e-4
	1.334700265689785e-4
	2.689279584599909e-4
	2.059757354005591e-4
	2.1797939163096942e-4
	1.7085617471713753e-4
	2.158030462076251e-4
	1.7538392829067982e-4
	1.8939725764851947e-4
	0
	2.9245250730807116e-4
	2.855196912386235e-4
	1.7850540930492142e-4
	1.6424573319716236e-4
	2.728469591696933e-4
	2.747129613794209e-4
	2.379937704179853e-4
	2.3662287202928092e-4
	1.9362052842517732e-4
	2.8538630966054064e-4
	2.1364446206621318e-4
	1.5365698668728717e-4
	1.584212515313608e-4
	1.494390511526851e-4
	1.7039688304330125e-4
	2.3004289782053435e-4
	1.7354051785301998e-4
	1.8178744648773395e-4
	2.5345979652721136e-4
	1.6431164736102323e-4
	1.244821685301762e-4
	1.9390198322511088e-4
	2.105172021267903e-4
	2.2958628934159088e-4
	2.377828363170453e-4
	1.5944607709719938e-4
	1.774334088205915e-4
	1.4243383913866456e-4
	2.1642175096489919e-4
	2.3692706182975727e-4
	2.0505536262715885e-4
	2.9620717719637004e-4
	2.3382020191749627e-4
	1.5681969382095784e-4
	1.788935592500884e-4
	3.962482982505039e-4
	2.551251699878236e-4
	1.9625007975574392e-4
	1.108303315148512e-4
	2.0983536569434374e-4
	1.654357128438139e-4
	3.003461795364277e-4
	2.3383818679663322e-4
	2.457406979023062e-4
	2.066957227365987e-4
	2.1729680928037938e-4
	2.0706080870148023e-4
	1.27653851865456e-4
	2.0398470452559505e-4
	2.6165280271052866e-4
	1.5149682852705313e-4
	1.7437008650412214e-4
	1.6274648777473948e-4
	1.8136948513188306e-4
	1.574505649737814e-4
	2.596008894485947e-4
	2.6222074873314907e-4
	2.496468127311373e-4
	2.5847120972737324e-4
	2.5760234032700893e-4
	2.800171532622619e-4
	2.045229129438594e-4
	1.8265685750513939e-4
	3.0268555916897357e-4
	2.197853434003845e-4
	3.1850507468461327e-4
	2.0609530443997797e-4
	2.026441720888839e-4
	4.135598150772244e-4
	1.7851652914867145e-4
	3.744926699035908e-4
	1.7993247856398954e-4
	2.518607489815733e-4
	2.02057390446489e-4
	2.940987183701032e-4
	1.523262347714176e-4
	2.0551853239193923e-4
	1.7655133791972887e-4
	2.4406154045403478e-4
	1.8137744601061167e-4
	1.3769686499129238e-4
	1.555220892377025e-4
	1.4334080132180778e-4
	1.7604852625540304e-4
	2.0226015102280966e-4
	2.27050275410659e-4
	2.053381304748277e-4
	1.7141921088682156e-4
	2.4390173402921025e-4
	1.8194171976937095e-4
	1.8584889516166827e-4
	1.9350726187259743e-4
	1.8298636191132393e-4
	2.711513773402542e-4
	1.509886583671268e-4
	1.8978398569915328e-4
	3.2532412106894e-4
	1.586846811247904e-4
	2.325642863071539e-4
	1.9508212920946308e-4
	2.7054156327386273e-4
	3.931216667079853e-4
	1.2704267439694002e-4
	2.0264269836951584e-4
	2.2442283844107227e-4
	1.9311023551357305e-4
	1.870644155988056e-4
	1.518752978486913e-4
	1.4000951496902724e-4
	1.4182554807148652e-4
	1.8580574276988167e-4
	0
	1.7682970624257469e-4
	2.675284117709267e-4
	2.1331153663744037e-4
	1.500499961760458e-4
	1.269567563528759e-4
	1.4930370848264908e-4
	2.215197655269008e-4
	1.5212599565714934e-4
	1.46265734178857e-4
	2.702326301422169e-4
	2.2858095621012007e-4
	1.820397267971214e-4
	1.556776225109453e-4
	2.704938189915603e-4
	2.1608011705064e-4
	1.3887638617907517e-4
	1.9246029616256117e-4
	1.7788350296585448e-4
	1.6692238369260618e-4
	3.124015362052277e-4
	2.2530588839543754e-4
	1.2959563451612517e-4
	1.6176808810582349e-4
	1.5114938318277303e-4
	2.1442233308583216e-4
	1.1038570961561384e-4
	2.5789820334435725e-4
	2.843694101657052e-4
	1.983306147652172e-4
	2.414429123591835e-4
	0
	2.4874162890102525e-4
	1.3867939910591016e-4
	2.2155826016104934e-4
	1.4116863477976635e-4
	1.3195745041367547e-4
	1.4094048247607956e-4
	2.172542482091779e-4
	1.4304760234140274e-4
	1.8252174943459673e-4
	2.0823512204522164e-4
	1.4557833704457714e-4
	2.0512625857930126e-4
	1.2073671795273053e-4
	1.5742283103012582e-4
	3.097801825798545e-4
	1.6242256153730218e-4
	2.2968175746201073e-4
	1.2792055282366056e-4
	2.131845190052067e-4
	2.2190883839714998e-4
	1.4995382962007861e-4
	3.0812095262759323e-4
	0
	2.003683202472487e-4
	1.833265044651224e-4
	1.8623300049998317e-4
	2.647234456504895e-4
	2.7894457279716597e-4
	2.745062731145598e-4
	2.7506742330613416e-4
	2.28265604466012e-4
	1.9664492489670487e-4
	1.6202547938261297e-4
	2.4511808023660583e-4
	4.0606166412945015e-4
	2.7882781943120675e-4
	1.349912440912606e-4
	1.423785601143205e-4
	4.0525083882354736e-4
	0
	3.420014534228161e-4
	2.610724020797277e-4
	1.9105161766896366e-4
	2.1642757112223218e-4
	2.5886215196704523e-4
	1.2378915336425363e-4
	2.6936162021562075e-4
	1.4882414559260962e-4
	1.7437829314365336e-4
	2.3304423143584996e-4
	2.0308390485170678e-4
	1.199219953230468e-4
	1.5610506326806732e-4
	2.5319847981339637e-4
	1.2708930604291257e-4
	1.8607347641910835e-4
	2.0172185142355818e-4
	1.9922220339919696e-4
	2.4802951439949596e-4
	1.094550303605935e-4
	1.1964574698175519e-4
	2.0400344009765e-4
	1.7314834234987656e-4
	1.465770203267388e-4
	2.733266113029102e-4
	1.9617208614107934e-4
	1.866656968589727e-4
	1.8420218856383814e-4
	1.852972428304401e-4
	1.3182707073934962e-4
	1.500028822717338e-4
	2.0882686541989415e-4
	2.2272508384112003e-4
	1.9636399716982465e-4
	1.334971335411967e-4
	2.4005219075838132e-4
	1.9014465020368573e-4
	1.9459417658690737e-4
	3.426973477640566e-4
	1.7057170043299405e-4
	3.2744136244920155e-4
	9.589412930848298e-5
	1.3876389409294855e-4
	1.6661068839121987e-4
	2.1709359943865964e-4
	2.2660292984786167e-4
	0
	2.306660455830037e-4
	3.317372747435701e-4
	2.2900324108009637e-4
	1.823060797560918e-4
	1.380261662157233e-4
	2.5117195253531675e-4
	0
	0
	2.3602876663035774e-4
	2.2802089724436296e-4
	1.4447869687302876e-4
	1.740551630012682e-4
	2.1096723470172081e-4
	2.2284445895270945e-4
	2.3706283466630936e-4
	2.2097441838704956e-4
	2.2873373364625774e-4
	1.829282171586115e-4
	2.4048091857887063e-4
	1.2180384201962347e-4
	1.9076437736680632e-4
	1.8589164520374158e-4
	2.3258437852239825e-4
	2.5342054879892164e-4
	0
	1.9426785309591208e-4
	3.142649661512681e-4
	2.1792979878791586e-4
	3.428570579954059e-4
	1.760413864384433e-4
	1.2501454973650223e-4
	1.877641697140668e-4
	1.499096291917239e-4
	2.492647092352804e-4
	2.0769943287912357e-4
	1.870491816705149e-4
	2.9479216116388014e-4
	0.00016409507391711771
	2.3608237406911887e-4
	2.3121843862156013e-4
	2.2604608214410105e-4
	1.466338456814849e-4
	1.985414925496645e-4
	1.3571429728656344e-4
	1.453141743351608e-4
	2.6783329958909397e-4
	2.0943634284748675e-4
	1.3610478343216637e-4
	0
	1.3716145496222397e-4
	2.2061996354588582e-4
	2.0207233703530334e-4
	2.3206139919147733e-4
	2.5381938954633683e-4
	2.959577678219838e-4
	2.811297348771184e-4
	1.84352804718176e-4
	1.2627625378451172e-4
	4.124548176734306e-4
	1.4460185999342641e-4
	1.5045775038091628e-4
	1.6487340788493682e-4
	1.8596580977773585e-4
	1.799103795496738e-4
	1.593149930382543e-4
	2.767788652693545e-4
	1.7870424577017305e-4
	2.49361897270118e-4
	1.5883687710201456e-4
	3.4199354017984044e-4
	1.6384065364595627e-4
	1.8194615078051323e-4
	1.7280768350131818e-4
	1.9995026150950617e-4
	2.842650996446091e-4
	2.8580006399634464e-4
	2.3585029772254216e-4
	2.378866020389248e-4
	3.0914357038045826e-4
	1.9038015792422356e-4
	3.126655703906368e-4
	1.318130423220398e-4
	0.00019994937405284042
	2.438921369693471e-4
	2.225998028305597e-4
	2.666965714230394e-4
	1.618890799093818e-4
	2.0175176342918303e-4
	0
	1.6677296107651455e-4
	4.083323682155378e-4
	1.5458780684232654e-4
	1.775553832039924e-4
	2.9091344389961857e-4
	2.9578337741320234e-4
	2.2262737392317273e-4
	2.2009601054601879e-4
	1.5958007113047972e-4
	1.9608391419180974e-4
	2.1131431245165677e-4
	3.0719059593686197e-4
	2.7678216135679126e-4
	2.187691363120385e-4
	2.8081298184928977e-4
	0
	1.8887207183844598e-4
	1.550703423240809e-4
	1.8912933229412859e-4
	1.7320371531908907e-4
	1.6687288696963417e-4
	1.508472189152077e-4
	3.429332057389288e-4
	2.232129416546226e-4
	2.5759143136593163e-4
	1.5626883451682824e-4
	1.5205268152752152e-4
	1.5235632466034115e-4
	2.0947615489803672e-4
	1.9953308290049178e-4
	1.9129068134968307e-4
	2.9894517281451834e-4
	1.8052279539858832e-4
	1.6930161216325445e-4
	1.118990546994528e-4
	2.155416475871895e-4
	2.353340764741179e-4
	1.4451157021277421e-4
	1.8510061954588505e-4
	1.5974283888046573e-4
	2.0356756841548236e-4
	1.5871452889778238e-4
	1.3661692925955529e-4
	2.2924401021442715e-4
	2.9112868825526244e-4
	2.9271941000006167e-4
	1.2693530451929116e-4
	1.251751114179277e-4
	2.8279285169466935e-4
	0.00021933147573738229
	1.5808072501536063e-4
	1.9012304138004077e-4
	1.8296749419135084e-4
	1.3618870218654898e-4
	1.1849208341704443e-4
	1.5472206084302974e-4
	1.707596789300145e-4
	1.685265281135187e-4
	2.9941504457163597e-4
	2.3409075455653108e-4
	2.489516859033276e-4
	2.611013214713136e-4
	3.1123107617109534e-4
	1.5890284348662266e-4
	3.3614624565852315e-4
	1.6397769823973683e-4
	2.609949328559594e-4
	2.058927213776441e-4
	2.185118213853581e-4
	2.9238219431964235e-4
	1.5444566738242684e-4
	1.6444307322089133e-4
	4.469172664164133e-4
	1.443668973207294e-4
	2.526653308539823e-4
	0
	3.161250799517006e-4
	2.2997819056177219e-4
	2.6785491209741543e-4
	1.8874881428526224e-4
	1.4489052850113636e-4
	1.747975647913842e-4
	1.2895900974241388e-4
	2.87169534306062e-4
	2.716695934588574e-4
	2.2484040271085888e-4
	1.756940094325106e-4
	2.0477550590927858e-4
	2.666027044146326e-4
	1.431388280230056e-4
	2.87367712924678e-4
	1.9563056323753002e-4
	1.5756262783319513e-4
	2.489330498762007e-4
	2.0368075759515875e-4
	9.630558666543648e-5
	3.8483415565368446e-4
	2.3118609199214053e-4
	1.9269229863422515e-4
	1.7889017292849695e-4
	1.5405631699649764e-4
	1.705373319297638e-4
	2.9107000153973865e-4
	1.6948297433418607e-4
	2.3103252708035654e-4
	2.0203130850524734e-4
	2.334237913084219e-4
	1.866547107142364e-4
	2.493766367192738e-4
	2.244265927586784e-4
	2.1790928806038982e-4
	1.873268955162603e-4
	2.2428246761431345e-4
	2.8330615670844964e-4
	3.197262688291307e-4
	1.7783102874304008e-4
	2.3929866625808983e-4
	0
	2.529952436832764e-4
	1.8412902105037824e-4
	2.0599727510974122e-4
	1.846019640012431e-4
	2.6320367879261196e-4
	1.4557804581383297e-4
	2.253725917653949e-4
	1.791359390159063e-4
	2.0864610264017177e-4
	1.338584965753178e-4
	3.4609536076459814e-4
	0
	3.171083070556375e-4
	1.8982872387838788e-4
	1.6726593972102497e-4
	2.0076409283713165e-4
	3.2813999487577207e-4
	2.843581402833545e-4
	1.3107843961422113e-4
	1.6345257804597526e-4
	0
	0
	1.4272710143129185e-4
	2.9329153856067955e-4
	1.7861052809518732e-4
	1.6678291345091257e-4
	0
	1.9161039155234888e-4
	1.8312303864632221e-4
	1.979709870235e-4
	1.5690829565116946e-4
	3.294306839671433e-4
	1.7358137680214105e-4
	2.6587821171148286e-4
	1.7140787804610885e-4
	2.6803333903913063e-4
	2.0139272524332413e-4
	1.7713073482707748e-4
	1.573714399948494e-4
	2.1903433083110346e-4
	1.6328688427170055e-4
	2.1240710028958717e-4
	1.9478464323826895e-4
	1.466115860621101e-4
	1.8608612113843912e-4
	3.942472880596998e-4
	1.840302734212354e-4
	2.714464839449856e-4
	0
	1.697921934484517e-4
	1.5150439538155994e-4
	1.8495395046277615e-4
	2.8242602808995095e-4
	2.3704477621698584e-4
	1.9714049891879495e-4
	2.5996957745333366e-4
	1.9721990165625215e-4
	1.876479278711032e-4
	3.025549865826015e-4
	1.673324693008051e-4
	2.4583234217614557e-4
	1.3009815452074276e-4
	2.6123097318722605e-4
	2.749077832365268e-4
	2.229907202076675e-4
	1.7730541007368535e-4
	1.616763036878431e-4
	2.2553919238113424e-4
	1.8335974351932246e-4
	1.3252529744528025e-4
	3.5526586327162926e-4
	1.8640248101318835e-4
	2.291466341121414e-4
	0
	3.6012729695037403e-4
	2.0985993806944836e-4
	1.0177283501718333e-4
	2.4381256873617162e-4
	2.1983090795652427e-4
	1.871888844305184e-4
	3.115379951825213e-4
	1.8736098955613058e-4
	1.818870808461363e-4
	1.3185615789313319e-4
	1.443534323737318e-4
	1.195080221747564e-4
	2.2117428802159695e-4
	3.4594331723315026e-4
	1.9496858995544114e-4
	1.6752980020351546e-4
	2.353317161158089e-4
	1.8598868583256112e-4
	1.6074823489409547e-4
	1.6618016428008252e-4
	2.0997049524425833e-4
	2.2704434436974014e-4
	1.6118276414695814e-4
	3.299169255995135e-4
	1.624253382555607e-4
	0
	3.502140896198447e-4
	1.525929493416423e-4
	1.770623150724652e-4
	1.897640998862219e-4
	1.682246058331539e-4
	1.9314335743072359e-4
	2.077822115261584e-4
	1.555348928478324e-4
	2.082338797066729e-4
	3.323975576980811e-4
	4.8108245515256584e-4
	1.6718418951683069e-4
	1.501276442506093e-4
	1.8697019144639645e-4
	1.877529065586614e-4
	2.9857377602086254e-4
	2.3997645918065908e-4
	1.9232557318559648e-4
	1.6423699222977467e-4
	1.5346305181838802e-4
	2.682617968488403e-4
	1.7025041808492531e-4
	2.3359764869373544e-4
	2.212049965864467e-4
	2.4647020700415475e-4
	1.4279594077428405e-4
	1.921607950070462e-4
	2.3048432155704963e-4
	2.493852918712578e-4
	2.4566552419368314e-4
	1.859518830358703e-4
	3.117814881174102e-4
	3.445234411990763e-4
	2.219949674882018e-4
	1.8187550752625774e-4
	1.3004950848819047e-4
	2.0849511448263545e-4
	1.704822840077754e-4
	2.4446961266015767e-4
	2.1319600567726557e-4
	1.8646335661224193e-4
	1.8927376616307e-4
	0
	3.0707201670207e-4
	1.9081450684571233e-4
	3.5869702625225644e-4
	1.3106384000151588e-4
	2.0801036301003589e-4
	0
	1.4739735783567687e-4
	1.820079483768523e-4
	1.8222537946460752e-4
	2.171047001448677e-4
	2.3523167767253376e-4
	1.4694215223026293e-4
	0
	2.6454995083128273e-4
	2.144369949917298e-4
	2.4393561697354823e-4
	2.2004204446097157e-4
	1.973806080846673e-4
	2.3909350060298206e-4
	2.848471577271076e-4
	0
	1.8740462275012505e-4
	1.6588025805721847e-4
	2.3479301790285383e-4
	1.8340451745194522e-4
	2.063653324258074e-4
	2.4534573152088077e-4
	1.5344430526680118e-4
	2.0695913633116513e-4
	3.736114003930356e-4
	1.5360418308465426e-4
	0
	2.2865044435988306e-4
	1.7420328369295864e-4
	2.1306304410217934e-4
	1.7871674953352836e-4
	1.783074730920249e-4
	1.3294035646928032e-4
	2.1618509556969471e-4
	2.26120545947178e-4
	2.1058136718447295e-4
	1.337670559416451e-4
	0
	2.2467159855669568e-4
	3.033972265468094e-4
	1.758398375169949e-4
	2.3530713172946157e-4
	1.5503830409400267e-4
	1.8611379944239364e-4
	2.2094165977450255e-4
	2.8806084253191845e-4
	1.6052975044029876e-4
	3.367823398030322e-4
	2.2945973766341242e-4
	1.9377239113612085e-4
	1.558045982159548e-4
	2.4846118434559316e-4
	1.5426752664274363e-4
	1.9112826268020746e-4
	1.4273558532146567e-4
	2.3033929352527663e-4
	2.3470253672272105e-4
	1.3217180706151882e-4
	1.5483551093499947e-4
	2.539656808401028e-4
	2.672098881422022e-4
	1.27996927011806e-4
	1.453368377264949e-4
	1.6859120441635843e-4
	2.618671351414231e-4
	3.3001471792175254e-4
	3.825635128885983e-4
	2.0053203665914548e-4
	1.8237571817625585e-4
	1.9930406015106428e-4
	1.1315427528977232e-4
	1.2897407596507311e-4
	1.4587356483684256e-4
	1.5550116321456426e-4
	2.271182256840029e-4
	2.501905169807957e-4
	1.806981478475646e-4
	2.0915331988804626e-4
	1.4396834544087327e-4
	3.1315606827294706e-4
	1.7540742931468185e-4
	1.707623765483031e-4
	1.9339203256562573e-4
	2.390986530574098e-4
	2.6249100094485856e-4
	3.7054561856829257e-4
	2.1616410048768463e-4
	2.1445296907041846e-4
	2.5439507910238044e-4
	1.1040875054709517e-4
	1.8658983441232547e-4
	1.1618583723321823e-4
	2.2011102236185506e-4
	2.3925915759394277e-4
	2.1031758380599304e-4
	1.5206064074561063e-4
	3.1737020695783095e-4
	1.1286838633525353e-4
	2.3449790149740343e-4
	2.8118617866136955e-4
	1.2794511720769567e-4
	2.1564640317512588e-4
	1.8306413058887544e-4
	2.3385722950207503e-4
	2.8609234847399917e-4
	1.5267452733062564e-4
	2.3869783064074665e-4
	1.542705606030046e-4
	2.2489731048048477e-4
	2.9182068975359325e-4
	1.681798707580404e-4
	2.131887473512209e-4
	1.517969138622566e-4
	3.094600787690379e-4
	1.6035002688808924e-4
	2.1384025281030202e-4
	2.185597915469225e-4
	2.3311090674929367e-4
	2.226872269032598e-4
	2.1747152064256273e-4
	1.8151360366814995e-4
	0
	1.9377759269485507e-4
	1.7413491376942435e-4
	1.575829177880408e-4
	3.369283846503077e-4
	1.7013502180357167e-4
	1.837854527900145e-4
	2.3857688220053482e-4
	2.8514485976535747e-4
	2.2861192971240375e-4
	1.957991237423159e-4
	1.8999784280359974e-4
	3.5644567929995775e-4
	1.6126592818092617e-4
	2.6129616578266743e-4
	2.6867060838473423e-4
	1.961583839478097e-4
	1.310959479656138e-4
	2.904120586724905e-4
	1.438906936739226e-4
	2.477358079168128e-4
	1.8663041385950956e-4
	2.632161252641411e-4
	2.0693894115136928e-4
	1.4511822927884438e-4
	1.3912411024411507e-4
	1.4516490710385192e-4
	3.5931971348437795e-4
	2.476460565236034e-4
	4.1859355880781603e-4
	3.000582867617185e-4
	1.8746350858378166e-4
	2.955624189123169e-4
	1.6632372231828801e-4
	1.6373081287994e-4
	1.8845330873847613e-4
	4.8212255731700995e-4
	1.898324029012072e-4
	1.6120143134046874e-4
	2.660509591999839e-4
	2.0030839214411217e-4
	2.6142290376707374e-4
	1.996046086284166e-4
	1.6224198634723745e-4
	1.6858450687989694e-4
	1.610403969842664e-4
	2.428446131743489e-4
	1.5756052303725966e-4
	1.51677385086941e-4
	2.645674360519823e-4
	1.8986323584070113e-4
	1.6880308809767285e-4
	2.3368597691749058e-4
	2.2222071539741023e-4
	0
	2.897354782885898e-4
	2.2679008754990397e-4
	1.1595242503255921e-4
	2.0359882631035107e-4
	2.9568044674830826e-4
	2.0756363493765675e-4
	2.6584184051512316e-4
	2.1140650563035464e-4
	1.6485963681839763e-4
	2.4959109483251143e-4
	2.4239871534373434e-4
	3.123663237589371e-4
	1.5936224005402068e-4
	1.432337129092981e-4
	2.2486316831096738e-4
	0
	1.8335859392605192e-4
	2.9963669223080874e-4
	1.7061676241427316e-4
	1.7724571681582388e-4
	1.4904676682689095e-4
	2.6530138849330503e-4
	2.1302275288298476e-4
	1.688691135073867e-4
	3.787604919579662e-4
	3.527661645377944e-4
	1.2648838895996755e-4
	2.1872316082455846e-4
	2.3755552921275226e-4
	0
	2.229837655444444e-4
	1.7368076206045408e-4
	1.8869221211445747e-4
	1.3016005672891599e-4
	1.6453715814421463e-4
	2.2024450479500197e-4
	1.690274937220907e-4
	2.669997551691071e-4
	2.2099595749404185e-4
	2.327679697947185e-4
	2.9117297719392384e-4
	2.6493641558816334e-4
	1.3484985006260403e-4
	1.7651408741629638e-4
	1.3198067365276605e-4
	2.8537608031358564e-4
	2.6367047771770467e-4
	0
	1.3594598212631503e-4
	1.4550102304868425e-4
	1.4524653720921767e-4
	1.722054583557815e-4
	2.193098481130003e-4
	2.840672776823535e-4
	1.757525781491246e-4
	1.3314652460309027e-4
	2.1333364954934192e-4
	2.1635978133287671e-4
	0
	2.6360463385183123e-4
	1.6903317038632773e-4
	3.3012185977405247e-4
	1.5093756850724575e-4
	1.9761246965551357e-4
	2.6535390916271117e-4
	0
	2.182195918999177e-4
	2.425540473721048e-4
	1.6541308538002813e-4
	1.4430381006717673e-4
	1.6526789030110218e-4
	2.1833803956661758e-4
	2.2655480959809994e-4
	2.9571676179429124e-4
	2.073353943408922e-4
	1.7679553131419632e-4
	1.4730729708306714e-4
	2.002420325053961e-4
	2.1155591218188386e-4
	3.101313183436296e-4
	3.5803661937338217e-4
	3.4449460105680934e-4
	2.3297875257520748e-4
	1.4957348806672946e-4
	1.4066323811124903e-4
	1.7293828300962675e-4
	1.9618205547217865e-4
	3.3775572474085557e-4
	4.254473726004644e-4
	1.8027583448710786e-4
	2.3498528306838758e-4
	1.8529810444858132e-4
	3.6643615721703045e-4
	2.3017387070505823e-4
	2.4201796179244684e-4
	2.5311301888408615e-4
	1.8729969803046135e-4
	1.3987293157914358e-4
	2.9331393256631336e-4
	1.4233463411816706e-4
	1.2983783520446797e-4
	0
	3.6083543865904734e-4
	2.1286548259502727e-4
	2.46764855678193e-4
	1.4526769947728615e-4
	1.2094609965684993e-4
	2.190634053621136e-4
	1.338253506313373e-4
	2.970546095521889e-4
	1.176212372828652e-4
	1.2792838878465754e-4
	2.210339310845431e-4
	2.2388673418959426e-4
	3.7616327494417647e-4
	1.7869763289124653e-4
	2.8140831821644953e-4
	2.2736017973648608e-4
	2.097368000572664e-4
	2.008384355618235e-4
	1.6730678904957637e-4
	1.6387226793210268e-4
	1.5281279642034553e-4
	2.2667346329286332e-4
	2.8903792591608975e-4
	2.482027620275574e-4
	1.7966823225017663e-4
	1.6577044036399712e-4
	1.5760942602333666e-4
	2.321308419652949e-4
	2.6981658107865766e-4
	1.9353100298852177e-4
	2.009692137761163e-4
	2.3006220865523792e-4
	1.588149470716917e-4
	1.7947235705804518e-4
	2.1938984869275508e-4
	1.8592152328673631e-4
	1.1671969441200174e-4
	0
	3.165935310090816e-4
	2.133180973799702e-4
	2.3294378458302083e-4
	2.856779541397675e-4
	1.8849027372308186e-4
	1.6077327876573805e-4
	2.3268847765736529e-4
	1.91946530721254e-4
	1.788875560015071e-4
	1.9283775663758707e-4
	1.719726956395706e-4
	1.482087170356886e-4
	2.3782264064299699e-4
	1.1520973350487563e-4
	2.4671716084688906e-4
	2.3090149919228112e-4
	1.9324132495503768e-4
	1.5500916540870968e-4
	2.30703508311205e-4
	1.4816799616595928e-4
	1.1100425419259747e-4
	3.1101093228311325e-4
	2.0911931340155247e-4
	1.7142348446778178e-4
	1.824491687739598e-4
	1.4713608783843834e-4
	3.747921521384396e-4
	2.096743940588279e-4
	1.3887202156505476e-4
	2.533168370502977e-4
	2.109760118958326e-4
	2.2467589428913352e-4
	2.4161590914241002e-4
	1.6314014907161853e-4
	2.712946058038062e-4
	1.5677935342598998e-4
	2.0331060698633454e-4
	2.079742044192309e-4
	1.7486525543958077e-4
	2.3982805466419416e-4
	1.6189305057481403e-4
	1.6683153594643127e-4
	1.8545167797617596e-4
	2.0753944436402704e-4
	1.5016333118730054e-4
	1.5410439526980998e-4
	1.6306530682418617e-4
	1.3344251541700454e-4
	1.60466459309475e-4
	2.4218808011322184e-4
	1.2931471151933166e-4
	2.134685546579469e-4
	2.933656148225226e-4
	1.191023596592331e-4
	1.072525542890091e-4
	1.9006144627727744e-4
	0
	1.4126321825267218e-4
	1.7217490103382915e-4
	2.4585554924900566e-4
	2.3065319152477048e-4
	2.33045417035529e-4
	1.7072479151552966e-4
	1.666094554744668e-4
	1.9625684357997943e-4
	2.026032159485725e-4
	1.5288637843625846e-4
	2.3866439238915953e-4
	2.4974422576662776e-4
	2.1055533892418016e-4
	1.7401341457736096e-4
	1.7924988330879563e-4
	1.2040064705577597e-4
	1.013849642945129e-4
	1.7182287227887475e-4
	1.5233046582612485e-4
	1.6380037772833128e-4
	2.4177960538229704e-4
	2.044328722402372e-4
	1.896051116654786e-4
	3.1064755534750913e-4
	1.4517654402949225e-4
	2.5344905732011555e-4
	2.2346182107958317e-4
	2.308614711451815e-4
	1.863511531041488e-4
	2.244135436266228e-4
	0
	1.5659635638167428e-4
	1.5420345082465433e-4
	2.8320906662471175e-4
	1.8483761195264855e-4
	1.4433515624148348e-4
	1.7460339954428314e-4
	1.413465700581247e-4
	1.8833871563102682e-4
	2.3133535574427163e-4
	2.4176566178763943e-4
	1.8890834066361527e-4
	1.3262447018366243e-4
	0
	2.63838653753302e-4
	1.8409548145213397e-4
	1.8350173673440252e-4
	2.3770817689006075e-4
	3.065999183592575e-4
	1.82470217438074e-4
	1.7780327903420615e-4
	2.549318198562733e-4
	2.0901736871702103e-4
	1.5731520014997244e-4
	2.6622062917620686e-4
	0
	2.0485031382706304e-4
	1.7063018244892962e-4
	1.9098830970975901e-4
	2.412086059163297e-4
	1.1503627255866135e-4
	1.276950633634797e-4
	2.9669378016566623e-4
	1.712126792777205e-4
	2.2599894099873712e-4
	4.3159701742201113e-4
	1.2853793491649765e-4
	1.7285582243983515e-4
	1.0836627228862052e-4
	1.8668282390821251e-4
	2.2619865895456365e-4
	2.7089433867127905e-4
	2.0738435002164211e-4
	2.728109355224523e-4
	2.0353934094806603e-4
	1.9817753184096318e-4
	2.037367807275723e-4
	2.1248531727313083e-4
	1.3305487323506303e-4
	1.7099075117525935e-4
	3.261079674660634e-4
	1.8912568225001148e-4
	0
	2.1428314175636824e-4
	2.1304924142245612e-4
	1.339622104453139e-4
	3.9405621512728203e-4
	1.6677948341423484e-4
	1.7753232696401524e-4
	1.6025442630860645e-4
	2.5480561235124516e-4
	3.1363709231636047e-4
	2.8191328526482577e-4
	1.9915838157459848e-4
	1.7147122564207794e-4
	1.4376654312580193e-4
	3.409343704661332e-4
	1.8182950310903755e-4
	2.123940128981126e-4
	1.9801350404420332e-4
	1.1344536096453814e-4
	1.4572885926061104e-4
	1.9759427139167643e-4
	2.589992895348264e-4
	1.5332224494949098e-4
	3.333461509913703e-4
	2.3480201578783737e-4
	2.0176186431423575e-4
	1.9568799151025717e-4
	2.3705352409229035e-4
	0
	2.2534599541883824e-4
	2.3219476962293116e-4
	0
	2.6699503159033323e-4
	2.191117924881642e-4
	1.628617685349686e-4
	1.185062950790322e-4
	3.821835857498345e-4
	2.3630645497314866e-4
	1.8959722648982563e-4
	1.481095414373608e-4
	1.0280992000431631e-4
	2.837040126757936e-4
	2.4041067190221e-4
	2.390492420404469e-4
	2.781816059343459e-4
	2.897883043783939e-4
	2.816367556478631e-4
	1.7593853539406854e-4
	1.2858451529850433e-4
	2.2835187362922483e-4
	4.333023877552164e-4
	2.2858093475167804e-4
	1.8956804331643273e-4
	2.170031951650543e-4
	1.9262606032606646e-4
	1.794716916483711e-4
	1.5612403860682463e-4
	1.2878560224325122e-4
	1.5212941084607136e-4
	2.2773471126478033e-4
	2.324858868647258e-4
	1.2636865162403383e-4
	3.346559648645922e-4
	1.98187858208192e-4
	1.9605387691831876e-4
	3.615013169264756e-4
	3.2158465566112314e-4
	2.4182151768446797e-4
	1.7160832085804273e-4
	1.7499212433476442e-4
	0
	1.6370602154691457e-4
	1.8550374633955665e-4
	2.787252325975681e-4
	2.1559261538891422e-4
	2.020938842775724e-4
	1.7710625921730464e-4
	1.6474740955618354e-4
	2.910711794074321e-4
	1.732621919692106e-4
	2.836321830678098e-4
	1.8117978981761765e-4
	2.0281794563681396e-4
	2.818111925191992e-4
	1.4810850055431546e-4
	2.0821152412702426e-4
	1.4596870049501297e-4
	1.0393224990282038e-4
	1.7785115776811986e-4
	1.4698064090324094e-4
	2.047341903592881e-4
	3.490351026399554e-4
	1.3074368302718123e-4
	1.0812012895821789e-4
	1.53196539430288e-4
	2.0208441612893174e-4
	2.509588612166746e-4
	2.4066057677760787e-4
	1.9402012466353453e-4
	3.2373154029358527e-4
	2.2141455867799047e-4
	0
	4.0917929578666027e-4
	1.6890978520982264e-4
	3.2751308638891396e-4
	2.4673728727067076e-4
	1.747936233003912e-4
	2.1939779116390292e-4
	1.6396328768254225e-4
	2.1720682971883903e-4
	1.4544557263418395e-4
	1.9176387707710546e-4
	2.0539482641130836e-4
	1.4383724998062006e-4
	3.003070440631175e-4
	1.952369113564331e-4
	2.1718304031104332e-4
	1.674584735461808e-4
	2.610904871652114e-4
	1.4832020100689281e-4
	3.7859051350860916e-4
	1.1153831062671275e-4
	2.4787180231047987e-4
	2.8103080593665664e-4
	2.6721773807882737e-4
	2.16791762047061e-4
	1.6366442005046606e-4
	1.7810780790180594e-4
	2.0996220324469812e-4
	1.5278830569527538e-4
	3.2397698634247646e-4
	1.5950074868574207e-4
	1.7965396607656683e-4
	1.6041215657397652e-4
	1.5112342371363492e-4
	2.2050781831869343e-4
	1.6821615256014592e-4
	1.9108771941481485e-4
	2.1955804721444688e-4
	2.8806521698206816e-4
	2.853367101444276e-4
	9.270155927039603e-5
	1.9274250612827685e-4
	1.0027358948490847e-4
	1.4861798085287438e-4
	2.9041477766222516e-4
	2.2367618918289037e-4
	2.0336309764019565e-4
	1.4587118296398088e-4
	1.561546912422748e-4
	1.6462069067497642e-4
	2.576006303414192e-4
	2.335597683634746e-4
	0
	2.7073673500713127e-4
	2.7171949173899037e-4
	2.5494190234901523e-4
	2.901129905003199e-4
	1.8027203741408177e-4
	1.9489468630838283e-4
	1.9498188352847482e-4
	1.8021602395212926e-4
	1.927927385505322e-4
	1.7078982241529807e-4
	1.6163400145980614e-4
	1.5062046499302094e-4
	3.431829023803326e-4
	1.6419553635766231e-4
	1.223137133521713e-4
	2.0191487981218147e-4
	2.523978361009684e-4
	2.0618826541071145e-4
	1.7748596821952938e-4
	1.518092991517233e-4
	1.5135258342210555e-4
	1.6534972016606114e-4
	3.000604866874328e-4
	1.702528523820376e-4
	2.256148935997996e-4
	2.589551278096765e-4
	3.2672529986263574e-4
	2.3472813837607402e-4
	2.1288324946053608e-4
	1.5978875599595576e-4
	3.2040366632381045e-4
	3.858921832894558e-4
	1.5771214408732693e-4
	2.7702515370806805e-4
	2.958931503159193e-4
	3.209299574764362e-4
	1.9204430162767612e-4
	2.764317553229028e-4
	1.1728479392623173e-4
	2.542255723010681e-4
	2.3586625563522934e-4
	2.2939959754163518e-4
	2.3206245256536022e-4
	1.6920239573950556e-4
	1.9308709283870085e-4
	1.3567427191209702e-4
	1.4338791653141717e-4
	2.4169035364009304e-4
	1.569405448497607e-4
	1.5539277563316852e-4
	2.0216314876374595e-4
	1.5929751981828743e-4
	1.3677888380883221e-4
	3.021902067151706e-4
	2.2422019785813585e-4
	2.0591274327534607e-4
	4.4684367776124e-4
	3.458321225695061e-4
	2.2184534808223887e-4
	2.215355562379098e-4
	2.2986047283179065e-4
	1.6115280470602305e-4
	2.0380147517092616e-4
	4.511760751350713e-4
	2.514713145842833e-4
	1.7136392508368596e-4
	0
	1.8051401350069923e-4
	2.545387847292137e-4
	3.5285614970823883e-4
	1.9399909696120999e-4
	2.5540541816059816e-4
	2.538592035250456e-4
	2.109107037125782e-4
	2.5012854816877563e-4
	1.470956773950486e-4
	2.647352836017417e-4
	1.9094456669933372e-4
	2.919665055917001e-4
	2.2089826882330397e-4
	2.709760195126481e-4
	1.7403098428733102e-4
	8.88859652561582e-5
	3.3020237928454684e-4
	3.8094506823658304e-4
	2.147825791989488e-4
	1.7331462109162845e-4
	1.9979546338442803e-4
	3.187947520436475e-4
	1.259983843828329e-4
	2.764019186959674e-4
	1.550302453811674e-4
	3.3770186425461225e-4
	1.62957505219161e-4
	2.3793612039423333e-4
	2.535346696196071e-4
	1.8659757064614632e-4
	1.4207085363333806e-4
	1.5514909210939532e-4
	2.3940151002847565e-4
	1.8599740583576373e-4
	2.0789068393723412e-4
	2.2189652006911176e-4
	1.947148801943025e-4
	2.3692339828450495e-4
	3.332679460555034e-4
	2.9624844148634844e-4
	1.5019254257472197e-4
	1.2352306453419234e-4
	1.311098577309514e-4
	1.6385047355476216e-4
	1.0004265939715849e-4
	1.5373947810948775e-4
	1.5514909573650581e-4
	2.1041456025973907e-4
	1.6794215090093758e-4
	1.4246395277009322e-4
	1.6612623978569898e-4
	1.3679526636837706e-4
	2.603728126088929e-4
	1.6326679244524177e-4
	2.480470878929692e-4
	1.7904550608846063e-4
	1.5028801281960206e-4
	2.6212043628444793e-4
	2.693194500423601e-4
	1.5246825898266813e-4
	1.6202442237290787e-4
	1.7797821288900444e-4
	2.011628887484095e-4
	1.4681663205220327e-4
	1.8819204841077667e-4
	1.90549449264484e-4
	1.914936453466443e-4
	1.5944517010818814e-4
	2.5135701452526935e-4
	2.648664992584327e-4
	2.773549213942942e-4
	2.1663192213605302e-4
	1.7868870383960512e-4
	2.9729997152952225e-4
	1.844187852383111e-4
	2.322497989515656e-4
	1.5062874988260773e-4
	1.6528505151295358e-4
	2.046680328910187e-4
	1.4852610857220836e-4
	2.162143832738914e-4
	1.244705756339036e-4
	2.2037085793781352e-4
	4.3969423023554154e-4
	2.166314916150108e-4
	1.6643944722091804e-4
	3.7485368162591475e-4
	2.0784932002924992e-4
	2.3814822939876543e-4
	2.3146571955789445e-4
	1.736995137546602e-4
	2.0671268153388142e-4
	0
	2.794537278514688e-4
	0
	2.831146339142945e-4
	1.9205897748790225e-4
	1.9349224134374417e-4
	2.4340877646135525e-4
	2.0832614248374588e-4
	1.8348286157684505e-4
	1.971955827091339e-4
	1.8245744123193932e-4
	1.4726080086654373e-4
	2.0618887694275e-4
	2.165539867934829e-4
	1.967149823303877e-4
	2.2974239088637062e-4
	2.0390195533764703e-4
	1.424976901560573e-4
	2.043749837883793e-4
	2.8951586425877567e-4
	3.578727239093567e-4
	1.8971662756771208e-4
	1.9864154689810338e-4
	2.151334677277663e-4
	1.519912131227483e-4
	1.5186711215613524e-4
	2.070756179750834e-4
	1.4153379727792708e-4
	2.6223083450822133e-4
	1.8909025321487598e-4
	3.3034079933226e-4
	1.5348596820716307e-4
	1.9804237231218537e-4
	1.360816658230496e-4
	0
	3.441416766843239e-4
	2.2656681358576743e-4
	1.6789802158060884e-4
	3.2766849535268257e-4
	3.294374040190317e-4
	1.645354730312837e-4
	2.0032255089184685e-4
	2.6171084565735714e-4
	1.69660558725909e-4
	1.568244429350983e-4
	1.8000898604207641e-4
	1.6620157473056006e-4
	1.7362041158734055e-4
	1.792311578290149e-4
	1.662981544119361e-4
	1.8989830298612087e-4
	1.244587748658914e-4
	2.1159582983778404e-4
	2.2587505381574746e-4
	4.0475083974353724e-4
	1.7268204099384827e-4
	2.9793045253618313e-4
	1.816516706456992e-4
	1.4975384952427517e-4
	2.847969376499397e-4
	2.0242352791954526e-4
	1.6305005822205053e-4
	0
	2.3701254005934662e-4
	2.5449863929934613e-4
	1.5436962118360302e-4
	2.0754562024801848e-4
	2.1611437682132758e-4
	2.3051832352952685e-4
	2.4504626003422707e-4
	2.0591892592191743e-4
	3.394185710064413e-4
	1.307325716530321e-4
	1.7097225417285778e-4
	3.172741474965768e-4
	1.1520095806336864e-4
	1.2176291270993228e-4
	2.1733556480757834e-4
	2.030078566223018e-4
	1.2813092932179514e-4
	1.8772933095608248e-4
	1.7956857336063413e-4
	1.9001939636242155e-4
	2.6417828251207217e-4
	2.3413102752377316e-4
	3.3036827232071827e-4
	2.061784648368907e-4
	1.6756119996941962e-4
	0
	1.9491598830186286e-4
	2.314585336474212e-4
	1.908351368030049e-4
	1.187232047350913e-4
	1.8321983984113206e-4
	0
	1.5461913442810143e-4
	1.5921891044373232e-4
	2.169945868894514e-4
	1.616526674951681e-4
	1.861956982413504e-4
	2.1164248961819747e-4
	1.6902899082412492e-4
	0.00018329072596218565
	1.6450156512756028e-4
	2.2521904200505322e-4
	2.053985541421027e-4
	2.4387632146071e-4
	2.9039067554539677e-4
	2.4333779665039885e-4
	1.5140496435191443e-4
	1.9637770459732636e-4
	3.4775598882990424e-4
	1.542821953172836e-4
	1.4112873130402246e-4
	1.6488995505958593e-4
	1.8005376518525262e-4
	1.1269609998772e-4
	1.1986674934657591e-4
	1.3264611503301568e-4
	1.8941453190323866e-4
	2.3234781956346393e-4
	1.8181032513805745e-4
	1.7175441976231598e-4
	1.863397691215775e-4
	1.9597298788387273e-4
	2.1345232090033242e-4
	3.304920020656535e-4
	2.116149991073585e-4
	1.250884753997503e-4
	2.0415612309874028e-4
	2.3128736637342414e-4
	1.7852610150958148e-4
	1.723066708909201e-4
	1.6012593507817234e-4
	1.7309767261668808e-4
	3.8622369290297376e-4
	2.2102738052298736e-4
	2.714635878316867e-4
	1.5750011417749036e-4
	1.8920223604648972e-4
	1.5691114135502358e-4
	2.9520990823142285e-4
	1.851622595641804e-4
	1.5362167649746346e-4
	1.2392146918726666e-4
	1.391386428321525e-4
	2.9601843910748117e-4
	3.3731279994172965e-4
	1.9404155106122806e-4
	1.7430700143018137e-4
	1.8772951001010883e-4
	2.551366056743419e-4
	2.7328965792478694e-4
	1.451611734815811e-4
	2.2068263681288808e-4
	1.749846774757936e-4
	1.2777189939864445e-4
	3.2758659607610047e-4
	1.8860701384663044e-4
	1.3840866164829124e-4
	1.2974382272160442e-4
	1.2526857071009547e-4
	1.7463510320009484e-4
	1.3535501049741317e-4
	2.544879978139814e-4
	2.768486226529712e-4
	1.9541317918759493e-4
	1.744540232618326e-4
	1.9718583289368558e-4
	1.4869252855658461e-4
	2.146782017050139e-4
	1.6741438577648132e-4
	1.608867588668426e-4
	3.98224968146983e-4
	1.2168186146667893e-4
	0
	2.824538053660697e-4
	2.0733542086343872e-4
	2.552199625553611e-4
	1.3339581845404184e-4
	2.0483322302201418e-4
	2.407308884847444e-4
	1.7886198528564007e-4
	3.159138503301394e-4
	1.9351205447404568e-4
	1.8544694335475274e-4
	2.855578504171882e-4
	0
	2.099644922157906e-4
	2.354126893051284e-4
	1.264133445032522e-4
	1.295788386816591e-4
	1.7998135584105168e-4
	1.6628705413244133e-4
	1.9019323919233595e-4
	1.5976050065108605e-4
	2.7778279001818565e-4
	1.7952413613975664e-4
	1.9647162233290776e-4
	3.3680689397993916e-4
	1.5436730967812023e-4
	2.4385316455322961e-4
	1.8386837641379858e-4
	1.906371132071234e-4
	3.7602569332595843e-4
	1.5158414247206384e-4
	1.6238078723022898e-4
	1.7590896231415006e-4
	1.3498670889423538e-4
	3.014295373688849e-4
	2.5026646562142235e-4
	2.4104434583482867e-4
	1.1919828594052817e-4
	2.444351470791579e-4
	1.5073331677772307e-4
	1.5414670413792158e-4
	1.1174444404585085e-4
	1.3739285120900545e-4
	2.1422359939443406e-4
	1.7894967101628778e-4
	1.6615598580113828e-4
	4.7545947163618694e-4
	3.140979330006766e-4
	2.128757827882499e-4
	2.387515825340139e-4
	1.664695619954205e-4
	1.2421773792900228e-4
	1.8393294746368218e-4
	2.3580368513309376e-4
	3.410924385249689e-4
	1.564863388443221e-4
	2.564207022405654e-4
	0
	1.9647345617234324e-4
	1.760748334565869e-4
	2.623589150293208e-4
	1.2822093002868751e-4
	2.2496657091388686e-4
	2.2371157761548599e-4
	2.1653772801518315e-4
	1.4502385337294467e-4
	1.6449504757304957e-4
	2.781179267888422e-4
	2.2408200611169932e-4
	2.3722616649852528e-4
	1.61297385012506e-4
	2.2625853049136475e-4
	1.1960706300073078e-4
	1.969366560616475e-4
	1.59636655942658e-4
	1.4113716011537034e-4
	2.9586632015691605e-4
	2.340756277538059e-4
	1.5520791730875305e-4
	1.877780811106386e-4
	1.7664140525409597e-4
	4.185109483113007e-4
	1.2207035095251366e-4
	1.9849836057807374e-4
	2.016515749306474e-4
	1.984745460762949e-4
	1.0595083606045042e-4
	2.151039287217408e-4
	3.3430328314074483e-4
	2.70284006185629e-4
	2.2262166107602473e-4
	1.8598076437206258e-4
	3.153751963757267e-4
	1.6601336481132387e-4
	1.5952457565134186e-4
	1.6119478502992624e-4
	1.8181779743822697e-4
	2.4811174551171657e-4
	2.906458775992107e-4
	1.7587115887776985e-4
	1.824650143112319e-4
	2.998855703909597e-4
	3.085189525841988e-4
	1.3164059548529484e-4
	1.979903409705304e-4
	1.7880101642041806e-4
	2.4884519537629395e-4
	0
	4.530621288637685e-4
	1.750268406542949e-4
	1.97619174415678e-4
	2.255208171488312e-4
	2.114967871426658e-4
	2.759040985398627e-4
	1.4649126056243635e-4
	3.026448451472742e-4
	1.9654888951998531e-4
	1.542430724172956e-4
	1.3756601250038158e-4
	1.6439327140181444e-4
	1.4666610599649548e-4
	1.987247190946613e-4
	1.7306850438463136e-4
	1.5330891035329479e-4
	2.0448111131014004e-4
	3.519273661963604e-4
	2.6871581957280897e-4
	3.0189731917920534e-4
	1.6815874114490845e-4
	1.7066499778922484e-4
	1.1026560871091355e-4
	1.1093863502826875e-4
	1.9751838896235605e-4
	2.3031037386843972e-4
	1.844401474672876e-4
	1.5066430713055835e-4
	2.8116924404066095e-4
	0
	1.954668425872373e-4
	3.768814235846566e-4
	1.842382065462768e-4
	1.5446324677247916e-4
	1.4933108392204325e-4
	2.0072757294753056e-4
	2.7948060689550713e-4
	2.3529818983764045e-4
	2.1040303414255633e-4
	2.483812416691222e-4
	2.714220475722114e-4
	2.005274420812887e-4
	1.7178983449168793e-4
	0
	1.9228873827690016e-4
	1.7790560570181706e-4
	1.4454277635300456e-4
	1.3995060140405398e-4
	3.209467163649853e-4
	2.578631282252472e-4
	1.377179671921433e-4
	2.967763397654689e-4
	2.325397987341441e-4
	2.4328658051968338e-4
	2.02680519917251e-4
	3.439705216630773e-4
	1.9075300791591727e-4
	2.217889153626571e-4
	1.621405052290339e-4
	2.1398334563271635e-4
	1.8719211053662391e-4
	0.00041359650590797753
	1.8073941065067912e-4
	2.3535638727835618e-4
	2.717479744972914e-4
	2.594431857301497e-4
	0
	1.9533496598596908e-4
	3.251120294963401e-4
	2.083742262904443e-4
	2.407532070792065e-4
	1.875383605581572e-4
	4.081612189474959e-4
	3.0727497189507826e-4
	2.3879362163318148e-4
	2.891075508388572e-4
	1.5731883485158049e-4
	1.6967591310043602e-4
	1.4086045323720252e-4
	2.3621853884826598e-4
	1.2595616057615463e-4
	2.1035738658809914e-4
	2.4420978319916915e-4
	4.149775361012345e-4
	2.6344938311292183e-4
	2.1440610596119088e-4
	1.67225714234139e-4
	2.3234460356259237e-4
	1.6053188704194006e-4
	2.3637539063638068e-4
	2.645455164862665e-4
	3.0511824059812454e-4
	1.8044997110358338e-4
	1.4088702540320221e-4
	3.601903690012733e-4
	3.2500924927684793e-4
	1.6822357734002055e-4
	2.1949734034702072e-4
	2.0147996208571308e-4
	0
	1.8923357941672537e-4
	2.9291111615764316e-4
	2.138473733889661e-4
	3.1102279602116667e-4
	2.1312965518653488e-4
	1.3266383042047602e-4
	2.174332146129286e-4
	2.3185888253079008e-4
	2.82552800466926e-4
	1.6903769328657913e-4
	2.1438610054934834e-4
	1.3558905920817531e-4
	1.560965727766658e-4
	0.00014438524492357181
	0
	3.10887156990707e-4
	2.5043142235227383e-4
	2.903492237882593e-4
	1.926471533625915e-4
	2.8618814343982734e-4
	1.9806380968602337e-4
	3.0269359546852836e-4
	1.8098546984674112e-4
	2.7297727667907916e-4
	1.7774695724440627e-4
	2.2544822630901005e-4
	3.0428423364027975e-4
	2.983624558827104e-4
	3.4274255713805763e-4
	3.1654979074668385e-4
	1.5976374487872724e-4
	1.570890443587246e-4
	2.1197955611888542e-4
	2.5905965431007115e-4
	1.7454148751163272e-4
	1.5952804945892131e-4
	2.762074184779039e-4
	1.1872711332796113e-4
	1.6694953173284033e-4
	2.740530204409229e-4
	3.0497529291279143e-4
	1.964148643652105e-4
	2.8788037126720856e-4
	1.6789763881889066e-4
	2.491598412820988e-4
	3.0877125481916154e-4
	2.203663063631861e-4
	0
	2.1196731199286058e-4
	1.9192773385956255e-4
	2.355457600795765e-4
	1.512196473046137e-4
	4.180593602037598e-4
	1.7416105691336659e-4
	3.6718021730346346e-4
	2.2413345372250803e-4
	1.6207235744342247e-4
	2.508160627339276e-4
	2.8547614533490357e-4
	2.466282816677589e-4
	2.2030684310072853e-4
	3.053114816214273e-4
	1.8237558246965576e-4
	2.200491573405835e-4
	1.6959757204826795e-4
	1.2051276532036652e-4
	1.590679874084075e-4
	1.6008063516969516e-4
	3.5567600038524937e-4
	3.440789907337588e-4
	1.8884330628779732e-4
	3.377863543711346e-4
	1.9382660556460264e-4
	2.514884038962338e-4
	1.7394180843808158e-4
	1.8946444758356572e-4
	2.0084455155951493e-4
	1.7964313945041037e-4
	1.9700982371405657e-4
	0.00026738236949796265
	2.6517363847159634e-4
	1.5832138057041126e-4
	1.4733800445995712e-4
	3.869675512091218e-4
	1.3393726065178308e-4
	1.660056890235749e-4
	1.8552918977656773e-4
	2.2422746888327427e-4
	2.2001116524872098e-4
	1.767283728433491e-4
	1.1420404753948638e-4
	2.0422507412182176e-4
	2.2072860848031578e-4
	1.8457076620036672e-4
	1.7038819367472092e-4
	1.8624660085453206e-4
	2.3708487015011476e-4
	1.2322769244174292e-4
	2.1460149281254918e-4
	1.250955334298333e-4
	1.678496561940303e-4
	1.0138916110640021e-4
	1.8051233833850844e-4
	2.046628165117941e-4
	1.9256362181037623e-4
	2.8422656627590746e-4
	1.9350041725452616e-4
	2.3655823243841036e-4
	1.8756499223069207e-4
	1.9431895946582102e-4
	2.065218800887492e-4
	2.6548281529661303e-4
	2.3783913103227395e-4
	1.228864933402725e-4
	2.4625212816187903e-4
	1.838236243880406e-4
	1.706969028283367e-4
	3.164059425095764e-4
	2.8226233832293654e-4
	2.2856538808937443e-4
	1.6568163322308564e-4
	1.9905259200147344e-4
	2.690629779369149e-4
	0
	2.618748870235211e-4
	1.6012206399518012e-4
	4.4880247291069307e-4
	1.7317068688403326e-4
	2.608094129591897e-4
	1.8926348134252666e-4
	2.5359071048367736e-4
	1.8301653975218206e-4
	2.681120091016793e-4
	2.433642560118511e-4
	1.5342153041793713e-4
	3.4042194491213165e-4
	2.3002950938052043e-4
	1.5783512827411046e-4
	3.1296658109764144e-4
	2.965182349706198e-4
	2.715270116309632e-4
	2.0665172639389677e-4
	1.8584983249332357e-4
	1.1043540483166263e-4
	1.583037923736451e-4
	1.1320045198316255e-4
	0.00014115149816514269
	2.3032050370199e-4
	2.6235291147027343e-4
	1.8152737717533362e-4
	1.4559799047336085e-4
	1.6310694110221346e-4
	2.614134447591374e-4
	2.559789118605237e-4
	2.5786463754516625e-4
	1.456025491629583e-4
	1.5338771687153753e-4
	1.23032388300846e-4
	0
	1.355035575059574e-4
	1.6916627519738346e-4
	1.8773523509456756e-4
	3.561227443024901e-4
	2.2046904427983554e-4
	2.035190532626878e-4
	2.3540206046149817e-4
	3.98546809628445e-4
	2.25679068094795e-4
	1.390830712677804e-4
	2.0134317061430696e-4
	2.1914391924884137e-4
	1.5348414609307547e-4
	1.472189062180905e-4
	1.326115908679172e-4
	1.7928718023377702e-4
	1.7511448407805824e-4
	1.84002013825078e-4
	3.324704238391541e-4
	2.347062544175888e-4
	1.588126956498661e-4
	1.770359031850849e-4
	1.1966768554622416e-4
	1.687816214981456e-4
	1.43918410378067e-4
	1.430922530865495e-4
	1.9018014826024227e-4
	2.0923933784788268e-4
	2.86080810455892e-4
	1.8087587112534774e-4
	2.545205734859001e-4
	1.4208312415792988e-4
	2.43174340797449e-4
	1.589397173695067e-4
	1.781930761828787e-4
	1.9109730082240262e-4
	2.0472036580570184e-4
	0
	2.4416134793823693e-4
	3.1581991625080153e-4
	2.1463324398506283e-4
	2.515451085672385e-4
	3.850566126781964e-4
	0
	1.996386466085799e-4
	1.5268746633519971e-4
	1.192444774827955e-4
	1.41244661981528e-4
	1.7956029524990669e-4
	2.4959271366566045e-4
	2.6043613488056284e-4
	1.929425751832586e-4
	2.2698959258540173e-4
	1.7931370123869513e-4
	2.913524351491936e-4
	1.898188785528382e-4
	2.2905439404164203e-4
	1.541731425633485e-4
	1.5643243627009294e-4
	2.2573622340464627e-4
	1.9026239538840083e-4
	1.2750613319005132e-4
	2.1455482786580967e-4
	0
	2.2554952703376235e-4
	2.6263870688485744e-4
	1.1033219792873417e-4
	1.5273402617622296e-4
	2.5836652765681294e-4
	2.4217967109260502e-4
	3.0116504365746083e-4
	2.933541250059445e-4
	1.5804161255489853e-4
	3.1298913226132603e-4
	1.8313321237583706e-4
	2.6581003789564176e-4
	1.5598929480297038e-4
	2.133925241040655e-4
	0.00026021257212785666
	1.790985337633435e-4
	2.787939564595629e-4
	1.4814686069960638e-4
	2.4008737244757958e-4
	1.2545839895314494e-4
	1.24646516717025e-4
	1.897338906942121e-4
	2.0898823348142428e-4
	2.1065151984165617e-4
	1.813375447440195e-4
	2.3958721005585526e-4
	1.5930320442951012e-4
	3.0824810937205753e-4
	1.566099573594617e-4
	1.4412130126767895e-4
	1.8328501339300694e-4
	2.597596536519818e-4
	1.9256839848029163e-4
	2.0186690768632417e-4
	0
	1.5013666354983196e-4
	2.3892167943434666e-4
	2.1759214634807034e-4
	2.926380159689202e-4
	2.450825080057807e-4
	1.8706960618427727e-4
	2.0222021908630896e-4
	3.263949260389007e-4
	3.0767919990358614e-4
	1.1062987000642667e-4
	2.358114242993282e-4
	1.9885519971321735e-4
	2.3894962547533262e-4
	2.2945996047915145e-4
	1.378220452662181e-4
	1.7398812227224813e-4
	1.8350609874528598e-4
	1.819058116024121e-4
	3.646345546255315e-4
	2.3388836266632047e-4
	1.7036060118279795e-4
	3.4324232633670457e-4
	1.9001378911035797e-4
	2.430062126577558e-4
	3.512437023107079e-4
	1.7778731666006926e-4
	1.3071165068183707e-4
	1.2268727067644395e-4
	2.930740515096623e-4
	2.3448469147326664e-4
	2.7841593358712857e-4
	2.7205839527043345e-4
	1.8008104999576817e-4
	2.5740002935426085e-4
	2.585224452013733e-4
	1.8251418958769775e-4
	3.112966962292017e-4
	3.130846918157137e-4
	1.9417685684056967e-4
	1.8023405417886038e-4
	2.1233901488382605e-4
	1.2846827992689296e-4
	2.451945935258169e-4
	4.7170535986234673e-4
	2.221249612815613e-4
	1.8520384296344026e-4
	2.6569998169573153e-4
	1.92174686701352e-4
	1.6947468066806756e-4
	2.345765132307431e-4
	1.4503413219043337e-4
	1.4438801663003357e-4
	3.1491419681150396e-4
	1.2862462715074373e-4
	1.8677484949614304e-4
	2.0191646132679494e-4
	2.2184686725648585e-4
	1.9275889224910987e-4
	2.3295910255695477e-4
	2.3091234079706854e-4
	1.9307816290733458e-4
	3.684471448138703e-4
	2.1618348029714608e-4
	1.5407109416235907e-4
	1.4611242795870902e-4
	0
	2.0271919798922462e-4
	2.764251155046191e-4
	2.045677679365472e-4
	1.7894698710474628e-4
	1.552778786500842e-4
	1.23493737649493e-4
	2.4045806012892745e-4
	1.5369644648717678e-4
	2.5100286977067915e-4
	2.1841579086084902e-4
	2.0599529783282933e-4
	1.6897673863180905e-4
	1.7203649067135105e-4
	1.9056386767411714e-4
	1.494180003466071e-4
	1.6124368917420063e-4
	2.3715983322259636e-4
	3.3182494835602667e-4
	1.2548517496334735e-4
	1.741817046915792e-4
	1.2713870410189127e-4
	2.628375893903428e-4
	2.2643945785011626e-4
	1.2205737069368509e-4
	2.0889921967094706e-4
	1.4283230807239303e-4
	1.6078179953040123e-4
	2.3799789267849e-4
	1.716522981868289e-4
	3.144542133160562e-4
	1.9107855450101267e-4
	2.1060114475309573e-4
	2.430104760240219e-4
	0
	1.5871548245389766e-4
	1.5067677859428595e-4
	2.5505223970956586e-4
	2.6768425693511014e-4
	3.10980099324317e-4
	2.7697846781777274e-4
	3.072196020759825e-4
	2.2905080797172724e-4
	1.726347133373298e-4
	2.0679983978790507e-4
	2.403324771604616e-4
	2.8209776634921903e-4
	2.3525963180501584e-4
	1.0923987162710266e-4
	2.0267741926052792e-4
	1.8492272624305077e-4
	2.0913716319512037e-4
	1.473783655191251e-4
	1.7685542094717543e-4
	1.370000781682918e-4
	1.649846848770175e-4
	1.9170846067576334e-4
	1.4719295249558147e-4
	1.5866283951372964e-4
	1.521259272714121e-4
	1.497145280272016e-4
	1.8096103226903257e-4
	1.4343333312416497e-4
	1.80402345916353e-4
	1.2805047943174758e-4
	1.4849976894188102e-4
	2.2026639466676663e-4
	1.8355255648896094e-4
	2.6822407515160316e-4
	0
	2.595172859590909e-4
	1.624536411831051e-4
	2.918302005286465e-4
	1.2628277386555738e-4
	2.5623359525510765e-4
	1.4439758027377905e-4
	2.758766829841545e-4
	2.037612565771134e-4
	1.7796243119151217e-4
	1.5335282123980843e-4
	2.3571201416811225e-4
	2.1723233037920195e-4
	3.1991767407571383e-4
	1.345040483000241e-4
	1.751357487746191e-4
	1.614636205746556e-4
	1.45107218837722e-4
	2.356663422593657e-4
	3.165767834025745e-4
	1.255246422850438e-4
	1.9131881118989192e-4
	2.716805284930669e-4
	1.594170866921037e-4
	4.119694171069844e-4
	1.8473075424369853e-4
	1.0500668378523674e-4
	2.0692286105797615e-4
	1.391967296897716e-4
	1.456761954498959e-4
	2.0899131847198124e-4
	2.5874595670761456e-4
	1.1990638923173084e-4
	3.2672173102672714e-4
	8.339828802933872e-5
	2.3708451359732868e-4
	3.364368779731562e-4
	2.180155147077914e-4
	1.7063741591084161e-4
	2.1230937527498507e-4
	2.0112196133724092e-4
	2.539295390166745e-4
	1.0719314873221233e-4
	1.7266179576260686e-4
	0
	1.6646294699362277e-4
	1.7132686273441447e-4
	3.8951380548158597e-4
	1.8302857653830414e-4
	1.894100796013611e-4
	2.1474763178387738e-4
	1.6409238155265345e-4
	2.379645174075916e-4
	1.2688724330505135e-4
	1.5796632744533145e-4
	2.6116251668647773e-4
	3.2696741094825443e-4
	1.581720965753555e-4
	1.6610218792045966e-4
	1.501991502998944e-4
	1.7892483369043186e-4
	1.257913648097985e-4
	2.870246927844151e-4
	2.0025474383862519e-4
	1.5694497268208666e-4
	1.5741585528883687e-4
	2.455502007275119e-4
	1.7304233767419241e-4
	1.527908793993496e-4
	2.071697161525279e-4
	2.6862318887874354e-4
	1.6002936787736467e-4
	2.3555260478963505e-4
	3.4843497042850996e-4
	2.074165363306187e-4
	0
	2.0686614758019182e-4
	1.739359027313223e-4
	2.7228708406406465e-4
	3.2907914891187103e-4
	2.450970136458802e-4
	2.566582012833336e-4
	1.8787540732696285e-4
	2.2922664794031245e-4
	2.63590974315859e-4
	1.58647587926034e-4
	2.4908498449324675e-4
	1.3436313272077014e-4
	1.7059630334088672e-4
	1.673307266884332e-4
	1.8227346248312818e-4
	1.6532946529075143e-4
	2.3434986258976078e-4
	2.0749209694293243e-4
	2.551925838112482e-4
	2.0544498062403992e-4
	1.8810572652912374e-4
	1.4193543335383143e-4
	1.952827384969034e-4
	1.6490379016603884e-4
	0
	1.9169191895802897e-4
	1.4232018619730668e-4
	2.0142906772758722e-4
	1.7876108226851778e-4
	2.2582165708300223e-4
	1.6952593669683274e-4
	1.9921924056063285e-4
	2.4644707474888856e-4
	2.0461006248205534e-4
	1.6103658078458599e-4
	2.0888024549743458e-4
	2.660678967840092e-4
	2.170063246078742e-4
	3.4981102025282427e-4
	2.357470459737383e-4
	1.2982090254885556e-4
	1.7788245675160242e-4
	0
	1.355085110625256e-4
	1.684895799386472e-4
	2.1039782189341262e-4
	3.0949261327807597e-4
	1.845539595321248e-4
	1.924633696199404e-4
	3.1441541027186386e-4
	1.847655121014192e-4
	2.3781018339516773e-4
	1.983763422953035e-4
	2.4952377562454075e-4
	2.3588765323775073e-4
	2.8952127288270373e-4
	2.3994681321347442e-4
	1.9940171529408642e-4
	1.9208408657157822e-4
	2.8392652859770694e-4
	0
	2.2705184426631783e-4
	1.2446224401093867e-4
	1.270299032624332e-4
	2.284128502097446e-4
	2.491761318608861e-4
	1.7509810302188532e-4
	1.9129769370685525e-4
	2.165844729529878e-4
	1.535147713865058e-4
	1.6510943231085807e-4
	2.2799428513634642e-4
	2.0368331015773133e-4
	2.2766479659321813e-4
	2.2849188352665518e-4
	1.3271626190194786e-4
	1.687859513240337e-4
	2.8152781186911887e-4
	2.200885266979524e-4
	1.5404750310180182e-4
	5.390234067160496e-4
	2.2527509194932352e-4
	1.8133109759222124e-4
	1.235042430440299e-4
	1.615980007163143e-4
	1.7509189391293726e-4
	2.984967552429628e-4
	2.4134742102284006e-4
	2.4355371270960203e-4
	1.1978839911273663e-4
	3.019814054559151e-4
	1.7314936059897176e-4
	1.543895116338925e-4
	0
	1.7317996083968915e-4
	1.945211206388557e-4
	4.5621134333015325e-4
	1.696032671208187e-4
	1.8505129936910572e-4
	1.5593901702107925e-4
	1.636409388223471e-4
	2.3080059524710944e-4
	1.7540891706116645e-4
	3.4718315720162903e-4
	1.5542771793813817e-4
	3.4641776225164626e-4
	1.641872637507211e-4
	2.4312674183571032e-4
	2.831820163758938e-4
	1.6242245899354455e-4
	3.386453889071349e-4
	1.9564510141565532e-4
	1.2617372150210666e-4
	1.9934200349630118e-4
	1.9298415396759876e-4
	2.5358548653619373e-4
	1.915556196863115e-4
	2.2245967869120143e-4
	1.5263334380411322e-4
	1.1885084340524731e-4
	2.574596324931627e-4
	2.2503132328592504e-4
	3.442832009682682e-4
	1.5877418366359893e-4
	3.125602355811634e-4
	2.0506933659215706e-4
	2.202488481822289e-4
	1.6623766651268913e-4
	1.4526015463682676e-4
	2.2812707640326724e-4
	1.1872515302523585e-4
	1.9224562064948402e-4
	1.714316987330616e-4
	1.1916137419254024e-4
	1.7665770130655334e-4
	1.4466642840885722e-4
	3.684055028456042e-4
	1.274840794563812e-4
	1.7641151665748642e-4
	1.6215859875529852e-4
	1.3180000227639192e-4
	2.451209753468305e-4
	1.282093654247405e-4
	1.3910608057390023e-4
	2.547341335061115e-4
	1.978722735611223e-4
	1.107935955583782e-4
	1.7802369321376018e-4
	2.0882107514382092e-4
	1.7603244177827185e-4
	1.3500593518326373e-4
	1.8532791462387612e-4
	2.3845215652310044e-4
	1.9253875803420834e-4
	2.1806871887928528e-4
	1.5285379261096468e-4
	2.010859116976578e-4
	1.7928238381863517e-4
	2.4076320565811737e-4
	1.7520242913861265e-4
	2.935873805643066e-4
	1.9542774084401685e-4
	2.511022233098328e-4
	1.5994114956240863e-4
	2.538200271929992e-4
	1.5892889712447027e-4
	2.634213812452123e-4
	2.712989954005856e-4
	1.1849898494496774e-4
	1.7617067557954092e-4
	2.151117225535667e-4
	1.7029954747429474e-4
	1.9305568465428457e-4
	1.8187443080712579e-4
	1.6004107787256187e-4
	1.7101879581752122e-4
	1.612378721426551e-4
	2.248828550127099e-4
	1.8951809611799473e-4
	1.4743452938989984e-4
	1.8978908846399077e-4
	2.5689545157461644e-4
	2.5090722671801456e-4
	3.039510046962551e-4
	2.0744275393836043e-4
	0
	2.70320005490075e-4
	1.6678023279779553e-4
	1.7661386668512856e-4
	1.6238436746631888e-4
	2.2609724512137743e-4
	1.865574079237317e-4
	2.398894925991414e-4
	2.997036060754893e-4
	1.1984674077861921e-4
	1.7716877335156774e-4
	2.2347973233982662e-4
	1.979940644852695e-4
	3.067897172518613e-4
	1.88823137234819e-4
	1.3778849941735932e-4
	2.4378120377084264e-4
	1.629913596243091e-4
	1.475337662326334e-4
	2.1265093615925186e-4
	1.4890761135297016e-4
	3.2444976166981114e-4
	1.555754041858508e-4
	1.7570845654334721e-4
	9.857647759390819e-5
	3.250808546256441e-4
	2.3357733732710644e-4
	3.391968494322792e-4
	2.3001007818104289e-4
	1.5454600629691485e-4
	3.8477814111910626e-4
	1.398623279780649e-4
	1.567261735864053e-4
	1.9300060000340498e-4
	2.361459985791722e-4
	1.8515032630300686e-4
	1.2576425930940202e-4
	1.637633049260976e-4
	2.212415324051122e-4
	2.994577599029194e-4
	2.260513596206638e-4
	2.4738320611791473e-4
	2.1418428430645633e-4
	1.4559911520451807e-4
	2.485911762589628e-4
	1.8728583404109474e-4
	2.2390719203185976e-4
	1.7043103932861027e-4
	3.161058749528225e-4
	2.3548161268867373e-4
	1.4018192831249859e-4
	1.4144154965199679e-4
	2.4857864573909816e-4
	2.0943304342411258e-4
	2.0765070510162447e-4
	1.9271559517321766e-4
	1.8355890174236189e-4
	2.1451186205174893e-4
	1.3974630697409895e-4
	1.970565402592641e-4
	3.295765791220867e-4
	2.1485012589248257e-4
	1.3188461196636178e-4
	1.5524799835553262e-4
	2.7032908367252754e-4
	1.8087503728358195e-4
	2.1758854865792414e-4
	3.4794744337792626e-4
	1.870203678478185e-4
	1.1435078765169478e-4
	1.4453268478100396e-4
	1.4396855416854681e-4
	2.6343813370805955e-4
	1.7283923488433878e-4
	2.676945055433421e-4
	1.9437683249535028e-4
	3.513927391237796e-4
	2.319758194646116e-4
	2.1572508715126494e-4
	2.672615193256323e-4
	1.2212307423557358e-4
	2.889345293774874e-4
	1.5074834344096358e-4
	1.3996332332767976e-4
	1.9263913619750733e-4
	1.9716803264819698e-4
	0
	1.599199103198012e-4
	3.702469166774091e-4
	1.8396908243467557e-4
	0
	2.9170396008544055e-4
	2.1453331775972447e-4
	2.539695318309747e-4
	2.0695986165770886e-4
	2.1691133573148216e-4
	1.3915617644972165e-4
	2.190612974610762e-4
	3.477297925795854e-4
	1.6189419576719547e-4
	1.702745624182042e-4
	1.5228892923115683e-4
	2.2999871777498217e-4
	2.332667935333336e-4
	2.1125134089153896e-4
	1.4416600022442618e-4
	3.1742151710035914e-4
	2.3764507420528843e-4
	2.9439495303355676e-4
	1.371495902991668e-4
	1.9621646270111045e-4
	4.258738640857871e-4
	1.707304160788875e-4
	3.48111798958321e-4
	1.7756551616423903e-4
	2.4110958792124718e-4
	2.4453135037875946e-4
	2.007101238892807e-4
	2.603578105468945e-4
	2.3909138969969534e-4
	1.9901787786981607e-4
	3.3296477341639597e-4
	1.3193564682836806e-4
	2.6778127858320634e-4
	2.1823414384475605e-4
	2.2097870016480635e-4
	2.2704481154154239e-4
	2.616091670955123e-4
	1.9190739043799878e-4
	1.7245410326981514e-4
	2.3487736108608663e-4
	1.1661617843100296e-4
	1.8595212171406883e-4
	1.5344745686194392e-4
	2.3790727056542785e-4
	3.0297398849719523e-4
	1.8208675523317692e-4
	1.629302950606161e-4
	1.8435551797694297e-4
	3.122018767248456e-4
	2.0026832718360744e-4
	2.0982958740679364e-4
	1.4346765952769587e-4
	2.3670323015438283e-4
	2.8522267114664305e-4
	1.3989562423497007e-4
	2.4358466800518817e-4
	1.580702305987551e-4
	1.7894475319158899e-4
	1.6375892456578395e-4
	2.0162239960327431e-4
	1.8691148477445032e-4
	1.1579296361163496e-4
	1.902686134463968e-4
	2.0442699694935262e-4
	2.7443385813443437e-4
	4.216260896915512e-4
	2.847832663615887e-4
	1.919284394978077e-4
	1.2460029555617865e-4
	1.52227182801001e-4
	2.0103564933482453e-4
	1.8163891360605788e-4
	1.945800506153329e-4
	2.1450896824252535e-4
	1.3888520944305317e-4
	1.103563850748567e-4
	2.450526540470163e-4
	2.819220067255404e-4
	2.0984108240006304e-4
	2.1269130290448458e-4
	3.4674830748974e-4
	0
	2.8052182164885957e-4
	1.6512107708073e-4
	2.1009112251938613e-4
	2.418939911688683e-4
	1.894148734355716e-4
	2.187257485425144e-4
	2.1824042199795345e-4
	1.5965841526844801e-4
	2.0525978089442763e-4
	1.614060234251588e-4
	1.8053512742199026e-4
	2.1364216094159582e-4
	1.39143040080841e-4
	3.4665703844092655e-4
	1.8593196267902611e-4
	1.8770091809176503e-4
	3.596293266668463e-4
	1.5909721507948655e-4
	1.7283683377823325e-4
	1.1014004902704767e-4
	1.833102994026033e-4
	2.0416197622561642e-4
	3.131477599221189e-4
	1.3196123522397693e-4
	2.3256864556217132e-4
	1.9921694103198841e-4
	4.047853926569382e-4
	3.3269109265337887e-4
	2.4402883108222743e-4
	2.8104664200650733e-4
	1.4033412209591111e-4
	1.6310117231607487e-4
	2.3225309257140134e-4
	2.883892449479985e-4
	1.7030318180238384e-4
	2.5019434150101065e-4
	2.9868690586801953e-4
	1.88415261561581e-4
	3.455747764207958e-4
	2.044947783110411e-4
	2.0231617490681515e-4
	4.145519682222979e-4
	3.490040287643603e-4
	2.2786045684751607e-4
	2.7650563608534485e-4
	2.0355951706721185e-4
	2.1077642628046912e-4
	1.6568618137050446e-4
	2.4661391499767053e-4
	0
	1.8592119681267008e-4
	2.0655677618623133e-4
	2.055915092005168e-4
	1.0362311363203383e-4
	1.9702836898760056e-4
	1.3519591087687464e-4
	1.6947554486650363e-4
	2.0993388540333483e-4
	3.1863195165525925e-4
	1.527138519801758e-4
	2.3710606509358807e-4
	2.4373784226490333e-4
	1.625781072164056e-4
	2.56461818164655e-4
	1.5793386831018452e-4
	2.697104831402948e-4
	1.7766879667958287e-4
	2.2136119468674407e-4
	2.0862617617811556e-4
	0
	2.5622128268878313e-4
	1.6550640645031898e-4
	2.1605471481594775e-4
	2.0757257367055087e-4
	1.5952789454370673e-4
	1.7993380275806113e-4
	2.554634630111466e-4
	1.7364334641898396e-4
	1.8756795720949692e-4
	1.2155950337729709e-4
	2.910840214836037e-4
	1.099310885462693e-4
	2.455391562274305e-4
	1.6851322060954318e-4
	2.9554716580729076e-4
	2.7918631777832027e-4
	1.598268073048441e-4
	2.0696823452885963e-4
	1.8312962205596802e-4
	2.0956387268698248e-4
	1.2536985473048714e-4
	1.2893744421587584e-4
	1.8837307257686266e-4
	1.7007570890652555e-4
	1.3316067250949235e-4
	1.897262633053725e-4
	2.466958646268623e-4
	2.3943818672393988e-4
	2.096661371107819e-4
	3.080767959284553e-4
	1.8694220427127687e-4
	2.746458109859052e-4
	2.577697368843353e-4
	1.3312666373394176e-4
	2.3177324387598018e-4
	1.9686074687919197e-4
	1.6710559703668948e-4
	2.1985465052218195e-4
	2.2782547436122843e-4
	3.1945310163997625e-4
	2.0266641689859892e-4
	2.3491018419255152e-4
	1.506177805008243e-4
	2.0255921052272775e-4
	1.402507731651338e-4
	1.8090550050397594e-4
	2.4954832665444567e-4
	2.2151166554893186e-4
	0
	2.2965330395766716e-4
	3.01250201838947e-4
	1.93808242892618e-4
	1.166327431196375e-4
	2.188923370182613e-4
	1.5854483172336265e-4
	1.528697916231112e-4
	1.5975326971256703e-4
	3.366442847539144e-4
	1.3520019219639374e-4
	1.4761139540985044e-4
	2.0793343615852855e-4
	3.042760219805521e-4
	0
	2.2385676378471544e-4
	3.962426566849932e-4
	2.612116417433229e-4
	1.5554380088394237e-4
	1.655003425856332e-4
	1.7391804124232294e-4
	1.308892672929215e-4
	2.0386718242527564e-4
	3.413091074690089e-4
	2.213673795129366e-4
	1.626424962939221e-4
	1.5424490113900136e-4
	1.4390279432379015e-4
	3.2499245626657977e-4
	1.6056331554316212e-4
	1.7976000656199918e-4
	1.807513848386372e-4
	1.873600805096989e-4
	3.8779837633239587e-4
	1.092964410329615e-4
	1.464485658495439e-4
	1.1811220272433157e-4
	1.9536331195598087e-4
	1.613325556000778e-4
	1.8025076177466417e-4
	1.9638034310281072e-4
	1.8328713208984454e-4
	1.5410573049697143e-4
	3.171836884475495e-4
	1.5844431585451568e-4
	2.3690620897253532e-4
	1.5005971729343666e-4
	1.2597007294474434e-4
	3.1920110908158737e-4
	1.6085177754442253e-4
	1.1725530141294648e-4
	1.5942241588185634e-4
	0
	2.3550357348923388e-4
	1.8541442559388976e-4
	2.950833405682063e-4
	2.6725508047660014e-4
	1.1730821884232745e-4
	2.07803751906521e-4
	2.0229429697769908e-4
	2.362774745250928e-4
	1.656124385920264e-4
	2.888599303529234e-4
	2.3989563960605907e-4
	1.8706612603731798e-4
	1.3748488679604204e-4
	2.9692489585797624e-4
	0
	1.308839839396759e-4
	0
	2.963214239230052e-4
	2.9237564019038865e-4
	3.713999806218504e-4
	2.984898773728973e-4
	2.625546071914191e-4
	1.348582001878502e-4
	2.478490850699266e-4
	0.00020940476315422338
	2.4827894430031096e-4
	1.6646712187540184e-4
	1.8631528956238635e-4
	2.5998922297815094e-4
	0
	2.9233879009862526e-4
	2.3129041047598132e-4
	2.584751556100764e-4
	2.1464363307911096e-4
	2.2511403833001486e-4
	1.639698410818797e-4
	2.4060334726796578e-4
	2.42596838035075e-4
	1.7705615631446686e-4
	3.9073696059236437e-4
	1.8805335808137115e-4
	2.3562364045785688e-4
	2.3018651766586206e-4
	3.037595625669656e-4
	1.5791485177591303e-4
	2.729596911969955e-4
	1.5499337166927833e-4
	2.0143327111785478e-4
	1.5871735081485544e-4
	1.697520396684986e-4
	2.655168774997086e-4
	2.0941582967008783e-4
	2.0700704056341346e-4
	3.113685221436003e-4
	2.1450108691888937e-4
	1.3802162038512234e-4
	2.2196498711950135e-4
	2.0632975109283715e-4
	1.8199699810095117e-4
	0
	2.315071199119771e-4
	1.3453377161763203e-4
	1.8275417061353164e-4
	3.214747198561444e-4
	2.4244948011015757e-4
	2.32743876618309e-4
	3.2325934142164747e-4
	1.9689284402222364e-4
	2.760210297049728e-4
	2.0864840187805248e-4
	2.4579023170864106e-4
	2.85094143507703e-4
	3.0827332398537647e-4
	2.8882860108730475e-4
	1.701692635376806e-4
	2.0011035220557198e-4
	0.00018583706530607425
	3.7351262110425033e-4
	1.5287118019649573e-4
	1.473282333183424e-4
	1.3906921760844796e-4
	2.2341899673850504e-4
	2.2533107258042583e-4
	1.7977451293333573e-4
	2.944924952681955e-4
	2.5341447349568557e-4
	0
	2.3676688505331375e-4
	1.2218455426175347e-4
	1.2551339323122843e-4
	1.6960285347185626e-4
	2.539690297578163e-4
	2.0285424980058203e-4
	1.9833846327443268e-4
	3.303128004854334e-4
	2.293649073447774e-4
	2.892272278857745e-4
	2.578059963972473e-4
	1.971350950633725e-4
	2.4244526857951427e-4
	1.2368527667450243e-4
	2.2438739640511928e-4
	1.868380420633268e-4
	1.3094853327761565e-4
	1.519668188971441e-4
	0
	1.8408221183747575e-4
	1.6979588703532717e-4
	2.933603024244662e-4
	2.181138018157251e-4
	1.5526490928908493e-4
	2.1417922381661116e-4
	1.2896382833733298e-4
	2.2220398614584836e-4
	2.3984386489225273e-4
	1.5490903818633184e-4
	2.7984469603398215e-4
	1.9226108592105312e-4
	3.010833179185503e-4
	2.5815008761683535e-4
	1.5708820268131433e-4
	1.3561559775877418e-4
	1.6605764635394029e-4
	2.062705119582292e-4
	1.6890522543143517e-4
	1.662995737097346e-4
	1.6945621697688477e-4
	1.894279846872993e-4
	1.481211545824757e-4
	1.358704295023266e-4
	2.426694937113895e-4
	1.5362649249355025e-4
	1.9920149712271718e-4
	1.404151725381062e-4
	1.703964108149431e-4
	2.1422787370096118e-4
	1.311064223087676e-4
	2.9076909855508637e-4
	1.7957987440517725e-4
	2.210914663293183e-4
	1.5965548977040062e-4
	2.698039045186008e-4
	2.231190114583926e-4
	2.0455148637881887e-4
	2.392210095482756e-4
	2.8735796408636485e-4
	1.465393489914217e-4
	2.4617336374189254e-4
	1.712934397536966e-4
	2.1924335202597764e-4
	2.0194641611535853e-4
	1.898871522115321e-4
	2.00227085692908e-4
	1.5594786488342858e-4
	2.4370390880220123e-4
	3.1479654060397754e-4
	1.5868338209159004e-4
	1.8152381599738384e-4
	1.958998666660118e-4
	2.50980133507657e-4
	1.3380097119644133e-4
	2.1384498211398192e-4
	2.0618553724800656e-4
	2.6672264993901276e-4
	3.082006342945704e-4
	1.6734656074076198e-4
	1.6219771234906306e-4
	1.8444755452414925e-4
	1.1689641990788872e-4
	1.548921178447586e-4
	2.2014611115919717e-4
	2.1001606788001638e-4
	1.4302074256211577e-4
	3.124056251285476e-4
	2.190050134757579e-4
	1.7521619262670626e-4
	2.468254132463229e-4
	1.2670594279562771e-4
	2.7887809297615985e-4
	1.3445935418474956e-4
	1.9546528718095485e-4
	2.887875993236776e-4
	2.389512761181233e-4
	1.4877140582567806e-4
	1.4400144719963382e-4
	2.1965389397659134e-4
	1.3335786979717465e-4
	1.458998568341705e-4
	2.9239267021660356e-4
	1.8079293105595953e-4
	2.5070770263857164e-4
	3.2668162036232406e-4
	1.3193454671431323e-4
	2.484133151360665e-4
	2.0014856524911936e-4
	2.6318602550542145e-4
	1.7694227383641218e-4
	2.3518285314292128e-4
	2.9599104842934566e-4
	1.9812411099294348e-4
	1.3770317903821265e-4
	1.1317886439727471e-4
	2.4476600486736556e-4
	1.5442899458333162e-4
	1.977192539516565e-4
	2.7275755482035333e-4
	2.018733020290866e-4
	2.6498071149466207e-4
	2.159995240644983e-4
	2.595364043290124e-4
	1.4618274689263042e-4
	2.768073624194168e-4
	1.4916995253803114e-4
	1.6112802024333725e-4
	2.897247858378388e-4
	1.6357617290697023e-4
	2.028079372532571e-4
	2.6021644871949474e-4
	2.0573776922337282e-4
	3.04416217271575e-4
	3.019560641043215e-4
	1.9357316003401056e-4
	1.6475128563214598e-4
	2.9619164992346217e-4
	2.6368151625389514e-4
	1.4988992859577411e-4
	0
	1.5237410859967698e-4
	1.4180096311467536e-4
	1.9651534042550774e-4
	1.5487054667348118e-4
	2.6580564909540577e-4
	1.7249090678435412e-4
	1.3816879315280684e-4
	1.3696103732227632e-4
	2.291408693033441e-4
	1.9893614776580172e-4
	3.7004905904668156e-4
	1.3849226940369005e-4
	1.6355081792238937e-4
	0
	1.5427677499878199e-4
	2.962506686037589e-4
	3.003428267228674e-4
	0
	0
	3.2263265391113563e-4
	3.225532946235016e-4
	3.511915261760244e-4
	1.935091788918215e-4
	1.8184595390837086e-4
	3.705310091899374e-4
	1.4069083462827403e-4
	2.3196157461951274e-4
	1.2019555612861981e-4
	0
	2.2966868132693604e-4
	1.5365298455709644e-4
	2.2821930351385678e-4
	1.1090679727080305e-4
	1.1016337620179645e-4
	1.7567141609258106e-4
	1.4324812081274144e-4
	1.7314237657525052e-4
	2.2702997009696338e-4
	1.5246422253893408e-4
	2.4351067241287913e-4
	3.3791144276568196e-4
	1.2521341239732847e-4
	1.5801799845680355e-4
	1.4406755076647326e-4
	1.6131385942433688e-4
	1.3534455871709282e-4
	2.0226368445524915e-4
	1.720272331866263e-4
	2.0712725382148928e-4
	2.6019594937711773e-4
	2.860363022282457e-4
	1.63013485454107e-4
	2.0790048451344034e-4
	2.9720845584326817e-4
	2.6574742839904425e-4
	2.3240692499975962e-4
	1.9036699636530358e-4
	2.6054447705989563e-4
	2.8662563767902383e-4
	0
	1.910382174217422e-4
	2.1088722456836845e-4
	3.261630504032337e-4
	1.6595831046342508e-4
	2.399192005775206e-4
	2.2021714824333399e-4
	1.3343083531990236e-4
	4.048438395597067e-4
	2.409334611734031e-4
