cval	avg_intersection
11	0.003857914558465674
11	0.004920886120765373
11	0.004640067130238895
11	0.004086568170298115
11	0.006164007630748616
11	0.0054737021148207245
11	0.005050548552384506
11	0.003914761959444972
11	0.005653518198175429
11	0.004451875779686729
11	0.005495369036178119
11	0.004664591380914989
11	0.004584256551344168
11	0.004878163282143303
11	0.004652084164190496
11	0.004743033904420702
11	0.005025008644892541
11	0.00425737013218452
11	0.0051454652796705655
11	0.003944617539654119
11	0.0041787467634904355
11	0.004882598561575986
11	0.004708852101001954
11	0.0055132600075588414
11	0.005244225607775677
11	0.00607845068732696
11	0.004913913723347983
11	0.004227637026585752
11	0.004538958602438263
11	0.0046831401528368965
11	0.004870424357087721
11	0
11	0.004132259687999779
11	0.004624354282453008
11	0.005584134375548566
11	0.005275489508944014
11	0.004895851717256441
11	0.005154094922516598
11	0.004974807617743007
11	0.005102359896879692
11	0.004039266047390824
11	0.005350761809337528
11	0.004923335615911145
11	0.004345475988523069
11	0.004331406867497536
11	0.006776508026426906
11	0.004843636265044856
11	0.006822806320381782
11	0.0047746983233612865
11	0.00455210075621139
11	0.00538542430541613
11	0.004012610778560721
11	0.003583707094058894
11	0.005258454112152479
11	0.005230029394041288
11	0.004411136961022305
11	0.004370947847140765
11	0.00536721146769134
11	0.005403169470449199
11	0.004806811660744609
11	0.004407348550074518
11	0.0049430834737508094
11	0.0041879334567562114
11	0.0054099536245708
11	0.004762893860381916
11	0.004353710969936523
11	0.005576914365409524
11	0.004689469844120287
11	0.004795067417147076
11	0.005576037469303943
11	0.00476094098892758
11	0.004646533777522192
11	0.004500324100571194
11	0.0048871882996970725
11	0.003925804701870813
11	0.0048234626719434095
11	0.004909112155640661
11	0.004344931005754887
11	0.005786044869088564
11	0.004456725081045457
11	0.005136073934106176
11	0.004989201064679636
11	0.005597058374709392
11	0.006163430386138073
11	0.004636237984785006
11	0.004361653112239606
11	0.004315657456612191
11	0.004455604589706103
11	0.005440264609431039
11	0.004228900894318722
11	0.005552648813781955
11	0
11	0.005388212960793246
11	0.004983341774372313
11	0.005374267042826955
11	0.004360239788325811
11	0.006546900658628375
11	0.004967344796767043
11	0.004195145785566893
11	0.004695841703347274
11	0.00452204588282517
11	0.00502106814457893
11	0.003931061845684549
11	0.004280798687664021
11	0.005058865781988067
11	0.004812085478675579
11	0.004683586214119068
11	0.004485910354788817
11	0.005570052589129698
11	0.006120776650863789
11	0.004847512366151204
11	0.004056473982840046
11	0
11	0.004335376515596908
11	0.003528190212464261
11	0.004685606630785327
11	0.005647216913959514
11	0.005716725393671338
11	0.005689147423821843
11	0.005473809636307831
11	0.0052344611593267976
11	0.005165907316357768
11	0.0052355625252817495
11	0.0047889424911206815
11	0.00465874417693009
11	0.004634642657536824
11	0.005126262025341626
11	0.004845876951474578
11	0.005963659089179255
11	0.004794444018534587
11	0.004034391426617006
11	0.004120148342603142
11	0.004704468299380501
11	0.00433151777471792
11	0.004963785238133274
11	0.00507370797422734
11	0.005675028097583039
11	0.004797163157120792
11	0.005407666562801189
11	0.005158490383940871
11	0.005603453934225749
11	0.005845020340527201
11	0.0037676583206923435
11	0.004248534335919651
11	0.004773386571078398
11	0.00453117584970533
11	0.004899001357696095
11	0.00396492228358411
11	0.005796535452496318
11	0.0041283318492965895
11	0.006162331191228921
11	0
11	0
11	0.004127529803392811
11	0
11	0.005194034954176595
11	0.0043615563043588644
11	0.004515590498422868
11	0.004261353979601553
11	0.0034516003398134074
11	0.005156396692602059
11	0.005003704774820784
11	0.004279608906523462
11	0.004448146593798358
11	0.00465399848370848
11	0.0037193753800886234
11	0.003937628569353077
11	0.004793474025785769
11	0.004240200888385977
11	0.005094907489704738
11	0.005333135795323937
11	0.004311587253362093
11	0.003977137289418232
11	0.00414492429683928
11	0.004475468171081681
11	0.005812166363258094
11	0.004774012139318864
11	0.005543057967387844
11	0.005475894597482713
11	0.004499700159793202
11	0.004888886590726671
11	0.006701813576877609
11	0.004066913069200702
11	0.004992654588118918
11	0.005437583514329231
11	0.004795266406042523
11	0.003329588700173933
11	0.004700673625610396
11	0.0053457564555335416
11	0.0047660082688676065
11	0.003951292245168686
11	0.005491117161055074
11	0.004824156549210834
11	0.004443107123819902
11	0.004301081455530239
11	0.0052027199856358505
11	0.0052591943247917924
11	0.004828075729808526
11	0.004381210307878651
11	0.004549042773355555
11	0.005648011713211865
11	0.005135798762104796
11	0.006278301128106971
11	0.004315821473723677
11	0.006637119004978238
11	0.004360185242722749
11	0.005622005179898775
11	0.004293031331595199
11	0.004168930882064298
11	0.004388631836873487
11	0.0044449443950774666
11	0.0051049183167337
11	0.005064105300065136
11	0.004768268690845721
11	0.003945555418596292
11	0.0049849868684757334
11	0.005696563279616933
11	0.004310884458277189
11	0.005413903412559858
11	0.005119462798040073
11	0.004790115238417723
11	0.004297788342306448
11	0
11	0.004751928958819028
11	0.005270477750516739
11	0.005372434508619547
11	0.0046208393840600805
11	0.004134048180374822
11	0.005589266821680064
11	0.004830079843356725
11	0.0038552420660813145
11	0.005127425153423263
11	0.004901133976654223
11	0.004285114971997506
11	0.005638369555292828
11	0.004034219073638184
11	0.005258548404028729
11	0.004002960838715987
11	0.004872380858023895
11	0.0038993410845278016
11	0.004727840597022575
11	0.0051684106087508015
11	0.005988979622479015
11	0.0042371408388024116
11	0.004544286695629415
11	0.004561339160115275
11	0.005290903756082933
11	0.004629048800225518
11	0.005186625135389783
11	0.004637442123027618
11	0.0047017554482502435
11	0.0056491770296561855
11	0.005188865498527484
11	0.003973677276864474
11	0.004719551661227286
11	0.004423475507017689
11	0.00478598452922233
11	0.004077279737923101
11	0.003594982931970361
11	0.004331240989495029
11	0.004808069297967798
11	0.0035925324401036773
11	0.004779040005284938
11	0.004921029674934999
11	0.005450289439883116
11	0.004746458002026903
11	0.00487835361844205
11	0.004113865310186434
11	0.0050331696496794835
11	0.005133714228965902
11	0.004926924768228316
11	0.0053858890293174005
11	0.005288438556969949
11	0.0054740554508050975
11	0.004730285838778305
11	0.004789053515469045
11	0.0048556008137708275
11	0.004412544120832518
11	0.005313513419498711
11	0.004052356182427865
11	0.0048632266461513364
11	0.005233443326658909
11	0.005136441699604929
11	0.0038737311814340944
11	0.005395407926716203
11	0.0044647218366606345
11	0.00374646925269599
11	0.004750661570452979
11	0.005486751689646823
11	0.005564270242294668
11	0.004887036408268623
11	0.005066271834537044
11	0.005231681711252713
11	0.0052851918515281066
11	0.004367403448718617
11	0.0040558740010828934
11	0.005913068915929909
11	0.003859739196765693
11	0.004193268617257917
11	0.004764392360516784
11	0.004050876798925555
11	0.0039999319671465165
11	0.004318349626198017
11	0.00456287228323155
11	0.004815323572411254
11	0.004575145371794098
11	0.004429928856524282
11	0.004699938363522768
11	0.004776953460983387
11	0.00506991807705095
11	0.005333237283925466
11	0.004031897663790641
11	0.005598688787076144
11	0.00509433985225545
11	0.006532873862130585
11	0.003829770299562248
11	0.004473240369483898
11	0.004909079578821796
11	0.005423963261617071
11	0.00495365124914106
11	0.004860316188198075
11	0.006273568536502244
11	0.004947467559268432
11	0.005420935481430759
11	0.00491609365433357
11	0.005873164388138209
11	0.004331606205505801
11	0.005010329911942726
11	0.0033320360669405217
11	0.005260107335088347
11	0.0045575758043236644
11	0.005194265343522074
11	0.004550151148083546
11	0.0045570317277047415
11	0.004715161906159712
11	0.005432984163615758
11	0.0042122640426714595
11	0.003387071252889047
11	0.004931339122439624
11	0.004484028562896695
11	0.005503232591503397
11	0.005544528046311004
11	0.004944831713448153
11	0.004927534120255149
11	0.005125795848868126
11	0.004831484416719657
11	0.00502562666701045
11	0.00482515991750397
11	0.00617893060156966
11	0.0040979914216933725
11	0.004919770236258969
11	0.004810492593961753
11	0.004570690397623559
11	0.005157254382882426
11	0.00445913568022478
11	0.0037541329194958313
11	0.005068340719007717
11	0.004606674396540396
11	0.00507429751158394
11	0.0042743453769226135
11	0.004846759240631808
11	0.005083706798238649
11	0.004358856939889025
11	0.0050324552974560935
11	0.005072191902171973
11	0.005537364804554404
11	0.004260917605675773
11	0.005610008702177529
11	0.006463958675374636
11	0.004454902358676829
11	0.0038531713513245947
11	0.0048647238264577786
11	0.004927374979966732
11	0.004395459328524517
11	0.005514022325173209
11	0.004840177176598282
11	0.004921246810411144
11	0.00572229281710227
11	0.004913306242012198
11	0.004199822620859325
11	0.0050517231593043355
11	0.005020522350640619
11	0.005096181174431368
11	0.004549502498366567
11	0.004412890991822045
11	0.005593140701009375
11	0.004868832530960623
11	0.004467342804386114
11	0.004461203921034996
11	0.0043911601075723155
11	0.004305285693004631
11	0.005585598698613505
11	0.0038911196040904527
11	0.004843661228062608
11	0.003986061536241849
11	0.004920332010099801
11	0.004035851290579172
11	0
11	0.0037976147881663962
11	0.006119219898625856
11	0.004057270971667366
11	0.005465970349864593
11	0.00555521629591204
11	0.005224571621330819
11	0.004567454185647743
11	0.004822224933849545
11	0.004065994150942788
11	0.004056433820831582
11	0.00449230384765433
11	0.00508711104468593
11	0.004831180959010618
11	0.004289033159676348
11	0.005446763956808876
11	0.004098332928451363
11	0.004644675377819687
11	0.004927330545433572
11	0.0057906916189688325
11	0.004313793398424992
11	0.0038378000785206793
11	0.003621034606322773
11	0.004806841408809355
11	0.005287058827914058
11	0.005061102663984659
11	0.00521747499711426
11	0.004301646062710764
11	0.005313772007229821
11	0.005367022105581135
11	0.004495282797927461
11	0.004012267926123199
11	0.005652620089355422
11	0.005697873573490075
11	0.004340199235704028
11	0.004620187985887257
11	0.00474729713845307
11	0
11	0.004597249368016852
11	0.005043132949208244
11	0.004816738508881074
11	0.0041012141858715444
11	0.004395417359623669
11	0.0051166337775555805
11	0.0039424566425849674
11	0.00442342329981825
11	0.004621556192617387
11	0.004255591094160261
11	0.003765047349862117
11	0.004198584526200321
11	0.005178438624906888
11	0.005937352156017858
11	0.004279396268819217
11	0.004603287509651262
11	0.004467151767445994
11	0.003942080045201671
11	0.0037945904905802904
11	0.004184843948236384
11	0.004771229013169593
11	0.0052966241838569615
11	0.004417281554587056
11	0.004602668825953898
11	0.004843013303398085
11	0.005033604509792887
11	0.005242223721932731
11	0
11	0.0042276888525144525
11	0.0043381659722722225
11	0.004748146486183059
11	0
11	0
11	0.0033112426725594567
11	0.0049586127883065705
11	0.005445498490106907
11	0.004887761420039477
11	0.005459581514144378
11	0.0043545508050523455
11	0.003619568022842225
11	0.00542603140426982
11	0.0042790318631140975
11	0.0049987240873700794
11	0.0051660083957709504
11	0.005104677232172279
11	0
11	0.005223329877030267
11	0
11	0.004245435599775169
11	0.00581977637632991
11	0.004909536322105146
11	0.004019615371369623
11	0.004350530294420608
11	0.004555717398854813
11	0.0047202800456326
11	0.005246627823692927
11	0
11	0.004289002236246986
11	0.005467459055366541
11	0.004807757835274147
11	0.004711278201255852
11	0.005099692114781484
11	0.004738866484338621
11	0
11	0.0049630446875621745
11	0.005220506783305804
11	0.005661150148863747
11	0.005028945816029323
11	0.004743722496290699
11	0.004603487784728361
11	0.004400758982727285
11	0.005530434358603018
11	0.0044691716647551625
11	0.004762371265663129
11	0.004824144743638945
11	0.005022500221394859
11	0.004750799362110681
11	0.006494652688983075
11	0.005368255923005455
11	0.0054118846371401085
11	0.004405936965210815
11	0.005262099240739809
11	0.003914859289973198
11	0.0038704700644357176
11	0.005296178841578121
11	0.00438808849032668
11	0.004484557419370307
11	0.004892902288633876
11	0
11	0.00507101042444319
11	0.004863418958214006
11	0.0041760266504214
11	0.004982108195085729
11	0.0054108890092144065
11	0.005874322475530424
11	0.004377467045222362
11	0.0042435105979996566
11	0.004616165761485463
11	0.0046259390055372355
11	0.004891453617705392
11	0.004569128348223345
11	0.004754820238325976
11	0.004625586493097315
11	0.005398638825730794
11	0.004553687300071634
11	0.003656539182663596
11	0.003743313583146277
11	0.004394208705777966
11	0.005140478558807746
11	0.004630920599445742
11	0.00496801624862144
11	0.005746933754530915
11	0.005931056446490956
11	0.005085516360485061
11	0.0051569079266548
11	0
11	0.005912723336201708
11	0.004504781492928919
11	0.004235879709304187
11	0.004982441614924417
11	0.0040409414328198305
11	0.005093754801242823
11	0.004146353492185621
11	0.004178929341202328
11	0.00507932939076748
11	0.004107476187503508
11	0.0040851173240146876
11	0
11	0.005001535783214962
11	0.0049761979798543104
11	0.005933762458502216
11	0.005204296701828207
11	0.0031660137573922306
11	0.005604158306420168
11	0.004341986846902865
11	0.004345789520940513
11	0.004900356489720236
11	0.005143781698733896
11	0.005674286971266853
11	0.004323395893295935
11	0.004558877757378845
11	0.005195355694023095
11	0.004630513784593969
11	0.005008918540761509
11	0.004707417306122473
11	0.005107600009137115
11	0.0052804940617274644
11	0.005064556766611189
11	0.00482177398863346
11	0.005019334642245695
11	0.004460928974345888
11	0.0045989042567949195
11	0.004464692366470481
11	0.0039376753670531915
11	0.0036541630576467942
11	0.005541893398520619
11	0.004704549119116673
11	0.005019446970467023
11	0.006004573721582351
11	0.004512555193199479
11	0.005389742056478414
11	0.004650967508928783
11	0.004834165539304305
11	0.0045511201575383475
11	0.005780897114630189
11	0.004440051260005993
11	0.004084286175877609
11	0.004740833781935124
11	0.004370379168394161
11	0.004570644184304276
11	0.005332905801649036
11	0.004132433251880852
11	0.00431594202099174
11	0.005948030838357417
11	0.004287343076317959
11	0.004658869515464808
11	0.004205960684077773
11	0.0038135856350182237
11	0.005377771492389316
11	0.0052302835245967814
11	0.004879676901104064
11	0.00402959427966995
11	0.005094471443702898
11	0.0053321754910125845
11	0.0052923056871111785
11	0.004122757143071351
11	0.005565971268582056
11	0.004515128358911234
11	0.004425581933361971
11	0.00465762557280253
11	0.004595411554078037
11	0.004827379884716306
11	0.006353899839696009
11	0.004548704236399378
11	0.005214244938091555
11	0.005057422885652345
11	0
11	0.005980490679008963
11	0.004859991796106386
11	0.00480848318057061
11	0.005820382980931604
11	0.00458965096601708
11	0.004366717319176359
11	0.00403301888067033
11	0.00632876156553556
11	0.004342447639369629
11	0.005600331178695287
11	0.0046199877145710454
11	0.004998462953230742
11	0.0038035639563849515
11	0
11	0.0037124068669203854
11	0.0038342534888728924
11	0.0065511248108400975
11	0.0043934156142861475
11	0.006577926067694901
11	0.004825702594699782
11	0.0050479697607832925
11	0.00432878807893991
11	0.00471623884705088
11	0.0042626969449363625
11	0.005437634811687674
11	0.005344701619470667
11	0.005170715034697224
11	0.0035170713867067405
11	0.00598426962899451
11	0.0054667673095612525
11	0.005805695904826829
11	0.0051920723344643874
11	0.006122103108615023
11	0.005187221661371925
11	0.004881111001258392
11	0.004511662598909173
11	0.004100050414535624
11	0.004050243094471932
11	0.00627415229634038
11	0.0034407362944778126
11	0.0038251343366993646
11	0.004148543266789869
11	0.004780797360014178
11	0.004928384421276526
11	0.004273696139229475
11	0.005098200546124578
11	0.005862098201302024
11	0.003955560319287477
11	0.004994012697278354
11	0.0032984352696225844
11	0.003484626747706567
11	0.0049351025809221015
11	0.003878268478376577
11	0.003966462309391871
11	0.0037939103930463075
11	0.004197123876903045
11	0.004574004419688331
11	0.005014263275669041
11	0.004786760688034177
11	0.005087565929209542
11	0.005610520568602696
11	0.004113424510190495
11	0.005385728259997275
11	0.003818640776005752
11	0.00557148887839583
11	0
11	0.0053915584598925766
11	0.004714083431597706
11	0.005879841802488578
11	0.00405685050649181
11	0.005098984200337939
11	0.005280836262509764
11	0.0042760379026822275
11	0.00470630324760001
11	0.00498049711632594
11	0.003756181076819903
11	0.004379907028245574
11	0.004502723256191321
11	0.005771657724643061
11	0.0034832537414751573
11	0.0053809779035821174
11	0.004195059786530072
11	0.004221401222556004
11	0.005313801450350123
11	0.004616278041126521
11	0.0058597362413253615
11	0.004519236761248882
11	0.005284622485171025
11	0.006548038562800743
11	0.004215959878795366
11	0.005201239216578918
11	0.004920935660418798
11	0.0048083796377217285
11	0.005993543261423902
11	0.004698633824344859
11	0.004391768866952078
11	0.004985303338567919
11	0.005373166991155502
11	0.004130832062567386
11	0.004672076982806568
11	0.004749812574643131
11	0.004819807784740788
11	0.004510450132036285
11	0.0043380660342458265
11	0.004898412375003675
11	0.004466341189436133
11	0.0045700901412493574
11	0.004416784644168232
11	0.004314749662067304
11	0.005463287044923965
11	0.00512056514562393
11	0.004450882451143088
11	0.006229515567954242
11	0.004914651517134344
11	0.0044142269258511955
11	0.005034333535008321
11	0.004645150336453072
11	0.005024036481314019
11	0.004650792409849245
11	0.005456710239050608
11	0.00615042278529677
11	0.004604725210794629
11	0.005576356856805377
11	0.004661598140657311
11	0.005583365665717923
11	0.004589141671213596
11	0.004420258043433476
11	0.00557615427183095
11	0.00546551783813699
11	0.0041486181851732714
11	0.005153059542141544
11	0.0040448591353523964
11	0.004358332756869999
11	0.0052819055242410515
11	0.004537149068188899
11	0.004869239813580977
11	0.0050217792478059005
11	0.004988721715509745
11	0.004289481237616422
11	0.0047996935024506434
11	0
11	0.004387227907827958
11	0.005139666600322585
11	0.004464420020821309
11	0.004857180425959938
11	0.004286000820755065
11	0.004702984351095013
11	0.0043655488297046135
11	0.005459135850543081
11	0.004658355096895263
11	0.003979001101322503
11	0.00439563507988035
11	0.0057757252066216735
11	0.004821015364101201
11	0.004869837700763065
11	0.0050390749872039385
11	0.004942796873890949
11	0.004412365448795152
11	0.0038721511447854223
11	0.004222077140551088
11	0.0036085483456659005
11	0.004734500908043947
11	0.005473514526154579
11	0.004929667719741443
11	0.004211897713001988
11	0.006145859477919375
11	0.0047867359977347545
11	0.0051701499275305955
11	0.004464087669251469
11	0
11	0.0050931770676220295
11	0
11	0.004361121941300018
11	0
11	0.004777379177749183
11	0.0044417821410349155
11	0.004799371221944847
11	0.005381142588056785
11	0.004680990413234617
11	0.0050429777083201115
11	0.005165247338524049
11	0.0053208180681036275
11	0.005015782980116566
11	0.005588175405497203
11	0.004405475442575863
11	0.004814399612990499
11	0.004840989415020195
11	0.0052049235842639135
11	0.00489375661990316
11	0.004905050951545184
11	0.004590337737184808
11	0.005136478488624583
11	0.004482152961225448
11	0.005217165630907094
11	0.005236568430581683
11	0.003932303028118572
11	0.004188023089328429
11	0
11	0.004498798520163625
11	0.004514816104744956
11	0.004741122467204873
11	0.004720456125559659
11	0.00503107162392509
11	0.004154630912217048
11	0.005180073605786749
11	0.00388706819640308
11	0.004862791756553314
11	0.006417549773202768
11	0.004158201453207595
11	0.0038988799836810703
11	0.0058786259247513685
11	0.004876065555021644
11	0.005148579852903042
11	0.005510987504060079
11	0.004984206259595063
11	0.005000304210714753
11	0.0053633953542628916
11	0.004912226172391928
11	0.005965552119234076
11	0.005077208580949467
11	0.005161520708391549
11	0
11	0.006242607180059212
11	0.00526518384151885
11	0.0045497075561938835
11	0
11	0.005021649904995725
11	0.004601733857641579
11	0.005058288269934303
11	0
11	0.004546351374492913
11	0.004495879839216601
11	0.0042298766166349085
11	0.005341816061982065
11	0.004599060279055082
11	0.004378779478865281
11	0.005140863721207806
11	0.0042936938750913105
11	0.004868992050468079
11	0.005343601367253054
11	0.003889849962715191
11	0.005304196447463237
11	0.004766097306399839
11	0.00453978325752299
11	0.004860638810891086
11	0.004107674261841094
11	0.004993126583819722
11	0.0052178840855394565
11	0.00533476284590567
11	0.0047330088615827725
11	0.005054812728628613
11	0.005065469062199266
11	0.004329771133515336
11	0.004671808150365106
11	0.005248730304115061
11	0.004750254267587008
11	0.004792963876248701
11	0.005302622121973306
11	0.004438611928427867
11	0.0036654251961102747
11	0.004838604506356378
11	0.004289225861093032
11	0.0050940343882989484
11	0.004333745845400211
11	0.004252998460128459
11	0.004500154697836326
11	0.005408837470880714
11	0.005665850229440886
11	0.005495552288959911
11	0.005234668168975918
11	0.005068211273502887
11	0.005083154359620824
11	0.004754089817708454
11	0.0058313631654358855
11	0.006291895894698795
11	0.004592446524537529
11	0.005692782361962922
11	0.004610740459141039
11	0.0049807586013181195
11	0.00433889792844146
11	0.004966138499287686
11	0.004242706623050616
11	0.004701523923076186
11	0.004711568635315594
11	0.004494400466925971
11	0.005345136153645408
11	0.003723738822424083
11	0.00548638089231182
11	0.005168111822564642
11	0.004650095519308224
11	0.0047265538078184064
11	0.004352267584310554
11	0.003900998908537208
11	0.004211205441793856
11	0.0049092876927040174
11	0.004641971902855035
11	0.004772042884962588
11	0.00406630163963113
11	0.004432487808912257
11	0.005218452905507573
11	0.005160701792669071
11	0.0037974457427794126
11	0.005239538503857782
11	0.005408128102969748
11	0.004046460267306069
11	0.0050147266217905806
11	0.0043075725814335645
11	0.005257560063336904
11	0.0044695850210381225
11	0.004283413392677739
11	0.00504260542878651
11	0.004932447372176217
11	0
11	0.005780593849798519
11	0.004723346930530569
11	0.0038430552521755176
11	0
11	0.004834312125328423
11	0.005249027109352893
11	0.004749555572812247
11	0.004827899011650495
11	0.005102677245357267
11	0.004201461371588153
11	0.00481343877129154
11	0.0043063740543927
11	0.005181944429126474
11	0.004796947441572371
11	0.0037541041454220185
11	0.005457154248573126
11	0.004977653701361544
11	0.006176170282785681
11	0.004627583159392476
11	0.004929690588632127
11	0.004659044280754456
11	0.005547508226697162
11	0.00614320450715423
11	0.004503832351634311
11	0.004484597026406261
11	0.005450197636242914
11	0.004737014386318786
11	0.0035067966686409806
11	0.004838826297020866
11	0.004412725059560826
11	0.00613702663768646
11	0.004492005772724649
11	0
11	0.004922684485766003
11	0.00436991279116677
11	0.004044455578225512
11	0.005025014777135313
11	0.0046896158587088205
11	0.003992544820668951
11	0.004242191647870921
11	0.004252057012955219
11	0.004165426652166846
11	0.0050011403387932
11	0.0046046956152490355
11	0.004964896454244157
11	0.004370865659496238
11	0.003698132524341107
11	0.004714257194284397
11	0.005053133475916819
11	0.005801247366593894
11	0.004530766304949648
11	0.0038403091926876545
11	0.0045607179196639844
11	0.005097722855497547
11	0.00444080327007678
11	0.004327039220241482
11	0
11	0
11	0.004350116617887186
11	0.004337826637040895
11	0.0046720631287229765
11	0.00542964868399184
11	0.005158270217692894
11	0.0053903451264511034
11	0.005028564434658333
11	0.005287395389047562
11	0.005006739992191338
11	0.003975210491470994
11	0.004257781019375404
11	0.005050943649077841
11	0.0043128289458388225
11	0.006048028602261961
11	0.004593702615602635
11	0.00504152868193731
11	0.004589381436559515
11	0.00592922212691281
11	0.0035973989257849196
11	0.00458936021531354
11	0.004197579952320002
11	0.004806121061696171
11	0.005740388574380284
11	0.004784292590639808
11	0.004606348900684403
11	0.004584656599527624
11	0.00444152830416243
11	0.00461190397179102
11	0.005713718442344515
11	0.004779619753436153
11	0.0041125887263032635
11	0
11	0.004701260496003021
11	0.005522985937224813
11	0.004253376355500209
11	0.0054516526681700535
11	0.0043429237827042905
11	0.003973011011565486
11	0
11	0.004646539677276755
11	0.005311874822851952
11	0.005939667562690606
11	0.003410256258685658
11	0.005846419994020962
11	0.004849992313563207
11	0.005886055123387612
11	0.0044287603012869445
11	0.0038133845542599773
11	0.00490546934565498
11	0.00359500696589462
11	0
11	0.004430273401100369
11	0.004812672295307686
11	0.004828773039701191
11	0.005017517529185841
11	0.00487765204593861
11	0.0037066724626349497
11	0.005462526971153964
11	0.004854555591357877
11	0.006243424552079048
11	0
11	0.004940611908328094
11	0.004231259997073239
11	0.004970846983391327
11	0.0043388188244670575
11	0.004395984659724547
11	0.005038198352971024
11	0.00467856039831929
11	0.005205961595304407
11	0.0050330247086606055
11	0.00436826299157424
11	0.004770339610328649
11	0.005019605727439395
11	0.0052727714143225145
11	0.004771239959261375
11	0.003883919309972366
11	0.005794806973594641
11	0.005243680782046989
11	0.005495719885822222
11	0.005348701248033399
11	0.00638324412170243
11	0.004280773926294957
11	0.005360902373561216
11	0.006623575278050756
11	0.0048220262081961575
11	0.004873936095269909
11	0.005253423791211522
11	0.0046740026722795905
11	0.005084931701546604
11	0.004642491718546065
11	0.004432871837777064
11	0.004813891893827637
11	0.0047548006384381565
11	0.005652247534932481
11	0.004993917447722823
11	0.0047208024878597895
11	0.004679917913616426
11	0.004521186286156705
11	0.004831088451911328
11	0.004584568386890489
11	0.005071651437025523
11	0.0048051668633237905
11	0.005144732903722505
11	0.005973830729336152
11	0.004167336124196493
11	0.005201710585484611
11	0.005989378649142761
11	0.004977929516388309
11	0.006111999841540935
11	0.004907195659902005
11	0.00485004703268988
11	0.00482049131900802
11	0.00537815811483201
11	0.005213560469437362
11	0.005566414947399249
11	0
11	0.005321052753923464
11	0.005023927221581747
11	0.005737641150268317
11	0.004583582709911246
11	0.005794119073658693
11	0.0037946972889706
11	0.004495827839284313
11	0.004604002123317888
11	0.0043267669688784515
11	0.004841294308807782
11	0.00496122463428507
11	0.00538152740794274
11	0.004340443821385588
11	0.005391927726278504
11	0.00421880927815989
11	0.005613887725738937
11	0.0038510843006300537
11	0.004777488240033771
11	0.004996501736218251
11	0.004981684595591682
11	0
11	0.004208578763328146
11	0.003448114728809008
11	0.003449407710031993
11	0.004144214077146422
11	0.004949502858605809
11	0.0041498836423419
11	0.004345636961573654
11	0.005454815807916984
11	0.003807245984794897
11	0.005398162697209342
11	0.004336329464086335
11	0.004696192633732709
11	0.004879507053678853
11	0.0058647426477716
11	0.005968754606645369
11	0.005204433276913081
11	0.006989313604076303
11	0.00473948931052541
11	0.0038614149374021824
11	0.004859209066899208
11	0.004310644945252614
11	0.004454830727637422
11	0.005996124460095116
11	0.0044189208141083396
11	0.00507801485160575
11	0.00469506449662659
11	0.004794109875716941
11	0.0044654720947764565
11	0.004269612972760672
11	0.005857615912714686
11	0.004029014199574134
11	0.005314861636505083
11	0.005382965967647183
11	0.0041195157153036035
11	0.004707827200472925
11	0.0036707461573124663
11	0.004882454202246244
11	0.0058862094369154395
11	0.0052816052327607065
11	0.003934626731277736
11	0.003383712054792817
11	0.004926283831356508
11	0.004327856347205719
11	0.0045519705222071645
11	0.005386082224722937
11	0.004219051954354857
11	0.005016183437374878
11	0.0052150114218982154
11	0.004437470089604357
11	0.0057636087736776765
11	0.0050882940842822905
11	0.0045569087363419815
11	0.004363639752853203
11	0.004185135275456093
11	0
11	0.005106312569618222
11	0.004233472007510213
11	0.005149779981330728
11	0.004417999704062994
11	0.004271598052316971
11	0.0045457713199580285
11	0.004279225119096629
11	0.0052751634113536675
11	0.005231084976962314
11	0.005033069355199164
11	0
11	0.005531333932791764
11	0.0038269790355840642
11	0.004885571674382258
11	0.004969284274525783
11	0.00653456430067637
11	0.004698486375495888
11	0.0047722852842404335
11	0.004994451659912153
11	0.004220176046094415
11	0.004467953277581431
11	0.004961488047445786
11	0.0046761957635603115
11	0.0057464127167508655
11	0
11	0.004863564344619986
11	0.004000240146047918
11	0.003822663546673567
11	0.005594106149010749
11	0.004446437368553617
11	0.005248628568620274
11	0.005432960713633708
11	0.00400059552787583
11	0.004437400683287943
11	0.0053220420889306605
11	0.004679093866072007
11	0.004789543769905839
11	0.0046532695249798875
11	0.004203639553403662
11	0.005591076426090627
11	0.005666096673152617
11	0.005256562441852709
11	0.005330741708052663
11	0.004237440556785342
11	0.005223674036642044
11	0.004144788602185996
11	0.00509657866547084
11	0.004972653393798818
11	0.004785658331006976
11	0.005262382933068752
11	0.005371506447446007
11	0.005085812814235577
11	0.005523245517207856
11	0.004888058197997415
11	0
11	0.004909047274596437
11	0.003976679556573429
11	0.005636522537283441
11	0.005464363484439297
11	0.003960408405539255
11	0.0047565354891287125
11	0.004062594041684815
11	0.004204754332357412
11	0.004314230427587702
11	0.004674296634326514
11	0.0036236588579902284
11	0.0052059525700279856
11	0
11	0.0054519806604481575
11	0.005365797196436135
11	0.0052446173329927905
11	0.004316502257676186
11	0.004805058072144523
11	0.004577954032396807
11	0.0051763943728396645
11	0.004737937727987157
11	0.004386654926424658
11	0.004607413133834054
11	0.005080036664794569
11	0.003939353430403523
11	0.005389732996093471
11	0.0056083595608586445
11	0.0043692206793755455
11	0.004547365482011743
11	0.004906940967100611
11	0.0045652212660869905
11	0.004548161485806776
11	0.004515909256027409
11	0.00585349364632178
11	0.0043335342874106265
11	0.004205815204087582
11	0.005230959428821207
11	0.004182442033807951
11	0.004013850742409698
11	0.004467643055482177
11	0.005427738989027044
11	0.004214463330376067
11	0.004828758699650825
11	0.004388395142359551
11	0.005560679076565263
11	0.006211590693565567
11	0.005351340887090529
11	0.0057927009454970795
11	0.00488078973798353
11	0.004460215263731563
11	0.00410440965656234
11	0.004579321192630387
11	0.004816814662185133
11	0.00490778476009816
11	0.004826100819074965
11	0.003656415516386478
11	0.004169758793107963
11	0.005905699636193078
11	0.005280061660950976
11	0.005159690183252113
11	0.005243986131184513
11	0.005589668700327662
11	0.0045499287956937175
11	0.005731952580705894
11	0.005628814745628472
11	0.004558536807599331
11	0.005698556791369029
11	0.0048405786593981055
11	0.0050027321488948975
11	0.004673569097327152
11	0.004712717052495133
11	0.004220864176137339
11	0.004799334629017747
11	0.0035015419523896766
11	0.0048630810502729915
11	0.004763159540588746
11	0.00594239752803616
11	0.004526409011954198
11	0.004490414257145333
11	0.0038016867344511933
11	0.004455195837319969
11	0.00452115951082723
11	0.004907940544956477
11	0.006070488100984766
11	0
11	0.0037743300028630126
11	0.0051220552879094145
11	0.005019904911106393
11	0.006075560807783579
11	0
11	0.004850830298131977
11	0.004427089194071817
11	0.0046830227718005395
11	0.00552757921563781
11	0.004519019635958776
11	0.005368105649853693
11	0
11	0.004318505235305093
11	0.004833029211874892
11	0.005684630978668891
11	0.004742007495884151
11	0.005561743205993051
11	0.004458087712505413
11	0.0057955370510484995
11	0.00513011671810896
11	0.004560077941548726
11	0.004828546333754929
11	0
11	0.004441035749344098
11	0.004553150977785667
11	0.004215883442888899
11	0
11	0.005069221093473552
11	0.004802978043881086
11	0.004984510695708288
11	0.005319087533067676
11	0.003938382365948433
11	0.004248494387453488
11	0.004552341329245196
11	0.004958818255440734
11	0.005490620233035878
11	0.0037459668632066853
11	0.004281413958789442
11	0.005114119019481186
11	0.003774968755100457
11	0.0037087151476209446
11	0.005589121739393984
11	0.00424996427881076
11	0.00508904745139127
11	0.004963682057906708
11	0.00421578056907229
11	0.004039511153021363
11	0.005932350557348036
11	0.004853093543967979
11	0.005234389789727138
11	0.004751560075155817
11	0.005605424268669885
11	0.005870550445672819
11	0.00462623574849188
11	0.00457031801027583
11	0.003980847890914448
11	0.0051751879477499535
11	0.00456983040157801
11	0.005779782059553248
11	0.00447190784183832
11	0.004759260185311597
11	0.005333433730960839
11	0.005051545063794275
11	0
11	0.004836754406042459
11	0.004199900667755513
11	0.005328127224903362
11	0.004467177955594092
11	0.004529863778292375
11	0.004510177529128561
11	0.0044887456753746596
11	0.004457571647107391
11	0.006045010158085351
11	0.004623501897597815
11	0.005000869331564256
11	0.005828826400686495
11	0.004282643603129283
11	0.004618169841355674
11	0.004245026462514818
11	0.003943494226379108
11	0.005665714216641815
11	0.004963553110195835
11	0.006947332217150274
11	0.0051840207240402975
11	0.006245637572924929
11	0.005115073242793355
11	0.003878327891919225
11	0.005477577988377216
11	0.005172446357362469
11	0.0051492337433153516
11	0
11	0.004356004433288426
11	0.00434673093261823
11	0.0047167773242385086
11	0.005151059207514922
11	0.004445056209044503
11	0.004456171604820774
11	0.005074148593443622
11	0.005941586735886256
11	0.004998544399662135
11	0.004211086314587507
11	0.004817050168712815
11	0.00595737308165766
11	0.004950077896886701
11	0.005489610598716727
11	0.005186756666231281
11	0.0044968455272393505
11	0.005618806360057165
11	0.004110100898064971
11	0.005459087501467734
11	0.005144573744119882
11	0.004835851649718109
11	0.004664528790935105
11	0.004085392262792427
11	0.004951184227817059
11	0.005964320475203655
11	0.005332031938115247
11	0.00488430895481107
11	0.00524136558110952
11	0.006141137064975136
11	0.0052272590378093335
11	0.0038435399244678135
11	0.004311359521434636
11	0.005490446713381765
11	0.004615244502441865
11	0.004957787962829088
11	0.005948143329273346
11	0.004954027519378257
11	0.003940531229848742
11	0.004977950449372879
11	0
11	0.005156510944728933
11	0.005669608790380859
11	0.0043819741982750945
11	0.00474584677665926
11	0.004911814805160541
11	0.004820112119424217
11	0.005013166832058869
11	0.004244425630108322
11	0.004704585205702993
11	0.003594855920341922
11	0
11	0.004250901845692986
11	0.004482798232787999
11	0.005322358615363532
11	0.004294657366071201
11	0.004528433793997252
11	0.005501911975580821
11	0.004987666013798465
11	0.004364810694831066
11	0.004453801155212412
11	0.004867626883890521
11	0.004624232392338695
11	0.005333180878139689
11	0.005032962087969951
11	0.00520287947485621
11	0.0038970781935097564
11	0.0052160788227905855
11	0.004907860289939322
11	0.004296935115200334
11	0.004445226116592987
11	0.00377192893988881
11	0.004438371444537554
11	0.0037486049938924948
11	0.00449901342298286
11	0.004612359943720944
11	0.004856234553119288
11	0.005059972470333859
11	0.0053154084233772115
11	0.004990144609881939
11	0.00439368839377258
11	0.004900567992817579
11	0.004208049076325463
11	0.004753289045466927
11	0.004570953234571731
11	0.004766801067267663
11	0.004700262253405133
11	0.00404594090999364
11	0.0056662080550626565
11	0.004686696802439446
11	0.004664884393567882
11	0.005221437340553211
11	0.0041380540418180425
11	0.004742994412257381
11	0.005051141898678928
11	0.0051490511515617345
11	0.005372179369961585
11	0.004980329198723579
11	0.004595621567315196
11	0.004928332202088937
11	0.00415634909109579
11	0.004628937964708892
11	0.005198177876675825
11	0.00462591222892664
11	0.004292885467057916
11	0.004329681721511686
11	0.004184119279778667
11	0.005582921495039443
11	0.004111883089770144
11	0.004100314193791119
11	0.004781214971233086
11	0
11	0.005525847122688678
11	0.003959320417701399
11	0.0040124683423814625
11	0.004054145364851057
11	0.005363437060377007
11	0.005555357763723506
11	0.005075832221007961
11	0.004685615156671155
11	0.003868937312057684
11	0.004244311926335075
11	0.0049838595202202655
11	0.00538067904676503
11	0.0049520509424481815
11	0.004731372354456911
11	0.004560293669346736
11	0.003880315788736119
11	0.0046115420514163735
11	0.0042873279173582315
11	0.0045599129055733404
11	0.0047337252405104365
11	0.004629105949930775
11	0.004646501879045291
11	0.004401650199322715
11	0.004779808412345822
11	0.004068673155364371
11	0.005494977708276788
11	0.004732268908905529
11	0.006033071018926898
11	0.004334003297634592
11	0.004476744031649674
11	0.004204003988114587
11	0.0036245505651135565
11	0.005373941812855868
11	0.00549361607572017
11	0.004667878764355307
11	0.004848400239043668
11	0.005625943185891116
11	0.004477656214953399
11	0.006403789362779759
11	0.005267548138388256
11	0.004915041272214213
11	0.004516645347317058
11	0.004309298578205393
11	0.005068596043403443
11	0.004341692820820678
11	0.005088452334683716
11	0.005648360520990286
11	0.004451200507884598
11	0.0040939211577276525
11	0.003316978112728315
11	0.00481583463822693
11	0.00474828186488743
11	0.005189603584438763
11	0.0048818454527472304
11	0.005052754521675535
11	0.005147130040050176
11	0.005001867740160462
11	0.0040179952186720595
11	0.005479569022900758
11	0.003776418553988767
11	0.00481354651204846
11	0.0046400286708347584
11	0.0037651250994758484
11	0.004889791364773557
11	0.0041090863359187595
11	0.004879134977503473
11	0.006469152560552844
11	0.005152573630412578
11	0.0046975800719682
11	0.004022436619710633
11	0.004550758574064196
11	0.005101982114472863
11	0.005220946045488555
11	0.004967518849082685
11	0.003502787843468945
11	0.004881583654705182
11	0.004789552550451751
11	0.004077556084919101
11	0.005122559619463171
11	0.00526128406452287
11	0.004369835392641517
11	0.0047887257611866855
11	0.004141759417027522
11	0.00472425560345304
11	0.005255551051324464
11	0.004706829156736112
11	0.004168031201920544
11	0.00518140587445739
11	0.005467577283528246
11	0.0048415822311872235
11	0.00529481836097647
11	0.005290151147509399
11	0.005527065414076928
11	0.005210586820290852
11	0.005776608468788447
11	0.0063752268768094075
11	0.0052097332534670185
11	0.005858716169452405
11	0.004944625858405927
11	0.0042846426137681465
11	0.00402113929507241
11	0.0053606770363504455
11	0.005346484950139319
11	0.006050563962477541
11	0.004434863209480921
11	0.005773425756161677
11	0.004531766901958241
11	0.005060184780253251
11	0.004398066774456526
11	0.005519801721878431
11	0.004544621874497078
11	0.004465627580163011
11	0.004511341515391059
11	0.003931133522210784
11	0
11	0.003758993771799855
11	0.004198306480422067
11	0.004153743944869475
11	0.005960539451516025
11	0.004461748074013955
11	0.005484299577686483
11	0.004554044296733611
11	0.004692877137456683
11	0.004279451574182924
11	0.004265775234466938
11	0.005214267329023486
11	0.005274251032674995
11	0.005898224947242275
11	0.003804943849822683
11	0.00530527687737439
11	0.005513776311306777
11	0.003740652252458979
11	0.003773754928092147
11	0.00608940191927216
11	0
11	0.005490750288388003
11	0.004389954586318243
11	0.004930602241358509
11	0.005004727403631687
11	0
11	0.004928173673327654
11	0.00496872459324536
11	0.005495176878884771
11	0.004899103213724579
11	0.003808295677765191
11	0.0046937288715815425
11	0.0051328553173311045
11	0.004814412958670104
11	0.0049042625260434305
11	0.004060178421748416
11	0.0058814353609159195
11	0.005092225425552277
11	0.0038212976645989943
11	0.004311196755858633
11	0.004795291715480075
11	0.005440508137825848
11	0.005308039716520522
11	0.005152915927935842
11	0.00451788476553487
11	0.0055657993034445305
11	0.005631304805004785
11	0.0048748205066576475
11	0.005046745885638646
11	0.0038963238888070164
11	0.005288107129586297
11	0.004299280556279562
11	0.004839065972881794
11	0.0050217055461261465
11	0.004823206663612135
11	0.004914165994351207
11	0.006048045187394924
11	0.005698608709137456
11	0.004673772308349199
11	0.004736271795798812
11	0.004851104439143884
11	0.005277103502217323
11	0.004600069514648647
11	0.0050494946157123325
11	0.006180414036024163
11	0.005555521005014157
11	0.005427975419917477
11	0.005181970118176124
11	0.005244560848257615
11	0.004391716382533565
11	0.004782336525153962
11	0.004684501745297567
11	0.003989227705200495
11	0.005132675849099015
11	0.004790729482510212
11	0.004545529522078396
11	0.00494055983384568
11	0.005075599837642701
11	0.004655762832390674
11	0.004161274406700588
11	0.004209684491314815
11	0.004732482954683594
11	0.003670807213517619
11	0.005323419597340844
11	0.004662957727173475
11	0.006663851221243962
11	0.004666702536447042
11	0.003705693186948926
11	0.005260433086578918
11	0.004633050092278819
11	0.005093882331354564
11	0.0053343673807638835
11	0.006039650778608826
11	0.004998609397506687
11	0.005245602147702591
11	0.004444977314255438
11	0.004769247334167336
11	0.004161669534528531
11	0.005210241267037429
11	0
11	0.0053368300554916225
11	0.003480545857533984
11	0.005070404355507309
11	0.00574973583012005
11	0.00528726188946457
11	0.005147877505545341
11	0.004062699299397498
11	0.005113375911591621
11	0.004464586235248759
11	0.004348024514963538
11	0.004586227284998056
11	0.005832295975555979
11	0.004333487748647629
11	0.004619234944405704
11	0.005549908881168569
11	0.003399191465786021
11	0.005744128633938031
11	0.004300523183210729
11	0.004904904712592875
11	0.0038576167137358125
11	0.004601220110146282
11	0.004899365920215183
11	0
11	0.00478322499446907
11	0.004679712491446712
11	0
11	0.00546386550903785
11	0.006207678036280518
11	0.004093004970799625
11	0.005659511606436502
11	0.005248198138454566
11	0.004131492577965724
11	0.00430527624766421
11	0.004886177165926344
11	0
11	0.004742321095779166
11	0.006013944872858019
11	0.00400009384539609
11	0.003567015647380269
11	0.003737639018873011
11	0.004899355747040956
11	0.005222979766141375
11	0.004073889563282339
11	0.004038600106339116
11	0.0046412742293016115
11	0.004545806224776579
11	0.004219071858335097
11	0.005179974046409423
11	0.004286742167437223
11	0.004661683775320012
11	0.005014723233465524
11	0.0038777169191015677
11	0.00527284231662322
11	0.004532223203992974
11	0.005749160861329877
11	0.005226839711895496
11	0.004388383882323864
11	0.004415645451089205
11	0.00460505580581291
11	0.003751729660035031
11	0.0036318504251048613
11	0.0036512524017263594
11	0.004170393212059966
11	0.004548928805348725
11	0.004737470145094688
11	0.005134479687314676
11	0.005027841842932532
11	0.0055654385980700586
11	0.004461042393276593
11	0.00516630257040247
11	0.004357459844825098
11	0.0041871226761726775
11	0.00450297354085283
11	0.004165151122516896
11	0.003898494195322831
11	0.004934270239632251
11	0.005333024203366054
11	0.003843341675643424
11	0.0058909649662440035
11	0.0049939546633768084
11	0.004812382986373198
11	0.003929952232551173
11	0.006034535554977289
11	0.004939861364329756
11	0.005498042867100619
11	0.005442507645888917
11	0.004791357386103406
11	0.004307102399407958
11	0
11	0.0054807104764512575
11	0.006075730313005228
11	0.0050086349872663525
11	0.004691324119625191
11	0.00419949850556907
11	0.005456729832345252
11	0.0045564824389750964
11	0.0040094992144685026
11	0.004344788398571254
11	0.004989211321051312
11	0.004372385133652641
11	0.004578475659192119
11	0.004928445946886031
11	0.004808267473437032
11	0.005311896132470132
11	0.0047610763867829585
11	0.004321911031727491
11	0.004895396542200289
11	0.005138448483513258
11	0.004284075431784405
11	0.004061719251036393
11	0.004569416073132988
11	0.0049600069212863505
11	0.00424787293683564
11	0.004669821202499722
11	0.004604303644387528
11	0.004287785881818275
11	0.004184727052672207
11	0.005014613107513834
11	0.0049236634715829316
11	0.004158195503497243
11	0.0039783810454033465
11	0.0046069784020453045
11	0.003511000323391578
11	0.004607446918044491
11	0.00508273160433659
11	0.00520560124413094
11	0.0047252078186397215
11	0.00348762077339375
11	0.0051033363783402124
11	0.003676110290551689
11	0
11	0.0045859197202863244
11	0.006075776649945235
11	0.004825692851654958
11	0.005216231479121226
11	0.005626849742856516
11	0.005063149900878929
11	0.005694596052978489
11	0.005128584316264298
11	0.004666449888152755
11	0.004293411824439461
11	0.0048350093264233375
11	0.004321717852099875
11	0.004942755336054839
11	0.0041515784061476
11	0.00538411496815561
11	0.005835605127378954
11	0.005109926132324097
11	0.004690156020519662
11	0.005871026668065026
11	0.004318911881026893
11	0.004377299528010106
11	0.0050339005293243005
11	0
11	0.005133496704977409
11	0.005102481285808401
11	0.005335099497543035
11	0
11	0.004551368536282369
11	0.003980889202333388
11	0.004360076712263044
11	0.003724680797741633
11	0.0045871206007494164
11	0.004217416805839683
11	0.004353190736385474
11	0.0055622365966926865
11	0.005838096658188553
11	0.005023777595400694
11	0.0041010689839600665
11	0.0050428806875655405
11	0.003963461935959833
11	0.004135460821585275
11	0.004750208460746977
11	0.004038909601570747
11	0.004766865354956395
11	0.004539696261458558
11	0.005119661211173648
11	0.00523547461919556
11	0
11	0.005319314165111981
11	0.0034286485552987613
11	0.004425864487224445
11	0.004700283966796373
11	0.005877518650026404
11	0.004152148264181856
11	0.0040469971215707275
11	0.0037021552300298246
11	0.0057426718872306045
11	0.005260726582055279
11	0.005710460055024887
11	0.004445784920576676
11	0.004855539829787874
11	0.004249784851232666
11	0.0043031093352383365
11	0.004724567154388499
11	0.004936581363132085
11	0.005277703391076904
11	0.005157722888499164
11	0.004376476741223314
11	0.005006781724871684
11	0.0051541191323258495
11	0.003845056402738738
11	0.005127811301612902
11	0.004853817453635281
11	0.005157562228768462
11	0.0047186135975878785
11	0.004448587451015662
11	0.004722560110402979
11	0
11	0.004319178836479097
11	0.005016490790668383
11	0.00472286682808377
11	0.004353925784561656
11	0.003963265805141208
11	0.004384955270463181
11	0.004102468349250605
11	0.004284282547080789
11	0.006262217246793897
11	0.0036019898776030635
11	0.0049790119321308285
11	0.0046173030774735325
11	0.0059431437449879365
11	0.004619533675440162
11	0.004908330354675357
11	0.0035737374404389978
11	0
11	0.004694751354112091
11	0.004817655059106323
11	0.003442009826495572
11	0.004852718906510095
11	0.004259059339859952
11	0.004710183841722239
11	0.005204637715141094
11	0.004724706992400171
11	0
11	0.004608632509574776
11	0.005636501085130913
11	0.005334583259407452
11	0.005086518588357898
11	0.004581167137467428
11	0.005097215156611998
11	0.004349642352365656
11	0.004462658929808304
11	0.004891162325418213
11	0.0044004270467720786
11	0.0049263838638841295
11	0.004427055677319877
11	0.005148739992612259
11	0.004825659703422814
11	0.005274491141085691
11	0.003728286392015765
11	0.00505307496049397
11	0.004654713667836439
11	0.0050306115477859684
11	0.005012455491768177
11	0.00447093105524813
11	0.005396889303446944
11	0.0047528739394941885
11	0.004801384375035907
11	0.0046821757012688705
11	0.005256629051423712
11	0.0036888828148286396
11	0
11	0.0037386419192908873
11	0.004930279268768035
11	0.004239091481503236
11	0.004163231388243414
11	0.0048870290382066394
11	0.004136935820407214
11	0.0060823062211689104
11	0.005286792203045393
11	0.0038712223277666317
11	0.005109105058856663
11	0.004741142924313491
11	0.004673934818191033
11	0.004446808716585382
11	0.004318490137189168
11	0.005581803850239976
11	0.005651157357501756
11	0.005709983426567572
11	0.004653924435047262
11	0.005687427960125166
11	0.004145874188872877
11	0.00473517742756343
11	0.0044953056001329475
11	0.005621689854841637
11	0.005124611747953831
11	0.004308366053048758
11	0.003669353564733391
11	0.004451879104579886
11	0.004078668715746302
11	0.005153039520030704
11	0.004199358568032846
11	0.00650316175765388
11	0.0041812605010785086
11	0
11	0.004639659427893486
11	0.004670315632782906
11	0.004820342920703031
11	0
11	0.004558245576890911
11	0.004080667927532024
11	0.0040511669654148975
11	0.005138495769770922
11	0
11	0.0056142797055474345
11	0.004564499604479679
11	0.0042059805653480225
11	0.005260529727219916
11	0.00507363891433387
11	0.004682511525838052
11	0.005197095315464902
11	0.0042922675908332614
11	0.005452186602685713
11	0.0037107317749717913
11	0.0044106566609849
11	0.005048124826235945
11	0.005210407598962435
11	0.004646406070574824
11	0.004837450714802382
11	0.005048033956417892
11	0.004620968190936591
11	0.00395846194420638
11	0.0046769561297577665
11	0.004330753787382209
11	0.004891650031108037
11	0.004592163683096963
11	0.005916616164111745
11	0.0038130327789781663
11	0.0038195966899279526
11	0.004322514520249182
11	0.0044764062625214365
11	0.0056951407097166505
11	0.005194165678727449
11	0.004078916654900413
11	0.004014553664453206
11	0.004207117294595257
11	0.005978114200926319
11	0.004781151924728893
11	0.005231906374522383
11	0.00400367746174276
11	0.0040550442514433556
11	0.004646291012966815
11	0.0034717716744314523
11	0.004361713589219345
11	0.006412298136076584
11	0.004344206825854262
11	0.005369124544601081
11	0.003575556000859187
11	0.004071971756871343
11	0.004939418012892386
11	0.004728519115597184
11	0.005325346851791848
11	0.004606159167364107
11	0.0053198413503637125
11	0.004447393632500995
11	0.006243959768918827
11	0.004741780591064995
11	0.004001480843312974
11	0.0036718053074679055
11	0.005477747469387228
11	0.004594238052930719
11	0.003666968824434151
11	0.0038853373507735023
11	0.0052276906584470964
11	0.004596760617555553
11	0.0065267087822557905
11	0.005286238175076577
11	0.003929114982344193
11	0.004540537736225849
11	0.004248156680076163
11	0.004309219630837462
11	0.004136038541314562
11	0.004381346824415711
11	0.004809312918199107
11	0.005423633339894072
11	0.005315012981536213
11	0
11	0.004285443438340456
11	0.005861117383076704
11	0.00477333485658105
11	0.00408109865069802
11	0.005175087894020902
11	0.005310629572267944
11	0.0037430095160511574
11	0.004565664422093299
11	0.004595799675311605
11	0.004788805216320821
11	0.004007369954173629
11	0.004354645666103561
11	0.004542513584323216
11	0.005077654397313886
11	0.004105878538448037
11	0.004573228316886494
11	0.0040303638347244
11	0.00608447020390839
11	0.005414816529231018
11	0.0030524652826632763
11	0.005922240660445253
11	0.004768694685200842
11	0
11	0.004312772996428758
11	0.004773048160834979
11	0.004918518682947067
11	0.0051149628064365085
11	0.004657372471458084
11	0.00508624193253296
11	0.0056621079423122165
11	0.004751476550566095
11	0.004672422477069389
11	0.005680100367769796
11	0.0042725611214266355
11	0.004187445187255785
11	0.005918838128351346
11	0.003829062678988619
11	0.0047056822794664934
11	0.004059664577407129
11	0.0056277573566369836
11	0.004175778908682986
11	0.006497659485212191
11	0.004239902665493777
11	0.004575143940779218
11	0.00505741785482203
11	0.005751341259772206
11	0.004852220718518498
11	0.004228500088415414
11	0.005729436256713916
11	0.004546475024658496
11	0.004633696897805852
11	0.004875072459326178
11	0.004809766518865406
11	0.004039942077768365
11	0.0043796318486489525
11	0.004843903966626936
11	0.005005314766583498
11	0.005442666897785534
11	0.004380184279022224
11	0.005211158913091403
11	0.005051342239087183
11	0.005571064784767062
11	0.005538025305696313
11	0.005387853040099672
11	0.0049357869885539914
11	0.00514999657218534
11	0.005643937397412925
11	0.003957845029700824
11	0.004384253247060495
11	0.004863147690820954
11	0.005123058404741293
11	0.005140423876990072
11	0.005118910735315902
11	0.004373238940731031
11	0.005636875183432412
11	0.0038725459201057392
11	0.0042362514140701895
11	0.004913610135141595
11	0
11	0.005304375932423829
11	0.004447278277905705
11	0.0053573303767355494
11	0.004539396187219657
11	0.004288195992326867
11	0.005575201813743186
11	0.004636691429429441
11	0.0034781744131183938
11	0.005303213937653325
11	0.005834836342957566
11	0.0055568222054473825
11	0.006170775135892987
11	0.00499484490374954
11	0.004036306888733209
11	0.0044289373216214725
11	0.004764310384345875
11	0
11	0
11	0.00464402541782088
11	0.004440364133733508
11	0.004044108276211512
11	0.0043947798156262615
11	0.0038820163392203105
11	0.004487193122089146
11	0.0055961690306319005
11	0.004840571491511183
11	0.0038046291578316847
11	0.00527096754786157
11	0.005117502208160784
11	0.006045007243304435
11	0.004078637391762365
11	0.0058564070097496665
11	0.005075129095678592
11	0.006230399040165218
11	0.004270950639239575
11	0.0047536587394739985
11	0.005224934504719947
11	0.005321330468779849
11	0.004059494400919443
11	0.004605970838218266
11	0.004892609125996424
11	0.003602429923647078
11	0.004062720164134114
11	0.0046822765392943045
11	0.005734256220108338
11	0.005268536758361876
11	0.004770220521415746
11	0.0044897513035929894
11	0.004568065329980288
11	0.007015504014901676
11	0.004662912853564439
11	0.005306253299962981
11	0.004869587557409112
11	0.004045848471594295
11	0.005115632708769887
11	0.00448924025949934
11	0.005246830052955631
11	0.004775057176793539
11	0.004818166914495766
11	0.004722005620012533
11	0
11	0.004824752687084076
11	0.005567189164438312
11	0.005274192656622679
11	0.004957944831284716
11	0.004273593233018925
11	0.004184310000309016
11	0.004922190500556603
11	0.005137351456938637
11	0.00528060600197654
11	0.005875309930029978
11	0.003684263158647549
11	0.0047888226682509865
11	0.0056115038871804
11	0.004392220628650284
11	0.004387769602288481
11	0.00399953794611052
11	0.00591134853370317
11	0.004221460892328412
11	0.005047935090597919
11	0.004596804087173882
11	0.004180023617450217
11	0.005224275527715186
11	0.00397819248504897
11	0.004216281012679347
11	0.004892120195232145
11	0.004991707147725807
11	0.0045908524537994445
11	0.005621860567397254
11	0.004965246902212593
11	0.004857767866420381
11	0.004638930029059213
11	0.0048733467890801204
11	0.005502476306220555
11	0.0047801505222034805
11	0.00632283594097382
11	0.00598705043675122
11	0.00489498997758534
11	0.004483120828864226
11	0.0052583977379087165
11	0.005099709700115956
11	0.005716697882431066
11	0.004655454826575854
11	0.004555654466697592
11	0.004377441355362164
11	0.0049329920048264255
11	0.0030434389892911224
11	0.006242387635768054
11	0.005222089295285
11	0.004604052576364219
11	0.005060036837891245
11	0.004233578742465394
11	0.004696973595769791
11	0.0034372673473567197
11	0.0037980248681195993
11	0.0049316573273179235
11	0.005348529149032982
11	0.0044645453493921804
11	0.0047924318107320915
11	0
11	0.005136282332908786
11	0.005106607991828032
11	0.004498495995079409
11	0.004464322190096506
11	0.004835221603340019
11	0.0046698002698895924
11	0
11	0.004316138290210406
11	0.004451583161852298
11	0.004687910760911057
11	0.005291254580895594
11	0.004371363942783766
11	0.005372815161559044
11	0.005144244528168143
11	0.00396951677600398
11	0.005530936725460926
11	0.005576513883971781
11	0.004916073307644325
11	0.005623275088944072
11	0.005468742917693618
11	0.0051805504513212294
11	0.004821604200279455
11	0.005650588561654739
11	0.005594847698759739
11	0.004993251641926351
11	0.005616652056995015
11	0.0046857184475954826
11	0.004921980974996059
11	0.004152207651171319
11	0.004941567705074604
11	0.004324410387049346
11	0.0039321205814481
11	0.004772054030582764
11	0.004265450882563353
11	0.004815413905564861
11	0.004867807468741169
11	0.004646372050561968
11	0.00436583630738498
11	0.004941952706866575
11	0.004145612128988076
11	0.005839753938044105
11	0.00501374509020554
11	0.005420080570050773
11	0.004943481466698073
11	0.00516434357191975
11	0.004853184118337731
11	0.004050528256570177
11	0.005434374176163013
11	0.0048458015712570576
11	0.0044890152432540435
11	0.004606785068583191
11	0.004164793526434372
11	0.004589957728492105
11	0.004078854364317264
11	0.005430152423493967
11	0.003357915531522364
11	0.0033133748543442173
11	0.005366699098869658
11	0.004995409747423555
11	0.004443896696888949
11	0.004541534217348451
11	0.004033187111409002
11	0.004249651873053409
11	0.004653255267678233
11	0.005127513490110876
11	0.004683183406108441
11	0.004588103974128709
11	0.005009429461200971
11	0.0034659279046240056
11	0.004965411434131627
11	0.005169184811606388
11	0.004328402171900569
11	0.004123237980881238
11	0.005079118427849254
11	0.005013763772241201
11	0.005936942225791036
11	0.006488114078263414
11	0.004611783965979782
11	0.004543105595605235
11	0.004111367767963559
11	0.004736872938338587
11	0.0056318583936328
11	0.005077046351208847
11	0.004625964043326589
11	0.0048463772120154545
11	0.005848527832061813
11	0.004832006405893329
11	0.004154894800644344
11	0.005040284363633897
11	0.004694662879834945
11	0.00460995810527229
11	0
11	0.005174805163027106
11	0.005776487300073234
11	0.004741984959978462
11	0.005158061509907836
11	0.004447106486935195
11	0.004634090053992988
11	0.005682786439165057
11	0.0051349170346407244
11	0.005120977412678975
11	0.004574191117249533
11	0.005150798780611992
11	0
11	0.005320814598952322
11	0.005079551149872895
11	0.0056722901734659326
11	0.004669313914266029
11	0.005708670780721233
11	0.004699722637327558
11	0.004259937482937234
11	0.004513212755569757
11	0.004875401205233178
11	0.005354185939443045
11	0.0040490164519514085
11	0.0032462007939156705
11	0.005854901727382345
11	0.004402003987964749
11	0.004337054509347698
11	0.005573247672945532
11	0.004911850824289924
11	0.005145055871479844
11	0
11	0.0043236637688602985
11	0
11	0.004670629481470362
11	0.005543179999415172
11	0.0049006481061016635
11	0.004630563557462844
11	0.005140892443229034
11	0.0046944402393250964
11	0.005185280560229866
11	0.004267336041365344
11	0.004493902464019851
11	0.005375752411293528
11	0.005075748345126514
11	0.005008263337201311
11	0.005131410743674913
11	0.005038802170039639
11	0.004942543176722936
11	0.005134139275377594
11	0.004882898043902731
11	0.004185398488046002
11	0.004742009813626673
11	0.00399003564942913
11	0.004831093329006184
11	0.0054750195055310235
11	0.005071438270608583
11	0.0058057220137709455
11	0.004419900793293559
11	0.0043400219645283716
11	0.004478964730136726
11	0.004628737093928496
11	0.0045960450826120275
11	0.004110533294852739
11	0.004803051677166082
11	0.004728173299491616
11	0.006099153211779075
11	0.0033675140441943533
11	0.004723904435930109
11	0.005285087976580089
11	0.004887653671620049
11	0.005409556684055464
11	0.005090848553091114
11	0.004508341020877394
11	0.00541406261806403
11	0.005736911449289981
11	0.004088758619843273
11	0.004242250774705246
11	0.0045525893978993455
11	0.00502221497011029
11	0.005093497032879954
11	0.004878944485845995
11	0.005871566034541974
11	0.004343223295993498
11	0.005488945684890268
11	0.004566618175951844
11	0.004548702584561972
11	0.0050885099880842236
11	0.004885168397233229
11	0.005541214872747691
11	0.00450820587860836
11	0.004801015407700472
11	0.0056500305908884245
11	0.0065836126851341395
11	0.005661955055839466
11	0.004372304997141046
11	0.006721279357966617
11	0.006352538663642523
11	0.005573020463365797
11	0.005028777491953133
11	0.004140814770180628
11	0.004112703043337837
11	0.004110149545518673
11	0.005540361307155464
11	0.004696565510246372
11	0.0046943592050392
11	0.0047572526390506995
11	0.004488321291172323
11	0.004331212460622073
11	0.005388727426319011
11	0.004038964886422494
11	0.005455338037205919
11	0.005286236484849081
11	0.004821135291684013
11	0.005392520542206286
11	0.004047552097382794
11	0.0038511751317531037
11	0.004517974774723856
11	0.004968794697138454
11	0.004788768550401206
11	0.0051162502715608104
11	0.0050898103805910215
11	0.003793945523251696
11	0.0047600701466650516
11	0
11	0.004319168217241432
11	0.0042204321231376985
11	0.004929985752551499
11	0.005795817381848598
11	0.004936157998315943
11	0.005716839680799314
11	0.0049775384915767325
11	0.004489833060460397
11	0.004873392928726726
11	0.00379664845480484
11	0.0038735379218439864
11	0.004223228919383918
11	0.005293408566778165
11	0.006458762528796368
11	0.005001654074075926
11	0.005171613581764171
11	0.004271251377619472
11	0.005256961777228049
11	0.0054816008732404276
11	0.005877638995817996
11	0.0053074606685488525
11	0.003982164720783385
11	0.003764004487754159
11	0.003042001173080751
11	0.004524243678962271
11	0.00458442578211633
11	0.004510508401617192
11	0.005230474113751433
11	0
11	0.006034736835061656
11	0.005711862494836161
11	0.004291113866609218
11	0.004351954847795119
11	0.004198131125370103
11	0.006281769728921517
11	0.004865807500622526
11	0.0033426362857455504
11	0.0036454729044900804
11	0.004302100099536964
11	0.004739069506089391
11	0.005476160735637095
11	0.0050956227263042175
11	0.005447873605016757
11	0.004360687410444115
11	0.004725012674090988
11	0.00469302184322633
11	0.004400115135098293
11	0.004080678120499238
11	0.004493387964696379
11	0.0042041664271905066
11	0.0036181040599478744
11	0.0035210323129763322
11	0.0038837737247587223
11	0.0038476352300198043
11	0.0041199511239452535
11	0.00430599787257227
11	0.005504109431487793
11	0.004977611255527862
11	0.004007027993470823
11	0.004569351540448629
11	0.004368328794333237
11	0.004995473673550658
11	0.0037949846347019255
11	0.004434089686932842
11	0.004388446587122921
11	0.00494082449688655
11	0.005157879802556836
11	0.005342069912811169
11	0
11	0.0048902637706061585
11	0.005131315765834952
11	0.004770497932985886
11	0.0040797040423480495
11	0.005386703592349848
11	0.005019540164132345
11	0.004959890658440822
11	0.005312009279319898
11	0.0038145367024559674
11	0.004987914750930689
11	0.005288197766431575
11	0.0045057095497891
11	0.004642185498826079
11	0.004849261607507139
11	0.005947175193130967
11	0.004772541592651703
11	0.005828656499647342
11	0.005591019186789355
11	0.00515922286901198
11	0.004810560564895682
11	0.004556891910350978
11	0.005201994160570532
11	0.004018566892310326
11	0.004903572787291488
11	0.004369436504577083
11	0.005472329481358366
11	0.004834113420631028
11	0.00462541943720297
11	0.004862536990198761
11	0.004904342217594314
11	0.004733592252961546
11	0.004743667296970982
11	0.004988652374398458
11	0.0041860558044990535
11	0.004676198354740621
11	0.005060285787535986
11	0.004842246458666865
11	0.005144583974080197
11	0.005020932394945442
11	0.003982999068459515
11	0.004251275534415777
11	0.0046645610086239004
11	0.005752199587539427
11	0.004376867539594414
11	0.005394982057465195
11	0.004666207582979096
11	0.004488678086589156
11	0.003745295227529505
11	0.005738283580901073
11	0.004446730927867564
11	0.005692665093724236
11	0.004588009879737165
11	0.0045563673781035
11	0.0041092243208284245
11	0.004213752551973434
11	0.004144743003062313
11	0.004994230524577672
11	0.004935415990002885
11	0.004387914616426401
11	0.0034915829590797635
11	0.00535129469530186
11	0.004251932364198433
11	0.005512551934898037
11	0.003690708379915501
11	0.005127704414876846
11	0.005491593996716798
11	0.005696078392269391
11	0.004887551953129068
11	0.003783185531063548
11	0.004694669062033782
11	0.00414163154832769
11	0.004300444360895559
11	0.004340418199919661
11	0.0039531091067925815
11	0.005753236317311146
11	0.004316814512733045
11	0.0046773121153333725
11	0.005028761665462683
11	0.005276050033412941
11	0.005543253754853979
11	0.0049606164272550015
11	0.004695604389023609
11	0.005278886657567174
11	0.004548810817485991
11	0.005480991338974052
11	0.006806465014713679
11	0.005384944576411894
11	0.0049767243464137354
11	0.005111182691961396
11	0.004754963502746187
11	0.005111858012360551
11	0.004367185868856455
11	0.0049556683566544255
11	0.004207660055834902
11	0.004789558648782223
11	0.004288255862873837
11	0.004601836274971555
11	0.004429645200275842
11	0.004406164283985533
11	0.004594687750927169
11	0.003982185222657041
11	0.005714015721358955
11	0.004938308093502008
11	0.005502623937978238
11	0.005633209368017083
11	0.005370400070104528
11	0.00390988619173148
11	0.004919926303235743
11	0.004996847683038275
11	0.004247373482474728
11	0.005154561047185313
11	0.005116059276461877
11	0.005956633244095966
11	0.0036257641912004037
11	0.005535876420445711
11	0.004687637798484638
11	0.0054120852518030615
11	0
11	0.005104969334714482
11	0.0037844227876835316
11	0.004416645839655218
11	0.004543096875848584
11	0.0036831507666563257
11	0.004984185512623918
11	0.004518774863642585
11	0.004144421439004182
11	0.00473946868232499
11	0.005402169571755779
11	0
11	0.004542402539024134
11	0.004572885143714484
11	0.005311450882401134
11	0.00443757175354994
11	0.003900614776656393
11	0.005505918564593022
11	0.00481184568401338
11	0.005563620672089685
11	0.004480205518637785
11	0.004291189633971412
11	0.005475164602576558
11	0
11	0.005207564128516229
11	0.004718755947764489
11	0.005264478685229495
11	0.006453812991980221
11	0.005431534644273295
11	0.00519912852588466
11	0.004830238991540513
11	0.004742579544830765
11	0.005411331660620677
11	0.004810296002057176
11	0.0044459144211008135
11	0.005198235858643148
11	0.004500923512810909
11	0.0046926681237453045
11	0.004607517337329123
11	0.005118406012729202
11	0.003972787700197206
11	0.004688120957224898
11	0.003810101898420524
11	0.005126881849546405
11	0.003957259410504921
11	0.004954538159704008
11	0.005056701146807008
11	0.004125691016418978
11	0.004209468922369177
11	0.004538664811944225
11	0.00446521393399016
11	0.004935236959903881
11	0.005539659480583371
11	0.004689418722814338
11	0.005620424464469028
11	0.004004200806550322
11	0.00437014131360609
11	0.004323688151199032
11	0.005378059534162617
11	0.0056764846901771185
11	0.005377797598003125
11	0.005563593827143817
11	0.004752852783603939
11	0.005445527495298871
11	0.0032733422403720164
11	0.004966877385170628
11	0.00481338517641392
11	0.003920088593504026
11	0.004967741495160573
11	0.004073415448853701
11	0.0043385241411903405
11	0.005411667332148358
11	0.004559105879580324
11	0.0056448718564477045
11	0.005573409251081782
11	0.005408183941725373
11	0.003960902889335398
11	0.005856417434998247
11	0
11	0.004324716763008413
11	0.005300725316972509
11	0.0044182944441958074
11	0.004763929365420976
11	0.00505491276408952
11	0.004741844955167832
11	0.005009103808993372
11	0.005592337692585749
11	0.0048662689307753144
11	0.0046118197801832805
11	0.00357695359769984
11	0.004941371953369998
11	0.003791000397236901
11	0.004088278271576255
11	0.005447633122273082
11	0
11	0.005501785450894777
11	0.0048998595317976375
11	0.005436975512230785
11	0.0060679987671731755
11	0.005163808954712998
11	0.003925753660384114
11	0.004735696324825774
11	0.0042124253185703234
11	0.004587841802369274
11	0.004611032640162642
11	0.004211967563386927
11	0.005592654366121428
11	0.003554913929169168
11	0.004858038235177362
11	0.005195148731032621
11	0.005926573301545817
11	0.005343667261117688
11	0.004801240186512253
11	0.004962051399972295
11	0.005115342354188934
11	0.004675050831048885
11	0.004959933357825951
11	0.004118793485950699
11	0.0054099226586412615
11	0.004799017271177786
11	0.0046856513918194205
11	0.004280244392894489
11	0.004504057955017201
11	0.004753168604042214
11	0.005142950542964366
11	0.0044625769097062324
11	0.005611419831451352
11	0.0054886453182296955
11	0.005680685018369273
11	0.0041244548120442015
11	0.006254406182353539
11	0
11	0.006490307539832553
11	0.005495115274928856
11	0.005528423025830409
11	0.004192774714121354
11	0.006191890634588254
11	0.0060083292659291925
11	0.00473339217823186
11	0.005616829022286338
11	0.004006612987159252
11	0.005171707761457016
11	0.004756845978036189
11	0
11	0.00446609890056252
11	0.004481509244470508
11	0.004162613703549042
11	0.004339395159459155
11	0
11	0.004246214561607136
11	0.004971564983581303
11	0.004739444280318496
11	0.004800042662253383
11	0.003402559881890207
11	0.0039060993820105006
11	0.004016708449156946
11	0.004888272562168236
11	0.004853407365558976
11	0.003979713027190471
11	0.0045509430329084
11	0.004997405658068065
11	0.0035020605628883596
11	0
11	0.004482643238711984
11	0.005727355887166667
11	0.006037783774855278
11	0.004288138980753287
11	0.005015193022975912
11	0.004415863200761972
11	0.004653600567921776
11	0.003972922348570213
11	0.004306186100318608
11	0.005241637951318895
11	0.005101233086484336
11	0.004655869351227407
11	0.0065919786373734085
11	0.004899629888368461
11	0.00562027277129082
11	0.005187664018569146
11	0.004086443419523257
11	0.004622984697528197
11	0.005188864830085547
11	0.004483265519349173
11	0.005034643506734013
11	0.0040743993094895055
11	0.005433013731605264
11	0
11	0.004953647179839246
11	0.005845560090667037
11	0.004901162897195708
11	0.005687931412348534
11	0.004619138108710257
11	0.00490857424996669
11	0.0054900779767377
11	0.005139401301480244
11	0.005136732580613281
11	0.0048860526992062295
11	0.004673639103217024
11	0.004679139221407666
11	0.004646452996229423
11	0.0053531465025679825
11	0.005353580696903878
11	0.005517720935794074
11	0
11	0.005559502663401273
11	0.004879842718745659
11	0.005650903145667181
11	0.004643865050431715
11	0.00453206584299709
11	0.004228681257876723
11	0.0050501349555316065
11	0.005062654442436213
11	0.003983811281955491
11	0.003997146542081192
11	0.0052513509318042545
11	0.005045202390990379
11	0.0036740736264737135
11	0.004558103936594399
11	0.004870500752318411
11	0.005187474975645371
11	0.004684972883598422
11	0.004569933014810545
11	0.004406567212257884
11	0.0041832570188892184
11	0.004965977414357625
11	0.004751744071268486
11	0.004143220806609017
11	0.005740129415423682
11	0.005238688393553076
11	0.00539984376977457
11	0.004093876581909254
11	0.0048764683443356755
11	0.0038292607363158396
11	0.006381354823016444
11	0.004386094464747566
11	0.005051085559057143
11	0.005037327116762168
11	0.004865258337905045
11	0
11	0.005340709686136092
11	0.005285361122694791
11	0.004273389316528038
11	0.005905905727525932
11	0.004341446392238233
11	0.004797029900485566
11	0.004945064278614979
11	0.004705034769099445
11	0.004619057869815019
11	0.004112057000580086
11	0.00402113671619364
11	0.005350109024449274
11	0.004560884885133898
11	0.004345210956308352
11	0.005857598521127958
11	0.004844065701126012
11	0.0040513544692746
11	0.004876698762204025
11	0.0045208439769995725
11	0.004326922049310302
11	0.003990720543484858
11	0.0041613354363000295
11	0.004600009476442045
11	0.005196877505450509
11	0.004163808730613763
11	0.004988939303258831
11	0.004450995515411072
11	0.005597541740670431
11	0.005256352679224809
11	0.0038245177307076558
11	0.0045664371493442145
11	0.005022815608855124
11	0.004850021467778114
11	0.003751611839802227
11	0.004839805355519521
11	0.0047720035582151
11	0.004349222814925899
11	0.004734877971744757
11	0.004849000635132001
11	0.005243423694872806
11	0.00534022536103326
11	0.005136646792859141
11	0.0038299686841586815
11	0.005139846268039132
11	0.005248781423223819
11	0.005291885145965023
11	0.005876135485425958
11	0.00432057059362834
11	0
11	0.004766218285579129
11	0.0048168893375202
11	0.004858372415125014
11	0.004800305931752054
11	0.0036341142702645546
11	0.005261393108465922
11	0.0064074673346278905
11	0.003593148933373272
11	0.004601714612131472
11	0.005386397752675567
11	0.004644995527416891
11	0.004965507804367345
11	0.004700404819880063
11	0.006972262970685448
11	0.003778399921078936
11	0.0048325783918660905
11	0.0036266461407336013
11	0.004808282005999753
11	0.0044367040809805474
11	0.0045190430262908934
11	0.0037861212386183034
11	0.004842498983407468
11	0.005903042652513607
11	0.005377953283586729
11	0.005931436489874019
11	0
11	0.004620877336425355
11	0.0048479419116070665
11	0.004201536899680794
11	0.004925105100604072
11	0.005063237597010879
11	0.004965550646267245
11	0.0037091013648534194
11	0.006028926204784844
11	0.005850129260534668
11	0.004722214881861936
11	0.003933693481111431
11	0.004879639570199154
11	0.004635801850911548
11	0.004939407981777285
11	0.0032960915696618846
11	0.004999195597846595
11	0.004010816109926996
11	0.005260944760366531
11	0.004415391810963063
11	0
11	0
11	0.0051301132543611185
11	0.004810919608327887
11	0.004858066465605496
11	0.0040129322907656376
11	0.004569719888705093
11	0.004829484906197129
11	0.004966442223089986
11	0.0047532407042411564
11	0.005200538106166066
11	0.004787701799731665
11	0.0048110195285927925
11	0.003937913089773408
11	0.004572871527355552
11	0
11	0.004213398354689124
11	0.004660226496292382
11	0.00444623180218096
11	0.005163971273898134
11	0.004318179117326551
11	0.004982506372857474
11	0.0047526839474190214
11	0.004161031705018432
11	0.004779052384376486
11	0.004288699780431457
11	0.005659786380249548
11	0.004569228874036989
11	0.004582730383158601
11	0.004504390485987262
11	0.003963295398897921
11	0.004134840622340545
11	0.0034221651179444073
11	0.005195636109481437
11	0.004714429387811598
11	0.004115566823753712
11	0.006091694644999669
11	0.004274809453241426
11	0.0053286437432516895
11	0.00586519986196505
11	0.0045485964674565355
11	0.005096986167026945
11	0.00420256951975369
11	0.005391967200208734
11	0.004514932314090816
11	0.004750043920655704
11	0.0048710653488520635
11	0.0048657248772782154
11	0.004549989078996594
11	0.0044324991667430876
11	0.0041657836356768585
11	0.004264387095705896
11	0.004327766061322133
11	0.004988993134260373
11	0.005191921889571713
11	0.004403253947012667
11	0.0037742633477400797
11	0.004674714529728548
11	0.004414493674168262
11	0.0043890656913511935
11	0
11	0.00493882702973989
11	0.00422469294644975
11	0.00406347164532898
11	0.004654193416064304
11	0.0045903563442541125
11	0.005490405402351797
11	0.004814989334649883
11	0.005868915679392239
11	0.004340223679146256
11	0.005737276203735365
11	0.004358009419540324
11	0.004063305056236384
11	0.004882679348554389
11	0
11	0.004403651334401883
11	0.004823991271096881
11	0.005595917985820981
11	0.00412113061271132
11	0.004473536175651272
11	0.005734145268830329
11	0.004624859667332787
11	0.0065807326785104195
11	0.004650502488776429
11	0.0047247720148844005
11	0.004859483470653029
11	0.005189272917716738
11	0.004852672227615383
11	0.0045455795731649306
11	0.004868415712747152
11	0.005235307122711538
11	0.005476124718104618
11	0.0046557203820374446
11	0.006187778749576514
11	0.004459921608503872
11	0.004512669249033942
11	0.004790048723400571
11	0.00428882130909313
11	0.005676444321470735
11	0.0055933494224985865
11	0.004915256667934148
11	0.005029796626743066
11	0.004522239464799323
11	0.003947938586995321
11	0.005139068858215793
11	0.0056856711938150645
11	0.005176828708577864
11	0.005907961549599313
11	0
11	0.003563551202228357
11	0.00435278670843725
11	0.005775365388047339
11	0.00424795222819885
11	0.004920142484105072
11	0.005370208585879283
11	0.005561595313078641
11	0.0047373677338800385
11	0.005441839076715946
11	0.004541169596759717
11	0.005217654020994276
11	0.005319280654062809
11	0.005360113024470993
11	0.0043171356710209035
11	0.005388417933186667
11	0.004029634563655684
11	0.0051121231646352565
11	0
11	0.005790826846083962
11	0.0053238291625538154
11	0.005965234858097945
11	0.005526917686502998
11	0.005394900019799538
11	0.005394042359160055
11	0.0044778157018204754
11	0.006224939418511709
11	0.004103535447235766
11	0.003889070635836392
11	0.004584867867343809
11	0.004360922452793461
11	0.004359585312954435
11	0.004630361221690721
11	0.005128946110024887
11	0.00521361616276478
11	0.0049728646656376696
11	0.004595865193138549
11	0.004956484185810102
11	0.004727887905754117
11	0
11	0.003661783061462417
11	0.0048602582495663104
11	0.00421826465606633
11	0.005599423647859774
11	0.004822688624856129
11	0.004693672607116936
11	0.004708467011419312
11	0.004265708147059094
11	0.005385857479362302
11	0.005105168422517415
11	0.0036578082486753653
11	0.0054380153916601835
11	0.0053289151792925695
11	0.004882070853036552
11	0.004322246125969345
11	0.004461201380667474
11	0.0041279492761912085
11	0.004796978593773897
11	0.0044008417112272056
11	0.004056099287180647
11	0.005074073287436018
11	0.004215791906908561
11	0.003885941517897335
11	0.005344247815257224
11	0.00453106157040655
11	0.004529237102699204
11	0.004663355191895234
11	0.00479112368071973
11	0.005330433978996433
11	0.004867887612600622
11	0.004891758433225516
11	0.004839817022517568
11	0.004919884294256693
11	0.00491323774599988
11	0.005287617397427695
11	0.00542580157775237
11	0.004329967280999046
11	0.004907261123550345
11	0.00595125420497586
11	0.005496030546884319
11	0.00620903285684203
11	0.004610142172122854
11	0.004245115738906002
11	0.004342964885963176
11	0.004600121541844298
11	0.003925317928038246
11	0.004066456932540204
11	0.004939726283737431
11	0.0044789836091896195
11	0.005589231717053047
11	0.004896572239364617
11	0.004824003194932649
11	0.005508477291374412
11	0.004698758611344337
11	0.004922436984561382
11	0.003634022495249038
11	0.004912825772344049
11	0.00348449942094112
11	0.0051253916728657275
11	0.0039647875340751634
11	0.003822519949707795
11	0.005200312818381392
11	0.004005183203353962
11	0.004829772842155103
11	0.004891784401526888
11	0.004779592715714788
11	0.004187964510083161
11	0.004179610776272489
11	0.005370754004956126
11	0.0037927360573577766
11	0.004825472825926728
11	0.004651321680381691
11	0.004936033212611857
11	0
11	0.0052135622783831955
11	0.004408210400611567
11	0.0038511823879517435
11	0.004805143909772056
11	0.004370987790739162
11	0.004810001629831375
11	0.00409104926951583
11	0.0054066572278712345
11	0.005636294445710825
11	0.00423148028258207
11	0.004844963814468113
11	0
11	0.004328725671750486
11	0.0044451352181064515
11	0.005441655390651472
11	0.004375923771563104
11	0.003905728711176203
11	0.004625856436844962
11	0.004661555960393252
11	0.005197925733500834
11	0.0059737277219781325
11	0.004609529113280405
11	0.005108292592460243
11	0.004475495370421453
11	0.0046499071477664996
11	0.0053694122368755206
11	0.005154068094770874
11	0.006012678665019551
11	0.005009751563382357
11	0.006285283819764066
11	0.0051901573919013655
11	0.005048916955506952
11	0.00518551495894032
11	0.004772654202273977
11	0.0033366295480617898
11	0.004966721996973445
11	0.004230896068042534
11	0.004751625100032584
11	0.005076035013731124
11	0.004993400769042562
11	0.003704352270596587
11	0.003848478052262442
11	0.005608726278475593
11	0
11	0.005322213292291831
11	0.00470344982317064
11	0.0052861958905758765
11	0.0043740797143308205
11	0.004812271621586771
11	0.004896365083279923
11	0.0044046939244291065
11	0.004760712192173197
11	0.004569617915526352
11	0.005112919907634358
11	0.004608203233601421
11	0.0055169895288627825
11	0.005214742489211483
11	0.0040011087653056745
11	0.004012358254212884
11	0.004553882603139665
11	0.004694234842855881
11	0.004343626699224661
11	0.005606592207662191
11	0.004519969441542634
11	0.004709918119165393
11	0.004105505028026047
11	0.004903427775764254
11	0.005399562356097266
11	0.0051569219017944526
11	0.0049890165565194535
11	0.0038923421797549167
11	0.004929502880759919
11	0.005657917248905188
11	0.004415562371973469
11	0.004537411871022088
11	0.0045937326650026455
11	0.00520452913982868
11	0.004792266785583945
11	0.005055753548705334
11	0.0041493608989048875
11	0.00419918306399439
11	0.004535240432477551
11	0.005253157020549599
11	0.0055296568415949396
11	0.004823560865775046
11	0
11	0.0047104419463478864
11	0.004828559962485448
11	0.004186723049102018
11	0.005030157526421591
11	0.005741613105053806
11	0.0040436455841615666
11	0.004000427523141141
11	0.0034999120559310445
11	0.004867047285694664
11	0.004888658839039899
11	0.005300707647133823
11	0.0038745612983495208
11	0.005252500940995026
11	0.004323844023192449
11	0.005212031489100847
11	0.006212496743597007
11	0.00404074873041458
11	0.0057077848595464414
11	0.004688359305304355
11	0.005093691871911903
11	0.004267912505491653
11	0.004672054589992888
11	0.004395757315531294
11	0.005221965998438048
11	0.00481188127156419
11	0.0038716669705360445
11	0.004364146145737008
11	0.005406771941906181
11	0.0047225785712542954
11	0
11	0.005075974649397755
11	0.005601698135658575
11	0.0046534616031514535
11	0.005562144272579154
11	0.005605813198414115
11	0.004065965628812282
11	0.00466966124788223
11	0.004958221392763979
11	0.00441232946558566
11	0.004712409006810146
11	0.004564792615893723
11	0.004966660031563307
11	0.004953196888280694
11	0.0038934219645127464
11	0.0047843742587984255
11	0.0036888781121663704
11	0.005401866298706343
11	0.004027249839413795
11	0.004736083147998364
11	0.004678669339929832
11	0.004924735825607418
11	0.004487525666498402
11	0
11	0.004504167761839105
11	0.005062306064149588
11	0.005507468475093968
11	0.004475030542712161
11	0.00455176378326328
11	0.004357191546049464
11	0.004451971514814503
11	0.005341701948091714
11	0.0045448345974777845
11	0.004949471075544053
11	0.004238406662794014
11	0.003949122960049411
11	0.004665005871013299
11	0.004538759534059459
11	0.0055776160898925245
11	0.003754100103303503
11	0.005510699263976812
11	0.00569608512952036
11	0.005474000318283083
11	0.005876056404489173
11	0.005401003053467391
11	0.004664314379608799
11	0.0047651384417746814
11	0.005048555142198521
11	0.0042765107746978535
11	0.0045182175051607775
11	0.005490866608610559
11	0.004417378729212754
11	0.004850607425635987
11	0.004533699899729049
11	0.005639821189924071
11	0.004764304739807036
11	0.005151743396934336
11	0.004978706711651903
11	0.004929314642963057
11	0.0050286089289322804
11	0.004317549974360175
11	0.004746350255076054
11	0.004320950381738168
11	0.0046598407974823225
11	0.005871332947042181
11	0.0040823946356681705
11	0.006417393581890084
11	0.0042724245922142285
11	0.004799419676932277
11	0.0043295325036905394
11	0.004629409315061199
11	0.00486683467424975
11	0.005075588412271983
11	0.0038775450964583674
11	0.005714287771608194
11	0.00441317230860554
11	0.005770425290403709
11	0.004653408522107912
11	0.005020140632356117
11	0.003976002594950929
11	0.0040470768638425116
11	0.004921445938983178
11	0.005069332221318023
11	0.006073945666855516
11	0.0055935727545238885
11	0.004103250267572873
11	0.003720743903911252
11	0.005127521449119059
11	0.0034674595459640604
11	0.0037401046085350238
11	0.005186748637591155
11	0.004925461999877139
11	0.005133967130160545
11	0.005818008096956934
11	0.004628272239738717
11	0.003907822874812668
11	0.0044872827806698955
11	0.005673523139764856
11	0.004834744410339301
11	0
11	0.005294638821010096
11	0.005037186691059487
11	0.0042035271461504315
11	0.005519114696612292
11	0.0044234910359582874
11	0.005790998264387147
11	0.00431939398781397
11	0.0041460051894833495
11	0.004298624042820618
11	0.004371435629278637
11	0.005316267642943271
11	0.004414314424256662
11	0.00423720085172805
11	0.003856737141285991
11	0.0045307227867322
11	0.004868600837331907
11	0.004705904538570089
11	0.003997048863197458
11	0.0058400387969357506
11	0.005756421287437835
11	0.005740809867902356
11	0.004920111662654098
11	0.0050762022244171465
11	0.004389823545455364
11	0.005473506664022877
11	0.004912250912999923
11	0.004589676359554358
11	0
11	0.004675815440924455
11	0.004107727084757538
11	0.005300723104988155
11	0
11	0
11	0.00565434676665481
11	0.0047172217101385285
11	0.004541243855645587
11	0.004344506461320037
11	0.005471438490807882
11	0.004453058280726592
11	0.004882086489405979
11	0.004792629787261728
11	0.004134083530526071
11	0.0050134142045979565
11	0.004522610959578521
11	0.005324692230284068
11	0.004411456877050243
11	0.005499229122341585
11	0.004614609505448926
11	0.004327780805953853
11	0.004104021960691409
11	0.005015176980399589
11	0.005152697144712776
11	0.004390502378552324
11	0.0045567650758438615
11	0.0044569391620294645
11	0.004645398439404047
11	0.003892840457610844
11	0.0066272540557553656
11	0.0053170699985867435
11	0.0057035025160751375
11	0.006378584622389475
11	0.0044386201227649465
11	0.004314816835975493
11	0.0041568399758734
11	0.005337909074485452
11	0.005201927621405376
11	0.005034483237340993
11	0.005309407880973817
11	0.004395045553854351
11	0.0048578433456191224
11	0.004929933209923071
11	0.004266814763513267
11	0.006588009616024488
11	0.004531929693936619
11	0.004745851029495184
11	0.005477497488997708
11	0.004798596465890609
11	0.005182030159139935
11	0.004685551206507283
11	0.005361677873861863
11	0.0051408276514765955
11	0.005491391381536167
11	0.0052031825394986495
11	0.004390298190052307
11	0.004418948274303851
11	0.004610587542407042
11	0.004187165516117476
11	0.004674995759189042
11	0.005556733757706494
11	0.004643889738485559
11	0.005368121328686594
11	0.005866286751637683
11	0.0044525562074468165
11	0.004412561950416785
11	0
11	0.0053117270641727795
11	0.00507451816452122
11	0.004631930459703516
11	0.005424070689964744
11	0.005098366468717773
11	0.00463919523707783
11	0.004491151889190394
11	0.004790520710533979
11	0.004884024258694696
11	0.005645394648322319
11	0.004585801792717575
11	0.004623191992668921
11	0.004473808331632036
11	0.004074765559508483
11	0.004483359142786039
11	0.003990509833072536
11	0.004796144986791783
11	0.0045096536002193904
11	0.0052353625210397724
11	0.004830347090616038
11	0.004321787296060275
11	0.003998570478884126
11	0.004083635320677942
11	0.004723121086503598
11	0.004751512752262205
11	0.004881825122262287
11	0.0034949658736111847
11	0.005125173666152778
11	0.005308605555670617
11	0.005309147266496305
11	0.00539467062352057
11	0.00466114208102034
11	0.004493334996533069
11	0.004538185430905147
11	0.005109833297877847
11	0.004993377163558843
11	0.005211715970589836
11	0.004525194691796478
11	0.006006067437111065
11	0.0050873181654283945
11	0.004766542840171974
11	0.004388740479607324
11	0.004547597045157149
11	0.00569593150852697
11	0.005281253300170928
11	0.004901517446449704
11	0.0052163890589234764
11	0.004408136270726982
11	0.005520085026461212
11	0.005618802964566863
11	0.004632089075097287
11	0.004981726680972929
11	0.004197138823042928
11	0.0045627305347440824
11	0
11	0.005657315867449614
11	0.005990706328827004
11	0.004695831484427099
11	0.004194861614250985
11	0.005776274697877385
11	0.0045177936579012135
11	0.005000159227728021
11	0.004250350955325799
11	0.0051151724930427155
11	0.00412465860707397
11	0.004621753653978607
11	0.006203363999098906
11	0.005388647091180781
11	0.005392915800910646
11	0.005433215906233911
11	0.004620520113079105
11	0.005709504838680088
11	0.004217883447716285
11	0.005411033523887883
11	0.0035829221369280333
11	0.004347082956125706
11	0.005241282970979466
11	0.0043182732680045605
11	0.004976146058549849
11	0.004296001771146332
11	0.004177737804897175
11	0.004454464141466319
11	0.004181194901556317
11	0.004955598410514727
11	0.004232836975438358
11	0.005472910172992956
11	0.005208467680862706
11	0.004029808595335005
11	0.0056805518154895195
11	0.005610516700537781
11	0.004756797251739949
11	0.005570480672475209
11	0.004582841704390367
11	0.005433925967117925
11	0.00465129278303835
11	0.004851173937557776
11	0.004883102203920539
11	0.004142958841981496
11	0.005426435198876986
11	0.0061661779994090565
11	0.004394405363939325
11	0.004146050063753981
11	0.005374391854985886
11	0.0058717104563404555
11	0.002819089078747886
11	0.0051779473930152545
11	0
11	0.005498741928117643
11	0.004974134718271842
11	0.005768240728240144
11	0.005356729732319038
11	0.005789026565135956
11	0.003712442626974807
11	0.00532132100655248
11	0.003983442849767484
11	0.0038280706261588494
11	0.004862391195928245
11	0.0045539985035745936
11	0.005759781887899246
11	0.004059862863204555
11	0.003965564172543732
11	0.005053234480408569
11	0.004856374840634079
11	0.004726190338366328
11	0.004496917496377226
11	0.004217048475838755
11	0.004401859063604224
11	0.004532755148337431
11	0.00366797849288455
11	0.005458259722709576
11	0.004979844381567096
11	0.0038479494913068717
11	0.005343724907349694
11	0
11	0.006656628618751298
11	0.00444169290329796
11	0.004084901481761501
11	0.00512682262691406
11	0.004217143361859201
11	0.005901071467152965
11	0.005082427226816642
11	0.0054656372433176895
11	0.0037591949294808716
11	0.003937985217044652
11	0.004261216465140838
11	0
11	0.005547026795361703
11	0.004901523284453671
11	0.005050706691238086
11	0.005307403757133029
11	0.0044619636054433025
11	0.005330490009281702
11	0.006099729271139155
11	0.00412837258534462
11	0.0049652466054176175
11	0.00506336809304607
11	0.004361077570693616
11	0
11	0.0056711899413058944
11	0.004837297471060293
11	0.0049370988406342384
11	0.00545423775251185
11	0.005227406918281871
11	0.004718897233608643
11	0.004146033048049425
11	0.004632531910965947
11	0.004872196756360991
11	0.006109882189984113
11	0
11	0.00440339397123207
11	0.004427398024730649
11	0.005488571569465215
11	0.00452185425308154
11	0.004241526512244065
11	0.005631893538117689
11	0.004992984359036701
11	0.004958334485646992
11	0.005512082755964735
11	0.00446049802957765
11	0.005525733597256364
11	0.004724155329181862
11	0.004845260804613275
11	0.005689249060099484
11	0.00489667632649962
11	0.005942202130089675
11	0.004533379698347183
11	0.004508221211534442
11	0.005391233557197759
11	0.005224741877019857
11	0.0045165702229061026
11	0.005069052872904466
11	0.004932355340572247
11	0.005323917717989652
11	0.004509366566500967
11	0.004416404978374452
11	0.005328163283774003
11	0.0036287642156998296
11	0.004827132736919672
11	0.0035664235634602086
11	0.003174707483687273
11	0.005193138183233478
11	0.005367049442323326
11	0.005386944311443172
11	0
11	0.004913960590732621
11	0.0046287798452473074
11	0.005100227161239674
11	0.004127106233614806
11	0.005016666255062785
11	0.005759520193716539
11	0.0046775611774810604
11	0.004621194817063604
11	0
11	0.004486456420763051
11	0.004786152672470619
11	0.005064701531076214
11	0.004738068104411028
11	0.0049225467240312445
11	0
11	0.0036229454953101005
11	0.004777989671788821
11	0.003612854719322379
11	0.005105125377708074
11	0.005424391865425605
11	0
11	0.004538438640688732
11	0.004356188482015544
11	0.005328342534302589
11	0.004393099742914105
11	0.004496450691557814
11	0.005063523939765717
11	0.003973297325971671
11	0.0054093338499570185
11	0.004668162474353255
11	0.004476759449008134
11	0.00473851302277546
11	0.006443889417851418
11	0.004526330773347218
11	0.004252727330576567
11	0.004562333698447685
11	0.004770022932502977
11	0.004252157348256299
11	0.0052421902592070775
11	0.004077256212883319
11	0.004686095901496838
11	0.005655224013409033
11	0.004782404125177722
11	0.004701354935961201
11	0.006036430192240355
11	0.005282857493675394
11	0.004426018810271697
11	0.0041288151119878115
11	0.004440151575566076
11	0.005036898509347483
11	0.004610816445547655
11	0.004269854261492596
11	0.006321119862350704
11	0.0040639797123160955
11	0.004326729409120865
11	0.004587642918793833
11	0.004358726120317657
11	0.00636298356613555
11	0.0048727040088289465
11	0.004744992785145999
11	0.004365258937231412
11	0.0056229111885309595
11	0.00442255633544523
11	0.004373120398798015
11	0.004673661892841724
11	0.004579276467772573
11	0.004573291401429568
11	0.004973896619725798
11	0.004719486301623097
11	0.005308013787236386
11	0.004575034624514037
11	0.004066475452500624
11	0.004612760095667742
11	0.006012195052029823
11	0.004222670501421144
11	0.004685296103488289
11	0.005028037435378666
11	0.006314214769821178
11	0.00450707492919433
11	0.0057448209278634565
11	0.004509176268559985
11	0.004397508885640852
11	0.00474469234791441
11	0.004542571861811384
11	0.00483683360895484
11	0.004511536843417788
11	0.005409092517034102
11	0.0040822749809368815
11	0.004705540337350535
11	0.004707747414000147
11	0.0039641625298260635
11	0.005113509103122728
11	0
11	0.004219876232060544
11	0.004759562114168032
11	0.004362318971218278
11	0.0046292948932095375
11	0.004938413592221561
11	0.00476407663189818
11	0.004574022331257458
11	0.0045316755869193835
11	0.00530899009058033
11	0.005320977767759886
11	0.004453391175181486
11	0.005010348844263424
11	0.005237274035753502
11	0.004522545699975151
11	0.0039887789666127145
11	0
11	0.004655298721855985
11	0.004991380393508363
11	0.005542383640601631
11	0.00471926307090075
11	0.004384020564595408
11	0.004842507849043265
11	0.005659860876100743
11	0.005021047696253642
11	0.004635037655975546
11	0.005342797715013596
11	0.004794669030094004
11	0.004894820992766685
11	0.006083973426079742
11	0.004810023623157287
11	0.004275914697893358
11	0.004847730122188437
11	0.005112804436220078
11	0.004115457971482084
11	0.0056872957745115775
11	0.00492707219008263
11	0.004949298726105364
11	0
11	0.004860465008613071
11	0.005231040087092671
11	0.004472217418571404
11	0.004442072207795012
11	0.00474669150185906
11	0.005085655949878641
11	0.0048269964254713535
11	0.005128482089204188
11	0.0049184438736259595
11	0.004210656448908663
11	0.004953325987653096
11	0.004784912648479205
11	0.004259176892646598
11	0.005344053393815953
11	0.005475704339466034
11	0.004911776863833462
11	0.005114419757513735
11	0.005309677760363626
11	0.0054289447677610915
11	0.004443446735704729
11	0.005590351793652065
11	0.004565295211665929
11	0.004056647284205093
11	0.005297239454171824
11	0.0046053071599608175
11	0.005335189137543421
11	0.004756895718985168
11	0.004644840961687071
11	0.005782747300169767
11	0.005120840391006679
11	0.006114924415664923
11	0.005343572729877354
11	0.004641547416363614
11	0.006158095114451479
11	0.004599894924184971
11	0.00491332910589409
11	0.0037537567115177276
11	0.005232835811534064
11	0.004156522084239787
11	0.0037236887146212686
11	0.004020674331331674
11	0.006301034932225248
11	0.005392565079984953
11	0.004431169636740042
11	0.0040326974377346125
11	0.00409374185049474
11	0.004777407349937824
11	0.004083511509204425
11	0.004167247711339989
11	0.0050317199459150985
11	0.004115106640316368
11	0.0035604076514162072
11	0.004115174734805456
11	0.004927962400172374
11	0.004635680587563405
11	0.00635003799576615
11	0.0059971273989529094
11	0.004956564101656177
11	0.0048898585093973415
11	0.005334358124592464
11	0.004380025235635482
11	0.004345309051865263
11	0.005243599897744797
11	0.004144734952273006
11	0.0044533664359417205
11	0.005253359138604608
11	0.004582643094919492
11	0.004573644520228157
11	0.0042806734614195185
11	0.003583225338851933
11	0.005217810851229935
11	0.004211153978781932
11	0.004967305732868459
11	0.00534520728319254
11	0.005773152701621273
11	0.005692878732658651
11	0.005471001049060822
11	0.004053164951126202
11	0
11	0.004086516360598098
11	0.004921763171202155
11	0.0049049839270524625
11	0.005201714372392719
11	0.0052425717849863395
11	0
11	0.0037987043219098603
11	0
11	0.004991764455292473
11	0.004927322912826168
11	0.004554248903151822
11	0.00460998361364438
11	0.004259941674671518
11	0.0043264798958483775
11	0.0054154605304366785
11	0.005703532458184759
11	0.004573575373808409
11	0.0049166348004250245
11	0.005115728782445714
11	0.00621242975225424
11	0.004947839439776813
11	0.004607564678185199
11	0.0043317141034652515
11	0.004812333293603245
11	0.004712131396923677
11	0.0052858315136962274
11	0.004005858859492015
11	0.004409751896844004
11	0.00394900836404148
11	0.0045506365369355475
11	0.005003969789521196
11	0.005271305184337127
11	0.005222621001110962
11	0.004679358214309414
11	0.005437701630915145
11	0.0049300438789520165
11	0.005373331514143897
11	0.005509670476964903
11	0.005328138502532195
11	0.005763856097914748
11	0.00533855027973119
11	0.0046534167205100705
11	0.004456823976325605
11	0.00538356017862344
11	0.005409613488451638
11	0.004803987803265867
11	0.004820957968811874
11	0.005629188620582258
11	0.005166908371298391
11	0.0037610023032559475
11	0.004920889156785547
11	0.004659640404400765
11	0.005117219822539888
11	0.005998215330348736
11	0.004737258510931435
11	0.004917622950964297
11	0.005490195460383944
11	0.004879603629185955
11	0.005808985556838572
11	0.004332610482945897
11	0.003758947306100952
11	0
11	0.005454375422713512
11	0.0044595862885616405
11	0.00482187427035618
11	0.005479098195977811
11	0.005006671926206105
11	0.004186940200557596
11	0.0052884363194684
11	0.004523174043777372
11	0.005281684787111818
11	0.004387521950907813
11	0.005548357354074723
11	0.004061747451324175
11	0.0035076094392331087
11	0.0047232031900442326
11	0.0036862008189272872
11	0.004785180416009008
11	0.005878386011167867
11	0.006059639767911184
11	0.004565612085962449
11	0.0038459422453862952
11	0.005070426124294431
11	0.00501410546576377
11	0.005700321647418678
11	0.005552153603359875
11	0.004941964394275996
11	0.004189025383873524
11	0.005456327556782924
11	0.004138452412557102
11	0.005700191762295943
11	0.00538374552360807
11	0.0050472604251071106
11	0.005138034843599922
11	0.005405900467736534
11	0.00602639344156311
11	0.006479710106806134
11	0.0049385154581773625
11	0.004424647588521862
11	0.0043968164564593005
11	0.004841538866015902
11	0.00439645745001238
11	0.00431732011664336
11	0.004343593701210298
11	0.004052672584895419
11	0.00476504487364384
11	0.005684479102613601
11	0.004559218145834995
11	0.0058249119907816905
11	0.004893651481464338
11	0
11	0.0048913642676817045
11	0.006238935793246402
11	0.004565634435477215
11	0.006066994933462236
11	0.005592587225089893
11	0.00531025038885305
11	0.00535987354768484
11	0.0053827685192172955
11	0.00476543539514503
11	0.004319704444543242
11	0.004866473284749495
11	0.005483549336332544
11	0.005570787545425553
11	0.00511830286250765
11	0.004777684187357087
11	0.003322417619976117
11	0.004656215430175007
11	0.005131835249474502
11	0.005113720717732539
11	0.005439730229334307
11	0.004687908229945716
11	0.004637858254614656
11	0.005637725765957014
11	0.004713746050516717
11	0.004340962612347755
11	0.003902115182519
11	0.005164282167052778
11	0.00483357393469591
11	0.004344660238164191
11	0.0051787892687045695
11	0.004636811820818389
11	0.0045383865383686346
11	0.004969582503636074
11	0.006224475228228643
11	0.0045921975377179606
11	0.0055832942691991985
11	0.004114480402687199
11	0.004458147112774095
11	0.004778413584299956
11	0.005063406865928908
11	0.004455348125482713
11	0.003838809770298383
11	0.004366663296458639
11	0.004666179852351474
11	0.005145700420549303
11	0.005699745652561739
11	0.005257517667236626
11	0.004549260933707915
11	0.004318078942735449
11	0.004054562870901777
11	0.005188949988761018
11	0.0040639240960540085
11	0.006026975825441374
11	0.004997533350083839
11	0.0050356568077703475
11	0.004135083298228535
11	0.004283020453019167
11	0.004908837838562832
11	0.004635355141803846
11	0.003949185901643298
11	0.004980219499597504
11	0.004653406199102059
11	0.004538831448917404
11	0.005619218306635003
11	0.006270225698405436
11	0.004948119341858958
11	0.0035624952464638543
11	0.004922744251891859
11	0.00517699303783445
11	0.006175196331488308
11	0
11	0.005743703805517602
11	0.005315145858411625
11	0.004182661058720115
11	0.004418731979940616
11	0.004182400677362422
11	0.005361180046918123
11	0.004530527993510853
11	0.0041168763194800355
11	0.004271250709958353
11	0.00439075700601386
11	0.004600371646785527
11	0.0043327453651409685
11	0.005198893387688529
11	0.0054886445647565315
11	0.004753690339577846
11	0
11	0.004725235925749606
11	0.005196547009933964
11	0.004441896868554014
11	0.005002819346077563
11	0.0057245011809464305
11	0.0055443563769185305
11	0.00446063695059147
11	0.004345357719919811
11	0.0051353344230825534
11	0.005074331287675063
11	0.004984421837926294
11	0.003926360327249285
11	0.0057541166004755236
11	0.004997300091558628
11	0
11	0.004233431604444579
11	0.004370284326337525
11	0.00465822665018836
11	0.004874383496482367
11	0.004568237119096933
11	0.004998337450993393
11	0
11	0.004188652543875418
11	0.004385287458814748
11	0.0051974419213863185
11	0.0055499623790378405
11	0.004033943781826146
11	0.004685546242612986
11	0.004997010303021663
11	0.005161601915197208
11	0.005733400908607965
11	0.004499330583429745
11	0.004804534529161083
11	0.004768182306221805
11	0.004347652828467686
11	0.0048258729679394995
11	0.004321147515256443
11	0.004065047526347211
11	0.004306862461618151
11	0.003077622829800009
11	0.0058308814588871535
11	0.005444028758295208
11	0.004602931654672472
11	0.003895834949044451
11	0.004495419676703557
11	0.0053497022947289205
11	0.004534785764907255
11	0.005447577200444449
11	0.00362294945695076
11	0.004790368274718019
11	0.004737176664664251
11	0.005363529127283395
11	0.005215759275224696
11	0.0049090893677313325
11	0.003988911867708058
11	0.003831013612498785
11	0.0042364860646810065
11	0.0060520369488503995
11	0.005447611713303844
11	0.004611451849667731
11	0.006033231312459849
11	0.004189127579777589
11	0.00522913468045806
11	0.005296451463262994
11	0.004906602480634157
11	0.004384554812981461
11	0.00475242090725161
11	0.0048071230486093275
11	0.004927940541712056
11	0.005129020016014089
11	0.004301926427367981
11	0.005072710885590731
11	0.004448253541097191
11	0.005165203643926809
11	0.004230997418829872
11	0.004503258942595724
11	0.005168129011852229
11	0.005930838276778753
11	0.003976637504472554
11	0.004418952495877475
11	0.005467490169792543
11	0.005356753049173984
11	0.004608787385923045
11	0.004492150392513626
11	0.004825013009188001
11	0.0064929980961010115
11	0.005032371703741789
11	0.004306754562964032
11	0.0037054502611040094
11	0.005235464498094155
11	0.005532755211249222
11	0
11	0.0052538356396614515
11	0
11	0.004330877626297807
11	0.004667656933952129
11	0.005671768723458907
11	0.004945184295553443
11	0.005402839816891596
11	0.005137361397521006
11	0.004934467457919859
11	0.0033938371700063265
11	0.005284245421669872
11	0.005495454994185382
11	0.005577788640991733
11	0.0035818509716183276
11	0.004195137977795354
11	0.005155621400148438
11	0.004181361590574585
11	0.006008957284427524
11	0.0038890421034919326
11	0.004055480275948803
11	0.005025857285696301
11	0.005095571010823864
11	0
11	0.0048961791777971135
11	0.005473145071162083
11	0
11	0.0033783482371971744
11	0.005100956692429598
11	0.004731061630896886
11	0.0034393881354769958
11	0.004684135216589504
11	0.004343189322524868
11	0.004880894455937264
11	0.003811344099153965
11	0.003694177361731941
11	0.0051368302164364185
11	0.005103180447068728
11	0.006490643750291027
11	0.005140181591745237
11	0.005623281092595274
11	0.004037800830215203
11	0.004823210624447178
11	0.004121579761240653
11	0.003925637888755287
11	0.005282901631676219
11	0.006185592668717181
11	0.005216080591985359
11	0.005438700753151863
11	0.0044743393210486355
11	0.003826349808979131
11	0.004315005011691678
11	0.004440961463100188
11	0.006200300139147465
11	0.005431273418953817
11	0.005590037089251872
11	0.004790915521896926
11	0
11	0.004764040301452515
11	0.004868744713480431
11	0.005179190513663879
11	0.004179928667183252
11	0.0040549474182335855
11	0.004606924297043179
11	0
11	0.0042353662194061035
11	0.005102348017392187
11	0.0049906660609237595
11	0.00561520480713134
11	0.004784402680838106
11	0.004579178993931626
11	0.004167020589202191
11	0.0049806099574154685
11	0.00424122443873268
11	0.0044750447655718985
11	0.0043026407458834634
11	0.0063885679704011825
11	0.003446296592272172
11	0.00377955255849946
11	0.004754688330101173
11	0.004285984513723516
11	0.0054287769004991515
11	0.004072398240026173
11	0.004622089855077728
11	0.0044379959366527685
11	0.004227034072480201
11	0.005057393273410341
11	0.005796415428275382
11	0.004481197992967853
11	0.003960664381476989
11	0.0044702594075636416
11	0.004701337864350058
11	0.005095848480935464
11	0.0054377608284718925
11	0.0052633793862925365
11	0.0037111684705406637
11	0.004722360750645868
11	0.004680755449535263
11	0.004226751535243277
11	0.005617356753623539
11	0.00539934541414375
11	0.005433876190374822
11	0.0042788867257124545
11	0.004029464910421218
11	0.004208846473608034
11	0.004171938686799356
11	0.0052664707620845436
11	0.004820071152971625
11	0.003912753435198352
11	0.005327215179865756
11	0.005655151633512518
11	0.005300500048571989
11	0.004431146282503447
11	0.005421686952249954
11	0.004592813380840823
11	0.004729123013813117
11	0.00577558608764025
11	0.005682670001487715
11	0.005088656143880192
11	0.004307548379809217
11	0.004660948842049689
11	0.003936189165366303
11	0.005398799047403241
11	0.004011896008341535
11	0.005187355244908597
11	0.00561411590438007
11	0.00442235120704582
11	0.005526480233883238
11	0.006477237476311307
11	0.004841661384041549
11	0.005425204585426066
11	0.0055483332009339924
11	0.006317275310707295
11	0.005325130605547691
11	0.003955037178045353
11	0.005150244374609927
11	0.00511390587141028
11	0.004690402360775711
11	0.004627785103370949
11	0.005225337097267176
11	0.004994223905622085
11	0.00440723489861575
11	0.0055590476381527625
11	0.00581605702504999
11	0.0045763636201199285
11	0.004289243365970761
11	0.005936149091459691
11	0.004762249383913904
11	0.004546960933486876
11	0.004453219198620318
11	0.004636283861902999
11	0.00474170516648484
11	0.004786594754479264
11	0.004847148020517523
11	0.004871029710173838
11	0.004024583502905926
11	0.004988018186866507
11	0.004781922743132075
11	0.004846634977511585
11	0.004580764348003491
11	0.006466785552330289
11	0.004924251481503635
11	0.006033011747527163
11	0.004276348901568694
11	0.004294816282241471
11	0.004517770640096251
11	0.00518005556709213
11	0.005081797173463986
11	0.004554094507575762
11	0.003930970959193565
11	0.0046191059157714666
11	0.003931693021493593
11	0
11	0.004562148516437495
11	0.0046980646496547285
11	0.005679707664622508
11	0.004450708715349153
11	0.0047381674956319415
11	0.004226420812628462
11	0.0048002450285151
11	0.0057968364237560716
11	0.004195585872975787
11	0.005015044957242592
11	0.0044450210826044705
11	0
11	0.005249014091562342
11	0.005773682168855813
11	0.0048799422151509396
11	0.004537998954847708
11	0.005514828711002518
11	0.005156074085124819
11	0.006067782598642801
11	0.005071083330558617
11	0.0045580426568700445
11	0.0043887177381641725
11	0.003202218731861527
11	0.004326815392093492
11	0.0056518939848500096
11	0.005522456063218977
11	0.00519699009855007
11	0.0050208132784327186
11	0.004818638445552944
11	0.0035080821623738345
11	0.005430850466738324
11	0.00377965026244999
11	0.004207369378767449
11	0.005076164491124298
11	0.005356157979851704
11	0.004777908444296068
11	0.0033914352087778088
11	0.0060839619415455435
11	0.005373117610981138
11	0.004996611603971149
11	0.004505734088633484
11	0.0056357232891517065
11	0.003888461226622336
11	0.004639288124233757
11	0.004549380577361778
11	0.0041547414691381415
11	0.004582656349843267
11	0.004338734870447387
11	0.00535785404020453
11	0.004408057735052062
11	0.0048115139067765895
11	0.00484204589228667
11	0.004264254965116605
11	0.0044142664088338175
11	0.0034718441147269033
11	0.0045452757763447486
11	0.006158576747294921
11	0.004946742374881182
11	0
11	0.004757866069545229
11	0.004822352267356575
11	0.005420248957271057
11	0.005439093235327354
11	0.0044928021217138046
11	0.0041169735166204065
11	0.004932938899689423
11	0.004287618542783649
11	0.0038718690362447915
11	0.004868914202133463
11	0.004541829936465364
11	0.004292693787991303
11	0.0038479390147126537
11	0.003959218876984074
11	0.004419633364684881
11	0.005398970346933997
11	0.004962020731772651
11	0.006107012062093582
11	0
11	0.004271901311302571
11	0
11	0.005704776538669622
11	0.004773352120517965
11	0.00552491784812839
11	0.004876726558425533
11	0.006166688818896426
11	0.0056984251119999284
11	0.0043979384392034485
11	0.0051808280060240885
11	0.0042930413821686214
11	0.004589806439968337
11	0.004547327119145451
11	0
11	0.004518961970305383
11	0.005252110222182475
11	0.004197121405838815
11	0.006210246737537022
11	0.0037405866958318715
11	0.005739032040456575
11	0.003855966869239684
11	0.00486090573593891
11	0.0049682297831740545
11	0.004459324845959934
11	0.00432663843628992
11	0.0045166229851808445
11	0.005165418995975148
11	0.005061701296457832
11	0.004284313037629495
11	0.005350384157350796
11	0.003907213665138257
11	0.003841954393405106
11	0.006042978278418009
11	0.005440963112060031
11	0.00564653847907035
11	0.0045306524237140435
11	0.005515228288262778
11	0.004930032985983644
11	0
11	0.00455723172099265
11	0.005565269370892441
11	0.0048458321167501065
11	0.004544723046431079
11	0.005789891052948923
11	0.004490743967112508
11	0.004917757123522261
11	0.004776146629990712
11	0.005229791407684741
11	0.004846175955811994
11	0.004766970949782677
11	0.004305199871600638
11	0.005153113324584604
11	0.0060065930273258215
11	0.005072089172941475
11	0.00451492080500288
11	0.004546680525324553
11	0.005390651413556734
11	0.0049930355403527684
11	0.004273621005102253
11	0.004929525934277192
11	0.004321957821288889
11	0.004580835246121676
11	0.004727107081092527
11	0.004009910169459894
11	0.0048579548376592565
11	0.004176825621357205
11	0.005333054881733721
11	0.00573468405406812
11	0.004010550175334466
11	0.006500189276317015
11	0.004748803197823062
11	0.00423131569397853
11	0.00477810191213526
11	0.0043936109801995
11	0.0037447803255031106
11	0.005014107143609585
11	0.004514951839484033
11	0.004571804163086722
11	0.004040787471130355
11	0.004932118803854097
11	0.004998388274727791
11	0.0050555863476819275
11	0.004238685221903881
11	0
11	0.0041793043665028515
11	0.0053179927914018725
11	0
11	0.0051754088267192515
11	0.005370263917203521
11	0.004484289371882642
11	0.005664671722184241
11	0.0053056702658652866
11	0.0030880189630987
11	0.004070081050271191
11	0.004583301098664542
11	0.006138310516614019
11	0.004820971114406217
11	0.004666801721855333
11	0.0043082488901476056
11	0.004216048158122815
11	0.004254752825581661
11	0.004847791519347893
11	0.005284510663073561
11	0
11	0.005013532332110285
11	0.005225197609327039
11	0.004957540308370588
11	0.00420845869945205
11	0.005814734603593664
11	0.0042961507262973715
11	0.0050111857218333
11	0.0060697634918382955
11	0.00547828651622712
11	0.004085254745378029
11	0.005029886187216176
11	0.0047570362353166655
11	0.005460295906280419
11	0.005828713895277577
11	0.004996863885272603
11	0.004641594795975582
11	0.005430017176137611
11	0.004949473488818304
11	0.005288667921403891
11	0.005305328963807141
11	0.005120031244975107
11	0.005132692536268794
11	0.005335569976941877
11	0.00507291440737995
11	0.0038772573156678923
11	0.004242121431015161
11	0.005196971279099951
11	0.004669114489969946
11	0.004531826282898428
11	0.0042181436152042865
11	0.0043605199835672305
11	0.003701994411191549
11	0.005550169024286653
11	0.004877600831421063
11	0.005487423043989928
11	0.005066093470046768
11	0.004840998922393557
11	0.005106964298724463
11	0.005388954992378193
11	0.004259424252169226
11	0.004411407457708034
11	0.004505277133949837
11	0.00530842686724919
11	0.005703451390585419
11	0.004783892052994674
11	0.0030605769390189236
11	0.004333836466099228
11	0.005784787833963253
11	0.004880431302239576
11	0.0036329877999597402
11	0.004215538138406454
11	0.0053871236942683596
11	0.0057194336893142475
11	0
11	0.003631859898093794
11	0.004533090079244074
11	0.0043187867588452
11	0.004694416522755413
11	0.004386531267026451
11	0.005503181203911473
11	0.005152756857474296
11	0.0047850093611276085
11	0.0033359714587715772
11	0.004485913369942944
11	0
11	0.004802287395995744
11	0.005918651427901861
11	0.004844077541502782
11	0.004164387026277629
11	0.004782183563441537
11	0.005315241110923516
11	0.004577990536237415
11	0.005393835309400033
11	0.0050472530527704
11	0.0049650350256863745
11	0.005441984221659249
11	0.004406121582440269
11	0.005003942658786601
11	0.004627726710867759
11	0.004393552592163996
11	0.004635551422244406
11	0.004946151670220614
11	0.005061923908586044
11	0.004593615304072042
11	0.004476801976023675
11	0.005574493564593246
11	0.005023284109273145
11	0
11	0.006192138112324311
11	0.005259959677485789
11	0.005176223641486137
11	0.005149489128042567
11	0.0045073864190198435
11	0.004604641098890002
11	0.003997562346376413
11	0.004045874532272438
11	0.005009492949438487
11	0.005752989605217123
11	0.005280471830688622
11	0.004885734663853566
11	0.005483074433563777
11	0.004508740012671414
11	0.004440472880292658
11	0.004849333372801038
11	0.004444749090427737
11	0.005135326635129529
11	0.005116759541458613
11	0.004784177848562369
11	0.005504000786694008
11	0.0047069256274618705
11	0.006956105229518641
11	0.0052484651887797955
11	0.0047570464016487984
11	0.004990123945212092
11	0.005002231932530384
11	0.00433934821705314
11	0
11	0.004441650232728566
11	0.0046528485965075155
11	0.005562170024852367
11	0.004660974292844868
11	0.004277662560702819
11	0.005538019244529155
11	0.005233797820170676
11	0.0049652402902338535
11	0.005931347849416451
11	0.0038210542394799996
11	0.004866414646642384
11	0.004126644066236822
11	0.004294448929949786
11	0.0040618823423560725
11	0.004563790188604417
11	0.004922489590599631
11	0.004744574915304823
11	0.004560395410709714
11	0.0045874394194894775
11	0.005319652498611731
11	0.004431997044029425
11	0.004276238051426256
11	0.005308755329749627
11	0.004731233368541364
11	0.005242837116507271
11	0.004753190985592174
11	0.005187447905666946
11	0.005013946744285883
11	0.006513262132771731
11	0.0046641897386262045
11	0.006434629212734408
11	0.00477118159151436
11	0
11	0.0043773668395236855
11	0.005101471409620535
11	0.0040561341095043104
11	0.00397800179453595
11	0.003744870753741069
11	0.004980304228832955
11	0.005012392428720269
11	0.00465495090393222
11	0.0036877027189301153
11	0.004254261234729348
11	0.005007674438767684
11	0.004944243636756627
11	0
11	0.006312608375143346
11	0.005072859291861541
11	0.004706552575516382
11	0.004598248242390022
11	0.006028447902468656
11	0.0056704702950857435
11	0.005010395555904928
11	0.0037517268692848684
11	0.003753961915348127
11	0.004863357520158371
11	0.00442294203184075
11	0.005107427355816097
11	0
11	0.005826094927657754
11	0.004975023850563163
11	0.004331980668796595
11	0.004407913004958571
11	0.0041808492231946255
11	0.00570702170064604
11	0.005487962590195096
11	0.004611137683999874
11	0.004747350514550986
11	0.0047992361244026905
11	0.004615883625227197
11	0.005001404131467903
11	0.004715316546789321
11	0.005189242287119697
11	0.005492729280053923
11	0.005030241362479206
11	0.004653685383132331
11	0.004851687963835676
11	0.004597245466079182
11	0.0044944962717208764
11	0.005340727226842431
11	0.005514688060506516
11	0.005083473932867305
11	0.005816473778596578
11	0.005130757577720999
11	0.005419374956415386
11	0.0046658309701315395
11	0.004285554347596949
11	0.0059861967071851265
11	0.004961795132674669
11	0.004968910633192333
11	0.004925144953540416
11	0.004376686780785234
11	0
11	0.004323851229235856
11	0.003515939250469107
11	0.004758270993026266
11	0.005239971266946754
11	0.0037822679931393717
11	0.005337677517177079
11	0.004785697396137609
11	0.004607965488960199
11	0.005605779048961585
11	0.004852770082999309
11	0.004641830776738389
11	0.004123576289501263
11	0.0046875910883360065
11	0.0048837627875222625
11	0.004936262973729686
11	0.0044438599510472875
11	0.005585540948926124
11	0.004224136602706981
11	0
11	0.004204672475941285
11	0.004580417014652716
11	0.005375706799674585
11	0.005065485102291434
11	0.00530022688575293
11	0.004201203216222229
11	0.004640672245550006
11	0.004566967614889623
11	0.005086026135615615
11	0.004405439804248948
11	0.004107082241301365
11	0.004817616002733822
11	0.003994416280372407
11	0.005442477675626143
11	0.00499558370749195
11	0.0062410907378682105
11	0.004483760264998521
11	0.004728106932578879
11	0.004896777543752153
11	0.0046092365491648855
11	0.004643861669107793
11	0.004959067680955244
11	0.0047784123091099764
11	0.0061134859239961635
11	0.005217545823420091
11	0.004793997347283504
11	0.004078212381747257
11	0.005566372478435441
11	0.004624743597472353
11	0.005402933454011001
11	0.005175266174267157
11	0.005000857059743445
11	0.005562341897689507
11	0.003821512965376782
11	0.004425441351844543
11	0.004261644855154947
11	0.006049800045746854
11	0.0055952515688508135
11	0.00475981365327058
11	0.005133590231590978
11	0.005411961285439091
11	0.005462618832992172
11	0.005568224431165567
11	0.004682110415268408
11	0.004673487314388756
11	0
11	0.0051887607995472025
11	0.004541398320237053
11	0.0036470709390438952
11	0.005033051832703324
11	0.003944202163767823
11	0.004226236445537772
11	0
11	0.0049953787077320405
11	0.00475729888490953
11	0.00525005010844004
11	0.005856589810480599
11	0.005291424067488651
11	0.004429666052401742
11	0.0052004583245717165
11	0.005423816114966926
11	0.003803385714564631
11	0.005114145520680064
11	0.00507558704780081
11	0.005021832732711136
11	0.0036741894750706382
11	0
11	0.004489394069310533
11	0.005471790588700318
11	0.004824255758052098
11	0.004825074261012567
11	0.004766690576896755
11	0.004783247967446457
11	0.005836708521167528
11	0.004485609967424339
11	0.00458230194546727
11	0.0045770027337841065
11	0.004746819577718525
11	0.004518407390959183
11	0.004372182132560774
11	0.0054040781646247345
11	0.004267109098485205
11	0.004619549413933205
11	0.004349968584755979
11	0.004629375136158939
11	0.004805575208901892
11	0.004429737534268605
11	0.005138864275500407
11	0.004489749830512524
11	0.0051071201206643576
11	0
11	0.004899723943356001
11	0.004762216398362376
11	0.004564907357229588
11	0.005068983315149311
11	0
11	0.004095173107803261
11	0.006147908113843376
11	0
11	0.0047570429403272
11	0.0046015749309114545
11	0.005900578564446005
11	0.004916661980057805
11	0.00444077648998584
11	0.005842497440646281
11	0.004428105298922076
11	0.005326675888979562
11	0.004446675220639692
11	0.005565266806691003
11	0.005430525321942715
11	0
11	0.004207852543868103
11	0.0037511791537217483
11	0.004435625335767466
11	0.00461187559299521
11	0.0041952350617742605
11	0.004074743695590191
11	0.0047681820695243
11	0.005522396935676617
11	0.005513564991352014
11	0.004511361324039031
11	0.005698298350623512
11	0.005278250654836927
11	0.005013103470513762
11	0.004460927760172055
11	0.00499754267340049
11	0.004843347853110155
11	0.004619216276047103
11	0.0037375453914390167
11	0.004078372532677475
11	0.005247422885504086
11	0.004956062836866078
11	0.0054120835141106835
11	0.004717186082020862
11	0.0045571177065786865
11	0.004918267845877353
11	0.005058663543147984
11	0.0037097757936907965
11	0.005632924694789645
11	0.005554347593052011
11	0.005101915839269452
11	0.005691724783530756
11	0.005149010399289598
11	0.005502593198380117
11	0.004646445057968935
11	0.006160992393555685
11	0.00547288518337175
11	0
11	0.003532294742381292
11	0.00497108998005623
11	0.0046495420234733895
11	0
11	0.0035194546866911484
11	0.004240403005323341
11	0.00454325254810781
11	0.005249896781781497
11	0.004770026530727408
11	0.005134197515942457
11	0.004957880135908238
11	0.005717261180273288
11	0.006038771797044861
11	0.005394524510243976
11	0.004568122470138759
11	0.005634340712235609
11	0.005247746007070029
11	0.0054553870336651504
11	0.005443626994475801
11	0.0044856297756094565
11	0.004775916101505698
11	0.0037349601499981236
11	0.0061518225530150395
11	0.004108048462335282
11	0.004820687889376776
11	0.004468911973474002
11	0.004991754959654754
11	0.00614957903713695
11	0.004204572702716476
11	0.0049579167309809526
11	0.005178032741903162
11	0.005744913173916099
11	0.004324242458280532
11	0.005499632512400294
11	0.004192832739948308
11	0.005175168746956419
11	0.005398268131602893
11	0.004643715128033918
11	0.004736824406075075
11	0.0037790263716105826
11	0
11	0.003717172746190819
11	0.004854635518611696
11	0.005323611510748898
11	0.005006704374969332
11	0.0043489942102730534
11	0.006091257801472062
11	0.00434159056980356
11	0.0051848131465167145
11	0.00518895163566466
11	0.004600017971869132
11	0.004760399111591004
11	0.004642488497203271
11	0.0038242594618682585
11	0.004250420755902486
11	0.0051144461026055325
11	0.0047904523281977664
11	0.0054152567753921275
11	0.0052831007855013755
11	0.004056914028974092
11	0
11	0.005329702062203993
11	0.006122441709844704
11	0.005313848840398072
11	0.004999921614237596
11	0.004350540059080878
11	0.005607954350497225
11	0.004422596111864927
11	0.004897059540000203
11	0.003714817333834073
11	0.004248538199981335
11	0.005170252264514501
11	0.00378811908311519
11	0.005079063100572966
11	0.004501274366281172
11	0.005269085086170428
11	0.0048409296477257766
11	0.004118990074550537
11	0.0038768590660726732
11	0.004867220126113882
11	0.004942229881204772
11	0.005155953050204562
11	0.004684615348306067
11	0.004718165472589827
11	0.0037682366451446685
11	0.004300353420926734
11	0.0042579895879354185
11	0.005027264915803358
11	0.005933052516408377
11	0
11	0.0051727593082104145
11	0.005660659372822236
11	0.0034641335098588616
11	0.004668612086404289
11	0.004383709267905493
11	0.004332837799327425
11	0.003574537227412598
11	0.005528909419805792
11	0.004963938742634286
11	0.00432516160420097
11	0.005091678476109492
11	0
11	0.0040962655180973055
11	0.0035875842061549776
11	0.005530208934795704
11	0.005340642527226394
11	0.005362899397537388
11	0.004741620391478181
11	0.004471103627231216
11	0.004448633967758705
11	0.0058487616416884455
11	0.00493084270415974
11	0.004196196479592151
11	0.0059225767859930065
11	0.0038245801779055026
11	0.00468093144316789
11	0.006245791995899195
11	0.005248862228138488
11	0.003802704374840274
11	0.004655594409071701
11	0.0036962860373984754
11	0.0033993748461029335
11	0.004593907108816396
11	0.004889965392903598
11	0
11	0.005121660654919342
11	0.005259037490144372
11	0.004947468597256776
11	0.0041308005219370955
11	0.004425965569456763
11	0.0043224563919282534
11	0.0050040976969973365
11	0.004474826000526971
11	0.004604276706825967
11	0.003972096088529371
11	0.005383017318627748
11	0.004455471071180825
11	0.004286815906977183
11	0.00448490816642699
11	0.005728018287229276
11	0.004558260147395725
11	0.005057372350731938
11	0.004568830913009154
11	0.004934082389941124
11	0.004386117493075875
11	0.004803329252990045
11	0.004730458080906879
11	0.003331243316644808
11	0.004082159143410628
11	0.0045891403100552335
11	0.004368049938928538
11	0.0034500021435175305
11	0.0038538496870044753
11	0.004357153676648763
11	0.004275878422627738
11	0.0038411519675312137
11	0.004896646581326435
11	0.006035123692413454
11	0.005446348332177877
11	0.005808795100122002
11	0.00571562189465571
11	0.005040929148422981
11	0.004538523102374815
11	0.006411095167581275
11	0.004894887156106747
11	0.005148078799064118
11	0
11	0.004224425077473971
11	0.005560303343504073
11	0.0044988111993992524
11	0.004175236107547927
11	0.005010488543238756
11	0.004977337993587778
11	0.004647523888040217
11	0.004211522295651085
11	0.004344056947694946
11	0.0058788098478026515
11	0.004912220278883515
11	0.00434600780255857
11	0.004063508920705092
11	0.004484545438283469
11	0.005030048220861706
11	0.005627811883030597
11	0.0038887340954838466
11	0.005236436295454138
11	0.0037964936553723187
11	0.005164572954888255
11	0.0038262297634895147
11	0.004628666741468126
11	0.004416302997292646
11	0.00435045197185318
11	0.00403709422522526
11	0.005120058323113007
11	0.00576157475442841
11	0.0052788767910202546
11	0.005367360519342565
11	0.005174457300134188
11	0.00367717606931246
11	0.0045209587286104864
11	0.005372393965260585
11	0.006117995833297458
11	0.005346681163336007
11	0.004420577889077643
11	0.004295405813606693
11	0.004597499960689389
11	0.0033741318346283355
11	0.005665620006469155
11	0.003379214177060626
11	0.006114696674400692
11	0.005871226991908279
11	0.0045225602570249795
11	0.005534354321360409
11	0.005135691610344003
11	0.005959993675854218
11	0
11	0.004344845480034602
11	0.004508046911449636
11	0.004704517815004016
11	0.004217774105820989
11	0.0058408972087063
11	0.0044655192236087516
11	0.004915761422626804
11	0.0046735160315972
11	0.005139763127819539
11	0.00433795345082296
11	0.004276562653348278
11	0.004814450575807219
11	0.006203082364278789
11	0.004769319468399618
11	0.0047562690991349715
11	0.004142255360013432
11	0.003716701902091229
11	0.004310917431320527
11	0.00485477892031561
11	0.003968794122538911
11	0.005030000756006291
11	0.004483489682105921
11	0.005323607733173342
11	0.004251047357877786
11	0.004930442735654492
11	0.005224386563389263
11	0.005465696371059976
11	0.004122470398983739
11	0.005660718034943521
11	0.004592263713377715
11	0.005148483799144564
11	0.005298970144877743
11	0.004006015600022049
11	0.004952078425003139
11	0
11	0.005046107873689416
11	0.004780110231332745
11	0.004888872344931645
11	0.0046484049804106945
11	0.004955909528398521
11	0.0044298535753753265
11	0.005026072169408531
11	0.005900851761995551
11	0.004961082406029314
11	0.005529862205207728
11	0.004796242919859052
11	0.004280034263250846
11	0.004418704312951841
11	0.004264537344493733
11	0
11	0.004238866417847658
11	0.0041470381462525565
11	0.004960508410641693
11	0.005635905358199017
11	0.005170737479672707
11	0.004681749333660285
11	0.005391680010740356
11	0.005221191111665044
11	0.005802604621404851
11	0.004298765803473989
11	0.004736862670107253
11	0.0049612916349021565
11	0.005578110402235237
11	0.0046056789769347165
11	0.00421394787738098
11	0.00501720682139321
11	0.005682102558408137
11	0.004887350664049094
11	0.003940611268571476
11	0.004456806493746963
11	0.005336197220075578
11	0.004725914212409128
11	0.0042367742916204695
11	0.005253692070246918
11	0.0053772022963894965
11	0.005176688625698171
11	0.00494843043584693
11	0.004885743870348954
11	0.004380833757210967
11	0.004288889465770098
11	0.004720320619769143
11	0.0047871510393155845
11	0.003937485380330641
11	0.004612341670338543
11	0.005920137759828833
11	0.004242489938123488
11	0.005185025641171636
11	0.005649303067108095
11	0.004384937326532049
11	0.004960056657165948
11	0.004795983265986896
11	0.003853846314554257
11	0.005077919806636098
11	0.0052716836480531945
11	0.004753407167478087
11	0.004142930408846462
11	0.004098451261505909
11	0.004881437979238787
11	0.004674034066180874
11	0.00372623725663081
11	0.004615490865225978
11	0.004053513179552228
11	0.0050146465029035706
11	0.0036802218131307338
11	0.0038619957703173633
11	0.005668705933376002
11	0
11	0.003921743534249889
11	0.004838825530793359
11	0.004605685384168809
11	0.004707175730035323
11	0.004319991859812798
11	0.005047357804536506
11	0.005373337241734725
11	0.0036675386475487617
11	0.0044295510034574005
11	0.005217300587483567
11	0.004138457442685769
11	0.0061350250584599015
11	0.005355802849803668
11	0.0039054058737890084
11	0.003891015377731761
11	0.005408828640682578
11	0.00539703869315062
11	0.0048552704755138705
11	0.004769902083198473
11	0.006144482772621418
11	0.0044124628897677974
11	0.005046745133761326
11	0.004931609070408222
11	0.005273704807055579
11	0.005298014650994104
11	0.004263895390041422
11	0.004261958156006252
11	0.003990040003249278
11	0.0052312149462149906
11	0.00416458676815662
11	0.005365094063668648
11	0.005127737008097876
11	0.006101674236238153
11	0.005391169898338207
11	0.004478991030275358
11	0.004095533209447074
11	0.005530908176565392
11	0.005927431117364035
11	0.004798261746905154
11	0.0055351879256876875
11	0.005808261138845885
11	0.005201589660525033
11	0.0056928266771250095
11	0.0048102180386551735
11	0.004762447789898519
11	0.0043134648687820545
11	0.004854167267106856
11	0.004684856199690519
11	0.004004212294736809
11	0.004736318274605693
11	0.00399587641434527
11	0.0050927863709193805
11	0.004260566215428366
11	0.004463133720507147
11	0
11	0.0035946989593181804
11	0.0044751337359103804
11	0.004587453443784747
11	0.005254988215792928
11	0.004884011749077336
11	0.004887173287822348
11	0.0049626917370004416
11	0.004732096124803435
11	0.005872185255744995
11	0.004539711042688287
11	0.006078694071324656
11	0.00521613415194645
11	0.005457594925971253
11	0.004345817675420394
11	0.005584120684475034
11	0.004063051304780768
11	0.004347634317251344
11	0.004676487750592224
11	0
11	0.0058003484404772045
11	0.00408228612498922
11	0.00491947483921789
11	0.004709341235293445
11	0.004971963283487638
11	0.004806843511278816
11	0.0049230963436253565
11	0
11	0.0048653065226873975
11	0.003599034373651571
11	0.004382695529872169
11	0.004632925466525141
11	0.005421864245697255
11	0.0047798773334580685
11	0.0050840037330981205
11	0.005046214368932576
11	0.004104206359834543
11	0.0055944967775395215
11	0.004025924297655028
11	0.00553231362036572
11	0.0047034922156915385
11	0.004689218403525324
11	0.00632957922754938
11	0.003945673310107389
11	0.004726005804852326
11	0.004146869823124279
11	0.0029886835554457087
11	0.004525187707295919
11	0.0046909315520116636
11	0.005732207973812128
11	0.0048601641711174945
11	0.00518224016407602
11	0.004464917168530977
11	0.005598388236003767
11	0.005334992712712123
11	0.005845483613481419
11	0.005703321118189701
11	0.0052688737010329655
11	0.0050850782129419035
11	0.0044473674972882755
11	0.005033826504142842
11	0.004969724476343512
11	0.005966037900352779
11	0.004135830011625444
11	0.0055089380953198775
11	0.0048641820437797445
11	0.0047600526107864395
11	0.004705321741741004
11	0.0056872542753277164
11	0.004067438805619782
11	0.004679564355263902
11	0.004662946799239785
11	0.005499609934660693
11	0.005256413789474415
11	0.00443296566700236
11	0.005012162344528148
11	0
11	0.0070452504996225355
11	0.004488778089572718
11	0.005565857860096635
11	0.004252042844804218
11	0.004139428661213529
11	0.004230508596113041
11	0.004571502133523015
11	0.006386413512641483
11	0.00489823627854276
11	0.0045361155766130215
11	0.0052761782879140046
11	0.00523154477983837
11	0.0047710871185234725
11	0.005654406181521597
11	0.005248105597560308
11	0.004213238252763102
11	0.0059308921278086214
11	0.0042526294508801726
11	0.0039029169240765217
11	0.005174261930368911
11	0.004089552960595413
11	0.004996262693972918
11	0.003457515574152752
11	0.005539695190667469
11	0.004722104912962872
11	0.004214815381447589
11	0.004100139214563282
11	0.004683897645238594
11	0.004519118928335706
11	0.005190181479182618
11	0.0049437210505764205
11	0.005813683514621892
11	0.0038763591071225294
11	0.004621668333661657
11	0.004152034972026787
11	0.004582388831222171
11	0.005564201321156038
11	0
11	0.004806606915222901
11	0.0046085203296004325
11	0.0046517151556203324
11	0.005578965572558008
11	0.005203875177622063
11	0.004985351905967169
11	0.00499542183318906
11	0.005135010981016349
11	0.005041030743376637
11	0.004128766480060232
11	0.004948850149687878
11	0.004150678656626778
11	0.0048046612578496895
11	0.0033828926478407834
11	0.003742684045814411
11	0.004946897105519314
11	0.004465961410139271
11	0.0046119493964613565
11	0.006587294062773852
11	0.004826678597442394
11	0.00527843427809563
11	0.005187003712187266
11	0.006562573835296992
11	0.005452461070487809
11	0.005622407171443476
11	0.005126015752351072
11	0.004815443773372403
11	0.004592725063974184
11	0.00474490762510754
11	0
11	0.0037638012887785447
11	0.00433764419257233
11	0.005465038584425486
11	0.00432566313373282
11	0.005176614756541162
11	0.0060913913664719715
11	0.004503224617002392
11	0.003897184964042463
11	0.0059365356936111335
11	0.004669662475664931
11	0.005606329198948361
11	0.004373208673483109
11	0.005388635063066349
11	0
11	0.003524753949688038
11	0.003884660262236048
11	0.005387087546511769
11	0.00509193552657438
11	0.004592340388311652
11	0.0042429095573428026
11	0.005118305218531233
11	0.004485816263194606
11	0.006015004330602401
11	0.005045835191737214
11	0
11	0.004261660082559149
11	0.00472156453365616
11	0.004922399150943625
11	0.005048969686173785
11	0.00467597437325414
11	0.005198863366264694
11	0.004611605318825671
11	0.0036439795520693363
11	0.005026832982730629
11	0.00507655842715934
11	0.004199089269940923
11	0.005142104899902731
11	0.004250728728003109
11	0.003975528929602244
11	0.004970111800077723
11	0.005112876196471523
11	0.004373735110384979
11	0.004316501324758133
11	0.004618765628006968
11	0.00509757676821539
11	0.003691042826315077
11	0.004794875797130766
11	0.005119143400131965
11	0.00513564463686499
11	0.0040620369992661375
11	0.004315426775536076
11	0.003957379652271942
11	0.0043432095137725555
11	0.004306086310564746
11	0.004967422683818721
11	0.0048904136594388765
11	0
11	0.006200063179429287
11	0.004184866017598169
11	0.004270621345765289
11	0.004839264040093317
11	0.003799528136077144
11	0.004570607426444548
11	0.004195736571398356
11	0.003408695570440248
11	0.005361332782563829
11	0.004441303751696743
11	0.004553368968708783
11	0.0046091485060542215
11	0.004663173438977162
11	0.0044632588341739325
11	0.0051963559215554
11	0.004461877308736566
11	0.005062442873728182
11	0.005913960285580316
11	0.004404790475225718
11	0.004414925470575271
11	0.005850945554901103
11	0.0054116757295589535
11	0.004612008151766031
11	0.004561037307243279
11	0.005196438560105154
11	0.004594705533005768
11	0.004466842128875865
11	0.0040889823940761325
11	0
11	0.005808815759774335
11	0.004740974469579193
11	0.0049077127093656294
11	0.004871773595641684
11	0.004536546001770295
11	0.0055246551646483
11	0.005768179496162011
11	0.00362526709166927
11	0.004862806411278735
11	0.005465981493429377
11	0.004374442501964996
11	0.003818155329131808
11	0.003928409827496562
11	0.005228626860142542
11	0.0051322448021925106
11	0
11	0.005212112157150368
11	0.005005156852858716
11	0
11	0.0060989734629074855
11	0.004310315822729295
11	0.005149808061109441
11	0.004654773500900149
11	0.004962583132376657
11	0.004019399430202805
11	0.004781045672023511
11	0.004139901391456524
11	0.00412701751732322
11	0.004307355462524102
11	0.005471394523512235
11	0.006211493699934596
11	0.004286412883847337
11	0.004479661305918983
11	0.004967895774207155
11	0.00502524652586389
11	0.004470513334691264
11	0.004812782374879986
11	0.0040716375726692405
11	0.004100651760774289
11	0.0043172561765538004
11	0.005747351430999971
11	0.004263180608870534
11	0.004398525595780698
11	0.005879119329486608
11	0.005493560809014288
11	0.0045845796125649155
11	0.0040578547039753655
11	0.0055367932826845346
11	0.00477236780656068
11	0.004562497270499041
11	0.005177334532181896
11	0
11	0.004695910711390234
11	0.004049832311054561
11	0.005054040796269066
11	0.004075254720568689
11	0.005040925751573559
11	0.005118016854027865
11	0.0045253726770000955
11	0.005040874508584215
11	0.004417254953213583
11	0.003785898742440599
11	0
11	0.004870731553351483
11	0.004026919104257225
11	0.004348607325975125
11	0.004294552557124103
11	0.00459970644238294
11	0.005270545927585408
11	0
11	0.0056779331242804406
11	0.004815134018089314
11	0.004578758827090472
11	0.005300192719506728
11	0.005000063138838911
11	0.006350495739147539
11	0.005309462948263474
11	0.005296627784185871
11	0.005722481131445531
11	0.0043724070114915265
11	0
11	0.005440504186421665
11	0.0053949987510579535
11	0.00480424543230319
11	0.004667701585049824
11	0
11	0.005223881136480118
11	0.004778183952819487
11	0.0045094222161621445
11	0.004988786439533151
11	0.004957456272233255
11	0.004215989978631243
11	0.004859179773414437
11	0.0046968602034259755
11	0.005701533153640155
11	0.0050972961172585035
11	0.004988515963980315
11	0.0050276076576032365
11	0.005551009118908887
11	0.0050391601958319565
11	0.004289047306136933
11	0.004897297737418828
11	0.005506514127114575
11	0.005359478780389211
11	0.0040173745266657256
11	0.004285178623339979
11	0.0041847814831965195
11	0.004758405181712055
11	0.004395304585196812
11	0.005436986958425516
11	0
11	0.0043261040078143706
11	0.0045874898103056925
11	0.003986738751117976
11	0.003949376776130348
11	0.0037255351452025976
11	0.00481763161103271
11	0.004483868602110792
11	0.005293567149604502
11	0.0056974106087409986
11	0.005138606071698404
11	0.004735012730373392
11	0.0048108628460597205
11	0.005515746120291417
11	0.0053583297434868235
11	0.00423777164686466
11	0.004815698006614649
11	0.004952875788833714
11	0.00472534288086054
11	0.0056290906706988435
11	0.004554982991096757
11	0.004564034180357788
11	0.0034019685695183483
11	0.003911001570251172
11	0.004533920804412149
11	0.004543583654490632
11	0.004490227135240198
11	0.005888219102028026
11	0.00572237106354862
11	0.00497215705192092
11	0.004017190907950303
11	0.005154631608661771
11	0.005067892699605868
11	0.0042316907052436644
11	0.0054521199378841844
11	0
11	0.004551154554612909
11	0.004495909764348006
11	0.0046274807811964875
11	0.005249651937625474
11	0.004898676447984418
11	0.005046366561580761
11	0.005107505585608851
11	0.004294521539512194
11	0.004886903789993804
11	0.005173764891565349
11	0.005444491728282828
11	0.004065269184258274
11	0.003952422767378544
11	0.004265774405543893
11	0.004272073968568995
11	0.004942112366317894
11	0.0060406391450832
11	0
11	0.003521653392068573
11	0.004947536503971857
11	0.004219628029802264
11	0.004882593454460931
11	0.004794808481505734
11	0.005905901699877422
11	0.00467091808568043
11	0.00562569430844688
11	0.005710969184214964
11	0.004571777084634929
11	0.004910742496578024
11	0.005364485756074161
11	0.004954956424645359
11	0.005206808053403359
11	0.005011904592448879
11	0.005110001170494447
11	0.005059241582164682
11	0.006548617458007344
11	0.004117093700067764
11	0.006095212721533129
11	0.004137517383811782
11	0.004448062347641626
11	0.005088417480250899
11	0.0044988194283405265
11	0.005587025875641026
11	0.004477868218349036
11	0.004920525792730852
11	0.006050192144488482
11	0.00527282765278061
11	0.003962936575437696
11	0.005142684642291763
11	0.004411714718722074
11	0.0044610248874975425
11	0.004585867204977488
11	0.00404254017959497
11	0.004701542422000147
11	0.005005925174352602
11	0.0049252096862609
11	0.004020536668318867
11	0.003958219340865388
11	0.005035134314643432
11	0.004306830975446951
11	0.004155153778887576
11	0.005740862208318521
11	0.00585450456127716
11	0.0052726269060241904
11	0.005663437857730794
11	0.0034129196705683603
11	0.006462092293761919
11	0.003908366942705516
11	0.005637453322403636
11	0.003629044563335515
11	0.004137084720695883
11	0.00427957845654196
11	0.004265660325874435
11	0.005685690282754434
11	0.0046319768318244135
11	0.005558909048926317
11	0.004669240267864048
11	0.005044609369183245
11	0.005098458921068597
11	0.0038854320786624883
11	0.005625562175596714
11	0.0040398192427453196
11	0.00487618624974759
11	0.0048324716660310095
11	0.004443197514452309
11	0.0056507938829687375
11	0.0051537885307584574
11	0.004986675442232606
11	0.005811079228166233
11	0.004382327600077267
11	0.00464350578056478
11	0.003936810935055326
11	0.004143726695400838
11	0.004621761169432269
11	0.005021676366224233
11	0
11	0.00448564709303123
11	0.004974404751587728
11	0.005307355800124884
11	0.005606112172258838
11	0.005062762943240448
11	0.004663358471886802
11	0.005634060740558516
11	0.0043475561440123375
11	0.004065088958882495
11	0.0054453703022078696
11	0.00408890013789534
11	0.004735989707704802
11	0.005920488563337917
11	0.0056544937207253015
11	0
11	0.005054054638553382
11	0.005431347477515939
11	0.004369705478524609
11	0
11	0.004921121777433531
11	0.0044878696686020915
11	0.004808462036059375
11	0.00404040557574664
11	0
11	0.004429731800191198
11	0.005375237396060717
11	0.004226004214196491
11	0.005290643205796312
11	0.005121811382050974
11	0.004612228365958123
11	0.003797612173110481
11	0.005010841168345952
11	0.004742612592164152
11	0.005474705957125228
11	0
11	0.004244303186941421
11	0.004291553215531221
11	0.0037972988864889696
11	0.00526686631292361
11	0.004085878437503142
11	0.006038110449374977
11	0.0046407591983597864
11	0.0053570740169859975
11	0.004899566848379185
11	0.004013754167021503
11	0.00435938634123901
11	0.004951741184544991
11	0.0037921991791678073
11	0.0041547165057332965
11	0.005303309356851507
11	0.004200026514885237
11	0.005351308845272588
11	0.004594522776431926
11	0.004732365170232274
11	0.004732830008225817
11	0.004332512943426364
11	0.005266185697078938
11	0.005139981335475467
11	0.004913666956356128
11	0.00489898109953127
11	0.004120898023200309
11	0.003641697781605391
11	0.0048529736492332895
11	0.0039386293454631
11	0.0049658323729131
11	0.004683252209952508
11	0
11	0.005004012617778403
11	0.005902719963788624
11	0
11	0.005513052224708402
11	0.005002054314120119
11	0
11	0.004265691492655886
11	0.004464536083725364
11	0.005303535747675418
11	0.005723550502491818
11	0.004667533645488295
11	0.005793461562694091
11	0.005375148050675556
11	0.003841847756820453
11	0.004177315454123148
11	0.004517821306068562
11	0.005011293698971799
11	0.004881280402331066
11	0.004632329534232902
11	0.004286916331997743
11	0.003939439462307248
11	0.005118668913626742
11	0.0052747334587482
11	0.004906421929523825
11	0.005714123655948551
11	0.004205460765496338
11	0.005335322497071235
11	0.005394305103706835
11	0.0053225861219051976
11	0.004517749617689247
11	0.005148271075999701
11	0.003929254369741573
11	0.00450919290746186
11	0.004585624147779758
11	0.006032033810288696
11	0.005386694247014584
11	0.005404026464875871
11	0.004743966235600321
11	0.005003400602316747
11	0.004045370524994472
11	0.004657877097969222
11	0.005672401887829608
11	0.004555126062428093
11	0.004817667274659009
11	0.005770337661664943
11	0.004526567332295041
11	0.004387078347650346
11	0.004299367851332522
11	0.005255010177567145
11	0.005865609265065479
11	0.005125053310138295
11	0.006184620963935261
11	0.004622175362828752
11	0.0047452651463801175
11	0.004463056833063227
11	0.004595049656826216
11	0.004719618678027148
11	0.004709442352816992
11	0.005112248863293071
11	0.004617281619936234
11	0.0049002830866818345
11	0.0051273803655670835
11	0.005021209270657862
11	0.004011396451468943
11	0.0047388256656164356
11	0.006095446987878754
11	0.00514350719278132
11	0.005686756913842222
11	0.006063170040077399
11	0.005980775606485346
11	0.004810580254878656
11	0.004341931198215954
11	0.004919873989327578
11	0.0040200797908756785
11	0.004233401575996282
11	0.0036957721817801443
11	0.004441961109249607
11	0.005286303280462164
11	0.00469990440068904
11	0.004314121129626669
11	0.004780892842140373
11	0.00482392019740613
11	0.00516590000849223
11	0.00518395632641715
11	0.004457601791859811
11	0.004342753173296115
11	0.005342070693780697
11	0
11	0.0036480206069683355
11	0.004699631269470545
11	0.004033844894139985
11	0.004830943232740173
11	0.005086455668790077
11	0.004349050367354347
11	0.005016069249016128
11	0.004735252633215726
11	0.0042268342780760245
11	0.004630697231489059
11	0.004999735226144648
11	0.005568731024811471
11	0.004663023573336001
11	0.005547312472466225
11	0.005524297342668628
11	0.004477783677284637
11	0.004692090268923655
11	0.005302004494905863
11	0.0061613334358856416
11	0.0037825347381036665
11	0.005339970721089642
11	0.0046926052077352265
11	0.004678163486736355
11	0.004784342606086833
11	0.0041756447868823675
11	0.00459504827238554
11	0.004175201180333355
11	0.004737757371687656
11	0.004699049116082523
11	0.005294810034069778
11	0.005160278371851995
11	0.0051094901451099245
11	0.004223507547222037
11	0.0052994265626447575
11	0.004497908234174425
11	0.005288361772650811
11	0.0044845566246630875
11	0.00498961439140947
11	0.004594009320600341
11	0.005218846460494456
11	0.005155972742557641
11	0.00411523943414259
11	0.004053461650309656
11	0.004721961962376101
11	0.005177034398753213
11	0.004640899732587987
11	0.004171141430378427
11	0.004481036390787986
11	0.00563130242822753
11	0.0037757878673641897
11	0.004423224396937778
11	0.005285996632981525
11	0.004095328511379278
11	0.005011510150151386
11	0.004981064208546166
11	0.0046202491269730145
11	0.005063419599855122
11	0.0040231688890512395
11	0.004898216422169098
11	0.004504792807410702
11	0.004672484216373029
11	0.0048916421230781265
11	0.004425295364958816
11	0.0042221334850912505
11	0.004528647727321737
11	0.005758461652380394
11	0.005097994536768207
11	0.005348859503883039
11	0.005763118345682438
11	0.005417993077893449
11	0.004550713560395989
11	0.0056803141404442314
11	0.004598868808349564
11	0.0051660340821162685
11	0.0039527680650500155
11	0.005360987166730002
11	0.005041311862348809
11	0.005416696267957324
11	0.004014891933736231
11	0.005136045256403097
11	0.004257852230376192
11	0.004366761052485626
11	0.004057577763419835
11	0.004635271486437918
11	0.004094014761241551
11	0.005606634106815688
11	0.004438652537212058
11	0.0044050017112291055
11	0.004911680848866767
11	0.005294980109156402
11	0.004398824149844569
11	0.004310617020450754
11	0.0047625691652934225
11	0.004581958909143809
11	0
11	0.0035027730272389037
11	0.004240880508489693
11	0.004890351915485878
11	0.0050015057873220555
11	0.004414345180712409
11	0.004542808908084204
11	0.00728594211513936
11	0.0050289153564712806
11	0.005407013734787503
11	0.004482296315907062
11	0.006054506599369692
11	0.004252812736939436
11	0.0039794087503921575
11	0.0051519744595892435
11	0.005022935051920536
11	0.006002220365532693
11	0.005367742769036767
11	0.005166565243971702
11	0.006087904570878589
11	0.004872018302387399
11	0.005188555848575634
11	0.0056174692850831515
11	0.005817026645232392
11	0.004344652569300547
11	0.004993532589331839
11	0.004618247571038533
11	0.004743762857167403
11	0.005566763068461747
11	0.004264305740645775
11	0.0043182231040983276
11	0.006082755822000267
11	0.004530333884578563
11	0.004542212999549995
11	0.00419308282191986
11	0.004651162862038123
11	0.0048321777492920685
11	0.0033316479132775
11	0.0045985120148818275
11	0.004956178089031433
11	0.005266352320278536
11	0.005725739582922684
11	0.004416568489899379
11	0
11	0.004439838414926099
11	0.005742067059379526
11	0.0043066895384452
11	0.004932086587936269
11	0.004050027444580027
11	0.004376017398869332
11	0.005150918239118254
11	0.004160134552297864
11	0.004960402819262685
11	0.004601746673343756
11	0.004462096047845003
11	0.005498815950502567
11	0.00560445011039572
11	0.0051977001606172395
11	0.004187397384803386
11	0
11	0.004790419705289639
11	0.004607762212944877
11	0.0052988060122018685
11	0.004126126672477919
11	0.0058199121837846975
11	0.004651952166396719
11	0.00549303488777973
11	0.0036993928142653267
11	0.004578136098890514
11	0.0038695070337315465
11	0.004586799255318926
11	0.005188516150285267
11	0.004657523723281897
11	0.006002709305333543
11	0.0044129889734262715
11	0.00401743903864178
11	0.004713596705880415
11	0.0045291834851221595
11	0.004834902353792462
11	0.005206940058946897
11	0.003601737852308074
11	0.004994964112606637
11	0.0045101740912123324
11	0.00431668226328544
11	0.004848583387683109
11	0.005216186683915617
11	0.0051995955791209695
11	0.0041902974971790696
11	0.0053238201761470535
11	0
11	0.004508885175254404
11	0.005619572803898219
11	0.004198528531148851
11	0.004665771693383474
11	0.004951595955783612
11	0.00414146092844833
11	0.005377721858431784
11	0.005726403829306304
11	0.005078670035373516
11	0.005378238628287112
11	0.006242829937827887
11	0.004647459611494504
11	0.005556638800170763
11	0.0058752097835482265
11	0.004955482689810841
11	0.005261085573104434
11	0.0046570623384704765
11	0.004713882957921561
11	0.004138207407079594
11	0.004962765739271682
11	0.004018580450309374
11	0.0046264741960942695
11	0.005693060250875589
11	0.004696849634844305
11	0.006723037755608822
11	0.005806705009460942
11	0.005387510798517108
11	0.00479956332584314
11	0.004998485398428097
11	0.004824473456744718
11	0.005209123933794994
11	0.004477137862544886
11	0.0046898217007581185
11	0.005108370057755256
11	0.005610010517821718
11	0.004583637947124191
11	0.004455446104412512
11	0.0036208541745534886
11	0.004273638257966247
11	0.004971469958839023
11	0.004866711553996988
11	0.004972289982866704
11	0.004123800486198489
11	0.005016345380703407
11	0.005153890553232888
11	0.004960673857317179
11	0.005044844175483277
11	0.005253005975937136
11	0.004302198103418054
11	0.0046288645735994985
11	0.005441896258431373
11	0.004659082737466343
11	0.003734537728905112
11	0.004837759999423049
11	0.003986005647430831
11	0.004219636273288247
11	0.004843076744465491
11	0.00445884779614809
11	0.00445190830374947
11	0.005062685254968658
11	0.004773380918750512
11	0.004487750296703902
11	0.004924175753362001
11	0.004734453487920489
11	0.005546743554238919
11	0.004397303873777556
11	0.004830191023321012
11	0.006008589297851815
11	0.005796157986300008
11	0.004293689213021802
11	0.005930667596278278
11	0.005100643491261247
11	0.005278045484862924
11	0.0047784733018138926
11	0.004724973127020314
11	0.00582821684576818
11	0.0038618789498692948
11	0.005344196256641451
11	0.005296086814769685
11	0.005679461595074545
11	0.004968122022610752
11	0.0042581656692160085
11	0.004583457720382592
11	0.005849519130032943
11	0.005290037052589776
11	0.004297502256284857
11	0.005532145573794701
11	0.0042359486274776295
11	0.004203837876439924
11	0.004599120264947693
11	0.005106212633805869
11	0
11	0.003921603525216202
11	0.0056206328530999505
11	0.0052194624943943365
11	0.0049449072379269265
11	0.004956232687907304
11	0.004892302273659886
11	0.004989600616323659
11	0.005458329961889607
11	0.0048704986799517494
11	0.004623121739373802
11	0.0042905193088171025
11	0.004519476632608683
11	0.005919247491738346
11	0.004852608932329049
11	0.004789254566150454
11	0.004437012152877892
11	0.005448574178889172
11	0.004479038242560051
11	0.0038684337561970096
11	0
11	0.004796638524667726
11	0.004161341709456343
11	0.0045579053539791265
11	0.0035001957600144596
11	0.004708433544718146
11	0.004179923521836612
11	0.004944701159952168
11	0.005124945723413557
11	0.004184775823497759
11	0.0058492254785317945
11	0.004901680789869917
11	0.0035220877311265214
11	0.005523208165291436
11	0.004250998128373604
11	0.005663711567534318
11	0.004548766532871238
11	0.005676362830411112
11	0.005149778458036374
11	0.004605981686587477
11	0.0044810274195850736
11	0.0051178514474844615
11	0.00419115978979184
11	0.005344567149158396
11	0.004843745454820281
11	0.004896893927166986
11	0.004297424474234134
11	0.005205341853926204
11	0.0036273079419819965
11	0.005872968836466297
11	0.0049475648242371375
11	0.004392747191538751
11	0
11	0.005058345126684356
11	0.0058548075809992835
11	0.0052423847676855975
11	0.0066085060854309315
11	0.004055310188641258
11	0.005247652928125349
11	0.004302670465253579
11	0.005968279363761975
11	0.005722730424049899
11	0.005331234867600089
11	0.005637430301958438
11	0.0038105743780670626
11	0.005933093792529646
11	0.004856587295870202
11	0.0048103356632736806
11	0.005689640804223448
11	0.004351214615027287
11	0.0052710715509025835
11	0
11	0.004450914333051296
11	0.005097594053156654
11	0.00520380740310834
11	0.004774012877720603
11	0.0050302165090316845
11	0.004370230948319263
11	0.004249575511646375
11	0.004660103500574822
11	0.00538582188452985
11	0.004895147112882853
11	0.005325640591549562
11	0.004444586632721975
11	0.005785597173270345
11	0.004251953143527472
11	0.004687042863700741
11	0.0038187708750722013
11	0.004716840400289984
11	0.004509625206017806
11	0.004654104485717104
11	0.0044372436724512436
11	0.004338810676852692
11	0.0054517312539794915
11	0.004781348488217722
11	0.005505614682252143
11	0.004262521554589248
11	0.004797804194134004
11	0.004844352264154584
11	0.0056913327180142794
11	0.0042575074901133715
11	0.00516464664790675
11	0.005299352243605829
11	0.005202878155255281
11	0.004652393700172658
11	0.005985540271642228
11	0.0038710068736020234
11	0.00480607840282446
11	0.004304035462746651
11	0.005173043007891827
11	0.004239467729562346
11	0.004087894551304506
11	0.0043582139360767965
11	0.004240512835271208
11	0.00441235291949057
11	0.004270177246831982
11	0.004883684109131937
11	0.005798933552435941
11	0.005155783322154531
11	0.004753653604808242
11	0.00401875766063647
11	0.005035999353705898
11	0.004905950600123949
11	0.0040524786092538114
11	0.004533861353985105
11	0.0063120839389361125
11	0.004644229063182217
11	0.004495207621475379
11	0.006321087853515918
11	0.004658706837701422
11	0.004400352060501144
11	0.004999881557690399
11	0.004316878577841838
11	0.004208947937800096
11	0.004980304593593571
11	0.004521927021945909
11	0.004910178648929958
11	0.004743056523892737
11	0.004578598759216155
11	0.004518843345971805
11	0.0054369726002607595
11	0.0036002931830400103
11	0.004808350749720242
11	0.00451658379431725
11	0.004397963949365535
11	0.0038194842240804896
11	0.004241156416046917
11	0.005282572635411211
11	0.0054052228009777836
11	0.004536009426673474
11	0.004776343472444763
11	0.004232125790797557
11	0.004582545943549684
11	0.005266137654459927
11	0.004894556227054781
11	0.0034576506820033206
11	0.005080644520945877
11	0.005901449118957719
11	0.005985246983013661
11	0.004465953674376556
11	0.005217246079971018
11	0.0039915597598693545
11	0.004775931605255015
11	0.004047007753137417
11	0.005671370607747021
11	0.005083864107967914
11	0.00484532985184554
11	0.004328497061799927
11	0.004930635339381131
11	0.0054578152961564964
11	0.003935251538893291
11	0.003201854965708535
11	0.004733208861840576
11	0.004811774651420155
11	0.003143416073844231
11	0.004746858430185921
11	0.004882582670257412
11	0.0038055634836561512
11	0.005124915274794396
11	0.005152794313849192
11	0.0038800849702055884
11	0.004129101392026285
11	0.006437750321523708
11	0.004846656986582504
11	0.0051500694123092425
11	0.004245959704256181
11	0.0045062637642688886
11	0.004110235541630605
11	0.004622920660798891
11	0.005465631326312643
11	0.005080404356033741
11	0.004570416676903318
11	0.005910431409453736
11	0.004446235593799596
11	0.004837000819358733
11	0.005590606302545133
11	0.004562009449734981
11	0.004206857651440675
11	0.005542851129280227
11	0.006018068799875915
11	0.004354902822295853
11	0.00573470673681895
11	0.005487356310507036
11	0
11	0.003929576786879567
11	0.005638351257731139
11	0.005464655469409549
11	0.005805330228132143
11	0.005284084756399702
11	0.004930547028002834
11	0
11	0.005028910077500812
11	0.004523246224808929
11	0.00426453418048028
11	0.004218276791888286
11	0.0049343899343113765
11	0.005223959458200881
11	0.005051724654514444
11	0.005492018977261726
11	0.004088750694176914
11	0.004999413275350274
11	0.006384601011696144
11	0.004886258148821063
11	0.0057104202640652114
11	0.004370710169705577
11	0.0049749242790817615
11	0.005137060754083696
11	0.004337657149791419
11	0.004356627845895894
11	0.004192613160997887
11	0.0051207476456948085
11	0.00591462216700029
11	0.004177711462912154
11	0.004341125755812779
11	0.005228694002906018
11	0.0051604440424982325
11	0.0033895459331722477
11	0.004053873920949926
11	0.004119779585157516
11	0.005657328333993757
11	0.005280034333008614
11	0.004338910635324494
11	0.005005448907468657
11	0.007038805928807458
11	0.0044260902061007325
11	0.004930577116785737
11	0.004687336190346341
11	0.0045626488133337795
11	0.005034075242405667
11	0.004392603992403732
11	0.00523720269032986
11	0.005485470643202197
11	0.0045018116945599535
11	0.004476442177579622
11	0.0049584344379760776
11	0.005001126902707011
11	0.005906669618480441
11	0.003891246974098634
11	0.004732796424434249
11	0.004550813687525982
11	0.00545057990731672
11	0.0052531521739572025
11	0.0051549426013235596
11	0
11	0.005061176616981168
11	0
11	0.005775596770849887
11	0.004795851155831103
11	0.004739445212939855
11	0
11	0.004922938270029049
11	0.004982703043922137
11	0.004098349985613139
11	0.004192053172391899
11	0.005025403957884579
11	0.004207283354940863
11	0.00473219910098038
11	0.0045728248147327835
11	0.005335757475329257
11	0.004866598756489416
11	0.005045488666801163
11	0.004812036233449579
11	0.0051937210874209005
11	0.0052965471031126265
11	0.005130027167768088
11	0.004469012846906432
11	0.003940512482192736
11	0.005335970989907292
11	0.004529683843645006
11	0.005278295788421198
11	0
11	0.0039422802775380605
11	0.004861240828326991
11	0.004290146618501938
11	0.005103797559796704
11	0.0052634189963567
11	0.004125794280074465
11	0.0050893409461043575
11	0.005642623981768057
11	0.004994745369048686
11	0.0049534965642470214
11	0.005182585070156126
11	0.0040286804070400264
11	0.0037342682135571444
11	0.004579370077386139
11	0.003898363888017295
11	0.004307437574128715
11	0.0055816499713871705
11	0.005074176992129496
11	0.005268452312028177
11	0.004145752829590635
11	0.0037738073464557067
11	0.004716362982170118
11	0.003918618558065713
11	0.004241385261689889
11	0.004871735347645525
11	0.004769307764777422
11	0.005158515771556567
11	0.003799923376975354
11	0.0045412434793884885
11	0.005347496996536718
11	0
11	0.005108133962119384
11	0
11	0.004934108081995342
11	0.004793804579808909
11	0.004601400849296797
11	0.005573643930851442
11	0.004429413232600193
11	0.0060730150086035365
11	0.005354387873894922
11	0.00536162773035247
11	0.006249029881229893
11	0.004704757689037699
11	0.004939359360304918
11	0.0052995001880538194
11	0.004721887840838522
11	0.005545585961025091
11	0.004656818234661662
11	0.0051019762564780925
11	0.00478444482409984
11	0.004407908533372369
11	0.005607320913329866
11	0.0042010580350931295
11	0.004377786988588002
11	0.00547209524811142
11	0.004150051932387753
11	0.00545341987399912
11	0.00610427596851757
11	0.004486026423032493
11	0.004349852865198493
11	0.005870331276772256
11	0.004778938860170175
11	0.003906710843435998
11	0.004988748660473312
11	0.004022721053908518
11	0.005101756365666218
11	0.004689814224407253
11	0
11	0.005397414095507247
11	0.003740541676636655
11	0.005230459377442626
11	0.004990693823605203
11	0.005031527551252687
11	0.005239731664545339
11	0.004538008760697678
11	0.005193931561293982
11	0.005354816896949711
11	0.004912329417031359
11	0
11	0.004568743917525987
11	0.005724996344545302
11	0.005188635867198999
11	0
11	0.006428914107235397
11	0.004911845809395652
11	0.004843909798988212
11	0.005450193905525025
11	0.004636267088351148
11	0.0060083680318966945
11	0.005618951570375158
11	0.004355506628864636
11	0.004919243906869645
11	0.004035472840122304
11	0.003534038224964673
11	0.004506066137996725
11	0
11	0.0037841259883352155
11	0.004442372572202437
11	0.003447764319578456
11	0.005958114583579169
11	0.0056300632160246585
11	0.003647077281895347
11	0.003740002441894205
11	0.0056182915424835365
11	0.00456919769637507
11	0.004954268435116737
11	0.0053340242011638605
11	0.005399116042003018
11	0.0049928198453161685
11	0.006123676950316812
11	0.0040221485004361505
11	0.005397799794736525
11	0.004726421606411316
11	0.004735625304138827
11	0.004873204224910877
11	0.00477875321004759
11	0.004659243308744617
11	0.004217184144737136
11	0.004454815423719805
11	0.004791348000729833
11	0.004664218209196322
11	0.005465809091756553
11	0.00551451314196021
11	0.004442251155169301
11	0.004119383723130669
11	0.006499651199308989
11	0.006302610703391234
11	0.0046971988363947274
11	0.004322414494492716
11	0.0035305988838734525
11	0.004586212255527885
11	0.004784050184457324
11	0.0055262061080128145
11	0.004439096951562252
11	0.005919578577680138
11	0.004124873994672672
11	0
11	0
11	0.003900159082128718
11	0.004629528326574543
11	0.00565122303729361
11	0.005122269043185666
11	0.00468261709312667
11	0.004411756169995855
11	0.005982127433636672
11	0.00437128974131226
11	0.005023455988572969
11	0.005380458017256002
11	0.004380555008702846
11	0.004710201706415397
11	0.005127562131495155
11	0.005164064004363065
11	0.004984780996527807
11	0.004906188115269982
11	0.005233832763838307
11	0.003993329393695397
11	0.006100811383939989
11	0.005230602463401104
11	0.005039554791387851
11	0.003933094322270462
11	0.00425610702443166
11	0.004307248828659353
11	0.003996832931962343
11	0.004546618251550054
11	0.004096270995916359
11	0.0057274127566889314
11	0.004378524178989894
11	0.004487897382723894
11	0.005520649104442702
11	0.004933524877069482
11	0.004797518185875221
11	0.00547955521397567
11	0.004704957476786427
11	0.004584415621340048
11	0.00491239730428128
11	0.005950337928222109
11	0.004434454232507619
11	0.004250605152460003
11	0.004480696529880055
11	0.005946870273092212
11	0.004314037178452191
11	0.005268192662319672
11	0.00337960621853768
11	0.004427532425118759
11	0.004765140307268572
11	0.005260399192841997
11	0.004370876726052506
11	0.004522066558917892
11	0.004403926410421555
11	0.004588344348443007
11	0.004530287341921937
11	0.0046207765550704185
11	0.004254022866179122
11	0.004572880808232803
11	0.005694385378500542
11	0.0056699801390913285
11	0.005275319525083222
11	0.005502158866413009
11	0.004203142726163213
11	0.0045431034098088185
11	0.004887721570100341
11	0.0054717552278755605
11	0.005132681911028831
11	0.003535136507284976
11	0.005954084821477713
11	0.005107355053878523
11	0.00544472264012024
11	0.0047314849918915465
11	0.004028878435444257
11	0.00519229448064236
11	0.004337101980993771
11	0.0050839996022805
11	0.005067957452929265
11	0
11	0.004506229216594699
11	0.00505741400625147
11	0.004813061227608254
11	0.004221412381268194
11	0.0043351671027304015
11	0.003728198630282279
11	0.004236086234443396
11	0.004881526178483503
11	0.004824159364794323
11	0.0054505207496521905
11	0.00429626506622089
11	0.003651222485405156
11	0.0039178312583225804
11	0.005647938312014261
11	0.004155996426138729
11	0.00511192381459217
11	0.004774591710957071
11	0.005278971178924279
11	0.0047867243200583115
11	0.005108045694268609
11	0.004585203391923393
11	0.00409714444425048
11	0.004615818094504373
11	0.004941361238498446
11	0.005141884610341241
11	0.004127017311653607
11	0.003958434276892512
11	0.004494492902708
11	0.004653083766486004
11	0.005418642103432444
11	0.004821185943106718
11	0.004061098433268458
11	0.004589949262637744
11	0.005468090798576544
11	0.004732008886005276
11	0.004310575974549629
11	0.005287569977549656
11	0.004664377433088314
11	0.005641689761837909
11	0.0044751463096064864
11	0.005313934305174571
11	0.00489836712384578
11	0.005436184793401633
11	0.004679850882678862
11	0.004762782839570717
11	0.004422310411932949
11	0.004075382007788145
11	0.005496123251369418
11	0.0056012672979728045
11	0.0031269170137455363
11	0.005553617001650096
11	0.006112801706615861
11	0.005079308878493362
11	0.005385904770069939
11	0.003936294064523637
11	0.004127248391165868
11	0.0033187659367233894
11	0.0047033303429307675
11	0.005409904397326685
11	0.0037594237744387757
11	0.004278450831706848
11	0.005540724172557376
11	0.004660511196401659
11	0.005496581511884762
11	0.005220008233802401
11	0.005062447093167289
11	0.004951693420942201
11	0.005346192450767017
11	0.005161241293797383
11	0.005779075686597175
11	0.004944121986573475
11	0.005481286580296806
11	0.0034163896411628755
11	0.004865563486973098
11	0.004517491085855834
11	0
11	0.005003270970996494
11	0.004685423157124262
11	0.0046795999991140645
11	0.004565427092363556
11	0.0050054523597033935
11	0.004432815287345492
11	0.003985658837554098
11	0.0039339833483589895
11	0.004522931178774333
11	0.005352054442695778
11	0.004123204477477717
11	0.0046031223337205055
11	0.004219669428555505
11	0.004930617739735309
11	0.0045623678088869725
11	0.004648714851310098
11	0.004715978284292739
11	0.005355443491781003
11	0.005423120846257543
11	0.0041235862814454965
11	0.003909984005147837
11	0.0047464311133203025
11	0
11	0
11	0.0045296726391719265
11	0.004925504486359803
11	0.004694582469054457
11	0.003896112002824725
11	0.004869841976640058
11	0.00547599901675625
11	0.004993770172831394
11	0.0037088916887919174
11	0.0051568721038759025
11	0.005955790451374729
11	0.004014031884469684
11	0.004451213490734839
11	0.004853350991324957
11	0.005727741947680093
11	0.0052514031190481585
11	0.005650704645363238
11	0.005136987040462414
11	0.005158676038584389
11	0.00395114412261972
11	0.005619815333580994
11	0
11	0.003936672588466843
11	0.004994035306837835
11	0.005433833333059903
11	0.004417013640938874
11	0.004570609097148527
11	0.00558684605364962
11	0.006680023558469348
11	0.00465005083555311
11	0.0054320707703523355
11	0.003979638641795245
11	0.004316095870728703
11	0.005495698295028754
11	0.005608732504734215
11	0.004469884662471675
11	0.00529655917844294
11	0.004583687021289369
11	0.004621240655538419
11	0.004716645392285929
11	0.00596459520811686
11	0.004785612400107553
11	0.004228718508177038
11	0.0043802734893925764
11	0.005238334194638222
11	0.0045253160360552
11	0.004564702982128535
11	0.005607980035320216
11	0.004062712630585224
11	0.004201107365941174
11	0.0038677224612439264
11	0.004111663221454273
11	0.004111334304906123
11	0.00527482919316659
11	0.0057613648974002875
11	0.005149378520813474
11	0.004058861620911753
11	0.004955103472263628
11	0.003623189355016123
11	0.00455108065302412
11	0.0034809512557010553
11	0.004359051046189005
11	0.005101475880223117
11	0.0047634014599390075
11	0.004510343297581347
11	0.0053411714491440835
11	0.0053156034458877975
11	0.005537880432047408
11	0.004004992163989564
11	0.00541544436544651
11	0.003631774046975153
11	0.004872973156652637
11	0.004635110306078245
11	0.004503872244950658
11	0.003917823218982639
11	0.005091898508782306
11	0.00530894001305068
11	0.004746411141894017
11	0.004572727286716173
11	0.004118410386468908
11	0.006097740857593489
11	0.00497969244745033
11	0.0045456788966951765
11	0
11	0.004018757534940519
11	0.005227149197153547
11	0.004871191273068078
11	0.0050414674802980895
11	0
11	0.00519542895320953
11	0.004821814403682641
11	0.005124122401219612
11	0.005185015967524013
11	0.00452935023623084
11	0.005632160587841301
11	0.006727984446234361
11	0.003603946988472658
11	0.005477628597532137
11	0
11	0.004589592337008269
11	0.004756975500028483
11	0.0040236893048053975
11	0.004730206478083035
11	0.003869793022992865
11	0.004647537813154083
11	0.004215809649588731
11	0.003485992668904107
11	0.005865917587652493
11	0.0052635142626814724
11	0.004110535753770561
11	0.003844219212381231
11	0.004524672661729641
11	0.0052101144952833925
11	0.0045352990301334006
11	0.004883317231570606
11	0.004653774575240712
11	0.005134878101019077
11	0
11	0.005840375250879622
11	0.00563020564486319
11	0.005459994362232054
11	0.004244475045743609
11	0.004515732802991112
11	0.004644597072476588
11	0.005865366289381144
11	0.005181610849995048
11	0.004614078667833601
11	0.004742374886585614
11	0.004441116354620517
11	0.005567467972577443
11	0.004363325789834617
11	0.0037675587010930116
11	0.005666166086731308
11	0.003632440127863123
11	0.0037530170579801307
11	0.005249773320885211
11	0.005090905416311797
11	0.005613180186968034
11	0.005988325405523192
11	0.005068389492971861
11	0.0040228332087597395
11	0.005382770692287333
11	0.004403030570337088
11	0.005071183936000227
11	0.005492499742381224
11	0.005148161864449536
11	0.004212915427625156
11	0.004981589745701041
11	0.004638859824311968
11	0.0045209340518721185
11	0.00468833540939988
11	0.005002444373772397
11	0.0052889160403107255
11	0.004660064187287993
11	0.005932456297419589
11	0.004751621957484709
11	0.004580428680758708
11	0.0049509609457040185
11	0.004804036671519576
11	0.004861895047261767
11	0.004620346463063914
11	0.00451521974613142
11	0.005337417385140309
11	0
11	0.0036834280395050805
11	0.003731465950619495
11	0.003844076170008093
11	0.005502902958611976
11	0.004409115453277209
11	0.004160860163829897
11	0.005825788058409115
11	0.005260500907838305
11	0.006065458666063356
11	0.004399042650897582
11	0.004335718083620896
11	0.006518050168848003
11	0.005263465796949192
11	0.004162599386448096
11	0.004418918248973462
11	0.0042707303706869
11	0.004575234109270842
11	0.0033338910836528163
11	0.005430860581372857
11	0.004859409357961498
11	0
11	0.0037503038876813923
11	0.005154986365981873
11	0.004698376475009341
11	0.0050654040695813024
11	0.004594226811009924
11	0.004360116108144877
11	0.005358223952691229
11	0.005616257062158529
11	0.005343954259686482
11	0.005320314672532991
11	0.006060498027684988
11	0.0048222865007287044
11	0.0032098083930408782
11	0.005396960881239621
11	0.003915480643427509
11	0.005529229944592647
11	0.005601758750425721
11	0.0049039260606950465
11	0.006481903338924241
11	0.003783379802523608
11	0.00424248358727561
11	0.004670462548571472
11	0.004254889660141504
11	0.004403345075384115
11	0.003877726511754494
11	0
11	0.005530885485786959
11	0.00400628695668737
11	0.005160575543154002
11	0.006012062067561808
11	0.004706798034879042
11	0.005680104059774541
11	0.005782068664709376
11	0.0041205900460127625
11	0.005153321312027976
11	0.004642340041539041
11	0.0045764171437588826
11	0.004620019925116998
11	0.00554991341740094
11	0.004962127081283443
11	0.004889438348172973
11	0.004249423703911963
11	0.005815514252462102
11	0.004654619776965849
11	0.0038194339416143613
11	0.004274017263502128
11	0.0038483569546152487
11	0.003937945268785567
11	0.005099593482905934
11	0.0033286215838417787
11	0.0038451673686092126
11	0.004721039208080342
11	0.00397573371395291
11	0.005109695118717541
11	0.004586078244838772
11	0.006320009602644203
11	0.004955716365042715
11	0.004528480325099986
11	0.006309554230855937
11	0.0038391331271978787
11	0.004317867478342486
11	0.003621587658704736
11	0.005116950247292668
11	0.004772280764016276
11	0.004294508226786199
11	0.006135850477585108
11	0.00473230725721296
11	0.004807035202234698
11	0.0032462849653521336
11	0.005301348193415633
11	0.004826940946250459
11	0.005084913370900849
11	0.005167409146301142
11	0.004617695413933181
11	0.0055345894165215554
11	0.004961772476586203
11	0.004640354758818884
11	0.004768679831355031
11	0.003785841014267812
11	0.005615790491869146
11	0.003871721391433345
11	0.004829985525714357
11	0.004499100850892085
11	0.004008494216765633
11	0.005053526823108157
11	0.004283716671681663
11	0.004862503034684372
11	0.005098363849840504
11	0.004706575727840738
11	0.004054211915638209
11	0.004951869445886638
11	0.004951392568072754
11	0.004889133800383428
11	0.00508089390827916
11	0.0058606795254743695
11	0.004786398157903323
11	0.005196146991626911
11	0.005208102694772197
11	0.004633966425680917
11	0.0043127222282924324
11	0.004291757147757433
11	0.004426820010813794
11	0.004728494932139105
11	0.005673239883974625
11	0.004774963068351289
11	0.004582913731930094
11	0.003673561976077482
11	0.004330588600551004
11	0.0034473673438733493
11	0.005523469087897838
11	0.004785173446562156
11	0.005059493369717804
11	0.005296131961888133
11	0.004503800747493148
11	0.004450569706771149
11	0.004929168556097304
11	0.0046141096865929985
11	0.005508530092957334
11	0.004676599624949215
11	0.004138355757251194
11	0.005150388025324636
11	0.004237644593651072
11	0.004811523244160748
11	0.005011444448876213
11	0.005416379474489276
11	0.004511295431782288
11	0.005592529312857508
11	0.005476109149643028
11	0.004535728673055753
11	0.004519486081255167
11	0.0038510510209497357
11	0.004314783055218052
11	0.0050738670542973645
11	0.0041197188897226095
11	0.00486146076088827
11	0.004545093176784381
11	0.00423679866051184
11	0.005447061114570612
11	0
11	0.00509605575229638
11	0.0048373152231655754
11	0.004791672506761228
11	0.004462036077963393
11	0.005501900649372601
11	0.0029033664000409853
11	0.006022587351400359
11	0.00494050264161007
11	0.00457546695059677
11	0.005018663832875531
11	0.004630405998100461
11	0.0039206533186856105
11	0.004619643670578258
11	0.005037230778314959
11	0
11	0.004719712368334801
11	0.005013083939286483
11	0.005297125671000176
11	0.005422334620077489
11	0.004072294164943484
11	0.0044331967466874995
11	0.005215656565654985
11	0.0051100778585792435
11	0.004612074942361791
11	0.003668870781965014
11	0.0047316839061442954
11	0.005849054865882829
11	0.0045283328309906655
11	0.0059164249354908055
11	0.004324885257599874
11	0.0049512693752843855
11	0.00445832419598955
11	0.004006211025834702
11	0.005398368765607989
11	0.0038005669145614466
11	0.005305431725457645
11	0.004638325376436711
11	0.004856405534547636
11	0.004517000270990085
11	0.0046636224912827585
11	0.004775841306528167
11	0.005754892712231793
11	0.0052636984227917545
11	0.0036196716492565375
11	0.005496363320579375
11	0.005036898131586441
11	0.004771828447331024
11	0.004438438571001696
11	0.0045474261023058515
11	0.004302260368868233
11	0.004014056190034895
11	0.004848261817908824
11	0.004600127683777505
11	0
11	0.004910322285757049
11	0.004073664560299524
11	0
11	0.004157955521866193
11	0.004545312170537443
11	0
11	0.003597652621786696
11	0.0033449258596244718
11	0.0050721349030633115
11	0.005274856410809259
11	0.004565624437127891
11	0.004960978850816781
11	0.004570954057688222
11	0.0047847937119266165
11	0.0038491684741046263
11	0.005141292498275869
11	0.0052463612616324125
11	0.005368961261803481
11	0.0046569351319964754
11	0.004310068382050626
11	0.005341376582205227
11	0.005399456681097742
11	0.00471574910122622
11	0.00548617551847205
11	0.004712971169391766
11	0.005224442744895004
11	0.00482944816741659
11	0.005096942059352719
11	0.005362173886560153
11	0.004604173370394183
11	0.004013822797256906
11	0.0056629377266143284
11	0
11	0.004814452721615112
11	0.00504433872717147
11	0.004521517160270659
11	0.005497893169588057
11	0.004420540982021392
11	0.005937813935115407
11	0.005273916787537143
11	0.004197226900538631
11	0.004870180428866777
11	0
11	0.00503694722550674
11	0.004830704824634657
11	0.0067417154490412076
11	0.004600011506203189
11	0.004985800938197506
11	0.004627903544601537
11	0.0054913180728337506
11	0.005270775102553343
11	0.004119905806962866
11	0.0047373570732861196
11	0.004669660423986449
11	0.005673691953519532
11	0
11	0.0046637567656584444
11	0.004648021377603997
11	0.005627533320846753
11	0.0042338642855314235
11	0.004734414770230175
11	0.005173079621381454
11	0.004495049632051479
11	0.005893499928004662
11	0.004347497145394715
11	0.0043991676303813945
11	0.004958016141006264
11	0.0055887785395947655
11	0.005911422574643909
11	0.005131623101308725
11	0.005291858873282039
11	0.0046427947205860175
11	0.005280356053385455
11	0
11	0.005254349873214715
11	0.006010237215038678
11	0.004951836724698441
11	0.005129570987853684
11	0.005095227026625125
11	0.003956363333301012
11	0.00570156545492167
11	0
11	0.004096365433657663
11	0.004609164346583997
11	0
11	0.005281095822295218
11	0.004377903811122
11	0.005048090472409003
11	0.003398904053448131
11	0.004746604987136109
11	0.005029027040635092
11	0.004197933002176955
11	0.003860727109653713
11	0.005603453133072725
11	0.005331933345341259
11	0.004488186812456738
11	0.004550034589346594
11	0.004780931506493361
11	0.005881812968473601
11	0.004653585439316298
11	0.003970044222422606
11	0.004277426105417828
11	0.004890839236513406
11	0.006051015135907434
11	0
11	0.005084651692282038
11	0.004791245237341862
11	0.003751320936133538
11	0.004440858456101533
11	0.00476824368195389
11	0.004604232011570931
11	0.003965678207562156
11	0.004877499093104139
11	0.004130746433784891
11	0.005504872246128311
11	0.003502268231795847
11	0.005044752957368276
11	0.0040739875819127075
11	0.004048767552439558
11	0.005910514883250743
11	0
11	0.005776645060095991
11	0.004697857004268884
11	0.0055886244547694065
11	0.005035741935734378
11	0.004557484121013034
11	0.004274570584925065
11	0.0055549427281165195
11	0.0047493049144320615
11	0.004619880952152316
11	0.005363695415528801
11	0.005647810681661964
11	0.0052522772479782626
11	0.004086254887940022
11	0
11	0.00628128531809976
11	0.004418482886283367
11	0.00462669727699556
11	0.004594490582520721
11	0.0036142438501828348
11	0.005864779080369907
11	0.004680489734063734
11	0.004607391932754696
11	0.0053805082788135105
11	0.0045778238267212175
11	0.0044740364085162085
11	0.004750934273456918
11	0.0063069464297184925
11	0.005006388770450226
11	0.004150654871867627
11	0.004618585149703428
11	0
11	0.004117808500048158
11	0.00411860449080832
11	0.00439148994035952
11	0.005667095104044415
11	0.004702088704298503
11	0.005921188301242964
11	0.004949853063793262
11	0.005188661426391359
11	0.005149914975487009
11	0.003804395039380992
11	0.004947032602525105
11	0.005092050494263235
11	0.004438240767174071
11	0.0046847221564661435
11	0.0038959211186248154
11	0.00459190055908186
11	0.0038905634226951602
11	0.004707086475870783
11	0.004679146701567518
11	0.005761186067572106
11	0.004574326038343946
11	0.005349534509879525
11	0.004739743683099276
11	0.004594579444048026
11	0.005064596289813077
11	0.0056252221645769415
11	0.0040096935463263495
11	0.006129827201281557
11	0.004745052287469865
11	0.0045859763100642905
11	0.0050049775591483195
11	0.004804846028398749
11	0.004170788290675946
11	0.005079498770667524
11	0.005210655575418482
11	0.005022493083589898
11	0.004502693311524393
11	0.00548530153072518
11	0.004902483740591325
11	0.0045821504892910704
11	0.004808627964969453
11	0.005079265338037162
11	0.004263915012801819
11	0
11	0.0047795770340839
11	0.004921326440871773
11	0.0035174711691313768
11	0
11	0.0060723580313691156
11	0.005295816369752825
11	0.005003694030409577
11	0.005518118445628009
11	0.0052251262084073505
11	0.004426450683964311
11	0.005696017500039956
11	0.004902733512793602
11	0.004225178929231726
11	0
11	0.0050536008586023855
11	0.004862472096630376
11	0.004569427905783667
11	0.0065831392686263816
11	0.005621002076308242
11	0.004686735250539889
11	0.005131238094514544
11	0.004653572240434906
11	0.004275639168202501
11	0.0046116527215844284
11	0.004378321966537569
11	0.004573155424192207
11	0.004919119801932994
11	0.0052578723430262726
11	0.005265721229614167
11	0.004570211219552893
11	0
11	0.005165688857299931
11	0.0044926230618439035
11	0.005081985683405952
11	0.004916293956717075
11	0.0044165399347166285
11	0.004410520614337573
11	0.003927902149624814
11	0.003622119641157308
11	0
11	0.004979646476201142
11	0.005429965529674226
11	0.004928283268832116
11	0.004208402009780783
11	0.0052065918934674875
11	0.004736983848400869
11	0.003927032799232136
11	0.004678229393787656
11	0.00469868221752613
11	0.005276523003260913
11	0.005255927556959758
11	0.005526439638777164
11	0.00556009421556511
11	0.00430193118622226
11	0.004305170210051071
11	0.00575695319532276
11	0.005078408258229414
11	0.0053916981293371784
11	0.005326242882412025
11	0.004790374620956848
11	0.005413207268336576
11	0.004303828754789318
11	0.00537759785289992
11	0.0039792774034507865
11	0.003529424833848002
11	0.004992480056195347
11	0.005160585668478833
11	0.004927521167483748
11	0.0045009195509930254
11	0.0040304125244471686
11	0.004746825210189754
11	0.005364065507769346
11	0.004097626098999725
11	0.004670733663810777
11	0.004784407730392686
11	0.005959188931822643
11	0.004964273744585901
11	0.004230233195506362
11	0
11	0.005252610780391994
11	0.005540907420336872
11	0.004693299391471881
11	0.0055919551474497495
11	0.005358601829773384
11	0.0055136710987367405
11	0.006220755323773412
11	0.005082835014472172
11	0.004756018581387453
11	0.005563557347146027
11	0.006068715261319089
11	0.00443099457653215
11	0
11	0.00528308197813799
11	0.004438097566792289
11	0.0048189372167049965
11	0.005168648089549224
11	0.004789699944697898
11	0.0046258002471768565
11	0.004316859627438125
11	0.005022662930336132
11	0.006199477972661139
11	0.00512710139764431
11	0.003953160533717324
11	0.005539845469507339
11	0.00348512343772944
11	0.00512117817834318
11	0.003817390086405232
11	0.005115038342489567
11	0.004751263708076296
11	0.0056099825346533055
11	0.004606050438027367
11	0.005184635922878452
11	0.00511258533445683
11	0.005636948396224747
11	0.005147425871099209
11	0.005018262354604619
11	0.005367220938310049
11	0.004723360771267732
11	0.00448673087227184
11	0.004250169871629459
11	0
11	0.0048728015977164115
11	0.005033131701278421
11	0.004290159411346226
11	0.0034842219143420496
11	0.0053060027648008925
11	0.005322710087355749
11	0.0048684880024395865
11	0.004313930468653785
11	0.005418398500968982
11	0.004615449399867559
11	0.005011488578534905
11	0.004550287546242227
11	0.005657757881609227
11	0.00426600536709839
11	0.005000427104131177
11	0.004535654791046123
11	0.005513401893791308
11	0.003959197661039294
11	0.003958883246423113
11	0.005713463772194458
11	0.0049630319732087164
11	0.005163980989145769
11	0.0044725063068177025
11	0.0038692094652152498
11	0.003554043459880854
11	0.005074100425196387
11	0.004766153045522465
11	0.003741653132831275
11	0.00479301256616233
11	0.005516034292807572
11	0.005162459028238987
11	0.004991798243027452
11	0.005196659249538284
11	0.0047987194317463166
11	0.00549958030483792
11	0.0044950348503905715
11	0.005169012882167264
11	0.0043131323402462495
11	0.004345775657115621
11	0.004751671993893605
11	0.003453295673369656
11	0.004575325007995273
11	0.005804713193283812
11	0.004207402867435295
11	0.004395564037870542
11	0.00585033485709562
11	0.005016908129490578
11	0.004649617628113949
11	0
11	0.0040736277426854884
11	0.005009429412677972
11	0.005936064452109554
11	0.004757937410654067
11	0.006277827337468309
11	0
11	0.0041389068011637884
11	0.005614225629551106
11	0.005466256175815821
11	0.0052196290794842256
11	0.004394114084922169
11	0.006887146567655566
11	0.004143348785837861
11	0.005202194186051578
11	0.0055581102734842056
11	0.005054749418738766
11	0.004849509672320172
11	0.004298207706196861
11	0.0050369713351748596
11	0.005075274613237488
11	0.0045049450660881955
11	0.00542454362304959
11	0.004596853176028191
11	0.00447072677674331
11	0.00492308458026089
11	0.00547268283043434
11	0.0044845273198617155
11	0.005084367138489794
11	0.004564861644485361
11	0.005412547066098728
11	0.003786450120939423
11	0.004384170297889036
11	0.005134380143082164
11	0
11	0.0053983462114599945
11	0.005441114767254955
11	0.00480400192161528
11	0.0043958598177833656
11	0.004670740353016866
11	0.004657832802492712
11	0.004746395014091449
11	0.005193705073528198
11	0
11	0.0047111801014034956
11	0.0038852662377811507
11	0.0041630637337960194
11	0.004669708476069055
11	0.00469510162338401
11	0.005537398958809777
11	0.004778699308067106
11	0.0046120681765686915
11	0.005319573172371956
11	0.004371369990203958
11	0.0040700799551128064
11	0.004315388646728444
11	0.005387913541788003
11	0.004971188008723805
11	0.0050910320860664575
11	0.006627698783387768
11	0.005169387068290457
11	0.0059165294545700745
11	0.005407712642179523
11	0.004139687334387427
11	0.0054161010235363825
11	0.0054168308190506755
11	0.004977243632636498
11	0.004028969690645501
11	0.005211115399967995
11	0.004472965595181007
11	0.004158195887510926
11	0.005477407070524501
11	0.0052184534465068225
11	0
11	0
11	0.004511396476360687
11	0.004738150036581951
11	0.004927540594460127
11	0.003729570761185609
11	0.004528331038769349
11	0
11	0.00495070193838641
11	0.004279971432615793
11	0.004459118399765675
11	0.0045958266628700955
11	0.004799965507901705
11	0.004417550436890128
11	0.004210263466119726
11	0.0053469490792436925
11	0.004551295941205339
11	0.004841859496933234
11	0.00566880703107397
11	0.004637178532663741
11	0.004846017809622132
11	0.004899723279705965
11	0.004068608528439895
11	0.005476395735408966
11	0.004039475900387318
11	0.006251481683249274
11	0.0042615148412993775
11	0.004404351550851445
11	0.0046452701264870335
11	0.005363501410706078
11	0
11	0.004669042262108376
11	0.004974884847515476
11	0.005452447721051571
11	0.004522048606555244
11	0.004367687174827441
11	0.0048016287370145835
11	0.004140337963314214
11	0.004102694131629186
11	0.005500640448521111
11	0.004302573122642753
11	0.00506305878240341
11	0.004942673499492697
11	0.0056949842873813385
11	0.00754901003578099
11	0.004795992621992238
11	0.004393581505714689
11	0.005373455882788577
11	0.0032641714079642515
11	0.004566556584004355
11	0.005140554627304834
11	0
11	0.004225569108978026
11	0.0033176339064178817
11	0.004889404176032988
11	0.004138762432192223
11	0.004579934260562299
11	0.0046066493974840075
11	0.005607177514030755
11	0.004555160741381479
11	0.005654725224514823
11	0.00403043373406941
11	0.0033563294410988626
11	0.0033476119835306023
11	0.004417389650753771
11	0.0043952120596037455
11	0.0044501770972012996
11	0.004375645374633671
11	0.005818414682669538
11	0.004089387666083071
11	0.006007844010313194
11	0.004520420095242946
11	0.006431504266617146
11	0.004281640605850022
11	0.004590523312632006
11	0.0047584238144909976
11	0
11	0.004826939915188322
11	0.004979555810181307
11	0
11	0.004266218323017141
11	0.004917307386947802
11	0.004675878287231895
11	0.004561342445554999
11	0.00579967553728625
11	0.005308088687575607
11	0.005982686583500916
11	0.004319719017815746
11	0.003685502909686191
11	0.004000548226650691
11	0.004588309141989061
11	0.0055198226207758185
11	0.004968181935607961
11	0.004249191778210717
11	0.005517166878235718
11	0
11	0.004596899916923135
11	0.004319918055986594
11	0.004416214978708608
11	0.004503493620056871
11	0.004240317024479346
11	0
11	0.0046142773302873825
11	0.0035767680665253474
11	0.00346235224831235
11	0.0050249745784414325
11	0.0047702514247715926
11	0
11	0.0049212402245083844
11	0.004655973645536043
11	0.0050206121656367975
11	0
11	0.004457886934648093
11	0.0049329246878500686
11	0.0044500789302958825
11	0.005014534468830318
11	0.004918176848641018
11	0.005388874470822443
11	0.004573874658676762
11	0.004662596229009845
11	0.004089280098441788
11	0.004508330480150263
11	0.005697583846580598
11	0.004760623244794095
11	0.005435339355673186
11	0.0048394215319055
11	0.003919518452476953
11	0.004936159629625104
11	0.004829175058127173
11	0.00490017411819074
11	0.005783230359784074
11	0.004723985139771442
11	0.003891647414837946
11	0.004123203120562232
11	0.005358434168748624
11	0.0035252564079552365
11	0.004576310020319853
11	0.005595416177660332
11	0.005004747669566714
11	0.005129198526181008
11	0.0051628136075940415
11	0.004939525073291924
11	0.003970676339615335
11	0.00437501642665082
11	0
11	0.00434090949971018
11	0.0057748979560014145
11	0.0042909650029380915
11	0.004644785043941556
11	0.004924498862237198
11	0.00484437263166581
11	0.0057952067086174995
11	0.005104612192181535
11	0.004541080019022238
11	0.006076970621083264
11	0.004740177884901827
11	0.004745386659856905
11	0.0059085105967204765
11	0.004339944037146317
11	0.004111453049733862
11	0.005292724961870991
11	0.005314116210635034
11	0.0045756643802215315
11	0.005137044518185636
11	0.004664503106756245
11	0.004159788030676401
11	0.004443360231753803
11	0.005065892188863808
11	0.003756716550844562
11	0.004571668471506792
11	0.006068704703783097
11	0.004152487857429785
11	0.0039749154557308835
11	0.005351605966467257
11	0.0045994475569017795
11	0.0039542955624760345
11	0.0050752224852934034
11	0.0046232990744176335
11	0.003975614284305477
11	0.00483900453308424
11	0.004200979320952494
11	0.005166119549596965
11	0.004672108047496428
11	0.005290482987017121
11	0.00511040662238351
11	0.004997824164098351
11	0.0055574167475376055
11	0.005404935058986613
11	0.004529650259719074
11	0.004814960932884585
11	0.005642946672760975
11	0.0044927709627554475
11	0.004318421536498403
11	0.0043308141384540005
11	0.00526106487189916
11	0.0056456758578086646
11	0.004592079556346342
11	0
11	0.005132562001822389
11	0.0050242866588229565
11	0.004855922168602157
11	0.004045624689458489
11	0.004893194793378439
11	0.004165841356395814
11	0.003940932882101727
11	0.003744769142926185
11	0.0043220230982571
11	0.004960012525403243
11	0.004406009907261578
11	0.004277206287829996
11	0.0058728681784091085
11	0.005034739892752221
11	0.005816509404270325
11	0.005150636698846239
11	0
11	0.005026993806640129
11	0.004092600308832817
11	0
11	0.004245678228517512
11	0.004260153106711122
11	0.0037554585004513055
11	0.004391045675560773
11	0.004968019204388216
11	0.004554391008725929
11	0.0053611594770282085
11	0.005032309696430961
11	0.004776427617978247
11	0.0037139627515346374
11	0.005380709587659088
11	0.00455013681127898
11	0.005014819562651329
11	0.006529385498514945
11	0.004242403494938965
11	0.004544121576945282
11	0.004005312072445581
11	0.004468670812846793
11	0.00481294262370649
11	0.003704596874839454
11	0.005008321210940579
11	0.005050816873854516
11	0.005362293881249515
11	0.004854806420399004
11	0.004370062662100835
11	0.005032066695193295
11	0.005800983784765508
11	0.005284899713968183
11	0.004120099982683707
11	0.004393856105109468
11	0.004857721269657289
11	0.004602236778293914
11	0.005573899306941639
11	0.004437757065285372
11	0.004848644270777867
11	0.004947892943742557
11	0.004853470340111879
11	0.005848734360007433
11	0.004510774870935978
11	0.004825531878247596
11	0.0049313636374145355
11	0.005578280559586961
11	0.004594378621529828
11	0
11	0
11	0.004370704817723249
11	0.004172237888848266
11	0
11	0.004342990868436989
11	0.0037133497704916365
11	0.003977016592232155
11	0.00527758778673989
11	0.006013666475781033
11	0.005346057735434397
11	0.004713395364202667
11	0.0046263431096981575
11	0.004441228834748091
11	0.005751859842050837
11	0.004956470810099257
11	0.0059775561893282885
11	0.004154399934577815
11	0.004426958489404104
11	0.004687983051805184
11	0.004726366755807848
11	0.004259267804253843
11	0.0049261934205547765
11	0.004401951434665794
11	0.004270699866340428
11	0.005801659227408111
11	0.004467640701056218
11	0.004169213614228464
11	0.004817831535639616
11	0.0054046422895250865
11	0.004865220856893532
11	0.004845560576152163
11	0.005291464057388146
11	0.0042104843119538495
11	0.004880473171103259
11	0.004638869715725038
11	0.006295508411865463
11	0.004204867812939158
11	0.004136623920604712
11	0.005123090086975293
11	0.005468799999098775
11	0.005414662701918081
11	0.004452164953958087
11	0.005576742773346276
11	0.005920857439386301
11	0.006003940797776365
11	0.004826381067372534
11	0.003580320921132997
11	0.0037697769213903332
11	0.005119245824483065
11	0.005116399481680907
11	0.004595683439917821
11	0.004407128435045039
11	0.004862062826294682
11	0.00401081822804358
11	0.004130363797371022
11	0.00423470391067352
11	0.0035045155372757136
11	0.004503308305511497
11	0.004113684071424495
11	0.004336519622812265
11	0.0048015704454845935
11	0.005681004859212371
11	0.005089016442953193
11	0.004261920069082399
11	0.005177743657457423
11	0.00557350557654639
11	0.004828978570824203
11	0.004035550330547247
11	0.004831874864410619
11	0.004257428484672182
11	0.0057011983253563965
11	0.005349516103371199
11	0.0052829990450485795
11	0.005057400928650644
11	0
11	0.004883711776385154
11	0
11	0.004505460921043019
11	0.004649661208530589
11	0.005631783468045484
11	0.003729498369631115
11	0.005416925095480679
11	0.004387795692752439
11	0.0048478379231913955
11	0.0048020961499471585
11	0.005331395742395183
11	0.004433005495869203
11	0.004371715607577728
11	0
11	0.0038855998163496307
11	0.003874390043630026
11	0.003955483453145878
11	0.004251967142478132
11	0.0052693253361417915
11	0.005147137608869692
11	0.005295188306165031
11	0
11	0.004116134304162254
11	0.005445142358587296
11	0.004471789721351506
11	0.005513008822974362
11	0.00444845128466393
11	0.0043333479349455745
11	0.0045083219481858545
11	0.004768126069756712
11	0.0046924082794042865
11	0.004775579101421354
11	0.004788377452866444
11	0.005443598916830897
11	0.005055719098433723
11	0.004269759426560799
11	0.0039838584809614094
11	0.004495358619402546
11	0.00564300491176715
11	0.004587210929690691
11	0.004922762338957032
11	0.005208253062820034
11	0.004977652609879828
11	0
11	0.005194524906288932
11	0.0039641570773699215
11	0.0049977428894636515
11	0.004240568566367779
11	0.004937012748910052
11	0.004939063010885666
11	0.005033106841045366
11	0.006132083499790687
11	0.005164663725040402
11	0.004612437746613395
11	0.0052481539282382104
11	0.005267660836330401
11	0.005134300467812501
11	0.004385224591794791
11	0.004519436029041729
11	0.005865728415001721
11	0.00491791120833375
11	0.00540203816958956
11	0.004871545714982217
11	0.006740773788390281
11	0.005194331212407453
11	0.004489007610943148
11	0.0058122609975586005
11	0.004550075208928063
11	0.00505502559435973
11	0.004625335441174936
11	0.00421114457887633
11	0.005019499202319016
11	0.004426470947734972
11	0.005439301485784898
11	0.004654059563939263
11	0.003242841250326792
11	0.004897300355069882
11	0.004667501643179463
11	0.005663935066749599
11	0.004631442137694478
11	0.006221199731705934
11	0.004985009721681003
11	0.004706874773368328
11	0.003466526929596573
11	0.004349803677350426
11	0.004903543005169989
11	0.0043556544371750345
11	0.005234223953935488
11	0.004925761111638363
11	0.004268338977869229
11	0.0040823315862953576
11	0.005114828990131789
11	0.003715836016502189
11	0
11	0.004968464748221674
11	0.0049274877020966945
11	0.00498364200794333
11	0.0046832664361069155
11	0.0036853427207278835
11	0.005983163130364389
11	0.005029711093296792
11	0.004396004379466319
11	0.0039929626474164885
11	0.005032652757751832
11	0.005366330240475138
11	0.0048919054396190575
11	0.006492505625193503
11	0.004704993764343387
11	0.0035479406289556648
11	0.005023826973470411
11	0.006429761073700332
11	0.0037412645387477454
11	0.005103860165232563
11	0.004823696516655886
11	0.005392619825421656
11	0.004265813141323769
11	0.004861273334291323
11	0.005423476476377323
11	0.0048298420081313315
11	0
11	0.0030750861366550027
11	0.004881357343287258
11	0.003949530828792669
11	0.00522967461431772
11	0.005281871396954032
11	0.005362836712569625
11	0.00597018353098337
11	0.005412074533155301
11	0.004335631720505861
11	0.00533710906386894
11	0.0060870631163926344
11	0.004286589122911812
11	0.005200244492424844
11	0.005637810791823842
11	0.005676600403650627
11	0.005082243852830313
11	0.004410354319812765
11	0.0056771370341671635
11	0.004297851498007478
11	0.004211846982491826
11	0
11	0.0037390889734846
11	0.006727333860387297
11	0.004136485021443678
11	0.00445994822336331
11	0.004344214421873582
11	0.005238214836742074
11	0.00487767031317276
11	0.004488443069771543
11	0.0051192096079494594
11	0.004201219513448103
11	0.004755367710361772
11	0.005605993285943745
11	0.004882454888413349
11	0.006132014309835134
11	0.005116565900441124
11	0.0046609269719680045
11	0.004783169493200824
11	0.0059337721410181385
11	0.00531360030007344
11	0.004118430485773957
11	0.005780089364171891
11	0.004955841787244371
11	0.0049227027428036104
11	0.004781370363087691
11	0.004355849481108987
11	0.004927161046647585
11	0.005538148162366952
11	0.005357801586073558
11	0.004849650882536673
11	0
11	0.004342244455941953
11	0.004458384470382436
11	0.005281233130086491
11	0.003838816510396406
11	0.0048879787090648375
11	0.0046119346854894775
11	0.005773632977385984
11	0.005822748532622153
11	0.005235462282362563
11	0.004990732498803004
11	0
11	0.005092298492851584
11	0.005188321139557863
11	0.0047628928709646115
11	0.0043336991458726975
11	0.005922871132629556
11	0.0050201280427875335
11	0.005515787265246905
11	0.004001727577298105
11	0.004904060248241206
11	0.005168239044374926
11	0.004711900666216358
11	0.003655575078355534
11	0.005079214932289089
11	0.003896347544533357
11	0.004752285948152026
11	0.00558676628177429
11	0.005463879145751573
11	0.005246253223815049
11	0.005055583336115917
11	0.005250353842017691
11	0.004440560517584465
11	0.005001099389489609
11	0.004131857621090614
11	0.00441923780964663
11	0.004896673229386633
11	0.004687843294092939
11	0.004658175094343029
11	0.005152999381758212
11	0.004451039395794176
11	0.003915451240897269
11	0.005276147792450589
11	0.0033394311216001144
11	0.005084871419422726
11	0.005782350525648598
11	0.003995114104485678
11	0.004414734398563471
11	0.004596444284583969
11	0.0037974776420874137
11	0.004594456325704817
11	0.005197540574873254
11	0.0046187725620174605
11	0.004197075117364773
11	0.0036328570661424554
11	0.004349010655780593
11	0.004714101743956503
11	0.005076123428305162
11	0.004969901842091545
11	0.004641968446508879
11	0.004735256344665465
11	0.0055838881808976774
11	0.006177697342467153
11	0.004481424297902721
11	0.004994583823448818
11	0.005038489761070041
11	0.005166030221415016
11	0.004676164979847595
11	0.004906091077516389
11	0.004438255279458857
11	0.0042211354434277615
11	0.004379439258305862
11	0.005874566830407991
11	0
11	0.004865890591738802
11	0.0037649750963884496
11	0.004605257330745233
11	0.004629698975587139
11	0.004518586320468311
11	0.004639092850674768
11	0.003713150369064092
11	0.0049110898091794366
11	0.0033897908093025084
11	0.004703268568441373
11	0.005112739899190333
11	0.0059601305534766075
11	0.005342255500636393
11	0.004953608849175542
11	0.0042986863917636115
11	0.004383037783939301
11	0.004248508964531806
11	0.004664464340542121
11	0.004745978246076728
11	0.004514191663007038
11	0.005904875742504236
11	0.003631355840429387
11	0.0045290691829160505
11	0.004108363433008347
11	0.003795032074048822
11	0.004429554193767107
11	0.0053321377468342
11	0.005783288224971569
11	0.003772106782440026
11	0.0044683415202573925
11	0.004848085261897749
11	0.005408342670483795
11	0.0048725614838360095
11	0.004339803144394172
11	0.00591995983058294
11	0.0050124142312716075
11	0.0041841378439706894
11	0.00427310419584848
11	0.005374953851098996
11	0.004424302110084261
11	0.004166906880911253
11	0.004807652928069272
11	0
11	0.004869225330747684
11	0.004658625508773611
11	0.004712142644661366
11	0.004920296569276846
11	0.00390134345801923
11	0.0038178718701787
11	0.0049955600207045965
11	0.005280046803226534
11	0.005715640218428657
11	0.004121505948942244
11	0.0046712462895840455
11	0.005490798271807481
11	0.0053740748127564675
11	0.005616698901289085
11	0.004392064968694555
11	0.004411337996277037
11	0.0038786795295409756
11	0.006343309879112431
11	0.005299859094016249
11	0.005015050869549195
11	0.00519630838618202
11	0.004454397733438452
11	0.003169333873688813
11	0.005006855024704299
11	0.006247094892106211
11	0.004311447099881682
11	0.004340485902872032
11	0.0049591897173419264
11	0.005405808690503176
11	0.004617491732336883
11	0.005601007944359402
11	0.005019295999375749
11	0.004436363575272723
11	0.004626689223788974
11	0.004895826996008396
11	0.0047420147232182
11	0.004031500952930724
11	0.004331539450717775
11	0.004066851265586425
11	0.004123341691788582
11	0.004642172876457888
11	0.004735359120997116
11	0.00434777376584153
11	0.004145144165855669
11	0.004042592750255968
11	0.00485607812366547
11	0.004217801193882427
11	0.004093238808961754
11	0.004822548118374476
11	0
11	0.005257345640143595
11	0.0049347613900629335
11	0.005548536213497562
11	0.0054713232386663
11	0
11	0
11	0.003914103237889503
11	0.005469666749844118
11	0.004518502051691997
11	0.004191896124897545
11	0.005310818444930751
11	0
11	0.0045457959131488925
11	0.004496241614458804
11	0.0043860833492019875
11	0.004212271632815606
11	0.005492423386484041
11	0.004930861786194015
11	0.00421392506647404
11	0.0038556484228071046
11	0.0043992517905079844
11	0.00524401339895857
11	0.005929138455977088
11	0.004931060640899313
11	0.004951695712799741
11	0.004910950298652921
11	0.004908114824186916
11	0.004477461585564467
11	0.005200248132621492
11	0.005778202541899
11	0.004994271178552005
11	0.00571464214024898
11	0.005025746695774805
11	0.004639866713661756
11	0.004497379684086228
11	0.006047720546602796
11	0.005443693411985084
11	0.00461116134485431
11	0.004815732948269276
11	0.0037814160643362157
11	0.005708001258017061
11	0.004789461946766495
11	0.0057884185592687815
11	0.005190953183856703
11	0.005304585266582238
11	0.0034218644555050245
11	0.005027339102104018
11	0.004757313268402613
11	0.006204038131655446
11	0.004446801011056799
11	0.00580398880655752
11	0.005756187879623798
11	0.004747998186715974
11	0.005837086447756367
11	0.004054136108512403
11	0.005216410335625974
11	0.005311988413617454
11	0.004865681982688843
11	0.004753286153259088
11	0.003706559267344136
11	0.004652035584198132
11	0.004476305714886654
11	0.004168833396844726
11	0.0054348249227936345
11	0.00494003149701357
11	0
11	0.004749754505486277
11	0.004722580788648893
11	0.00511864891122698
11	0.004530413790950266
11	0.004229631308875165
11	0.004993434596193236
11	0.003486702123579891
11	0.004243208035873644
11	0.005051841697039597
11	0.005189061061263923
11	0.004971221499111234
11	0.005027875625573126
11	0.004293319969817935
11	0.005159222276248623
11	0.005366846377592504
11	0.005142471203009368
11	0.005582293810098928
11	0.00419354151656502
11	0.004713562690229886
11	0.00616473873524535
11	0.005455553932657768
11	0.005931715865935072
11	0.004730079712406046
11	0.004251673125987583
11	0.004942330848120794
11	0.0046425488661576315
11	0.0050017374175578945
11	0.004560088350495208
11	0.004675593862031781
11	0.004900217843679299
11	0.005012107633547702
11	0.0049800589180445
11	0.00436533102512797
11	0.005361609379148251
11	0.004016048269773212
11	0.003385258834143609
11	0.005571377061786416
11	0.004699318882153032
11	0.004241580635273877
11	0.004760456276842681
11	0.0041094391635385025
11	0.0049425642891104335
11	0.00543669876210166
11	0.004691907774235096
11	0.005084761185469202
11	0
11	0.004249822658632847
11	0.004318549354953678
11	0.005111296531942601
11	0.004959558868179177
11	0.004624254740681947
11	0.004908639222535418
11	0.0051316309197331
11	0.004297147185508358
11	0.005089405674285532
11	0.00542222821212934
11	0.005778897971940557
11	0.005631567884255757
11	0.005372034816264186
11	0.004422111605531213
11	0.004257393291076212
11	0.004275231622721161
11	0.0051273566429503575
11	0.0051195304638054695
11	0.004755064547482176
11	0.004328965895148867
11	0.004093825915639607
11	0.005153349323196421
11	0.00477318086695814
11	0.0036181839144473964
11	0.0044329163841855595
11	0.004497952048303434
11	0.003985388816194555
11	0.004988215839986365
11	0.004357490810147913
11	0.0046431441211846735
11	0.005130413934718207
11	0.005015613482333289
11	0.005103019206093376
11	0.004717248729216708
11	0.004339387043184182
11	0.005814830847731312
11	0.003840015352420665
11	0.004724404881611286
11	0.004772251968061959
11	0.004524867616881984
11	0.005185754362110498
11	0.004638369900058914
11	0.004412481950317958
11	0.006266132850002984
11	0.004622603115700941
11	0.004794763430443644
11	0.004029273854658976
11	0.0037883708053716015
11	0.0038550825908420377
11	0.0051500719582651755
11	0.005625700552702056
11	0.003865428461392549
11	0.004803299021579907
11	0.004455121980572289
11	0.0041759528744767915
11	0.005841053804249238
11	0.003612081770812358
11	0.005069407870233665
11	0.004211351161627541
11	0.005720290019135978
11	0.004592257952004077
11	0.0029786067764318385
11	0.005012588335602615
11	0.004282597435183034
11	0.005686566453509155
11	0.004321270080873296
11	0.004503799737799576
11	0.0059055225517297555
11	0
11	0.004725716333657388
11	0.004476879736194976
11	0.005006622280553505
11	0.0043455149132168745
11	0.0046288669061317796
11	0.004320975789898639
11	0.006111963201118644
11	0.005378403620230229
11	0.004352675170835938
11	0.004395573427622366
11	0.004348293440095244
11	0.004265986711310011
11	0.005124963447995339
11	0.004767293963633115
11	0.004758820430356981
11	0.004519669341533597
11	0.004726255203805352
11	0.004715723628453595
11	0.005111303925941285
11	0.006222710148186488
11	0
11	0.004944098038310885
11	0.004469850523239958
11	0.005702674371542114
11	0.0057831502837819015
11	0.004123043915702707
11	0.005323126386590241
11	0.003935668415251514
11	0.005514739914585829
11	0
11	0.004292484152945811
11	0.0047575528166153005
11	0.004949109953228653
11	0.003665660815800379
11	0.004334329911026738
11	0.0050363853372184745
11	0.004488054732414332
11	0.004755981633953653
11	0.004145623973254117
11	0.004667360332636661
11	0.004349232604772604
11	0.004391506278279047
11	0.005246881679117451
11	0.004214773357886426
11	0.0051635810277071825
11	0.0040251957316993995
11	0.004399430565735266
11	0.0048432798604391624
11	0.004246389223236907
11	0.0039854481743789695
11	0.004899077573928917
11	0.005545283494356064
11	0.006082188156789099
11	0.005457022444844771
11	0.004570260601682402
11	0.0045668309205754995
11	0.004741322967409998
11	0.004468202264398593
11	0.0038737876727310038
11	0.0052579764762094965
11	0.005508216425454557
11	0.006472861095893023
11	0.004552198933641435
11	0.004579270779447877
11	0.0058477355175604534
11	0.00539607532896318
11	0.0042936537600129976
11	0.004012611363571621
11	0.004575235003252422
11	0.004679088426418595
11	0.004243296168226601
11	0.005257488871480394
11	0.0044823404988812605
11	0.004233219638073828
11	0.006004633091393648
11	0.004253632766408644
11	0.005355926503980848
11	0.0033395039361342888
11	0.004150420072811241
11	0.006232706633732498
11	0.005341392544673666
11	0.004750672510878081
11	0.004916228331208372
11	0.0044525514755886985
11	0.004181480582646789
11	0.003861543929566536
11	0.006285441400362728
11	0.004480425576586425
11	0.003983792376502521
11	0.004370633773014069
11	0.0035799263742718117
11	0.005216872602268577
11	0.005559617289416787
11	0.0044360193236939495
11	0.005355587253981431
11	0.005651087549594976
11	0.004848999659056033
11	0.004384102240005635
11	0.005225390432346756
11	0.005273626969071011
11	0.005157325855072874
11	0.005545062356271839
11	0.004340242145187933
11	0.0050061187657432175
11	0.0046396746209613786
11	0.005337423297187874
11	0.005335984680189314
11	0.004281267797286702
11	0.004726107587484515
11	0.004548063501868251
11	0.004382757704943458
11	0.005230258758900985
11	0.0047320036176087075
11	0.0040375912821254455
11	0.0051988790546471835
11	0.004597093816979817
11	0.004791275276901635
11	0
11	0.0038846744552704995
11	0.004040473187132759
11	0.005075719074377479
11	0.0047954141232053734
11	0.00455604357753352
11	0.004856059284135854
11	0
11	0.0051545186338022375
11	0.003813155861802201
11	0.004064286448409829
11	0.003274969786799236
11	0.0041055890306959065
11	0.004869372046403875
11	0.006171922813733437
11	0.005458607700359008
11	0.004251862726990491
11	0.004673817179300522
11	0.004476811476661634
11	0.005452295295689124
11	0.004858812936643355
11	0.005002678717353087
11	0.004909730300101832
11	0.004578193506086649
11	0.005270184739957244
11	0.0047175851785830015
11	0.004517356622998897
11	0.004589925182935315
11	0.004485416978349751
11	0.004122628974552799
11	0.0050664391922554935
11	0
11	0.0047331267067635165
11	0.004344935130828779
11	0.004060597060355757
11	0.005858838640604626
11	0.0050852489791697484
11	0.004487861486098254
11	0.004112040563511206
11	0.00489723651160503
11	0.004683939387943638
11	0.005253742865580684
11	0.004273564957817409
11	0.00499154498947206
11	0.004138137626696821
11	0.004727010950077262
11	0.00463783289273059
11	0.0046607722562569944
11	0.00481509187148024
11	0.004604008007590347
11	0.004467632567730924
11	0.005393317424852834
11	0.004433358816331623
11	0.0046705547560498325
11	0.004243058217041103
11	0.0053102347576167355
11	0.003378398616340972
11	0.004166812775483532
11	0.005297663237267059
11	0.004230508654062385
11	0
11	0.004049138380913546
11	0.004121720944070422
11	0.004008778456211808
11	0.004716379161155786
11	0.005715385858945621
11	0.0041046642997396125
11	0.004340797224498859
11	0.0051063191603385625
11	0.0046620352867904015
11	0.0041856080894180575
11	0.00540444877115859
11	0.004229152094619424
11	0.006151628093987449
11	0.004190679149143934
11	0.004000129589138124
11	0.0049253903865297535
11	0.004148304912574422
11	0.004695769461190039
11	0.004272816887804334
11	0.005602072979736804
11	0.0041338833440928745
11	0.004024440657566337
11	0.004855702966134289
11	0.004489230707295171
11	0.004868078060559331
11	0.005041491705345848
11	0.005563071085719825
11	0.0057998371272809735
11	0.004162613624315419
11	0.004505819981858842
11	0.005183629141491607
11	0.004757799646536222
11	0.003992178888003824
11	0.005572056185715794
11	0.00522768375930717
11	0
11	0.004677962670742068
11	0.005229674514389536
11	0.004217384288259503
11	0.003983730712379987
11	0.005299216540959393
11	0.005164090618368125
11	0.004942352828524195
11	0.004681553531348081
11	0.005760523148264983
11	0.004820918038360035
11	0.003548847083074105
11	0.0052331716404784324
11	0.00524845841604517
11	0.004688118925496637
11	0.005789893101082048
11	0.005060033765299128
11	0.006531093529328661
11	0.004231928716580944
11	0.0051309177047910515
11	0.005243064441628777
11	0.004415278932703101
11	0.0050066383921326665
11	0.004419156965333504
11	0.005459574520990593
11	0.0033339146391975563
11	0.004349156063158925
11	0
11	0.0036643565370028997
11	0.0033614371404627062
11	0.005158160073214965
11	0
11	0.004683601885246004
11	0.004814446482179372
11	0.005010130007297068
11	0
11	0.005207970007951531
11	0.0052502058904253315
11	0.00478738781028665
11	0.0049908500939142555
11	0.005113819053820347
11	0.004428556087325395
11	0.004336351951731267
11	0.004002721270692378
11	0.004778901104159123
11	0.004405455166050906
11	0.00562438190076241
11	0.004436033631728862
11	0.005447933828715683
11	0.004698344190207096
11	0.004515454165904071
11	0.005079376844142866
11	0.005639359875234088
11	0
11	0.003629763433221042
11	0.005051978131215018
11	0.006834154362886756
11	0.004435372523119663
11	0.0055462611779229
11	0.00425007950722647
11	0.004168962542523224
11	0.004056811931439706
11	0.0038479424452849656
11	0.0054463559565479215
11	0.0038879299537628903
11	0.004897084900761395
11	0.004193273734107275
11	0.005766184354163859
11	0.005063251653866012
11	0.006377574281332935
11	0.005285207373234377
11	0.0047565987860505995
11	0.004490410446686742
11	0.005288235059693631
11	0.004478425083732825
11	0.004704706564304815
11	0.005798452795799368
11	0.003960487335847447
11	0.005914835834644282
11	0.005326346083274863
11	0.00524217682586512
11	0.004391733655939707
11	0.0043426384492397715
11	0.004404991588412628
11	0.004140352499821361
11	0.005470325550288319
11	0.0048735333666043296
11	0.004351803248405234
11	0.004525447539747477
11	0.0048958133667785595
11	0.005599575473270432
11	0.006019204450980523
11	0.0037278341563112376
11	0.005164620674583329
11	0.003906306092092634
11	0.00464705325892254
11	0.005058498621327682
11	0.004174616632797738
11	0.004381091205477867
11	0.005562701141278926
11	0.004329035847625909
11	0.004077849564281065
11	0.004316310472235147
11	0.005390846943946674
11	0.0051580792737394065
11	0.006854308382034133
11	0.004589074657690876
11	0.004489114856978009
11	0.005979058618381609
11	0.005563058065498572
11	0.005469011200893596
11	0.004921269229965073
11	0.005566261960813712
11	0.0036252870684115516
11	0.004959668871673729
11	0.004414592862221056
11	0.004445510252022066
11	0.004017583506283541
11	0.005447816253023325
11	0.004308278862661442
11	0.004249821904193154
11	0.004421497632350976
11	0.004694729787152393
11	0.005813791469496325
11	0.004403754314392464
11	0.00481490245692047
11	0.005040708973229704
11	0.0041867461941082805
11	0.005478378450827476
11	0.005734502612117682
11	0.004517135950616578
11	0.004739368427719796
11	0.004498402376015223
11	0.005088718949550867
11	0.006561642794926013
11	0.0043856573507559836
11	0.0052396965729275
11	0.005307658808004171
11	0.0037256612726608977
11	0.003917327711941321
11	0.00494385553931321
11	0.004180892035767885
11	0.004747374697234706
11	0.005299120929481831
11	0.003800188414712775
11	0.005160796737339943
11	0.004485876008352362
11	0.0031373649892476635
11	0.004744720641156066
11	0.0060266710428672895
11	0.004562646665109485
11	0.005004466722706185
11	0
11	0.004666856305636211
11	0.005404067164120998
11	0.006233100446308881
11	0.005249492215754172
11	0.004841244190689024
11	0.005144889668383367
11	0.0044607700091385165
11	0.004377078067728685
11	0.005358011362125021
11	0.005665033066452527
11	0.005366162506159885
11	0.004459954343204736
11	0.004736747883521308
11	0.004655701240227882
11	0.0059358075195607065
11	0.005405304425358533
11	0.004033200755336384
11	0.005496902490503091
11	0.006404723873557884
11	0.004629121668892826
11	0.005341083802419444
11	0.005370801595622417
11	0.0048279447275522405
11	0.004520656281034621
11	0
11	0
11	0.004965519680233525
11	0.004768481471409461
11	0.006192368153589938
11	0.004707173872910072
11	0.004368962887889625
11	0.004893338767152696
11	0.004934863978398446
11	0.004991746344544276
11	0
11	0.005164543634330533
11	0.003537864796096347
11	0.005096452060174673
11	0.005083081393537812
11	0.004083813299093357
11	0.003573118744336397
11	0.004836272163379957
11	0.005863309625267813
11	0.004365221740272289
11	0.004656615996029282
11	0.0038426399818158722
11	0.003627498204273072
11	0.0056309306854467455
11	0.004755559190920804
11	0.0036774831067008895
11	0.004549748061732331
11	0
11	0.004964231467335142
11	0.004884864345012897
11	0.005029088142998693
11	0.005541280899916425
11	0.0048891808609985475
11	0.004349581880604911
11	0.005198386908112703
11	0.0043024407185845645
11	0.004966107759885801
11	0.005067973738381153
11	0.0044573326327243526
11	0.003024464717576443
11	0.004568299449928059
11	0.005383477484377019
11	0.005033484889612226
11	0.00475732728426808
11	0.003951380926493928
11	0.004611775454844238
11	0.005002087413188562
11	0.005550420146810841
11	0.0032745264330288426
11	0.004542473398758052
11	0.005419794195393049
11	0.0051646608049846915
11	0.005087468070229744
11	0.00478932066158874
11	0.0054321500064535
11	0.005089579296745921
11	0.0047592105053207365
11	0.003862068131977626
11	0.004319181666308919
11	0.004775795970608583
11	0.004772473832064291
11	0.004625992856695691
11	0.004667566718226198
11	0.004563697753958842
11	0.0044254098920513876
11	0.005102074442236952
11	0.0037961034387318264
11	0.004562801640598493
11	0.0047018118426284455
11	0.005377046102806653
11	0.0038457046889006216
11	0.004086396412358129
11	0.004247750131140754
11	0.004822058016466822
11	0.004045627417561996
11	0.004935629241918498
11	0.003925842268618437
11	0.0058064474760937835
11	0.005904356511006937
11	0.004736469328366967
11	0.004474803126552211
11	0.005548053428913805
11	0
11	0.0049071778513562645
11	0.005181569038927797
11	0.003743427140982138
11	0.004299898735790855
11	0.003965905544137464
11	0.006530285654826633
11	0.00476086223957819
11	0.004759032227498746
11	0.005750017177011824
11	0.00563378230393843
11	0.005394679641261097
11	0.00485191723770335
11	0.003956296467301562
11	0.005747150314033236
11	0.00360077824345026
11	0.004534346207454764
11	0.005060899265848532
11	0.005230941996968238
11	0.004319449172515736
11	0.004469834796626786
11	0.004854390414435844
11	0.005370011949112321
11	0.004570346216224267
11	0.005033745448971069
11	0.005192755757942865
11	0.004713949821393329
11	0.0042472591630655886
11	0.004970942599382043
11	0.0045679113888034174
11	0.005075495129102307
11	0.0046546203113392364
11	0.004381601955473698
11	0.0053254650006810365
11	0.005002231287033472
11	0.005655238051250565
11	0.004319798327012787
11	0.0048363272876817695
11	0.0046479507780430975
11	0.003893824139849736
11	0.004609657564766454
11	0.005253495916139506
11	0.004999967753827219
11	0.005297178685317013
11	0.0052046140331356286
11	0.004940173208205488
11	0.004148175605349413
11	0
11	0.0051615981161410585
11	0.005311950946643509
11	0.0048743359867455
11	0.004928414175647391
11	0.005920761351103582
11	0.005317100437592202
11	0.004260335554381165
11	0.004165980770528926
11	0.004271951602521715
11	0.004988852259801008
11	0.00487239303500535
11	0.005118919150864879
11	0.004410477911954419
11	0.00461941085837634
11	0.004385255474248939
11	0.005869819046450733
11	0.005805098825479161
11	0.004138332736154736
11	0.0037074801498038212
11	0.004061951182803517
11	0.00428044165698538
11	0.005736933207299021
11	0.005511625934517073
11	0.004770167990881955
11	0.0052532548591995515
11	0.004823521565838514
11	0.0051524621162704325
11	0.003984392202217006
11	0.005522996259688177
11	0.0046347931898534
11	0.004717290764259055
11	0.005220683121980241
11	0.0043916003030734126
11	0.0046159668334046985
11	0.004320266937966432
11	0.00547878981743688
11	0.0037746659703603125
11	0.0039888933762007635
11	0.00512742176282761
11	0.004337542546913009
11	0.004275757079529782
11	0.004042753803324131
11	0.004686669704156557
11	0.004299458087900767
11	0.00573239023276283
11	0.0058743001777857495
11	0.004867626261440811
11	0.00489495111339215
11	0.0037544954274386314
11	0.004592297722459658
11	0.005199477256088241
11	0
11	0.005076921357024577
11	0.003917338868470724
11	0.0037345642187148562
11	0.0049476767830591815
11	0.005276121073589898
11	0.005155613912985854
11	0.004994086655346862
11	0.004287371868896771
11	0.003859325546739945
11	0.005092266221348446
11	0.004704922595863743
11	0.004647506492353303
11	0.00538402749227433
11	0.004642251798023884
11	0.004627416820676172
11	0.004499139957816388
11	0.00484987915548262
11	0.005182432337717524
11	0.005368899512285435
11	0.005281690585766982
11	0.004894373709587405
11	0.005365063180226931
11	0.004060036673214302
11	0.005495597055820159
11	0.00431859394281595
11	0.0042568854179655825
11	0.005002893515746756
11	0.00425667329958252
11	0.004587424764562408
11	0.004558947988587159
11	0.004202506146876599
11	0.0037713092205044108
11	0.00457664971799115
11	0.0048368958174888135
11	0.004724983592837677
11	0.00525303171218386
11	0.003208908698277397
11	0.004263705872566859
11	0.0035079012453787567
11	0.0045189041352476575
11	0.005446480108407832
11	0.005327446405849001
11	0.004944849375825282
11	0.0041623937465470225
11	0.004542057850845241
11	0.0041761417052674525
11	0.0041858008691731145
11	0.003938833624820788
11	0.004093662838496095
11	0.005422853248343674
11	0.004718783375009034
11	0.005947706741721346
11	0.004536783897802795
11	0.004221127841897569
11	0.004987035076149428
11	0.0048625035954372444
11	0.005506415031363413
11	0.00479644758891153
11	0.006262677275130492
11	0.004936360061416532
11	0.0038482499656709085
11	0.004925942500191545
11	0.004771731268359395
11	0.005942103434479999
11	0.005092252221681266
11	0.003325347384696811
11	0.004986256007629864
11	0.005962347961699505
11	0.004964112742167181
11	0.004685527503969581
11	0.0037948645122840917
11	0.0042127539220467684
11	0.0064410853945021844
11	0.004654141012225868
11	0.004485090778390354
11	0.0058088045902249695
11	0.005308084430348715
11	0.00555559910139558
11	0.0038074331374005135
11	0.004624321457659918
11	0.004687703860448586
11	0.005790837617435539
11	0.005021625539252107
11	0.0047348627282209265
11	0.005087459276373685
11	0.004368642519301115
11	0.005434608272010382
11	0.004262776346253596
11	0.005081793688178649
11	0.004392569417814979
11	0
11	0.0062343073534644015
11	0.005012003951156897
11	0.0059220807545129085
11	0
11	0.004478124885170765
11	0
11	0.003360247031968866
11	0.003909515968104183
11	0.004541038870532171
11	0.004705192104362117
11	0.0035860920881490817
11	0.005604483534336229
11	0.005020246793093728
11	0.00478129908056678
11	0.0045766987841913765
11	0.005795179691155894
11	0.0055262153593681135
11	0.0035367756765325867
11	0.004387429762374282
11	0.005459543631771665
11	0.005189304571059979
11	0.004353493790716114
11	0.005591608647896303
11	0.004931609472707106
11	0.005467127665072238
11	0.005104229594630668
11	0.004270079395908776
11	0.00586355528135458
11	0.005311125117317214
11	0.004537725496150152
11	0.004768657602790862
11	0.004909902766862688
11	0.005279530542654273
11	0.004411132699034776
11	0.004209496817341001
11	0.003659971581324108
11	0.0048558892602187315
11	0.005202611045829752
11	0.0052217385867773395
11	0.0035082762129949466
11	0.004313172763445327
11	0.004848229991767907
11	0.0036560591018185056
11	0.004550527734808195
11	0.004914516552804273
11	0.004231286768839088
11	0.005226753465763519
11	0.004369133783329025
11	0.005171910465579654
11	0.004546355897135829
11	0.003848888043255622
11	0.005763391287772319
11	0
11	0.0046236279098483
11	0.005717987535932209
11	0.00509314052107775
11	0.004107807256709204
11	0.004243247719194016
11	0.0036253404210315142
11	0.004301100591622903
11	0.0048498098428207325
11	0.0053643916231842625
11	0.004495261663935268
11	0.003758634283500653
11	0.004577558717286199
11	0.004208452253890826
11	0.006085061411541866
11	0.004420234989835622
11	0.004415589936265208
11	0.004517536695586593
11	0.004267700972099324
11	0.004826136018111979
11	0.004689084123899464
11	0.004679497418667357
11	0.004630922058876846
11	0.0044407628812979634
11	0.004454345178766109
11	0.004453574136195084
11	0.004553076246677693
11	0.005041318020455044
11	0.0036644874815419926
11	0.003920996976910219
11	0.004183141374556607
11	0.006026302255920181
11	0.0045640288259559
11	0.005334560845096498
11	0.004050779645960441
11	0.0047872032784734425
11	0.004758458053957999
11	0.0042511093560931
11	0.005556960160023568
11	0.005140512316475345
11	0.004835456397797911
11	0.004099129125781006
11	0.004806080311205974
11	0.004237038659681327
11	0.004615038220890052
11	0.004798007031903504
11	0.004652202247102876
11	0.005021480873343957
11	0.004358169407357491
11	0.005225893601979632
11	0.00497703912406527
11	0.00586202869673265
11	0.005829628226152938
11	0.004456891848696155
11	0.003881331938478721
11	0.0043156189876934975
11	0.004461074554923283
11	0.004803099608903825
11	0.004532655194462348
11	0.004716892699965191
11	0.004691151291940085
11	0.004771375893150593
11	0.00586733438990003
11	0.004572328551896991
11	0.004627344672128249
11	0.00465289184295005
11	0.004628436278607291
11	0.00516196497146496
11	0.005194533788365291
11	0.004797377802715211
11	0.0050623663341690115
11	0.004629793388937548
11	0.00489414141290978
11	0.004010308996217496
11	0.005357734577846755
11	0.005304795116625903
11	0.004153741449450192
11	0.005850184550724732
11	0
11	0.005589148958495293
11	0.0041802373218234965
11	0.004162198830235509
11	0.005336756930676428
11	0.005146564720637498
11	0
11	0.004423305309776907
11	0.005051989684670836
11	0.005567365032806176
11	0.005489901195866022
11	0.0046925271637648
11	0.00423453832080756
11	0.0059331721673975095
11	0.005262288948603854
11	0.004372552467178057
11	0.004987518134323257
11	0.00542612171124123
11	0.003764690722750521
11	0.003738675538454134
11	0.005915383456929066
11	0.005004109818897836
11	0.005165843396368381
11	0.005074618339768552
11	0.005723053548724616
11	0.004173382811013919
11	0
11	0.0032754338469986417
11	0.004728158206141236
11	0.004366451662512737
11	0.004321267842048075
11	0.004545166407209106
11	0.004623128588993467
11	0.005118963234613456
11	0.003847587814039213
11	0.0044155758839332215
11	0.004806459188401729
11	0.005096060565802329
11	0.005698073274664754
11	0.004264611639845534
11	0.005268559896680841
11	0.005446334649180518
11	0.004377925820906107
11	0.005001538147180236
11	0.0036766075727173776
11	0.004700867450009256
11	0.005549602519086633
11	0.00433628673056048
11	0.004724824032435467
11	0.003926724586227441
11	0.0050395199625864985
11	0.005237760428775373
11	0.0044274161684862675
11	0.005515680298360533
11	0.004391329129669333
11	0
11	0.004969328044306169
11	0.005238939866517511
11	0.004171093192344082
11	0.004794687703055858
11	0.004668048920261766
11	0.005535836858733236
11	0.004164029695621387
11	0.004774056605551496
11	0.004101973367610798
11	0.005422379045698586
11	0.004159655209585062
11	0.004739868486140187
11	0.004587451736616338
11	0.004664189140395373
11	0.00561902653745492
11	0.00484696222837578
11	0.004760090646665335
11	0.005595385157918591
11	0.004231499746619486
11	0.004333118444964728
11	0.0032662585434094418
11	0.0038571194757227416
11	0.0038416996515662715
11	0.004741291055056941
11	0.004607814502485334
11	0.0047935154421191424
11	0.004605994938474573
11	0.005431779709405061
11	0.004787643080637018
11	0.004424667077104949
11	0.004705007131351828
11	0.005636136664852012
11	0.005184729041508527
11	0.00424025966876559
11	0.0050799625072256325
11	0.004818943439480313
11	0.0041295553767734
11	0.004415772882679073
11	0.004688774119577415
11	0
11	0.005262710600270815
11	0
11	0.004926577077898609
11	0.005765317830260017
11	0.004251517052942566
11	0.004512552502068163
11	0.00422628993800669
11	0.0055973197283469035
11	0.005397285621610996
11	0.0046953023654637775
11	0.005490074127320169
11	0.004801291780592089
11	0.005534587167713791
11	0.005310379494570793
11	0.0040774597027366175
11	0.004025001153720533
11	0.003909401441226418
11	0.0044026346106155936
11	0.004611030145349218
11	0.005416639619586204
11	0.005927277341710694
11	0.004275746006674027
11	0.005299253321735037
11	0.004668651788365452
11	0.004395479134198476
11	0.004722448981436178
11	0.004584357200746715
11	0.005270386135935119
11	0.004935286159823768
11	0.006043216445376086
11	0.005315738954555963
11	0.0052327061562778086
11	0.0037041545651668273
11	0.004649284892965314
11	0.005205553418794747
11	0.0036908878608077093
11	0.004941628525565223
11	0.005010023167556683
11	0.005773027282232218
11	0.005280672733305748
11	0.005257038342219409
11	0.005027357721251318
11	0.004844506620903474
11	0.004523443506745505
11	0.004605140540481769
11	0.0035830329201325365
11	0.004161484291570308
11	0.005327015784035079
11	0.006074210065854448
11	0.00497962167518555
11	0.004633485773119869
11	0.006202745595325288
11	0.00447406864986395
11	0.005678592339807539
11	0.005568455538687195
11	0.0045574797014077155
11	0.004876395144199046
11	0.004646855731137797
11	0.004167223158650977
11	0.005804816764099199
11	0.004114967275589179
11	0.005007997271822403
11	0.005300840447014702
11	0.005457919880487601
11	0.004877534612484297
11	0.004222908022793002
11	0.0052876522798331735
11	0.004533450695227215
11	0.0051003423212129355
11	0.005552812285070063
11	0.004716956849095605
11	0.004672003267016034
11	0.005797016643454601
11	0.003939174176368674
11	0.0045746634319896486
11	0.005601007269302036
11	0.005655601441210583
11	0.005115016905028266
11	0.00516215845199568
11	0.004551021643799441
11	0.005039948901544529
11	0.005465230023569883
11	0.005149754326117804
11	0.0043017140361967165
11	0.004816547806275092
11	0.0042800984666564465
11	0.0047991324476331495
11	0.004800040780645787
11	0.004735957867771983
11	0.004551059637812655
11	0.005238127419411171
11	0.005000042311445246
11	0.00421008162225091
11	0.0049465484951433025
11	0
11	0.005577895667533273
11	0.005144546591550147
11	0.005459988250000901
11	0.005861799196532049
11	0.004087868786876256
11	0.0047377285029782685
11	0.005768746768511665
11	0.004770621996820798
11	0.004164380517460343
11	0.005810498490732228
11	0.0052066870008510464
11	0.004552885222033055
11	0.004247293124185445
11	0.004257210156200668
11	0.005868949180954009
11	0.005320784816902675
11	0.004460416902355488
11	0.005774851122456547
11	0.004580776105922111
11	0.005642861183925829
11	0.0043200877335507195
11	0.0053576704665766
11	0.004589585506270205
11	0.006748971804189887
11	0.0058114642870728764
11	0
11	0.004067783290476518
11	0.004507099519459682
11	0.005914512175631834
11	0.005063708501851416
11	0.004396436812087081
11	0.004258789593769774
11	0.006025691768896719
11	0.0041652161441411975
11	0.004977141905821975
11	0.004644377315357231
11	0.004808744204801189
11	0.004896455163675829
11	0.00411973462792049
11	0
11	0.004634705728266928
11	0.004266675684092861
11	0.0051556406332380605
11	0.004586415515769944
11	0.0052989554951741935
11	0.0038306799926623135
11	0.004666055868072128
11	0.004437827482888471
11	0.00462257186910134
11	0.005305028457666146
11	0.005897483808477874
11	0.00464011824604426
11	0.004499459128171172
11	0.005095994195868758
11	0.004209896234676478
11	0.005052609180808004
11	0.004154698476610661
11	0.004918567682966883
11	0.004295823212801571
11	0.005272376376759576
11	0.004840890049404804
11	0.004909198804517512
11	0.004860564547740204
11	0.00520752020761503
11	0.0038730319986087307
11	0.0035515119318568025
11	0.005589436381265038
11	0.0037883392613749425
11	0.005293313463152841
11	0.004852317237390884
11	0.004054099881237716
11	0.0051117961932958785
11	0.003864136710400971
11	0.004689474668433293
11	0.005144777509742094
11	0.004948994604393838
11	0.004462322862531979
11	0.005151434885107866
11	0.00408459210394763
11	0.003694948942508255
11	0.004594552553998992
11	0.005262851340782501
11	0.004467802798761675
11	0.0059329604619689415
11	0.005435750709022245
11	0.004126311653583874
11	0.005769858824108549
11	0.005904881358037751
11	0.004943864343632813
11	0.0056377494765710145
11	0.005183907742646771
11	0.004136385526164457
11	0.005287204960225936
11	0.004846010439653661
11	0.004217922554018898
11	0.00439109636825943
11	0.005933107695042203
11	0.004505825113553483
11	0.004609909520317522
11	0.005369720814027931
11	0.005966662935112746
11	0.006250583861944495
11	0.004292646870846177
11	0.0037568515098418908
11	0.005677091551590804
11	0.003960270474331431
11	0.004548646016762899
11	0.004493963067283163
11	0.006094688190835887
11	0.004478473857600446
11	0.003977995057653263
11	0.006065671520786393
11	0.004615882628436731
11	0.00496648515894648
11	0.0037568533324206467
11	0.006260055318777705
11	0.0058615757918632225
11	0.004654616003157591
11	0.0035948796699065786
11	0.004333972354602183
11	0.004573680822445022
11	0.005539312918063489
11	0.004104451835593061
11	0.0033924338312602757
11	0
11	0.005879575720217486
11	0.0047645699309570265
11	0.005104881040092637
11	0.0035825185004319457
11	0.004934507142730477
11	0.0043730721037899345
11	0.004684019479953687
11	0.004615687089438175
11	0.005105151766952086
11	0
11	0.004732871232591929
11	0.00528454941194703
11	0.004815839700655708
11	0.003794603293384267
11	0.005317575646872085
11	0.005638451854531456
11	0.004439493344619258
11	0.0038998931163347714
11	0.005585563975485574
11	0.004419945275240715
11	0.004852178875293606
11	0.004921027371427506
11	0.004474095348630458
11	0.005438562934674019
11	0.0032511732576490943
11	0.005983376124433174
11	0.005632883045187142
11	0.005532535377905504
11	0.004227819590471373
11	0.004007357184091694
11	0.00454362845558436
11	0.005915909304270575
11	0.004699245469495404
11	0.0034712114466367064
11	0.004945994141385529
11	0.00632015589523217
11	0.005368679598196054
11	0
11	0.004612834988052756
11	0.00509650933780661
11	0
11	0.00520394555676378
11	0.004890929517324677
11	0.005016823965534338
11	0.005343895516920711
11	0.003779439349724943
11	0.0060964236345199905
11	0.005355107972375632
11	0.005608617158036552
11	0.005503760172944347
11	0.005130854864252344
11	0.005014049559984903
11	0.00463487246525328
11	0.004081185695104352
11	0.0040773513664758895
11	0.004157097772431233
11	0.00450289263237936
11	0.004180678373939071
11	0.005592224062324341
11	0.004219034788360248
11	0.003892299147716205
11	0.005156921687901961
11	0.004759947338261135
11	0.005298152532744307
11	0.005332077501629603
11	0.0052413430118153055
11	0.005185645973508002
11	0.0034111318881254824
11	0.003990807188755146
11	0.004748800002782004
11	0.006201207131785517
11	0.004538561433044732
11	0.0037450046433789752
11	0.005548112792670841
11	0.005489430442643882
11	0.004752376505826809
11	0.004393343977792604
11	0.004658323678527073
11	0.004398374191070598
11	0.004214316936811229
11	0.0049860660402411385
11	0.0050687179074058435
11	0.004876994345182639
11	0.005398563867090531
11	0.004813763636306412
11	0.00442753191657591
11	0.0049377290253758395
11	0.004504635534250443
11	0.004598310495215034
11	0.004059572398623819
11	0.0054502368930664765
11	0.004996205336205292
11	0.004953557925237664
11	0.005220457391739745
11	0.0035955564114790862
11	0.006256915492044825
11	0.006160544750742256
11	0.003340230391022669
11	0.005593703700590474
11	0.004843861931714152
11	0.00463987781023446
11	0.005944211129729207
11	0.004983291445209783
11	0.004919151806955343
11	0.00537534697577056
11	0.005908260082434342
11	0.00510938327290909
11	0.005715637154176793
11	0.005226641122539153
11	0.005079897360894269
11	0.004446135501345389
11	0.004032463406019418
11	0.003781440502446042
11	0.005508716925869131
11	0.004009203175721065
11	0.004337518126564521
11	0.0043323008816
11	0.005427896850828878
11	0.006064027617294743
11	0.005428299748526174
11	0.0064136472864457904
11	0.004919405672750035
11	0.004920979188220428
11	0.004019520937218086
11	0.005155590601405905
11	0.004526442843851791
11	0.004483215074888084
11	0.003597185646206069
11	0.00516313132300398
11	0.005617944160726892
11	0.0041074240290095475
11	0.005250035422662658
11	0.005223043992853983
11	0
11	0.005136235862537348
11	0.004847255238571844
11	0.005651401851148482
11	0.005610971888302001
11	0.004767932598266543
11	0.004114102060037536
11	0.0047866217870740895
11	0.004501455208643165
11	0.005521364726027248
11	0.004631418312091999
11	0.004414380783902647
11	0.004186186207745527
11	0.004663103658954265
11	0.0049814197284664035
11	0.004094189672400087
11	0.004441971953416342
11	0.005127756932748844
11	0.004304652523316964
11	0.004903301641908717
11	0.0037658177789907806
11	0.005216373497926731
11	0.004869769404309954
11	0.0041310445189823046
11	0.005045615566047227
11	0.005180963939088527
11	0
11	0.004489636971976373
11	0.004613591019656194
11	0.004429058208216323
11	0.004392601210122245
11	0.005579390930916318
11	0.005556892543062393
11	0.005558238734855653
11	0.005058950335961556
11	0.005085191183112149
11	0.004810660523531801
11	0.004114024171747524
11	0.00489985832200269
11	0.005801367918186452
11	0.0043485019722930875
11	0.004307595334655057
11	0.006026016534384245
11	0.004036614979711166
11	0.0040748353701092815
11	0.0046916692022403615
11	0.00427205067727324
11	0.004543373202875704
11	0.0048748545740387676
11	0.004554995429492217
11	0.0044660379033987984
11	0.004888317062025163
11	0.0043299946401070015
11	0.004836183017577712
11	0.006018282047815815
11	0.006249971248243058
11	0.00475776118878932
11	0.004678196687318367
11	0.00508291943075786
11	0.003830004050371431
11	0.004259685091998241
11	0.004150830463877048
11	0.005494034025270297
11	0.005479066042653125
11	0.0045818626628074555
11	0.00503805516065596
11	0.0033420938053175964
11	0.004317089708321583
11	0.00521249811312787
11	0.005785716008281322
11	0.0044409430659103286
11	0.005190949720286429
11	0.005130354286092496
11	0.005447567699749092
11	0.005213597917455447
11	0.005063447145672696
11	0.004523040497504419
11	0.004862557411362286
11	0.0040205420295087255
11	0.004012403622384482
11	0.004914154180858452
11	0.00510331284645
11	0.004934689940355962
11	0.00405995316380371
11	0.004643571296718072
11	0.004576575145034374
11	0.004178097930626
11	0.004175790450729758
11	0.0042411607194366265
11	0.00514303724861618
11	0.005624838184241064
11	0.004450265810077009
11	0.0046585661055707946
11	0.004596389425582185
11	0.0061747813186416416
11	0.004832361609090971
11	0.0052612991760137215
11	0
11	0.0051862282222489755
11	0.004263416719226803
11	0.004574969266819848
11	0.004690074665835367
11	0.00574277058026673
11	0.005579045242709292
11	0.005944521206194794
11	0.005236814545578753
11	0.004613688434647295
11	0.0038999684144727918
11	0.003960253989235614
11	0.0049325541474916175
11	0.0057866671810196755
11	0.0059310553651441625
11	0.0045570065193208265
11	0.004996450609256829
11	0.004986968500364734
11	0.005730275099677408
11	0.003692624371181217
11	0.004724149512794802
11	0.004640033554534794
11	0.005813112850351921
11	0.004593759925893369
11	0.004378760779321777
11	0.005324638141909959
11	0.004963434065384796
11	0.003857635921464515
11	0.004968366728800685
11	0.005931696419889512
11	0.004642229423048818
11	0.0042411825932655465
11	0.00491528007733049
11	0.004906388118349823
11	0.0048980368041731896
11	0.004835849276867274
11	0.004194209570264077
11	0.004584578007407896
11	0.004775112852056234
11	0.005696195275273185
11	0.005466314630487535
11	0.0055629269830785215
11	0.004711832853906025
11	0.005469507863995066
11	0.004378694032184156
11	0.004867174762171286
11	0.0054306223968516665
11	0.005162144089928102
11	0.004067281104802457
11	0.004587885173551569
11	0.005370499330773276
11	0.0044260183483922945
11	0.005587468387471683
11	0.0040830208424795945
11	0.004562757063724286
11	0.005267723867148011
11	0.0036030842781384033
11	0.004651872623316093
11	0.0038566866893719903
11	0.005091309377102805
11	0.004154574046516386
11	0.004759191123807805
11	0.005139303270372336
11	0.005002444627425707
11	0.005335189810502851
11	0.004814792712049094
11	0.005339263987430398
11	0.004602213840262507
11	0.005707526080058378
11	0.0043741073602792235
11	0.00559217233764534
11	0.005196165700136622
11	0.004874118636015409
11	0.004882395590914792
11	0.0040158288172126915
11	0.004543802661195991
11	0
11	0.0044873104235419155
