cval	avg_intersection
11	0.0018890986379471156
11	0.0062825100068006606
11	0.0038083952321731943
11	0.0033282035852669595
11	0.004455916451346248
11	0.0017628560921503465
11	0.0025192228561431123
11	0.0021744401293294553
11	0.005111136647584597
11	0.004311010514556255
11	0.0013609721242871257
11	0.003328008643053203
11	0.002491608518974067
11	0.0015083189153294624
11	0.0020776871892749446
11	0.0046966341088821775
11	0.002802557219750464
11	0.011634091999528631
11	0.00308061260277528
11	0
11	0.0016094096446389362
11	0.007042619798363995
11	0.0014764481898354518
11	0.0028396683818374346
11	0.001739388779217728
11	0
11	0.0028949184528066587
11	0
11	0.0025400954994228096
11	0.002262619430404339
11	0.0029530231385249853
11	0.0014811709111566672
11	0.001491074204585839
11	0
11	0.004221842702977961
11	0.0031917496038759443
11	0.002454550432259425
11	0.0052347127029959434
11	0.002805517068372676
11	0.004137371539493079
11	0.0020979550416103674
11	0.0014758842390099885
11	0
11	0
11	0.002899096608723341
11	0.0027758354531455458
11	0.004360132627741834
11	0.004037429548097917
11	0
11	0.0011559695953790208
11	0.0036232960923099256
11	0.007071932254569914
11	0.004212331967039899
11	0.0031511464421745206
11	0
11	0.007789562801422579
11	0.001439401831030797
11	0.004322343234668666
11	0.003375001393388971
11	0.005414390199186596
11	0.004135893122556167
11	0.0031450746329116045
11	0.004524202875781179
11	0.001274205806314387
11	0.001893153852718816
11	0.0038321449297069776
11	0.004211351107502351
11	0.002352388993214934
11	0
11	0.006042162857043668
11	0.003488866614341465
11	0.0022513280306660447
11	0
11	0.0021501031698551447
11	0.002266202435370518
11	0.001552413308505063
11	0
11	0.00946780415098965
11	0.0038083205547896023
11	0.0050051948351114975
11	0.0022246657209849265
11	0.001326520019990257
11	0.0027713414164286135
11	0.0019313119735472207
11	0.001980420192994183
11	0.0019244005020477386
11	0.003285484319275753
11	0.0011908370872712691
11	0.0027232857619600933
11	0.0034375153273319197
11	0.0023287739416938333
11	0.0031473105167075235
11	0.0041619883656773375
11	0.0031537369351671528
11	0.005868823154399444
11	0.003376775074560651
11	0.0020228746314980553
11	0
11	0.00329357151525546
11	0.0037522207998419085
11	0.004356966924991515
11	0.002988792458339478
11	0.0033699772812053395
11	0
11	0
11	0.00270961973626015
11	0.00382232320289108
11	0
11	0.0016331451386765354
11	0.00506421724201895
11	0.0033988254609300765
11	0.0028307790936538215
11	0.002628018176207462
11	0.004458580218653179
11	0.0030275903684019974
11	0.002583424129967131
11	0
11	7.601226181330954e-4
11	0.006134623301639661
11	0
11	0
11	0.0019287864140831012
11	0.003450486697730238
11	0.00356163038170222
11	0.001369857540679363
11	0
11	0.005302240726270068
11	0.00484344288558895
11	0.004426260123788643
11	0.0019444729092430414
11	0.009162579533043159
11	0
11	0.003210788506805274
11	0.004246333596246369
11	0
11	0.00222698766694796
11	0.0027242230737004915
11	0.006019059815184876
11	0.0027101711113969515
11	0.00258038757580718
11	0.0012855688756577273
11	0.00232175864896701
11	0.0023987261952218295
11	0.0016926699890924312
11	0.002985666271127188
11	0.001979586281670699
11	0.002915804426974717
11	0.002162286886168804
11	8.375294925694624e-4
11	0.005869446707420745
11	0
11	0.0016972896062486867
11	0
11	0.002476862958280553
11	0.0015021187598768262
11	0.004088473981280369
11	0.0030184392028321555
11	0.0022738143377839908
11	0.005346218052324665
11	0.001987416399039106
11	0.003020522578290673
11	0.0025301793004703053
11	0.0042400923306788445
11	0.002060979928673045
11	0.002807212499537773
11	0.0022332069885616064
11	0.010440409372209403
11	0.0033487094891736712
11	0.002063390354844582
11	0.002338723313382648
11	0.0028816516182954208
11	0.008663815411691438
11	0.0023813079848100135
11	0.0029232003999988326
11	0.00903064562306352
11	0.002069126287719511
11	0.0015008295121213156
11	0.002368559385344784
11	0.004146414119789689
11	0.009960935225398577
11	0.0018240450635732132
11	0.0018482455347951956
11	0
11	0
11	0.0035375164278047162
11	0.002305883209911904
11	0.004297235525432218
11	0.0037868790285165072
11	0.004347668899524243
11	0.0012360105484326843
11	0.007774288653492695
11	0.002849186068570122
11	0
11	0.0023708969598097525
11	0.009075225102097087
11	0
11	0.00826600993758563
11	0.002174643057697213
11	0
11	0.0012337160730699031
11	0.0021210177783385826
11	0.002103717554747731
11	0.003014135476814615
11	0.0028287543149987334
11	0.003654009098927422
11	0.005243617336672079
11	0.0017594178491278228
11	0.007709979309346504
11	0
11	0.004852730276424817
11	0.003081447727234508
11	0.0037323486236671855
11	0.002559494290664379
11	0.001657237700144426
11	0.002056234981123049
11	0.002979105695658801
11	0.002013528235456963
11	0.0035567162492627195
11	0.0016315339871578608
11	0.0019686867883699365
11	0.0028432504897376015
11	0.0030184842065268526
11	0.0023623843237600005
11	0.0018386355113028823
11	0.004335627699251247
11	0
11	0.0040234268255854525
11	0.0023729145127261812
11	0.0030538644947242627
11	0.0016605185287548565
11	0.0034783133008106037
11	0.0016899027441271484
11	0
11	0.0036157966426593846
11	0.004009746346891027
11	0.0015545999425674788
11	0.0017345360515884992
11	0.002195643539760715
11	0.0018999001641323088
11	0.0015356178439119524
11	0.004562919223284196
11	0.0015184580391524236
11	0.007257765011898431
11	0.004305214445511732
11	0.0052617983902698015
11	0.003429215527415447
11	0.0024763668292646854
11	0.0010583247034836414
11	0.002596506582408878
11	0.0031175487359961732
11	0.002073168039428462
11	0
11	0.0033789201395979817
11	0
11	0.003472957977767962
11	0.0035186101106015628
11	0
11	0.009600988689292447
11	0.003522691997238995
11	0.006622187633854507
11	0
11	0.0030430025641752945
11	0.0040007679678477
11	0.0033676802965225752
11	0.0022063970163750156
11	0.002623804390993005
11	0.004496298600022071
11	0.004866184537439686
11	0.0021750591751944427
11	0
11	0.0038261214146647327
11	0.0018611510477095899
11	0.003812165384773857
11	0.004791072539996039
11	0
11	0.0019891413756159453
11	0.003252350317738426
11	0.0044928716956137834
11	0.0019223089383681496
11	0.004972377573500041
11	0.001551771644127285
11	0.0014464233420966133
11	0.004906666565082884
11	0.005791078100011958
11	0.0011745812227286151
11	0.001959282643851823
11	0.002317909071443727
11	0.002724643571420037
11	0.00298464414823464
11	0.003809760931694179
11	0.004201031063725169
11	0.0017820954595274667
11	0.0026603883301821963
11	0.002955561013231685
11	0.005019428167944024
11	0.0011814458588570282
11	0.00515377033772199
11	0
11	0.004441867987726094
11	0.0069887888170161285
11	0.00220448686200446
11	0.002357255670477083
11	0.0034388002679997323
11	0.006236922358507663
11	0.001007858186601901
11	0.0016090634077908735
11	0.002086358930045479
11	0.0034885684192992755
11	0
11	0.0042146536656147435
11	0.0011006889631807303
11	0
11	0
11	0.0027928125383445824
11	0.004268917780826933
11	0.002862703770946165
11	0.0022638961633363146
11	0.0034823043733133775
11	0.0013656710781015232
11	0.0017014576917117078
11	0.0026416072743006055
11	0.002063108467137264
11	0.001842642310035944
11	0.0029048229904125255
11	0.004893544306393721
11	0.0016821898676183788
11	0.005889799072314107
11	0.003039109821786515
11	0.0020621492312980923
11	0.005059123901846786
11	0.004015370517133238
11	0.001563424327657124
11	0
11	0.003703104223418858
11	0.0018517163391206504
11	0.002715678370038872
11	9.160251297137493e-4
11	0.0019260684707380691
11	0
11	0.003122818250454037
11	0.0010747423718307266
11	0.001207581299675889
11	0.0024751395113036005
11	0.0029124347358866643
11	0.003986727258116464
11	0.003616884767167648
11	0.002701287735504283
11	0.00654824854035692
11	0.0021244143866586476
11	0.0016154845863129723
11	0.0015731659636102678
11	0.0031930468464257417
11	0
11	0.002851884169098427
11	0.005009904233043783
11	0.0023146117801620893
11	0.004050311338554658
11	0.0031350731680246484
11	0.001383388967260077
11	0.0013492258053697532
11	0
11	0.0034385942738195422
11	0.0039570943700126295
11	0
11	0
11	0.0015498539904623557
11	0.0013534655726530863
11	0.005014762269116413
11	0.004928781477070717
11	0.0019324887580102295
11	0.0022112998181751777
11	0.0026359994192237768
11	0.0021549106105018707
11	0.0018808700220036318
11	0.0032153323113892004
11	0.0011087725007734612
11	0.003937274987381317
11	0.0037489200758173105
11	0.0015246512374266997
11	0.00220610271206
11	0.0021674497596753622
11	0
11	0.004983090251685619
11	0.002079725405820102
11	0.001988529157180118
11	0.001667112042266685
11	0
11	0.0031901669409812273
11	0.00410010542964615
11	0.002203113749865529
11	0
11	0.0011688364557367434
11	0.0031632109600919223
11	0.002235352488160342
11	0.001717986124036809
11	0.0025804479383062635
11	0.0021977642095339293
11	0.0023302396926214567
11	0.004378265089558919
11	0.001830667188374411
11	0.002179429074556955
11	0.0015251057813423538
11	0.0012577749101147751
11	0.0025807625268623167
11	0.0047060962863330795
11	0.002218297891416769
11	0.0025804290474585887
11	9.83958464077422e-4
11	0.0019027328236869078
11	0
11	0.0019431823490343848
11	0.0016798822854894285
11	0.0019688801201142355
11	0
11	0.00850416875097655
11	0.0012277478090774877
11	0.0015965061457684103
11	0.002760825625386455
11	0.0021320710557676432
11	0.0024936219548371387
11	0
11	0.003987636452566182
11	0.005133317046485018
11	0.0019481143305419817
11	0.00339599404520149
11	0.003106742476470028
11	0.004479022901086506
11	0
11	0
11	0.002105388410345674
11	0.0028193861726281484
11	0.002568088930693473
11	0
11	0.0022495651393959868
11	0.001804357378132583
11	0.007661449590211908
11	0.0028493109609464143
11	0.002960294209789489
11	0.004502942198948298
11	0.002269440929173709
11	0.004227096819731062
11	0.0021501714273669944
11	0.004588387030056952
11	0.0043360890978447215
11	0
11	0.0020736595605690966
11	0.0033593434347554325
11	0.0030322453066968353
11	0.0026299218263602995
11	0.003941158853734722
11	0
11	0.0018056420146894446
11	0.0015954424991310753
11	0.003954282134035303
11	0.0029855686930061725
11	0.0030331463219269075
11	0.0024407935009993806
11	0.001522067391114207
11	0
11	0.0017851104521426316
11	0.002734028452941149
11	0.002268332306736635
11	0.003540138831000206
11	0.0014389655686842023
11	0.002030283520763436
11	0.0018337698758299928
11	0.004872944964059373
11	0
11	0.0042504192536580955
11	0
11	0.0015141334693721594
11	0.0028192618667735353
11	0.0019459237531384882
11	0
11	0.003867674621312907
11	0
11	0.002911789455279624
11	0.0026262215701565394
11	0
11	0.0031852526432636858
11	0.0010405295382001666
11	0.001141191891243642
11	0.002869372075953973
11	0.0020050617403090973
11	0.008894857778834109
11	0.002011968653037102
11	7.828180698220042e-4
11	0
11	0.0016556408927232216
11	0.002730690153341003
11	0.001127949614331894
11	0.0054432435471408955
11	0.003756094446999624
11	0.004585549544470013
11	0.002726538119974812
11	0.0012978896589271327
11	0.006064011843812425
11	0.00336747250058587
11	0.00456730797975632
11	0
11	0.002845845150366664
11	0.0023497202851666533
11	0
11	0.002797766452241288
11	0.003697430476206268
11	0.004738764942489001
11	0.004229771538995782
11	0.00366654596441817
11	0.001719568650104081
11	0.001460945709196089
11	0
11	0.002759718967533321
11	0.0029707609635989543
11	0.001604059291373891
11	0
11	0.00488274789275546
11	0.003356327025233982
11	0.0036518502605682153
11	0.0026328084288310283
11	0.00467171568932491
11	0.003576213976423783
11	0.008499590493361691
11	0.0021660932751445985
11	0.002819145296728638
11	0.004154394106457982
11	0.003197635572374496
11	0.004351982444195423
11	0.0022920315130501375
11	0.004197855083280201
11	0
11	0.0017446030507414572
11	0.0011717647879169735
11	0.00538018620182535
11	0.00248317671734995
11	0.004575742077030552
11	0.001216924867237764
11	0.0038353383056228562
11	0.003951442709290089
11	0.002094790951227398
11	0.004068071831025893
11	0
11	0.003485352514761516
11	8.336003184191756e-4
11	0.0022199244685463873
11	0.001834386859050671
11	0.0021746065847892755
11	0.0013975731710909071
11	0.005917154733013061
11	0.0016047580209065271
11	0.0012586361629885615
11	0.0015093133719383614
11	0.004987988489697894
11	0.0037255329582611464
11	0
11	0.0028272084999512006
11	0.0053445048497488675
11	0
11	0.004136380218080194
11	0.0018863789864168254
11	0.0026789497797630284
11	0.0021835377289266297
11	0.003181583354256494
11	0.002574208886290193
11	0
11	0
11	0.001636190332546994
11	0.0015515815842253842
11	0.0034076321499904925
11	0.0022499673036040693
11	0.003884694527504556
11	0.002493133004599787
11	0.003388257469354383
11	0.0016185147631807336
11	0.0019478832400573543
11	0.005196673062051265
11	0.0030185258794992805
11	0.0036866868466068226
11	0.003686342823834145
11	0.001765120212899296
11	0.0033408082076134622
11	0.005277219284227186
11	0.002914737190899566
11	0.002465358531636325
11	0.0016843589388892376
11	0.002752996128761244
11	0
11	0.001722504921481785
11	0.003097386464702606
11	0.0029757269007520525
11	0.006777077327139343
11	0.0034469499897624824
11	0
11	0.003167986184653019
11	0
11	0.0032945403264401612
11	0.002949669064229681
11	0.0017597930896671124
11	0.004824453260440624
11	0.0014978096270846272
11	0.003706172216884849
11	0.0023597521538145086
11	0.002081221104760598
11	0.0020686866521824145
11	0.002138431675711186
11	0.0036088240634990177
11	9.941210307724297e-4
11	0
11	0.0026023300711117544
11	0.005405653857339142
11	0.007890349981316998
11	0.0018798747380265016
11	0.002193204741107793
11	0
11	7.565776762254347e-4
11	0.002292309154054734
11	0.0025178681481923116
11	0.0024081318573532765
11	0
11	0.004714571269086382
11	0.00224249377875567
11	0.004685416918150002
11	0.0029753057342297717
11	0.0028967066393343773
11	0
11	0.0017786230034176854
11	0.0018148225310131182
11	0.001589813704331306
11	0.0015282288893283035
11	0.0022202758185938644
11	0.001311715658469077
11	0.0018970858361785625
11	0.0036887026784953383
11	0.003530263677796411
11	0.0030851146620847524
11	0.0013722527444283328
11	0
11	0.0022022914809511234
11	0
11	0.0023864630469581224
11	0.002071009083592192
11	0.0027178407828038573
11	0.0025815093660236078
11	0.005087646508176156
11	0.0017962611459651737
11	0.003700247960398623
11	0.002445347382410446
11	0.003493757906131539
11	0.0025301134894963224
11	0.0022537889245857956
11	0.0024218386233980445
11	0.0017288915326599905
11	0
11	0.0033326073041673124
11	0.005286792038028206
11	0.0014433143913034332
11	0.007890801173714003
11	0.007922496794799564
11	0.0028501445468992843
11	0.003839316663226627
11	0.0022458609004968036
11	0
11	0.004730047944218711
11	0.0034567426985498886
11	0.004379580071031222
11	0
11	0
11	0.0017166469832904428
11	0.00243032386392646
11	0.0033316314712456105
11	0.004459902962793192
11	0.0022907484623617587
11	0.003849716045839792
11	0.003417256756135247
11	0.002738845102600369
11	0
11	0.00465993650117943
11	0.00436764329832618
11	0.0013599702043079489
11	0.002517184812827929
11	0.004233866376900334
11	0.0018127671666698334
11	0.001547208570893408
11	0.0011793481786699508
11	0.003690320153830938
11	0.0047181045148915295
11	0.004282802544003747
11	0
11	0.0021814345557706768
11	0
11	0.005989796662456087
11	0.005815112199665211
11	0.001575769963616624
11	0.0036635921322361567
11	0.0018508172106216287
11	0.004011520627491227
11	0.0035527828065163693
11	0.0015554204337162886
11	0
11	0.003811813037656621
11	0.004223861774167144
11	0.005296332492782411
11	0
11	0.004613087992460575
11	0.007003435821178328
11	0.002590896056517293
11	0.003999759096770578
11	0
11	0.0025740986768466034
11	0.002748718827247096
11	0.003132070181810131
11	0.002792040240697264
11	0
11	0.0016893805497370706
11	0.0010679975965792632
11	0.0023252410299010196
11	0.005239773041258283
11	0.00818912996694944
11	0.0014023916343825417
11	0.0011453011527358587
11	0.0035526428503803225
11	0
11	0.004138453703428656
11	0.0060469956178241645
11	0
11	0.0030464312390895342
11	0.0024325305080692755
11	0.005237077728250901
11	0.005814326400624288
11	0
11	0.0021395933712875653
11	0.0029973762454610403
11	0.0017498448965105296
11	0.002283820639877734
11	0
11	0.0018418607257420798
11	0.0018003650271381543
11	0.0028520656455033977
11	0
11	0
11	0
11	0.0050530602496537584
11	0.002731924637383728
11	0.0020803544760025403
11	0.003119256733620455
11	0.004635797427791594
11	0.0032749578143271363
11	0.002361537447704068
11	0.0029274115524082025
11	0.004267032105960173
11	9.815228005605168e-4
11	0.005556214301172712
11	0.002242098131998458
11	0.0052868693927116866
11	0.003294535464161536
11	0.0023347032617270867
11	0.0026949669683893015
11	0.003942890182499829
11	0
11	0.006463970928143482
11	0.0018350665748523985
11	0.0018112922008035805
11	0.001947504124363212
11	0.004956118258314963
11	0.0026574158797468693
11	0.0024130781197302218
11	0.0025559087437832272
11	0.0019504954551212467
11	0.001556882183783846
11	0
11	0.0036641800785011096
11	0.0011304686099655765
11	0.002923998612354566
11	0.0018941260450612146
11	0.0022553074115595983
11	0.004996419597440732
11	0.001694827187550031
11	0.0026199840286624124
11	0.0037367151973201097
11	0
11	0
11	0.004115088871521592
11	0.0031602998948886654
11	0.0052433850360338805
11	0.0046764054949407306
11	0.0025825404759920287
11	0.003330386293315161
11	0.001854872223806051
11	0.0034649657636947597
11	0.002280221872583938
11	0
11	0.006321918736662384
11	0.0021558855813676885
11	0.0023304495015014953
11	0.0014619402548194803
11	0.007405491599129486
11	0
11	0
11	0
11	0.003313704489446294
11	0
11	0.0031461096224833667
11	0.003241696898075735
11	0.004839868558546589
11	0.002545835614351018
11	0.0016743948063948988
11	0.003284250457355772
11	0.004118018404697663
11	0.0031334425086957467
11	0.004621989456480662
11	0.002198379204758123
11	0.00449356324678679
11	0.003090749758229841
11	0.0035887271472339406
11	0.0013656511226365232
11	0.004891203498920785
11	0.0036945190589791474
11	0.004574766898132536
11	0.007598015029090822
11	0.0013672668666658188
11	0.0018715850904248332
11	0.0026794000468466617
11	9.276777919872243e-4
11	0.001317458765898921
11	0.006164373591205473
11	0.003234583759202146
11	0.0033751838482759915
11	0
11	0.004077345758673301
11	0.0017871006077212653
11	0.004024619632482402
11	0
11	9.174026848707385e-4
11	0.0024485943660020213
11	0.004176153482592313
11	0.002638016609085992
11	0.002272133210086705
11	0.004578190740017386
11	0.008049996053354606
11	0
11	0
11	0.003622095689509024
11	0.0026627555675292954
11	0.0025661353643665575
11	0.0018658325749752664
11	0.0029198627322761213
11	0
11	0.0014190598645346943
11	0.0018730384312650036
11	8.819531148807596e-4
11	0.004264570801724935
11	0.0015423636490392728
11	0.00442585803468157
11	0.0015358903667821837
11	0.005911339532463872
11	0
11	0.002199100507466551
11	0.0015690537595428329
11	0.004831329493242798
11	7.143586791696689e-4
11	0.0016380982601753985
11	0.0029264290678401297
11	0.004898282611472705
11	0
11	0.0030765993400531143
11	0.004961729545936294
11	0.0018538399716114698
11	0
11	0.0059817400733442475
11	0
11	0.0020604539477374574
11	0.0042326944903684416
11	0.003297361143962421
11	0
11	0.0034842603732430843
11	0.002534754622604204
11	0.002745680689238499
11	0.002812960563481084
11	0.0017398059709796308
11	0.005267447205608097
11	0.002833394537485386
11	0.001756500265300242
11	0.0019004486270035672
11	0.003103576262574447
11	0.0015133201298889712
11	0.003326420042916569
11	0.0038764431641455897
11	0.003759261583745729
11	0.003903381395155369
11	0.0027278337679007437
11	0.0025008641952479504
11	0.0020317290627653297
11	0.006604160606114354
11	0.003629749455146526
11	0.004508981844693694
11	0.003066658473823823
11	0.002543035130388677
11	0.00535604698202194
11	0.0014850806134920434
11	0.007309927411942979
11	0.0038589179567954266
11	0.003405246915584088
11	0.0012049958768101273
11	0.00427625365625985
11	0.0025256488019751062
11	0.003011081508544147
11	0.002227722304005016
11	0.0014007707146170853
11	0.0037689054225903394
11	0
11	0.0024665720199837865
11	0.0020008856888031174
11	0.0033028270354928434
11	0.001182591196647017
11	0
11	0.002564209204058046
11	0.005385960335891975
11	0
11	0.0023831211164597826
11	0.0019887489846183853
11	0.0036482764197542992
11	0
11	0.004023661509033701
11	0.0025227107348641596
11	0.0025589632862851692
11	0.0028369194133996394
11	0.0029490300037146393
11	0.0025403646944820997
11	0.002560173510859044
11	0
11	0.0012359111949000914
11	0.002463235837086983
11	0.004692604566441858
11	0.001886392217090571
11	0.0022864811679428132
11	0
11	0.003310031877605851
11	0.0011401269733292273
11	0
11	0
11	0.010414847315336595
11	0.0028972360233006133
11	0
11	0.0049055072413772445
11	0.0013094302315326855
11	0.0028137533856188984
11	0.003331880778130918
11	0.006562295954346949
11	0.003651460408487255
11	0.0025371419000756196
11	0.0012256716699347251
11	0.006190595774928084
11	0.001548324272998582
11	0.003994573569256756
11	0.0011007453633916206
11	0.0018512034577551806
11	0.002282312017898392
11	0.0030206131113640184
11	0.007062294557425907
11	0.002055231024591942
11	0.0025551755176848904
11	0.003109235277479494
11	0.0018757404197089
11	0.002338075138202542
11	0.003296100680799589
11	0.0020823591727348587
11	0
11	0.0015668063047705727
11	0.0013594260369251376
11	0
11	0.00447756686099527
11	0.004257022763418486
11	0.001990034967665792
11	0.001492061188415824
11	0.004079916345292138
11	0.001990242176979604
11	0
11	0.004768382570129391
11	0
11	0.0028824658604188007
11	0.004159521583864116
11	0.002646658700300002
11	0.005384503164968127
11	0.0038327150189829875
11	0
11	0.0014384846930763323
11	0.002395503311201019
11	0.004384352730424558
11	0.00862072376358439
11	0.005112444716217533
11	0.003611621780493197
11	0
11	0.004219566587760606
11	0.0016705311520425238
11	0.003598301540629963
11	0
11	0.0028486923884138596
11	0.005206706772625313
11	0
11	0.002751190551172028
11	0.0034374689849169817
11	0.003668504034267613
11	0.002561737265064925
11	0
11	0.0030882312085548144
11	0.00272407412074294
11	0
11	0.0037791880273726646
11	0.003942681109845649
11	0
11	0.003405461756148282
11	0.002271596956794368
11	0
11	0
11	0.002865094994797505
11	0.004243487102391123
11	0
11	0.0034784946226900696
11	0
11	0
11	0.0023728610644923047
11	0.0038796896272301077
11	0.0035959316305388352
11	0.0016982054522848332
11	0.005306686924722654
11	0.0016302737780592082
11	0.0035713467976896834
11	0.0029900212527233607
11	0.003459326641392998
11	0
11	0.001259558565727781
11	0
11	0.0025127477923896275
11	0.0019611089938076174
11	0.0046007215708784395
11	0.00491075076801701
11	0.0012052749227405132
11	0.0033188342923477217
11	0.0019243626189843566
11	0.003481520208704389
11	0.00620678604030677
11	0.0015654037925817027
11	0.0033646581808278687
11	0.0010281982981505972
11	0.0014734581126099407
11	0.0044959525021931075
11	0.0018471982742030227
11	0.002722561128145988
11	0.004521289614845007
11	0.0019172895185807558
11	0.0035195704984007834
11	0.0010925806560683532
11	0.0024923366672864023
11	0.00824853840069316
11	0
11	0.0017361093250529225
11	0.0033708416559088666
11	0.002307577890777423
11	0.002592642551712801
11	0.0011641001971026276
11	0
11	0.0019294795873402363
11	0.004038289157832464
11	0.0018454551385068971
11	0
11	0.0049103430021826405
11	0.001552438923056129
11	0.001415560512267021
11	0.0018195178418906443
11	0.0025221220449026444
11	0.00304948762930193
11	0.0017851136943661024
11	0.003321417461802682
11	0.003206913022340069
11	0.0019746104214365327
11	0.0013915862452261987
11	0.0016800076325548048
11	0.002142014146070299
11	0.0016816927094401703
11	0.0025667156023478385
11	0.0013703095465445038
11	0.0027673619939681204
11	0.0027682794089330825
11	0.002464957997111047
11	0.003567225016755314
11	0
11	0.00896522448537697
11	0.0035781904484258023
11	0
11	0
11	0.0020033287629303035
11	0.005440864258813952
11	0.0015247657394072617
11	0.0022635305036089507
11	0.0017269803960554867
11	0.0028364231878660637
11	0
11	0.0031127535251379954
11	0.003186541100211079
11	0.0036846540929111543
11	0.005564745850175438
11	0.002135361481333958
11	0.005112475175475774
11	0.0017406798579383443
11	0.00349972957953342
11	0
11	0.003165584946274607
11	0.003570147753346687
11	0.0013256318751915987
11	0.0023078128260338956
11	0.0035753600980943075
11	0
11	0.002524939347740965
11	0.002732496732225742
11	0.0010496381971458939
11	0
11	0.004971170882111989
11	0.003893558140259384
11	0.0019490307612116328
11	0.004809649343206525
11	0.008480643621813668
11	0.002383834638850901
11	0
11	0.0019745633916165733
11	0.004694984186090898
11	0
11	0.004445504060963683
11	0.004542416313865825
11	0.0024825269667315976
11	0.003483519733972825
11	0.001978575861906869
11	0.0033281543580741353
11	0.0019814827203336063
11	0.00287675410603532
11	0.0022184091087360212
11	0.0044010262887861805
11	0.0022779351872706465
11	0.003304125852180719
11	0.008729658020818421
11	0.0016079049700906084
11	0.0036565367325647104
11	0.0039585599710193235
11	0
11	0.004301426635973152
11	0.001138516607749309
11	0.0037870484500333013
11	0.002104826566498342
11	0
11	0.010013662658628087
11	0.0037412322262605773
11	0.0016813067483595896
11	0
11	0.0025084118164466823
11	0.001761808403514699
11	0.003956351740552356
11	0.0019497815158920158
11	0.003550091628131222
11	0.00525896291807974
11	0.0016174261651660893
11	0.002204513968540193
11	0.004013204342299006
11	0.00237822807164544
11	0.003110518421025492
11	0.0020351707086735567
11	0.0033477159450227565
11	0.002962683923219411
11	0.0012741827575625862
11	0.0017659761464490964
11	0.0012368031002949896
11	0.0017200971284015664
11	0.002417991846920102
11	0.003766631172905108
11	0.0015247979493975847
11	0
11	0.0035170928923721435
11	0.0023856484712037464
11	0.001979930108929786
11	0.003272662867228355
11	0.002715086947147039
11	0.0024949536627666994
11	0.0034292024326678244
11	0.002000638916207572
11	0.0019227371466393173
11	0.0036895527515848955
11	0.002978222127186536
11	0.006900507308191299
11	9.513696791220144e-4
11	0.0017753603905935479
11	0.0027426018530552184
11	0.005905454974544577
11	0.003104827623682101
11	0
11	0.002062996181400649
11	0.0028023025351095908
11	0.006056136046854524
11	0.0038185141101726105
11	0.0020861562143507503
11	0.0048243145721512315
11	0.004031174020697059
11	0
11	0.0024820597705635344
11	0.002240692227061429
11	0.003146484673643524
11	0.0046920311106798665
11	0.0024115442666514933
11	0.0031095057127085448
11	0.005069258926633857
11	0.003621972083550873
11	0.0011109164965151614
11	0.003101368920795464
11	0.0013407612301471125
11	0.004253357931703599
11	0
11	0.0014688131874450035
11	0
11	0
11	0.004105527847447561
11	0
11	0.004151414025050078
11	0.002132561086396485
11	0.002254492605782374
11	0.0023356126284501044
11	0.0017144378859390728
11	0.0038140677258688073
11	0.0024512859222143584
11	0.001498030631992017
11	0
11	0.001657740836653147
11	0.002975133753084148
11	0
11	0.0017942513574875792
11	0.0033390433018567318
11	0.0014587742769334576
11	0.005714697820489927
11	0.0019181532212749377
11	0.0029279597674454648
11	0.0013659099206958802
11	0.0030861170813474125
11	0.0017114493469094134
11	0.0017218660052463945
11	0.0031916981245049708
11	0.0021239205111833748
11	0.0014294916182146478
11	0.004468809910189219
11	0.0067005407893208436
11	0.0038798673695746863
11	0.0036906416073463114
11	0.004290533634600928
11	0.0016191774659696657
11	0.0025730995154110967
11	0.003582715923019313
11	0.003308768238766826
11	0.004610116368879115
11	0.004175860537293094
11	0.003814357388822558
11	0.0018875918093360314
11	0.0040065650080931044
11	0.0017015314800297406
11	0.0026444078531839997
11	0.002140541948396273
11	0.0016453465250297432
11	0.0038348089096087276
11	0.0016091092213113916
11	0.0022393034684964307
11	0.003987448411633116
11	0.0031864247208257318
11	0.0031565690141502445
11	0.0023506867646252874
11	0.0035752620087584545
11	0.0012366390627743774
11	0.001499899524019456
11	0.00165774629744142
11	0.003087696226871024
11	0.002467077970358062
11	0.001591854758661147
11	0
11	0.0030538896446447505
11	0.0036139166032258386
11	0.00264234650685769
11	0.0029620525645164823
11	0.0043043105742507515
11	0
11	7.774456199766205e-4
11	0.002851805784151244
11	0.0030898197778761335
11	0.0013496134718145817
11	0.0025014393138477102
11	0.0020389786177555666
11	0.0030817678347370855
11	0
11	0.004560510055070009
11	0.002785024284651774
11	0.004951017884134364
11	0.002143933023415617
11	0
11	0.0017239940019252622
11	0.0015412610014058853
11	0.003340534524485328
11	0
11	0
11	0
11	0.008588731421505116
11	0.00299321130932212
11	0.002380875585887597
11	0.0021036698087099743
11	0.0031389078417413544
11	0
11	0.0013494061941387381
11	0.006365577263633624
11	0.008180019246683283
11	0.005045440896246585
11	0.0027780132047998994
11	0.0029824466239297127
11	0.002785560880556481
11	0.00346673768752008
11	0.006799719975345261
11	0
11	0.001157602148297836
11	0.0041067995651070145
11	0.001553142026657629
11	0.005268233095844718
11	0.0032363455154108068
11	0.002980787112806282
11	0.003208762375330948
11	0.0025001185028297665
11	0.0017894939382249418
11	0.004145151844432777
11	0.004238264372986399
11	0.0020865606123053053
11	0.0028332019712671544
11	0.0010867284387650518
11	0.00645928597804486
11	0.005009270074039423
11	0.001975684735263559
11	0.0031473545027348266
11	0.0027176983028464265
11	0.0016550420354684296
11	0.0013224237200090794
11	0.001448142124261395
11	0.0028092931653579613
11	0.005357502375890636
11	0.0023063399513539094
11	0.0049274819143532754
11	0.0015084416387761807
11	0.002374143752998714
11	0.0037454944604724946
11	0.002645459707312175
11	0
11	0.004276383008909508
11	0.004410060502883565
11	0
11	0.003560572356413504
11	0.0016854901860669028
11	0.0036820103908720924
11	0.001110805486502212
11	0.003882540260715336
11	0.0014010015439583961
11	0.0026402060727472
11	0.0011462217549281853
11	0.0034343357368084087
11	0
11	0.0026656010060712066
11	0.0030152173789050056
11	0.002777127113327221
11	0.001975789064855715
11	0
11	0.0010956305804348118
11	0.0038258214951020406
11	0.004773440048972819
11	0.0024237723033187367
11	0.007448250912964613
11	0.0030501740832154793
11	0.006255030146687876
11	0.0012270134324474428
11	0.008152692613565547
11	0.0022774323457079443
11	0.0031131008349412274
11	0.0016912659930499686
11	0
11	0.003402157890082143
11	0.0031638187748162486
11	0.0012611564786594264
11	0.0022518405408426152
11	0.003003861360436212
11	0.0019087202658344367
11	9.932088529153009e-4
11	0.003861301148941078
11	0.0017161632771542405
11	0.001232614365783058
11	0
11	0.0013843992389634672
11	0.004007958697514495
11	0.0021265114843256683
11	0
11	0.004313542171979331
11	0.0017121185589783398
11	0.003343021450025093
11	0.005788728061998926
11	0.002880308292542449
11	0.002299641093018092
11	0.003004294101453546
11	0.0026368526029888284
11	0
11	0.0021472411200625656
11	0
11	0.00356282822857496
11	0.0039034273908824845
11	0.0012110164782506909
11	0.0020990709544155234
11	0.002041350701841887
11	0.0033118725221916983
11	0.003700192203909185
11	0.003856230708798862
11	0
11	0.002106697937892418
11	0.002357066618952207
11	0.00385616204975205
11	0.004290511724752844
11	0.0016859882565882663
11	0.002082013221489037
11	0
11	0.0024740718941334166
11	0.003133652241669132
11	0.0022435642995502565
11	0.0018828912157138938
11	0.0016533112118725126
11	0.0025025436371153027
11	0
11	0.003906251752009032
11	0
11	0.004278951065187691
11	0.003441353243445701
11	0
11	0.0021521484981832607
11	0.0028476321701557104
11	0.0016520964234457392
11	0.00318381696884355
11	0.005433655867851162
11	0.005205020664145506
11	0
11	0.0019584252569847626
11	0
11	0.0019482589228262878
11	0.0015297807094976916
11	0.002611074809655928
11	0
11	0
11	0.004937424924094272
11	0.006075156993062175
11	0.0010930990550868833
11	0.0017555170380567308
11	0.00416900796518953
11	0.00142857632852039
11	0
11	0.002523080720235419
11	0.0052708551953685664
11	0.0023441765440464068
11	0.0061050043358479005
11	0.002810353492689759
11	0.0010532424505552624
11	0.001659356415908058
11	0.0015691673381133422
11	0.001041440417269183
11	0.0013023370682401247
11	0.001797441956887735
11	0.004872464664919625
11	0
11	0.0019507306185955378
11	0.005862458591877534
11	0.0023687793788814016
11	0
11	0
11	0.0014366388149608656
11	0.0034882828034067705
11	0.002151859535860605
11	0
11	0.002288804201057049
11	0
11	0.005242279487523989
11	0.004634806987164791
11	0.004691518324124964
11	0.0037734641337481794
11	0.0017932475069811521
11	0.0016975950225934292
11	0.002596498216763724
11	0.0023563982902411857
11	0.0019152605882308106
11	0.0016663571317838194
11	0.003452038717912873
11	0.0033497135225162935
11	0.008990686306373152
11	0.001310408338308074
11	0.0026734764820346285
11	0.005829761283111895
11	0.005573221129305473
11	0.0024296811224088725
11	0.002101877182875878
11	0.005882321731809897
11	0.0031910421015775565
11	0.005883323524531144
11	0.004343197742360956
11	0.003971781037184947
11	0.002222828122219694
11	0
11	0.0016840864757955362
11	0
11	0.002907591505484046
11	0.004491643668426581
11	0.00234600043243614
11	0.0014408099809915288
11	0.002244306330293557
11	0.006022112290547448
11	0
11	0
11	0.0025860728609458446
11	0.003706665172369772
11	0.0013035644268096674
11	0.0014985004396715369
11	0.00583918719019075
11	0.003925733627778181
11	0
11	0.0020566810865497494
11	0.0011121433603083436
11	0
11	0.002048670787152671
11	0
11	0.0031455312592140825
11	0.003752258113043793
11	0
11	0.0026783643962582492
11	0.0033078285188490094
11	0.004352766633474792
11	0.0014360188509451512
11	0.005329324452226122
11	0.0039984335668605975
11	0.001411971875999256
11	0.002982629428704858
11	0
11	0.0034021527563114864
11	0.0031709541344380403
11	0
11	0.001585603059188583
11	0.0037987172193514494
11	0.004095622033097374
11	0.0016686158004758649
11	0.0068155032286230585
11	0.002735045791572195
11	0.00800768355599261
11	0.003586727175503342
11	0.002134104416915552
11	0.0026864541842477573
11	0.0032902588934081954
11	0
11	0.0021102880591549363
11	0.0029751211248127477
11	0.002799585535288066
11	0.004835070175672288
11	0.0022701807058109996
11	7.024380521662626e-4
11	0.0024358620430925686
11	0.0035236680781201993
11	0.0024421680130584447
11	0.00637753785666416
11	0.004652513812825765
11	0.001656512575374424
11	0
11	0.00433695816579852
11	0.002474245487265134
11	0.002113942525653889
11	0.001404362877928176
11	0.003050889277850723
11	0.0017023730399744492
11	0.0012028651365721878
11	0.001942301492691408
11	0.0013228073594417323
11	0.0018658665463452326
11	0.0025155939872431223
11	0.0036996601674991548
11	0.0029508172903661206
11	0
11	0.002325384429552419
11	0.00260482296930531
11	0
11	0.0018235524596005273
11	0.0051988103722355235
11	0
11	0.0029530041489627176
11	0.0050979807733909
11	0.0031612827498620735
11	0.0018783941419951975
11	0.0030513349851315694
11	0.0017285616793857963
11	0.0028239234043849655
11	0.004403358504724041
11	0.0027088255877888334
11	0.0022619176163737676
11	0.0029687342993109846
11	0.004912476703514482
11	0.004024261450053798
11	0
11	0.005280864578273187
11	0.0027254532099166835
11	0.00338416988139358
11	0.0016595910119807868
11	0.0032378241903954236
11	0.0027547986218450326
11	0.0038188575325236694
11	0.002596518508400445
11	0.002280182011907876
11	0.002107094303634008
11	0.0028389191354201895
11	7.480875863121549e-4
11	0.0022235453637809177
11	0.002650753684847235
11	0.003229329865792912
11	0.002916495146445013
11	0.003124402110391729
11	0.0034981303298608425
11	0.002331290013444956
11	0.002431006455765913
11	0.0032780430039945586
11	0
11	0.002485442979509815
11	0.003248770722576019
11	7.287866085605658e-4
11	0.0011361455928820333
11	0.002233393701628311
11	0
11	0
11	0.0021868616028379822
11	0.00256461513856309
11	0.007290994503767167
11	0
11	0.0056118278466491395
11	0.0013933111880861015
11	0.0024580333070983195
11	0
11	0.0010497624444892677
11	0
11	0.0021547109014490645
11	0.002683274861999737
11	0.003679705667899502
11	0.002626309984868813
11	0.0027636976549930024
11	0
11	0.0031934007205637674
11	0.0062960733676996
11	0.0013358153056264152
11	0.002397988539756536
11	0.002076011186902196
11	0.001701467549909898
11	0
11	0.0027008006156266206
11	0.0017247384802450561
11	0.003037912419351044
11	0
11	0.0026463546458100943
11	0.0037614471145553333
11	0.0035802516661069305
11	0
11	0.0013792188573126672
11	0.0033016062451102276
11	0.0026327056304008365
11	0.0038454573844326325
11	0
11	0.0035980598224737695
11	0.0022351548052967477
11	0.001694487502490645
11	0.0037367135446518046
11	0.0033869690081822232
11	0.0030185723303776343
11	0.00417219456856018
11	0.0015884249376582026
11	0.0022063615553559327
11	0.0014008844975796277
11	0.005020867296449907
11	0.0013719993304657254
11	0.005262355347695306
11	0
11	0.004583544019145641
11	0.001131947982958408
11	0.0022653098465173957
11	0.002371460144659298
11	0.005983764906773896
11	0.0015011828950712216
11	0
11	0.0025827026077178735
11	0.001531669716373719
11	0.00114628964654112
11	0.0012110167896690394
11	0.004966164651242534
11	0.004363787755749289
11	0.001667337597176128
11	0.003949680899170928
11	0.004151780037597394
11	0
11	0.0018340978093656583
11	0.0015548719600716777
11	0.0072502508706566585
11	0.0017008561515184327
11	0.0020129147208380956
11	0.0014482770550850012
11	0.0017267687693637798
11	0.00406086583496294
11	0.0037066478065725136
11	0.0046133178540039834
11	0
11	0.002599237184948804
11	0.0032619877811265762
11	0.0022465021708039374
11	0.001085027367335797
11	0
11	0.003660247535884835
11	0.0019286887301453494
11	0.007640250866157709
11	0.0025134787880514934
11	0.0034341224059611817
11	0.0031372555400335667
11	0.005927576815218068
11	0.0038714307713079914
11	0.005205342072000497
11	0.006089013694677964
11	0.00436192162918773
11	0.009840150797950073
11	0.007626667113554686
11	0.0023602306485527545
11	0.0035228677548364445
11	0.0024272332383525517
11	0.002683123090067223
11	0
11	0
11	0
11	0.002466238356354272
11	0.002686570012403899
11	0.002501307228481205
11	0.005256871075746561
11	0.004371639453725148
11	0.00248426746338216
11	0.002668769466909787
11	0.0011910628035968142
11	0.002196227270703985
11	0.0025566981267846805
11	0.004560496917827476
11	0
11	0
11	0.001980218844257598
11	0.0013729188714124037
11	0.003976540303493523
11	0
11	0.0033450677865717047
11	0.0041266802408582905
11	0.0013022992805441097
11	0.004760355527710424
11	0.0020704958411957657
11	0.0017196972746677298
11	0.002283698296457777
11	0.005530728559826922
11	0
11	0
11	0.0064173715776046115
11	0.0014299830464845052
11	0.002277289207421358
11	0.004030538458542735
11	0.0020209674178836745
11	0
11	0.003525422951984153
11	0.0026651223895612936
11	0
11	0.002048639975793725
11	0.001611774603354566
11	0.004775362857393776
11	0.003522888740587368
11	0.0022717862194606493
11	0.0023690518893017144
11	0
11	0.004275929868178565
11	0.0031777217925513155
11	0.0029538906174665655
11	0.0024862967643240995
11	0.002708167102568642
11	0.0021558047900432395
11	0
11	0.002394866643575518
11	0.0020828864547142068
11	0.004516852968571352
11	0.0051539360155484805
11	0.001318406810228075
11	0.0023232179542324073
11	0
11	0.0036963858349614116
11	0.0033676480358684306
11	0
11	0.005355779075350557
11	0.002693505543540272
11	0.002207131745453375
11	0.001728942269142731
11	0.0068196363939853465
11	0.00428574157134964
11	0.0016213043498989382
11	0.002483220073980903
11	0.004220371029623094
11	0.008549341605188925
11	0.001845776111794375
11	0.0030856258549682306
11	0.001183923808816172
11	0.004404915257304131
11	0.0018340250904507
11	0.002042680141496573
11	0.002371985164952189
11	0.003407280498388377
11	0.0030062872116370497
11	0.0011202549857515986
11	0.003032022636327122
11	0.0036600452502245106
11	0.004806444815970728
11	0.002208574479277139
11	0
11	0.0019227758989250041
11	0.0029225101162362608
11	0.0040967919591312196
11	0.0025628447143920628
11	0
11	0
11	0
11	0.00225268354122616
11	0.0035305329624225282
11	9.420553228948833e-4
11	0.0017865350330912367
11	0.0018941963455754716
11	0.007614564853479646
11	0.001920727331639213
11	0.0012130403072314042
11	0.0023605131087442656
11	0
11	0
11	0.0016313118511392423
11	0
11	0.004110333735113675
11	0.0010756562495201573
11	0.0014231162396472026
11	0.0035530367111976918
11	0.007066152911721467
11	0
11	0
11	0.0023272760346337885
11	0.0021618543744798438
11	0.0017055749096348747
11	0.0033430448179102602
11	0.0017840423231843974
11	0.0024558033913738672
11	0.0011018782534311389
11	0.0032817911463111833
11	0.002537088887903255
11	0.0025416929597720734
11	0.0036310268353887897
11	0
11	0
11	0
11	0.0020754373770860315
11	0.003997037380614895
11	0.004402081142132616
11	0.001709681512729792
11	0
11	0.008511593519106145
11	0.004215102776160424
11	0.00356582680137097
11	0.002377237044256157
11	0
11	0.0031718224469733957
11	0.0026840722994101187
11	0.003501840602064322
11	0.00437375335347501
11	0.00221261564446245
11	0.0035993004002432484
11	0
11	0.0017890203294946643
11	0.0012875002310905532
11	0.004196311770568712
11	0.0022259982081880817
11	0.004019780053021948
11	0.0023343267098266387
11	0.003627715991981203
11	0.0021476458794389467
11	0
11	0.004892390477584087
11	0.0026643386624136257
11	0.0034750323497493543
11	0.0035532858189006194
11	0.0016885351790279363
11	0
11	0.004472810544022912
11	0.01101488557761044
11	0.0022652614218877597
11	0.004167738367786351
11	0.0023762506987729196
11	0.0037729818678943782
11	0.001215514127491585
11	0.0049865919916370705
11	0.0014150333880159438
11	0.003233192509967296
11	0.0019273680812471237
11	0
11	9.767428999504087e-4
11	0.0014989906521883508
11	0.0029796197077082255
11	0.002722216019669749
11	0.0024016090805018177
11	0.001389162454761264
11	0
11	0.005567573199084192
11	0.0034598213582852718
11	0.004577409667335923
11	0
11	0.0014873666928853408
11	0.0032657205372893386
11	0.0028610323648012785
11	0.0027044346403827025
11	0.0026018794579132963
11	0.0011512836100348446
11	0.004334732667472466
11	0.0015923067305860586
11	0.0038233183662727734
11	0.004145549236859018
11	0.005508453837519136
11	0.003221708612903746
11	0.0030863366206645773
11	0.00560919231085729
11	0.004189192312494889
11	0
11	0
11	0.005908379334842868
11	0.0027489902420500894
11	0.0048203476616181075
11	0.0013979002653608241
11	0.004344470415995398
11	0.0026865783442826
11	0.0020053930104214903
11	0
11	0.0029567811980250568
11	0.006492357401370878
11	0.004616562731584976
11	0.002865956585139278
11	0.004332831325715797
11	0
11	0.0023107987470377543
11	0.0031598616586389866
11	0.005319233432205734
11	0.0016299977575297783
11	0.0017676206707896098
11	0
11	0.0018577510143366995
11	0.001786695406047202
11	0.005262024463129901
11	0.0010130816515128704
11	0
11	0.007741370590173135
11	0.001368273637653384
11	0.0015093868406894804
11	0.004174124143131618
11	0.0029240311613868237
11	0.001949329302164181
11	0.0022759665737646217
11	0.0018413378988579492
11	0
11	0.004671731502254425
11	0.005345623147951947
11	0.0024107080978135746
11	0
11	0
11	0.002353934783150519
11	0.0029190114921602544
11	0.001643804229658254
11	0.00372062716776439
11	0.0061781185923639285
11	0.0020694310950214903
11	0.0032482819776746877
11	0.0014418170543991351
11	0
11	0.0015103952027070169
11	0.0018605911624059795
11	0
11	0.002319554488928631
11	0.00289505404256329
11	0.0014923494605864535
11	0.0012227603789291715
11	0.006032984797333872
11	0
11	0.002045852771632574
11	0.0029752182942661427
11	0.0014642941797404102
11	0.0035795912930819684
11	0.0017806959298339129
11	0.007031543978711849
11	0.003145304283312952
11	0.0015287591890165843
11	0.001956193808456908
11	0.0044074517905920525
11	0.002714833607462325
11	0
11	0.0022692111689410132
11	0
11	0.0011697581624266653
11	0.0014715803298480695
11	0.0012290177761092316
11	0.0028829014131577313
11	0.0017356674314345762
11	0.010665746476496136
11	0.002599528960363213
11	0
11	0
11	0.0021607424696346803
11	0
11	0
11	0.0029722807838826293
11	0.0037096139882868058
11	0.004161072698785243
11	0.002107451620749866
11	0
11	0.0032599084422101406
11	0.005831276650294731
11	0.0054948569210644
11	0.0022397184864156455
11	0.0025041097318130984
11	0
11	0.003059139427811985
11	0.003596911670321373
11	0.002489606283251319
11	0.009623241545925934
11	0.0023096333574965425
11	0.001228595434721669
11	0.0024515848377750986
11	0.005677702112686195
11	0.0015762691170802302
11	0.010341623412218007
11	0.002527393505621894
11	0.00666345289285542
11	0.001175311144276279
11	0.0018188554816351093
11	0.004571971171511071
11	0.003671508267175818
11	0.0023893837556217615
11	0.0021892749098489364
11	0.0036900833332027057
11	0
11	0.004263677717146303
11	0.0020609840230071752
11	0.001653933009127202
11	0.0018420119618697275
11	0.0017836447170512843
11	0.0022227129919846125
11	0.003869979391263916
11	0.003123782433182359
11	0.0015555010030512237
11	0.002264656130592227
11	0.001378453348955721
11	0.003505574591853018
11	0.001996185326486735
11	0.0013086484917916225
11	0.002139647558107217
11	0.0022038176517325406
11	0.0032289286261014323
11	0
11	0.001593598643309127
11	0.008800852346298743
11	0.0015628774691335294
11	0.0036812234922920027
11	0.003516529781497251
11	0
11	0
11	0
11	0.002922432463426658
11	0.003263373920356809
11	0.002860900932903082
11	0.0016129293996395993
11	0.004464495337162491
11	0.0021256849986103664
11	0.0019723803031263753
11	0.004198010968185617
11	0.004972907836357426
11	0
11	0.002741431203485863
11	0.0019559467741063438
11	0.0013465941706051047
11	0.0030323286245271374
11	0.0030329221853914916
11	0.003850788117583614
11	0.004659018537555208
11	0.0012691148453104083
11	0
11	0.0022882196601352617
11	0.002869597557834786
11	0
11	0.004179358252091887
11	0.005114817277775875
11	0
11	0.0027439303103217335
11	0.001833978808180939
11	0.0037526672726487264
11	0.0020650836298949592
11	0.0027212437804532284
11	0.0024015470536468283
11	0.005277728885437345
11	0
11	0
11	0.0036714289497297723
11	0.0013579670998459974
11	0.0021267832738591356
11	0
11	0.0020822680082618642
11	0.00531323885367496
11	0.002369772284014929
11	0.0034728494046837154
11	0.003973130392178838
11	0.0021448214725827966
11	0.00518552431302017
11	0.002086861214068716
11	0.002098448625328383
11	0.002500322176214888
11	0.0011430071897785684
11	0.004066090791826947
11	0.0015813097813968302
11	0.003895570839508669
11	0.0015406337639806032
11	0.004575437269346477
11	0.001212258570121334
11	0.0036212154789283316
11	0.0015669432403825003
11	0.005727760568564918
11	0.001057318793378557
11	0.0021136313058760766
11	0.003948443231161437
11	0.0033151783712575982
11	0.0015727088006240136
11	0
11	0.004529311001871077
11	0
11	0.0031216117088155456
11	0.0039889003791454035
11	0.003755062041218436
11	0.0010088877374730596
11	0.0034721976384337796
11	0.003287614943867999
11	0.004922526161087998
11	0.004370616898842061
11	0
11	0.004218377686922119
11	0
11	0.0029191470696126615
11	0
11	0.0016778544245209305
11	0.004295796832832834
11	0.003274090895763734
11	0.0032813134324069576
11	0
11	0.0026442596193208003
11	0.0019226268444937796
11	0
11	0.003408430767715465
11	0.0021754301548845634
11	0
11	0.005309414239342601
11	0.002112410908269883
11	0.0018198904612390019
11	0.001439808317549129
11	0.004368144833280518
11	0.005056400399597616
11	0.001413326278327301
11	0.0017963842724358667
11	0
11	0.0032673389635714273
11	0.003816663950895789
11	0.0036843937222126974
11	0.001790143299693292
11	0.002571699095264462
11	0.0034415355524817738
11	0.002089690540556692
11	0.002255736927229221
11	0.0032636140668379924
11	0.006022930603297512
11	0.002923293660462947
11	0.002423523847626047
11	0.0037651048285582407
11	0.004750048754478472
11	0.0023432477838257536
11	0.00255445108342919
11	0.0026892182857851253
11	0.00250637685329059
11	0.0028637595891877836
11	0.0036878774088041975
11	0.004481937030806574
11	0
11	0
11	0.003662608481492376
11	0.0036641071056546974
11	0.0032928290119941324
11	0.0013826721207901313
11	0.006220864162117534
11	0.002234448929654649
11	0.0011276978045921243
11	0.0030421596574090794
11	0.0020908412993827273
11	0
11	0.003688977873399743
11	0.0023961311942767736
11	0.001083287327389629
11	0.00218067960587136
11	0.007796343373084401
11	0.006381366505036965
11	0.001294673753902006
11	0.0018808392972997285
11	0.0022191565562313794
11	0.003692293068228547
11	0.0034567208162180067
11	0.003933849245427664
11	0.0022903004890215315
11	0.003361806516925015
11	0.003125173544588859
11	0.003722008133561074
11	0.002570833829399917
11	0.0017051850811870609
11	0.0022387792616269334
11	0.005712970981919345
11	0.0029185597332806726
11	0.0012341383801481006
11	0.0030356012493891523
11	0.0036746153462580886
11	0
11	0.00307230379315257
11	0
11	0.0021749500758276503
11	0.003039643784362744
11	0.003362878286170885
11	0
11	0
11	0.0028724136533863688
11	0.002090291662987749
11	0.005161710832955705
11	0.0013304992997549211
11	0
11	0.007812346953887474
11	0.0014734026099192021
11	0.0011385154006960932
11	0.0020582353886201047
11	0.0025955720277478175
11	0.003120159927752101
11	0.0012122408688434304
11	0.00198419758100963
11	0.003990156169794655
11	0.004562751413340888
11	0
11	0.008243916630628787
11	0.002186144587627098
11	0.0029063066635413265
11	0.0014708081742071213
11	0.003023833293176153
11	0.002628296442903978
11	0
11	0.005022886450373914
11	0.003109758343437218
11	0.003484229296007104
11	0.002513158959581169
11	0.003081049467379599
11	0.00355854971389357
11	0.0018929730433534895
11	0.0016522859743218815
11	0
11	0.00844151202358954
11	0
11	0.0049298026608938115
11	0.0017020191321496024
11	0.0018936829939975519
11	0.0018842817231560997
11	0.0036059146858506744
11	0.0010768335988114923
11	0
11	0.004505894265182352
11	0
11	0.0049216729728929235
11	0
11	0.0022955724824588555
11	0.003510490427273868
11	0
11	0.004830736309494132
11	0.0026724066990787445
11	0.005346454422974436
11	0.0015067818191377871
11	0.002875492179078745
11	0.0024073386626021396
11	0.004135512302450963
11	0.0019585666760892602
11	0.005234181060341529
11	0.0012172501912529475
11	0.0035430121059773305
11	0.0057856907041766185
11	0.002465865775890696
11	0.00934366751302255
11	0.002974007746180772
11	0
11	0.003768223267212126
11	0.004095279415324628
11	0.0022708112676912365
11	0.002955806155949771
11	0.0027019912264376173
11	0
11	0.005948219697776179
11	0.001444295215257878
11	0.003642765502409012
11	0.001970024188446975
11	0.00444282300737719
11	0.0021596405030085896
11	0.0017026812665651664
11	0.0028817697500061
11	0.005734014211069985
11	0.003602229403661882
11	0
11	0.0013560535283816207
11	0.0017413027863118918
11	0.003666097886866312
11	0.006985478681766926
11	0.005570795938927212
11	0.002483504577817487
11	0.003373475904420243
11	0.0026049929928149695
11	0.0016329694589784555
11	0.0035378540514759793
11	0
11	0.001591255011392354
11	0
11	0.0015674242530315109
11	0.00116162941884246
11	0.004433258006422603
11	0.0024792429347917995
11	0.001963733014830664
11	0.004247618233367615
11	0.0029569598676102327
11	0.004613898034751795
11	0
11	0.0028116334391379647
11	0.0030611589155450617
11	0.0015601957546322325
11	0.0012698638346771325
11	0.0010895854675400463
11	0.002182428423680039
11	0
11	0.005356547901475185
11	0.004443208764393721
11	0.0015540174527922414
11	0.002191825039259949
11	0.002546393747413249
11	0.0026641814121239993
11	0.00172468648018475
11	0.0028599439768432267
11	0.002130004453746163
11	0
11	0.0014635449929692244
11	0.0035146312115158836
11	0.0033780413231518764
11	0.003255955305233182
11	0.0025333867671863404
11	0.0018956282891054725
11	0.00303210194089299
11	0.002236121551962217
11	0.004492391453475357
11	0.0039349995970016805
11	0
11	0.0032494558754053624
11	0.0032660221961117917
11	0.004205600568594844
11	0
11	0.0029534464267235855
11	0.0033145020351543863
11	0.005067579581058731
11	0
11	0.006894554177734516
11	0.004368617347912957
11	0.003334809690327942
11	0
11	0.0018090666669352215
11	0.003801171734046895
11	0.009134455413241887
11	0.00775051658765973
11	0.003216165639702098
11	0.003627693570379012
11	0.0015666695006969654
11	0.0036512944192280006
11	0.004719423818931429
11	0.0025425997668201846
11	0.0030466230226786663
11	0.0019912302380878013
11	0.003536129552908961
11	0
11	0.0018941473446991472
11	0.0018130090768255771
11	0
11	0.0022625629254323285
11	0.002408601669915901
11	0.0019921816191714394
11	0.0038134310322513326
11	0.003660633146380617
11	0.0031051535463729506
11	0.0034801011462350963
11	0.0037640344987385473
11	0.004139645671213118
11	0.0023740639052619657
11	0.0034912273729633975
11	0.0014194922553598963
11	0
11	0.0028625969139688115
11	0.0014806679742218156
11	0.0030003151452829262
11	0.006489943441797508
11	0.002372785003586931
11	0.002501865468627601
11	0.0037239813021199076
11	0.0018016342958497163
11	0.0038843365855140382
11	0.003903441586382727
11	0
11	0.0029971037466619567
11	0.0016739721544172595
11	0.004435741573948827
11	0.001675150127938873
11	0.0032150506182543
11	0.0014050625003756332
11	0.0072232112560696796
11	0.004278313238000864
11	0.005064837324117027
11	0.002804311029862738
11	0.0018265701804185512
11	0.004577606791585672
11	0
11	0.0016266930586760942
11	0.002249318199638375
11	0.0021896377665085614
11	0.003792415112992508
11	0
11	0.0020022066928720595
11	0
11	0.001974597843819789
11	0.001062281664134486
11	0
11	0
11	0.0038295740423180172
11	0.003125831830710249
11	0.003420093695031658
11	0
11	0.001052871153881946
11	0.002710030842497576
11	0
11	0.0013984358928201901
11	0.002782848041506396
11	0.0026411992033267342
11	0.001302009238930958
11	0.0032756850177821256
11	0.0016575969355302664
11	0.0026097921985044556
11	0.003317877607010739
11	0.0011905608942221395
11	0
11	0.0026766636409831217
11	0.002070811396582869
11	0.0048341814077045575
11	0.0014467021548109768
11	0
11	0.00221824202468025
11	0.010474288054459753
11	0.0016722631527119123
11	0.0051695666210274955
11	0
11	0.0025120761690417912
11	0.0012311167595409071
11	0.005107230701813238
11	0.0021001607724891705
11	0.0029287218374822533
11	0.0016269780418774955
11	0.007662300943793457
11	0.0035690965641111305
11	0.002537969553496133
11	0.003285961790241786
11	0.004707822988324679
11	0.006234838187390508
11	0
11	0.00374339545745892
11	0
11	0.002102315441282658
11	0.0028554959750587876
11	0.00404181226434246
11	0.003655401937726437
11	0.0035336216517340945
11	0.0030440962183979035
11	0
11	0
11	0.007006766873652377
11	0.009611005253638
11	0.002449494713502098
11	0.0016038811501268878
11	0.0041368217927286515
11	0.001969546155985795
11	0
11	0
11	0.003973095093953867
11	9.545190193839801e-4
11	0.004743975952031636
11	0.002311220387410656
11	0.003091451888909607
11	0.002266997158838265
11	0.0011344686744627708
11	0
11	0.003177891013592307
11	0.0054834964184202195
11	0.0020137059771097644
11	0.0024170384491187594
11	0.0023011212239671527
11	0.003040529216526821
11	0.002542404238437342
11	0.0016428726721118118
11	0.0022299733181362076
11	0.002457445572572148
11	0.0031296501471871608
11	0.0010501726510487295
11	0.0056083455548514806
11	0.0017605536184557465
11	0
11	0.003539804137469971
11	0.0033944287372123265
11	0.001915818646863253
11	0
11	0
11	0.0014869523203255065
11	0.0058395584164684785
11	0.002886388932241801
11	0.002346679888418606
11	0
11	0.004682584507851996
11	0.0015869180047242118
11	0.0012000977329514738
11	0
11	0.0031396626525337337
11	0.002500034117274528
11	0.004317645409389264
11	0
11	0.0022732447771453557
11	0.0026391159716170906
11	0.005467875368341888
11	0.0019266127405892783
11	0
11	0.0030329773610690866
11	0.0030764010346777323
11	0.003529999384140247
11	0.0038742228006502124
11	0.006187384168066307
11	0.0024550412697902256
11	0.0013960696187738987
11	0.002471572753194678
11	0.0033828512333987253
11	0.0027520564275767103
11	0.002333287204380921
11	0.0013642513817778788
11	0
11	0.0016191129058887802
11	0.0033327988827121353
11	0.0010533294104433143
11	0.0036966908670272407
11	0.0016954827998523856
11	0.003176228199081587
11	0.002845623048812998
11	0
11	0
11	0.0030217077365698322
11	0.0041501231039648345
11	0.001645384214991222
11	0.004154008481664426
11	0.005751306545563031
11	0.0013926846147887732
11	0.0032493883991260544
11	0.0020778654574647912
11	0.004360790410267617
11	0.0016432800135288683
11	0.0017832695566333578
11	0.0027217434973839396
11	0.0024618298675237703
11	0.002284121762223338
11	0.002580573991412408
11	0.0031657228904056547
11	0.0022605393452025256
11	0.0036826899252574356
11	0.0020986692006976877
11	0.004985656881078678
11	0.0040428523195315145
11	0.0018244918035925928
11	0
11	0.0011766184389688055
11	0.002106792794059588
11	0.0028464121066391983
11	0
11	0.0018822953388468976
11	0.0017731222958037648
11	0.0020864852167132735
11	0.0033812573902973616
11	0
11	0.0012614493091095177
11	0.004266163459274593
11	0.0035327846712584327
11	0.002942255274646874
11	0.005862630922597829
11	0.0014188693032231253
11	0
11	0.006135829779948814
11	0.0024908349053062227
11	0.0038871426822775423
11	0.00273918907593317
11	0.0025082969708401775
11	0.002335750153221601
11	0.00277654994832402
11	0.0015342945976625196
11	0.002845477948899074
11	0.002204952278216365
11	0.00461878808171425
11	0.0015688941210578323
11	0.003537004580019203
11	0.003223666519606372
11	0.00375727304776966
11	0
11	0.0036638006677533444
11	0.008557673627631704
11	0
11	0.004073016159173563
11	0.00419247024880135
11	0.002770279891663638
11	0
11	0.002123892268547047
11	0.003387749291180132
11	0.004038147866435826
11	0.0020852374329315064
11	0.0025552642947131617
11	0.0030723024037249123
11	0.0019481925003246557
11	0.0026863921089819204
11	0.0018604394951910028
11	0
11	0.0031356534441748284
11	0.0023885695043712445
11	0.002099893930868112
11	0.003750230706974466
11	0.001520116155508195
11	8.394537656573244e-4
11	0.003063848245587105
11	0.004113949384999763
11	0
11	0.0024486558685141466
11	0
11	0.0024566962055638988
11	0.0032176003523782253
11	0.009930141588617446
11	0.0033533686913990867
11	0.002885481402523464
11	0
11	0
11	0.002894845736113924
11	0.003506352997069597
11	0.0022896485283144196
11	0
11	0.0033624215331901773
11	0.0020289934395395504
11	0.0025386072147054904
11	0
11	0
11	0.0022119478312049978
11	0.005426297492310685
11	0.0015562771959469813
11	0.0019078561166048559
11	0.0013193247425272918
11	0.0027672083676662986
11	0.0038651692870196475
11	0.0027659349209141434
11	0.0023536412300773635
11	0.0031082111583634214
11	0
11	0
11	0.0016419549471595855
11	0.005285931619634948
11	0.005686037310731205
11	0.005721540453277468
11	0.0020414905896509214
11	0.007991897647409388
11	0.009176447540403991
11	0.00523003177881388
11	0.0030052336573215474
11	0.009497323739273979
11	0.002878957256386732
11	0
11	0.003219926180373445
11	0.0040696778758331715
11	0.0047051682929430206
11	0.0021584988820388634
11	0
11	0.001836850960567433
11	0.0028195009950366086
11	0.00403471959445197
11	0.0063860700251334186
11	0
11	0.0030487333879343046
11	0.003813096243562587
11	0.0019698285083672553
11	0.0031138507018318887
11	0.0028312622436143216
11	0.0027561729121657664
11	0.0021260527137874517
11	0.0023609207514640727
11	0.0024559686448523497
11	0.0024675114970379476
11	0.005215008401158392
11	0.0035842663876993214
11	0.002223451133047704
11	0.0021028829170653125
11	0
11	0.003793569707408157
11	0.00143353276828485
11	0
11	0
11	0
11	0.0024686920116559754
11	0.005246834952226005
11	0.005911616371652299
11	0.004334410370488023
11	0.001031940708890097
11	0.004779604957090658
11	0.0017638322178475253
11	0.001340678844946403
11	0.004215713733934194
11	0.0030721064562627405
11	0.003452830145836965
11	0.004360121287193741
11	0.00266616690275192
11	0.009465189061954994
11	0.0016897853969403014
11	0.0032357918078828704
11	0.0010686053297559752
11	0.003775652882673003
11	0.0014380079953112013
11	0.005491884561571165
11	0.0021617497669871224
11	0.001451701785014762
11	0.0016330220477144932
11	0.0061501527086649625
11	0.002978837146750418
11	0.0020739640921977396
11	0
11	0
11	0.0030086483721603365
11	0.0014597210696286897
11	0.0034152093609033886
11	0.004651825138760599
11	0
11	0.0018858809367289307
11	0.003758208036860321
11	0.001115030094138147
11	0.0032910810762817946
11	0
11	0.0036954936198844396
11	0.0024148271758280657
11	0.0017371026625096523
11	0
11	0.004081853797532543
11	0.0021823549022260335
11	0.002550296463900364
11	0.0023388249988405703
11	0.008811009139681327
11	0.0024766051327755633
11	0.0037313507385425175
11	0.0021082590134832366
11	0
11	0
11	0.004846447559020097
11	0.003429031432331289
11	0.0018601425878502643
11	0
11	0
11	0.0024668191534714585
11	0
11	0.002425203028870509
11	0.0019217073191231987
11	0.0025198890858960737
11	0.003910402972701417
11	0
11	0.0024333420422304394
11	0.0023261224880852206
11	0.0029036016545680937
11	0.00251678280224522
11	0.003889690080675433
11	0.0027800272289267023
11	0
11	0.0016287205676464307
11	0
11	0.003566820078649605
11	0
11	0.003055027107325262
11	0.001364999532385836
11	0.0011748208891216184
11	0
11	0.0050788315626971725
11	0.00375094232980158
11	0.0024252932799484674
11	0.003049522689579929
11	0.0032558418913862875
11	0.0027096382175256385
11	0
11	0.0023784933090815496
11	0.003101492594714176
11	0.003486326442464596
11	0.0020283582099271265
11	0.002682416209742293
11	0.0022813966315811235
11	0.002149137334915041
11	0
11	0
11	0.0015319397991310046
11	0.0029137616506820234
11	0.0025575338462393367
11	0.0011199801305487862
11	0
11	0.002380790935699788
11	0.0019279796415169396
11	0.0025002841160806253
11	0.0032895495728084293
11	0.003681367816464369
11	0.0011959541318347273
11	0.0022363286815587726
11	0.003051327261934864
11	0
11	0
11	0.0015715101192432597
11	0.006436243595917155
11	0
11	0.003402415695401487
11	0
11	0
11	0.0046470438823178
11	0.006335073352804842
11	0.0022839938811760312
11	0.002731000505475052
11	0.0014059622421727133
11	0
11	0.005714258083198903
11	0.002563767390872818
11	0.0030589466379044635
11	0.0026366034823904973
11	0.004556369326172198
11	0
11	0
11	0.004511232147509101
11	0.0025636836046173815
11	0.0012109754519492027
11	0.004289745956662075
11	9.732998205440002e-4
11	0.0017064362691597494
11	0.0027456643989725686
11	0
11	0
11	0.003156939244610396
11	0.0020790501580226542
11	0.0010928249791594617
11	0.0027666843905348975
11	0.003916671618408072
11	0.003143788230185255
11	0.004899306911412108
11	0
11	0
11	0.0021855786201756856
11	0
11	0.003517319523934482
11	0.0029564240330153093
11	0.0031987550221936677
11	0.00240437797617167
11	0.0010699990029296356
11	0.003028681066617411
11	0
11	0.0036554309939856107
11	0.0068702531566431375
11	0.0026075013975811272
11	0.0037520975554588614
11	0
11	0.00252358710005792
11	0.003756104606089081
11	0.0021811989907677054
11	0.0026343431258546773
11	0.0022633097862921033
11	0.0037888258051879124
11	0.004437782556786411
11	8.115471546571649e-4
11	0.0027721252376944473
11	0.005330587810517366
11	0.00267639850085969
11	0.0033755554628265103
11	0
11	0.003494070219836877
11	0
11	0.004527921005573131
11	0.0020235059132335913
11	0.00270044395669042
11	0.0024476849080558856
11	0.003374188443647762
11	0.0026536886174531433
11	0.003367525908723805
11	0.00964100762030459
11	0.004440292328378047
11	0.0033010171736384867
11	0.001596406873332896
11	0.0031310653008865532
11	0.0019886254813761997
11	0.0034418754819378738
11	0.0016551608999999844
11	0.009300800118575876
11	0
11	0
11	0.00283928789604103
11	0.0011742994787818427
11	0.001871085137840399
11	0
11	0.002689836469663542
11	0.0025730695732858453
11	0.004509336524994631
11	0.00504686163345646
11	0.002424182987408523
11	0.0023790786295141285
11	0
11	0
11	0.0039468540545879865
11	0.0013109015948075333
11	0.0035188768121313684
11	0.007406372500304213
11	0
11	0.005090275446776859
11	0.0013299317001257871
11	0.0029886598709980994
11	0
11	0.003575865560484629
11	0.002282908244575412
11	0.003081756797500164
11	0.003406988037660652
11	0.0022565126100347046
11	0
11	0.0034401941587205312
11	0.005352817498446955
11	0
11	0.002911100918695127
11	0.0018887913525490697
11	0.0021871208364128386
11	0.002609009062568957
11	0.0011162917461067514
11	0.0016079828604904638
11	0.002492963421629876
11	0
11	0.0021928015318686054
11	8.844006010920306e-4
11	0
11	0.001844745849083289
11	0.004613862950210465
11	0.005386158413336318
11	0.003956270706835452
11	0
11	0.011192067583673432
11	0.00324814213750195
11	0.0016829469768846518
11	0.0016674787868980149
11	0.0016972016550176007
11	0.005150379894151979
11	0.0024964794126349004
11	0.004666575084744065
11	0.0014175142352377103
11	0.0023673631007302322
11	0.00226527065338023
11	0.0055676582993269535
11	0.0046907176761072
11	0.009487810482407402
11	0.00220378587298541
11	0
11	0.003982859424703217
11	0
11	0
11	0.0040751558739394456
11	0.0028751114405259643
11	0.0011612150013039636
11	0
11	0.002577675014252787
11	0
11	0.00196586405296227
11	0.0023164154810081734
11	0
11	0.003259929744323379
11	0
11	0.0026293473139384453
11	0.002206840942459326
11	0
11	0.0020095666773230396
11	0.0029002382948766854
11	0.0044651293284357465
11	0.004616119351499611
11	0.002529293854631261
11	0.0015053245284135808
11	0
11	0.004326799825141053
11	0.001668790577444112
11	0.002985682752206253
11	0.0036540138783264895
11	0.0039165678857716844
11	0
11	0.0017739909422549568
11	0.0021157195550527653
11	0.004643249810755036
11	0.008372086419040956
11	6.819405783762614e-4
11	0
11	0.0023452830561902518
11	0.003978670346978845
11	0.001395488741898771
11	0
11	0.0010806586239178722
11	0.0031071181458701097
11	0
11	0.0035490269925008582
11	0
11	0
11	0.0017761331563119478
11	0.0029237865832002882
11	0.002414015783942304
11	0.0027834985662915273
11	0.0019212360924249282
11	0
11	0.0034504035388007353
11	0.0033572600043457437
11	0.003006714669074897
11	0
11	0.0031661235896787527
11	0.004498561405352362
11	0.002347917013156633
11	0
11	0.0029971889296164823
11	0.0011269724348525148
11	0
11	0.0021621347069227365
11	0.002755440017794349
11	0.005106674678221921
11	0.005713986698515223
11	0.0017075617113438803
11	0.0023042147728423975
11	0
11	0.003178010438203266
11	0.0022706099386648965
11	0.0031101931751152637
11	0.003938407267849081
11	0.002082284915826709
11	0.0018164632460499158
11	0.00236789773746177
11	0.0024340776018412676
11	0.005440521324631913
11	0.003487069149621901
11	0
11	0.0034188849487262287
11	0.0017846443631824751
11	0.002680283400267575
11	0.001445132382415648
11	0.0016475241494393904
11	0.0032197044236234166
11	0.004324019227230678
11	0.002936526150315986
11	0.004891335619396809
11	0.0015643512682753586
11	0.0027766369099880657
11	0.001853284216916728
11	0.0011756144459967258
11	0.0032729715048949695
11	0.002522842318823164
11	0.003493910187419189
11	0.003738180089664664
11	0
11	0.004520664824252441
11	0.002105991062030487
11	0.0037201875312589117
11	0.003844303731985531
11	0.0015193159797729887
11	0.0029563315103209413
11	0
11	0.0018080409818934946
11	0.001244631160012258
11	0
11	0.0021732523783110176
11	0.0010774319328774268
11	0.002937013319235049
11	0
11	0
11	0.0026670064481035868
11	9.292813223203476e-4
11	0.0034325807221548864
11	0.0023031887957808933
11	0.001020357235068014
11	0.0037321251599415515
11	0.0031635661205133983
11	0.002688095137243579
11	0.0018537494306687023
11	0.00469503061690157
11	0.0019456276079683793
11	0.0019077537084216602
11	0.0015019458466620729
11	0.003589420912536128
11	0
11	0
11	0.0022351137274255746
11	0.006417643359021076
11	0.002378966606937427
11	0.0030232328643544416
11	0.00460971940192191
11	0.0012556793063944257
11	0.002477198661235117
11	0
11	0.0028009808721079347
11	0.007400603178908307
11	0
11	0.003178380945075293
11	0.0030182521414086425
11	0.003069962058025576
11	0.003355846915046179
11	0.0020509303235165042
11	0.0022518819326833727
11	0.005969870595883395
11	0.006325494253497133
11	0
11	0.0058764818861049475
11	0.0024103604439654467
11	0.00346296064391308
11	0.005694931590613654
11	0.0023006614151918807
11	0
11	0.0027341154068837004
11	9.365092088616614e-4
11	0.003288941267011077
11	0.005212446977761928
11	0
11	0.0033997097383439514
11	0.00289277425220947
11	0
11	0
11	0.0032280282502764068
11	0.007037029160630974
11	0.0024960718101906133
11	0.005874757108354501
11	0.001370162008861338
11	0.0042407388881532965
11	0.0030752613617625844
11	0.005079445737107078
11	0.0027686930713411583
11	0.002385119996477395
11	0
11	0.00395639062787029
11	0.008759917772938983
11	0.004329050337935638
11	0.0030057363350435673
11	0.0041688734423516016
11	0
11	0.002232555681398491
11	0.0014299008524297078
11	0.00890051499763027
11	0.0011909530974378566
11	0.00240420811408923
11	0.002918165887432192
11	0.001726489696400238
11	0.0025228337078715235
11	0
11	0.002496189734125949
11	0
11	0.0011564992442503607
11	0.004363132398717958
11	0.005569754083286853
11	0.001858508530180634
11	0.0014729765125688292
11	0.0027440404774543067
11	0
11	0.003490306869213759
11	0.004156460387553343
11	0.0037066099414481283
11	0.0038747910540245676
11	0.002830636887656004
11	0.005670412579954039
11	0.006355767947813131
11	0.0034383914818971496
11	0.001903688079377573
11	0.005891366097901334
11	0
11	0.0031061779665916165
11	0.001663061500305542
11	0
11	0.002269211438874008
11	0.005087804409424691
11	0.0044020129734357255
11	0.0016063181949770458
11	0.004190113559622433
11	0.0021272228979567044
11	0.0018428641927480908
11	0.0027850498323045386
11	0.0037776573752374048
11	0.002179710924245303
11	0.002582279085830019
11	0
11	0.0018511524177203993
11	0.001696123380073758
11	0.0014397137378635266
11	0
11	0.003401387048439442
11	0.0014010432641410086
11	0.005639689611019883
11	0.005016544440375981
11	0.002397970619448714
11	0.0038163744184780937
11	0.0025091289987553113
11	0.002393314375828749
11	0.002433284845754329
11	0.005464433732747716
11	0.002839065750033898
11	0
11	0.0041214852598446886
11	0.004104148162416095
11	0
11	0.0032759859331684656
11	0.005231662195734681
11	0.0022333106284340796
11	0.0031086980706021864
11	0.0015892598336516496
11	0.0011708615000169801
11	0.0036200186710549295
11	0
11	0.0030219765278207914
11	0.003221871215693296
11	0.0028043830493450217
11	0.004354319187522159
11	0.0024969535089600058
11	0.0011858324484121088
11	0
11	0.005042635730953962
11	0
11	0.0033444582028680212
11	0.0037664466616047837
11	0.002333071925095373
11	0.006728578793810078
11	0.0015828392915069516
11	0.0011480688156424662
11	0.0042672034103026606
11	0
11	0.0033369299429045936
11	0.0026463801120264227
11	0.002847653969479668
11	0.0022903861717007657
11	0.0017085239477849785
11	0.0053232454286456605
11	0.0035766665432837427
11	9.722949373409113e-4
11	0.002201412608266817
11	0.003044648295347395
11	0
11	0.002394637724426169
11	0.002952050721177743
11	0.002645380885204614
11	0.004025572201551477
11	0.005957486464724085
11	0.0032828187218771313
11	0.0018759472285179686
11	0.0021921834023674097
11	0.0021989922741266024
11	0.0025813210413914455
11	0.0027327092724247727
11	0.0020938798895740844
11	0.0011750539008105027
11	0
11	0.009796056755390092
11	0.0015981066317706267
11	0.0018445765432467379
11	9.397186638569192e-4
11	0
11	0.0027817463871538163
11	0.0035471122572941667
11	0
11	0.004899772257157376
11	0.00307698339949131
11	0.0027893613572047677
11	0.0012934025266055835
11	0.003971284868553271
11	0.0016360931362386082
11	0.0032696707157451412
11	0.0010937990198659616
11	0.0021075296856684386
11	0.0031652679746526162
11	0.0032758498483621288
11	0.0034675338025543785
11	0.006510060992008422
11	0.003561131150543568
11	0.004278506504057286
11	0.001398494927349913
11	0.0033845470282403744
11	0.002564902831778714
11	0.0021833013097552847
11	0.0019999996759255917
11	0
11	0.0038745467915749852
11	0.0028935928523358507
11	0.003928296172692618
11	0.001395870268006378
11	0.0060537443875630995
11	0.0030961112799894716
11	0.002750721456954261
11	0.0016409154865176063
11	0.0017954565676424504
11	0.0017233009422388916
11	0.002423961165017515
11	0.0021910081395423277
11	0.0025738117695820752
11	0.002683945804559342
11	0.0014571333226858828
11	0
11	0.0016623594298131447
11	9.242099740836157e-4
11	9.182882042581546e-4
11	0.003728305845467904
11	0.001554755587795114
11	0.0013187596965505784
11	0.0029361070504859326
11	0.0028900975410430887
11	0.009116998474262927
11	0.0036412515024239114
11	0.0024580006633436154
11	0.002602636653245892
11	0.0017153431690222697
11	0.0015153348149258333
11	0.002884386479257157
11	0
11	0.003644126811012873
11	0
11	0.0018947089584303333
11	0.0030562676032159044
11	0.002212599262849109
11	0.003566113161865042
11	0
11	0.0016455271943769977
11	0.002695612719524561
11	0.004224592628866347
11	9.887809784989504e-4
11	0.005055628986400456
11	0.004844986074495186
11	0
11	0.0011197093336296632
11	0.0031277496590812227
11	0.0011949893928386184
11	0.0024453305482778336
11	0
11	0.004261001027648298
11	0.0027491370862902844
11	0.005945282760347919
11	0.004625442956933064
11	0.0020793342588274035
11	0.002419337765455637
11	0
11	0
11	0.001522243619075039
11	0.003207685144542311
11	0.0019736877801318615
11	0.002711982110171193
11	0.0047352557805904185
11	0.00157690370643722
11	0.00449456886391953
11	0.010036074877591655
11	0.0025823169809409316
11	0.001291985933298703
11	0
11	0.0021689095855364333
11	0.00273746712204405
11	0
11	0.0020515100302375008
11	0
11	0.003563060015952092
11	0.006621145510176062
11	0.002522216669965058
11	0.003002818089680764
11	0.002986389114157562
11	0.0031559314993958583
11	0.0032716457973831765
11	0.0024018801029147547
11	0.004365101700009186
11	0.004891091333861321
11	0.0018006717960799517
11	0.0035751479402765397
11	0.0044475060591065525
11	0.0022015693207780066
11	0.002821403636326891
11	0.00333080167030123
11	0.0028979465858345694
11	9.910471172931638e-4
11	0.00495115226850234
11	0
11	0.0018946284393699204
11	0.0027532865095212635
11	0.006673941104932803
11	0.002872891370161089
11	0.0019374799673610853
11	0.003806713596856471
11	0.0036510393872370506
11	0.0017567184911862744
11	0.004652168237933001
11	0.0019401036332287367
11	0
11	0.003104682703898376
11	0.0022625465008290165
11	0.0019746702987650648
11	0.004005540276174734
11	0.001378006601376627
11	0.0012884861921107257
11	9.803171014302796e-4
11	0.0026438014292509476
11	0.0018910828302125843
11	0.001087973132935653
11	0.0017685232197738809
11	0.0011547972722410005
11	0.0017788897092428778
11	0.0016205859895403142
11	0.0014812710016964404
11	0
11	0
11	0.004323734739752615
11	0.003538626198343835
11	0.003397912467522803
11	0
11	0.004677085296746469
11	0.0021154060249760397
11	0.0013262041835884679
11	0
11	0.005821483611621485
11	0.0019456228776058287
11	0.003014936756309898
11	0
11	0.004104467709005898
11	0.0013586774853985113
11	0
11	0.0027603246360222438
11	0
11	0
11	0.002410135068531654
11	0.0013780064394305323
11	0
11	0.001976017430771779
11	0.002679989101918986
11	0.005173380741875867
11	0
11	0.0019909140947021054
11	0.0022490116089174906
11	0.004464438550015689
11	0.003778006800514456
11	0.002637380650805038
11	0.0013464471162355318
11	0
11	0.0032665037015744947
11	0.001558408282994876
11	0.0022091240286390133
11	0.003406027141018357
11	0.005273951598858435
11	0.003590041362661763
11	0.003413638176665837
11	0.0027845793281092357
11	0.0026576931563456227
11	0.003386372425147634
11	0.0012911425598676105
11	0
11	0.002828571016265893
11	0.004767358561196733
11	0.0061194136936368725
11	0.0038338708779540307
11	0.0032764391490822248
11	0
11	0.0022340681325883783
11	0.002495080244675262
11	0.0019304089890120018
11	0.00902592217395442
11	0.0017394772752034999
11	0.0036712443639740247
11	7.8430681901546e-4
11	0.0011276890419977766
11	0.002100252492089338
11	0.0017161418968429753
11	0.003482515174305102
11	0.0019704665259518733
11	0.003549653772506409
11	0.004102560302532742
11	0.0029432836707352344
11	0.0023020279123382188
11	0.0018367312759679304
11	0
11	0.0034503079095597774
11	0.0011151170721394575
11	0.006024496828140356
11	0.0013985612115568768
11	0.002156706419657024
11	0.0027474339772437387
11	0.0033229246237299077
11	0.0026287500467129694
11	0
11	0.0010240011923598137
11	0
11	0.002247279483858407
11	0.002667240091729674
11	0.00493239514555835
11	0.001553288546294076
11	0.005212614886358642
11	0.0013116731914570566
11	0.0059704108333960846
11	0.0037685445588155025
11	0.0025263366144655857
11	0.0011616920149747593
11	0.004676412865900217
11	0.0018691781351696574
11	0.003651493905019742
11	0.002538731902166607
11	0.0019465176104342954
11	0.0037903030279843233
11	0.003803740563318105
11	0.002484539326855778
11	0.0011530980059563066
11	0.002121261065932338
11	0.002267820681504042
11	0.0019690657062600495
11	0.0021555907620635912
11	0.0022038133893520153
11	0.0033880424140539144
11	0.0034453206312311064
11	8.638705097569777e-4
11	0.0033092355074078937
11	0.0030010663677418063
11	7.120884275490745e-4
11	0.004629043901429588
11	0
11	0.00686794093214178
11	9.116129698899119e-4
11	0.0033759297774108546
11	0.005605925885389535
11	0.003915033691250816
11	9.326909115883328e-4
11	0.0024041175073513253
11	0
11	0
11	0.002964078625208689
11	0
11	0.003594151072364801
11	0
11	0.0022617942752562073
11	0.0018318227027653887
11	0
11	0.0036862750186076173
11	0.002531861206234977
11	0.004852098116923001
11	0.00343150432152392
11	0
11	0.0031265872599467973
11	0.004464965352341691
11	0.0028960791314588024
11	0.0035833932335009666
11	0.002540094147760238
11	0.0029980037418664294
11	0.004525148644973413
11	0.0025161040792985147
11	0.0024113360660658603
11	0.0038478566813182537
11	0.0015445602633685288
11	0.0016218363483900204
11	0.0026582225068665587
11	0.0028764976291971696
11	0.0014780176656256252
11	0.0031257980161539444
11	0.002191463591094212
11	0.006978934880730469
11	0.001801551724663297
11	0.0014268148293366083
11	0
11	0.002749264464114718
11	0.0028103996887044007
11	0
11	0.0035862745412610017
11	0
11	0.0019490698816943793
11	0.001597169596216178
11	0.004076302156035204
11	0.0021950283480412325
11	0.0017035218462630836
11	0
11	0
11	0.0031266013885465314
11	0.0036262302205185685
11	0.0021670954735226967
11	0.003246428274857127
11	0.00460619493816479
11	0.0033523964946571743
11	0
11	0.0013157245995933048
11	0
11	0.0029591855146617082
11	0
11	0
11	0.0020627794649321933
11	0.008484947570768894
11	0.0033246983180022496
11	0.001633693772244349
11	0.0034348096793267477
11	0.0048505021047008
11	0.003887923807036171
11	0.002597525138203163
11	0.0017808064389271674
11	0.003294310908776651
11	0
11	0.003077932419866331
11	0
11	0.0013651019057207446
11	0.002905493603352178
11	0.002999566872036389
11	0.0012984768998343078
11	0
11	0.001472146576851137
11	0.001968827160621713
11	0.0030192066357397594
11	0
11	0.002790987913971604
11	0.0020972125344826237
11	0.004412307424484859
11	0.0024390521853081978
11	0.0025675363283129515
11	0.002407265759393758
11	0
11	0
11	0.001857458799303027
11	0.0019982027957043125
11	0.001714267292466417
11	0.0036709187959250676
11	0.0022923425631995484
11	0.003474697509859638
11	0.0034730254624999
11	0.0020920741152442132
11	0.0022662276484151445
11	0
11	0
11	0
11	0.0014410863700240577
11	0.003281077539218428
11	0.0013135037833141828
11	0
11	0.002781536598788897
11	0.004895123876166978
11	0.00136148518619855
11	0.0035384637649837803
11	0.0025175607865916324
11	0.0016067932401905062
11	0.003933829835536723
11	0.00334894340936187
11	0
11	0.004039873931967306
11	0
11	0.002405931366774097
11	0.004077378785738715
11	0.003823433360602433
11	0.0023783009218871034
11	0.004337326898725636
11	0.003832846082645345
11	0.0022751017038450134
11	0.0026517996520498683
11	0.00443793007220135
11	0.0034611726616448064
11	0.003253153730484967
11	0.0021068936613596197
11	0.002696174052771362
11	7.713638907123776e-4
11	0.003087954447744559
11	0.008116711285600776
11	0.002993374445469323
11	0
11	0.0014750962676166486
11	0.003460258253781223
11	0.003592056348181475
11	0.0016548560131710568
11	0.004275438954444131
11	0.0014308700841562782
11	0.002702138836120487
11	0.0036304707742818225
11	0.0015975432151769256
11	0.0016447060214262257
11	0.002952312246351
11	0.008243336105995445
11	0.002063398726692965
11	0.001559880273479085
11	0.007463788719397671
11	0.003032409067951522
11	0.0038080340184565666
11	0.003390624749842409
11	0.0035832175804843473
11	0.003240201506680288
11	0.002544307879843679
11	0.008659741439859104
11	0.003012281722865807
11	0.0031046417905811158
11	0.00451272955631859
11	0.0026675037169291314
11	0.0033161404816680357
11	0
11	0.0039843237764833166
11	0
11	0.003737374120342778
11	0.002838956197351287
11	0.004139985188847215
11	0.0032801826742523367
11	0
11	0.0021218256512128683
11	0.00199929179503914
11	0.0034771694154188296
11	0.002732521153070283
11	0.0024668083764506103
11	0.004909861240080342
11	0.002412940438780755
11	0.0019536669058478322
11	0
11	0
11	0.005827777962473546
11	0.002724052256589625
11	0.001422797990571356
11	0
11	0.0031195068535219005
11	0.0011907719094954108
11	0.002451174514691029
11	0.002190297832007662
11	0.0034339098244777684
11	0.006243841286773673
11	0.004372480559749197
11	0.003895041157411623
11	0.0030480629034943686
11	0.002466385672220195
11	0.0018885431327001218
11	0.0029870617949186136
11	0.0029714402650791905
11	0.0025287194974670094
11	0
11	0.005639397351107149
11	0.0031856734846303805
11	0.0028590076339420987
11	0.003111583159410988
11	0
11	0.00493105245739661
11	0.0018587744766810064
11	0.002276349515365744
11	0.00270323871922049
11	0.0018735822196735855
11	0.00260920638929163
11	0.0022610516405975707
11	0.0032080719652725314
11	0.0020511324967339402
11	0.002081201671665721
11	0.0021999488511372078
11	0.003144794091326536
11	0.0020723060319041823
11	0.003263203618161866
11	0.0035470957928864016
11	0.0012102732339011242
11	0.004054760710101865
11	0.003109544187538673
11	0.0028866354628316136
11	0.001369078906867191
11	0
11	0.0034033451707493707
11	0.005001246711571807
11	0.005164253447972767
11	0.00271207009246281
11	0.0032470751663133198
11	0.00199131185877209
11	0.0019407567524018102
11	0.0035037455068035743
11	0
11	0.0036745243593259533
11	0
11	0.0031747959732402655
11	0
11	0.0018412359654470106
11	0.003393459510290062
11	0.005279694983493601
11	0.003943596361528268
11	0.002672345290949529
11	0.003731263046567587
11	0.002975390368658112
11	0.0018284634180181058
11	0.004207621115850949
11	0
11	0.002130268568967182
11	0.0011122856675153249
11	0.0012221388064682884
11	0.005838068714624826
11	0.0051057903172900595
11	0.004155557938987322
11	0.004662459828033202
11	0.0029289776301988446
11	0.0019006636458796787
11	0.0036702861331453875
11	0.003738424414532733
11	0.005969545996056648
11	0.001672995997608216
11	0.004341649945345419
11	0.004801413081163117
11	0.0024354945571246115
11	0
11	0.0025496642036403096
11	0.003924846299163324
11	0.0012631594072558521
11	0.003052022463432067
11	0.0030153087107747294
11	0.0018575753126704286
11	0.00801232819516029
11	0
11	0.0020995531597187474
11	0.0028259316379302102
11	0.0018097704602920968
11	0.0013668372641921225
11	0.0025949905898352906
11	0
11	0.002657945688001523
11	0.0023960297697857955
11	0.0016021757035980914
11	0.0025186975670171505
11	0.0030471723214391252
11	0.0021822536662240975
11	0.0040027833609526785
11	0.0011305420490043728
11	0.0024191354498533883
11	0.0010640817642479415
11	0.004369131546028246
11	0
11	0.003474052472012671
11	8.832974126463709e-4
11	0.0025988069891930807
11	0.004724424919495521
11	0.0029609979664077407
11	0.003790408262797255
11	0
11	0.0020218468355881225
11	0.0017606672899467297
11	0.003196835322896578
11	0.00216697518676932
11	0.0016221866239017637
11	0.004998500689899176
11	0.003429921534125548
11	0
11	0.002930855550309126
11	0.0037858119609002327
11	0
11	0.003458316093950717
11	0.0012411596217154642
11	0.005242925184249295
11	0.006213446785366757
11	0.002728693136727126
11	0.003170244554090445
11	0.0014446194770807673
11	0.001946270845327361
11	0.008062208767006439
11	0.003994934686540722
11	0.002659043538893325
11	0
11	0.005757429942118683
11	0.004910293728980662
11	0.0016277362143451966
11	0.0010341015727102034
11	0.0014751636635467044
11	0.0031409768239667357
11	0
11	0.004188045331849967
11	0.00319716605021261
11	0.0059237848404720805
11	0.003040004187972909
11	0.0024435140102862982
11	0.005874254480004431
11	0.0011833637243293454
11	0.0012822700136232966
11	0.0013465203510910628
11	0.0014194683259981064
11	0.003148305054635171
11	0.0021448486344828816
11	0.00141240462161592
11	0.002418983002896197
11	0.004229661502179978
11	0.0012023484461601431
11	0
11	0.004195470638904478
11	0.0024091977233499937
11	0.00246818140951362
11	0.0022839755756275566
11	0.004446867094466113
11	0.009567222009526406
11	0.0023428416511640866
11	0.0022882434247592197
11	0.004790350618059727
11	0.004066907957934225
11	0.0021411392061135973
11	0.003787700792672978
11	0.0011825486436469936
11	0.006531032359633328
11	0
11	0.003394274252128097
11	0.0012615588053346365
11	0.005617848055507219
11	0.0024338022864779834
11	0.002554135450779138
11	0.0019974083403923744
11	0.0014333411090035057
11	0.0026550774285537407
11	0.0011232725535974257
11	0.0015564347772208417
11	0.0022551997538612324
11	0.0045590207306761025
11	0.0031912859764635314
11	0.0062749448134200615
11	0.0028771148366059512
11	0.0031272317977827395
11	0.001602800983883043
11	0.0034023812398658337
11	0.0019648715448565114
11	0.0039216118155895084
11	0.0018904336415134354
11	0
11	0.0062180681797572275
11	0
11	0
11	0.00269963669643457
11	0.00423816064020024
11	0
11	0.0013647165502757026
11	0.0027233559239098963
11	0.00139967667898102
11	0.003972606922477893
11	0
11	7.010003876264289e-4
11	0
11	0.003977613796457601
11	0.003147768230367612
11	0.0019276808824556073
11	0.003031606793171744
11	0.00347109766753788
11	0.004299308098083268
11	0.0030455965297611896
11	0
11	0.0020928709542512324
11	0.001819052826294755
11	0
11	0.003750166777715441
11	0.003623889672887787
11	0.002211621868468705
11	0
11	0.003702516401179524
11	0.004277848274607661
11	0
11	0.0020754486693467236
11	0.0019582195557804483
11	0
11	0.0035554613965129234
11	0.0027343526428334096
11	0.002848419213017464
11	0.0030847219029602603
11	0.002073776122163195
11	0.0020758014321831924
11	0
11	0
11	0
11	0.004569710359524559
11	0.0024693569136015735
11	0.0015648985420266567
11	0.008436079991112636
11	0.0017325803911347163
11	0.0021429910443098664
11	0.0015935298344401233
11	0.0019160303104343664
11	0.001871096416198765
11	0.0022216412345606174
11	0.002877427197268506
11	0
11	0
11	0.0027392252277554114
11	0.0027737987910740557
11	0.006433543183567185
11	0.0031487850777868398
11	0
11	0.0038569057072724263
11	0
11	0
11	0.003055105586356912
11	0.001322554131177191
11	0.007829479095011822
11	0.002875331239182094
11	0
11	0.001245016398843325
11	0
11	0.001928201123609423
11	0
11	0.0029196032201540306
11	0.0015124932470349341
11	0.0029170516671499715
11	0
11	0.006057858108468336
11	0.004808548894500937
11	0.004880296682849122
11	0.003490052868549775
11	0.0031797493677118405
11	0.0032512959853955334
11	0.003925285668619261
11	0.005044405375274601
11	0.0021338979725064075
11	0.0015383105974979775
11	0.0015733567260699047
11	0.0057072726810277075
11	0.002383538394574264
11	0.004116489355856345
11	0.003483707723273651
11	0.003512777789060602
11	0.002808521507469392
11	0.003975075390701699
11	0.0032558949110503056
11	0.004184809068175352
11	0.0057605426527058004
11	0.006980789198235774
11	0.0029688474129101507
11	0.0030830895197221033
11	0.0017926029478766614
11	0
11	0.002814746879572633
11	0
11	0.003893576722419169
11	0.005092137358807078
11	0.001648027010802333
11	0.004054842889376453
11	0.004602887741587073
11	0.002652557849957612
11	0.00567910643478878
11	0
11	0.002963461929977871
11	0.005177637733991952
11	0.0022519412436807387
11	0.005522991878686639
11	0.0028443951723895163
11	0.006142340296964138
11	0.00242710052125273
11	0.009158510609037383
11	0.0016590900985469475
11	0.0014002164186835
11	0.0015683090549112497
11	0.002915596994149755
11	0
11	0.0027821018009094225
11	0
11	0
11	0.0030328383245811666
11	0.001825787343922391
11	0.0022380369012832287
11	0.0015650432655932574
11	0.0021093349038492242
11	0.003015626101448835
11	0.0053553190349775
11	0.002301170440778243
11	0.0044544642754948405
11	0.006308293716681035
11	0.00437603769002963
11	0.0014190807425510502
11	0.003006572583511974
11	0
11	0.004667912375809285
11	0.003396115225018973
11	0.002588410649166734
11	0.0011494036424960648
11	0.0038076729297265364
11	0.0019031152827312593
11	0
11	0.004090869293278603
11	0.004246790929481354
11	0.0033129329050386454
11	0
11	0.0041709725643021365
11	0.002178163221606609
11	0.004650786609947095
11	0.005509632795645036
11	0.0014163065948481959
11	0.0013093020085045886
11	0.004265424326869714
11	0.004745887043711535
11	0.001461342370014624
11	0
11	0.00420175655311792
11	0
11	0.004133303290205823
11	0.004146479639114577
11	0.0033810485951025686
11	0.006655350934091666
11	0.003071787568846444
11	0.0023845224830770393
11	0.002121695952875528
11	0.002067926309457763
11	0
11	0.0014119177967554179
11	0.0015518935642559162
11	0.00228869158301404
11	0.0032745038946127695
11	0.00467705217854923
11	0.003477506477185715
11	0.002182630796594947
11	0
11	0.0026180287683590688
11	0.0027435071425193414
11	9.388879183533455e-4
11	0.005759037981670058
11	0.0034328049965415266
11	0.002439675346450297
11	0.004457029303394896
11	0.002317735608476211
11	0.00417059965655012
11	0.0015368600630443548
11	0.002521397144261921
11	0.004156429400307451
11	0
11	0.001169263477040284
11	0.0026434104162221927
11	0.002148019390407114
11	0
11	0.002392503701732578
11	0.0038444221672166543
11	9.572964751909296e-4
11	0.002713817716832458
11	0.002986527168716955
11	0.004795074727223568
11	0.005398307912284651
11	0.003926390204471085
11	0.0019721974251351157
11	0.0026512526075944155
11	0.0021496333775398333
11	0.0025299591421393468
11	0.004265658298381112
11	0.002526075957593244
11	0.002484940272258045
11	0.0015241123600133585
11	0.0010265017519474643
11	0.0011478834119700181
11	0.0030121578560971117
11	0.0017870025784204057
11	0.0035150235536672825
11	0.0020462651514255308
11	0.003758448594412912
11	0.005901199328887735
11	0.00623447699663661
11	0.002534524442113386
11	0.0010140094592728844
11	0.0062896466232736144
11	0.0016785875823461058
11	0.003953021991503946
11	0.0032639091438579084
11	0.007785816036301113
11	0.0035451091915429007
11	0.001398530478798598
11	0.0036344694913459396
11	0.0015161477922125638
11	0.0015736291759909434
11	0.0029933743238783643
11	0
11	0
11	0.006139587117902497
11	0.002415792959774276
11	0.0020041114927460482
11	0.002517806494104114
11	0.004333248165981016
11	0.0026326381641687637
11	0.002171921134658597
11	0.0014116871645332566
11	0.0030370068507163954
11	0.0026343873166791744
11	0.001200930036177272
11	0.002774848782998196
11	0.0021445125948954175
11	0.0041971217491722545
11	0.002445193592865058
11	0.001454289904114727
11	0
11	0.0035950894093620673
11	0.00377331197717544
11	0.0031170624460732837
11	0.0019479129030404163
11	0.004075165619824473
11	0.001286161451378982
11	0
11	8.886554250166953e-4
11	0.003332232748226302
11	0.0031646850387476158
11	0.00238606915764365
11	0.003436850037932152
11	0.0047761186174125735
11	0.0029736608858611352
11	0.0021815661924014956
11	0.002282474345043538
11	0.004248541666588765
11	0.0038409282098240175
11	0.0023483206178575846
11	0.0020367633735759024
11	0.0021615302176893844
11	0
11	0.0021925278696543703
11	0
11	0.0016962423220516962
11	0.0023643149812493
11	0.002196214979794187
11	0.0028757407707505995
11	0.002372554601079167
11	0.003411226515345524
11	0.0024646626690406695
11	0.001076370842123017
11	0.002860617172473847
11	0.0021030295903556053
11	0.004523705690326043
11	0.001668827119791024
11	0.002723560855768907
11	0.0018588499072899412
11	0.004501497357998052
11	0.002616747298150459
11	0.0023959083392938564
11	0.0025045679302597105
11	0
11	0.00309797000807487
11	0.0019278546876543342
11	0.0012185627722164098
11	0.0024131177450121112
11	0.003139194940654122
11	0.004162965133293142
11	0
11	0.0010398810385116644
11	0.0017906416847791357
11	0.004808361672012923
11	0.0031789670578082803
11	0.0038484406758562445
11	0.002016976922367607
11	0.003701293159301525
11	0
11	0.0018574401748555883
11	0.006993262151283645
11	0.003461742739170411
11	0.0019486949404905448
11	0
11	0.002096652848471688
11	0.0036020432158456956
11	8.918740751051205e-4
11	0.0029378597891680956
11	0.0031016203484331628
11	0.0025682070711283045
11	0.0020852029262257922
11	0.0029666690383988777
11	0.003992357859017548
11	0
11	0.002067749134345303
11	0.00367007574696846
11	0.0031612323506901097
11	0.004856252419982943
11	0.0043301728765087364
11	0.0047675133376012075
11	0.004819203344338728
11	0.0029197007263048447
11	0.0031754071291749957
11	0.005045088100816381
11	0.003538062667727406
11	0.006516883092991954
11	0.005160943460718908
11	0
11	0.002351108000565953
11	0
11	0.0027227913617183293
11	0.00397450682978916
11	0.005165030985316488
11	0.002178673704881291
11	0.0019353447104705783
11	0.0019887363379466295
11	0.0023163724067225477
11	0.002529209008629381
11	0.0038514247503933807
11	0.0017849737359810947
11	0.0032970667301722217
11	0.004096035966600821
11	0.0031445031368339516
11	0.002845716974314577
11	0.0015189993249170046
11	0.002246714245134145
11	0.003401978557930806
11	0
11	0.005682505723787518
11	0.0015530564330042205
11	0.004146940053167281
11	0
11	0
11	0.00408464202260541
11	0.00137947826667985
11	0.0028015405156582456
11	0.0018949573077489015
11	0
11	0.004721685100279413
11	0.0016518793852537
11	0.005038128298571911
11	0.003130743308055372
11	0.0024623694228973337
11	0.008826356063120168
11	0
11	0.004014272432632186
11	0.0016188915076962495
11	0
11	0.0016496866414812972
11	0.002520172091171952
11	0.005745421730646472
11	0.0023652561666901964
11	0.004733622014390405
11	0
11	0.003575993864659198
11	0
11	0
11	0.0035893436451189314
11	0.0029357984567965996
11	0.00413996991546102
11	0.0010387571027065483
11	0.001130992314259396
11	0.005595333833737948
11	0
11	0.0013415423831023684
11	0.0043429451982324166
11	0.004487547181305334
11	0.0023172592680472735
11	0.003556756654136508
11	0
11	0.002366349782146338
11	8.83099031163685e-4
11	0.0034559425230658086
11	0.00398216978951919
11	0.001637390049505271
11	0.0024289073937380765
11	0.002815302607393144
11	0.0013400199621524695
11	0.0017518569868276935
11	0.002885146973468813
11	0.004827552849150137
11	0.0038690020970551997
11	0.004634182775799937
11	0.004377669528255692
11	0
11	0
11	0.0023334597996073512
11	0.0021938194445806853
11	0.0013385573142687514
11	0.002892602478338179
11	0.005730859695827051
11	0.001520488704338752
11	0
11	0
11	0.003185124272018796
11	9.233413704760187e-4
11	0.0030098237425770944
11	0.0035974920064894508
11	0.002702964603860207
11	0.0012593133792349208
11	0
11	0.0034702376516410997
11	0.003393579869531612
11	0.004933518013262484
11	0.002650666080554952
11	0.0025065015850913933
11	0.004105517585184056
11	0.001469600082903148
11	0
11	0.0018293369739838467
11	0
11	0.004584611430284083
11	0.0015830381612494762
11	0.003792895968379548
11	0.005019056579826684
11	0.0013299486422876413
11	0.0030321200856670647
11	0.0024386024906613802
11	0.001818920310727628
11	0
11	0.0030743297173063894
11	0.001905466847350586
11	0.0061857303226130825
11	0
11	0.002974929832722137
11	0.0035253965279215455
11	0.003153468365118468
11	0.005445343786026643
11	0.002140910246576008
11	0.0042914984968297825
11	0.0033523255493655302
11	0.002612959723795886
11	0
11	0.005356475938485945
11	0.00443690854152693
11	0
11	0
11	0.0013441843640971968
11	0.006497015873812582
11	9.174611391927866e-4
11	0.0021543126264596197
11	0.004258301226744456
11	0
11	0
11	0
11	0.002836455224602466
11	0.0012220654261709022
11	0.0027023159051290995
11	0.005560456094252578
11	0.0013153739952875194
11	0.004960386779154232
11	0
11	0.0022242443064910723
11	0.004238630357781601
11	0.0017411491102293877
11	0.003777175292423497
11	0.0016263638428850057
11	0.004006570685769879
11	0.0024181399220812097
11	0.0018912819576797876
11	0.004162052123604553
11	0.001976603140921338
11	0.0032234375608903676
11	0.0029272479103406197
11	0.00180041808577088
11	0.0018630391995499273
11	0.004125725952921289
11	0.00575047808527475
11	0.005211578749052079
11	0.004782245560432684
11	0.0022787986486680054
11	0.0027325367015761074
11	9.684355021301248e-4
11	0.003304847573506318
11	0.00441987437115643
11	0.008491216994028609
11	0.0020878600616274744
11	0.006604957754390984
11	0.005173831209910043
11	0.004037025607844901
11	0.002276429691338961
11	0.0011272107054268194
11	0
11	0.002557378771177977
11	0.002415482534798454
11	0.004309940170662669
11	0.0033985580782735264
11	0
11	0.003282791466393952
11	0
11	0.004421617138147243
11	0.0016901141827383327
11	0.003780442410317083
11	0.002308473105185989
11	0
11	9.386080801201841e-4
11	0.001976163049054888
11	0.0028023952358123974
11	0.0036508135896819185
11	0.0038280646858560533
11	0.0038859262132313692
11	0.0024947219553912523
11	0.0018966705999211265
11	0
11	0.0037611171625632133
11	0.006489120068899556
11	0.002000438671104267
11	0.0029012558952062253
11	9.329860481442326e-4
11	0.004425024834669654
11	0.0025779206694893195
11	0.0014974177025413975
11	0.002416687032807074
11	0.001477020444910201
11	0.0021116297246365073
11	0.002790941808021521
11	0.002470238276612034
11	0.003249707152035369
11	0.003972517818709931
11	0.0034866783987942654
11	0.0018881420831905488
11	0.004509372507350808
11	0.0020420945420683502
11	0.0012426911309741078
11	0.001317006287772986
11	0
11	0.0022219330425718303
11	0.004118676864461284
11	0.0048457136525394805
11	0.0022863140469447664
11	0
11	0.00441170237279998
11	0.00393316035032339
11	0.0010821011296318678
11	0.002556972485432368
11	0.0019603247804088875
11	0
11	0.00334561442256542
11	0.0031757378033681
11	0.004527667776275741
11	0.003984436402734973
11	0.0034563158879978933
11	0.0025552475533692754
11	0.0016761902948164466
11	0.002327991766873636
11	0.003017610662036748
11	0.002317172242926737
11	0.0020039306211693674
11	0.002908722225920437
11	0.002016197638758756
11	0.00430854101690321
11	0.002846273890826375
11	0
11	0.004262044821025868
11	0
11	0.0026280395636726797
11	0.004866682828501197
11	0.0031190214967586243
11	0.0036688781976888024
11	0.0020809635871761835
11	0.0011155600727766081
11	0.004161756660581519
11	0.0020089421347854637
11	0.0014299848093479919
11	0.002010462777976199
11	0.0016469611842083564
11	0.0032099428031564345
11	0.003006682090711632
11	0.0031484279182239783
11	0
11	0.005957375982245078
11	0
11	0.0037229436475043655
11	0.004147975069796836
11	0.004459684965295537
11	0.001645252990621267
11	0.001911113679238436
11	0.009113651638755646
11	0.0022093604779317754
11	0.001507408592664393
11	0.0011959714620394838
11	0.00234000826004321
11	0.004100666701076148
11	0
11	0.0038406223591910256
11	0.0016763693984705257
11	0
11	0.002156597646361606
11	0.003985236967844526
11	0.002651554125167927
11	0
11	0
11	0.0013192471619535022
11	0.001987366257742938
11	0
11	0.003151840985197994
11	0.00223250489111113
11	0
11	0.004520554970618893
11	0.002901358927678604
11	0.002631844345642509
11	0.0017314149382672886
11	0.0031688480075356107
11	0
11	0.0054254291585487885
11	0.0018203903160116757
11	0.0045765106090035505
11	0.0026730065304260016
11	0.006131890371499792
11	0
11	0.0014947864853506031
11	0.003337557085729791
11	0.0028074128185825334
11	0.001159504266292968
11	0
11	0.0012746402417079573
11	0.0029134046881430604
11	0.002627041155017266
11	0.003963877983859841
11	0.001748431658965468
11	0.0019800071440956965
11	0.004088021910837522
11	0.0012142112399683097
11	0.0026299567922527752
11	0.004032550023697809
11	0.004623366542536879
11	0.0018100348533330052
11	0.0022004080488081264
11	0.003122548965913372
11	0.006015526346493926
11	0
11	0.00425468446425275
11	0
11	0.0038241710145157023
11	0
11	0.0043673367766090005
11	0.004502955717810275
11	0.0017907559635263364
11	0.003366936618827558
11	0.004271230586039502
11	0.0014775603029621139
11	0.003441215263434579
11	0.004738968359996695
11	0.0026863254343828147
11	0.0016259378807401321
11	0.002875517983647953
11	0.002541041804953889
11	0.0032737705924867815
11	0.004897606195144112
11	0.0037212200002371258
11	0.00227439277488168
11	0.0022653887703876154
11	0.003908488756619889
11	0
11	0.004017370706344234
11	0.0030382432650516125
11	0.002179779266446387
11	0.00951824748719718
11	0.0031003775240917297
11	0.0034390682790616423
11	0.0034784964533885253
11	0.0029573674502467477
11	0.0021852938613688283
11	0.0029560432859164747
11	0.003322287222316448
11	0.0014517846758845079
11	0.0014371477616915277
11	0.0017257537993912847
11	0.002768249195574919
11	0.005905321621450754
11	0
11	0.0028143208131604413
11	0.0025539485819591214
11	0.005190726525227207
11	0.0034790531575003784
11	0.003014526480112071
11	0.0035795195401510218
11	0.0028617181730183003
11	0.00325117269010879
11	0.0024547692350900957
11	0.005622851238168663
11	0.006758792830752336
11	0.005092313912733265
11	0.003112300061822651
11	0.003330724762996642
11	0.0039566545239914565
11	0.001096272514452427
11	0.0014210009092002767
11	0.004095288027218152
11	0.0040761035088505235
11	0.006238881033828274
11	0
11	0.004103404143037251
11	0.003572020945672456
11	0.002256257483346079
11	0
11	0.001804027950699361
11	0
11	0.004013153164960394
11	0.004491304210768223
11	0.0013383722119293463
11	0.0025166446427353365
11	0.003208281672303529
11	0.004163904922467407
11	0.0029809314492594487
11	0.004031384376204814
11	0.00562817410340592
11	0.0010379903713651658
11	0.0035700105720143094
11	0.0018965017007772547
11	0.003898333878558492
11	0.006262742954451201
11	0.0014593556702038614
11	0
11	0.003646083055262852
11	0.0013123171209316001
11	0.0016861814081640355
11	0.0021308263487514844
11	0
11	0.003915065521910171
11	0.0033207395590704224
11	0
11	0.001798809297016646
11	0.0012669982565074623
11	0.002892061135627135
11	0.006006017643629476
11	0.0013316250618997949
11	0.004185347541590618
11	0.0018887386089152193
11	0.0032960178222689145
11	0.003825403200191499
11	0.002704890078935394
11	0.002411237440860146
11	0.0032072318525306993
11	0.0026009478326570238
11	0
11	0.004702364956069063
11	0
11	0.002988744870433844
11	0.010253771241982932
11	0
11	0.0017375073971313483
11	0.003446069547903486
11	0.0017857772247711202
11	0.004749197578856566
11	0.0018485693716409715
11	0.004104267986863062
11	0.005000027987310876
11	0.0025413001858887244
11	0.001750351434447073
11	0.006090862277824877
11	0.00414886091321677
11	0.003908272981879042
11	0.003373704481551274
11	0.004132843615831654
11	0
11	0.0011626172193980077
11	0
11	0.0021127763380439386
11	0.0019353557796900568
11	0.003270687121742243
11	0.006363638319221948
11	0.003512415672315036
11	0
11	0.0015017136092778014
11	0
11	0.004942723968964687
11	0.004946617030090501
11	9.719368127374088e-4
11	0.0015551345795916248
11	0
11	0.0031577642094598175
11	0.003710876608660777
11	0.004935308396642227
11	0.0030522966979150763
11	0.003087104218561038
11	0.0023433882680017073
11	0.003804305785688712
11	0.0021633299418245037
11	0.006048334621970949
11	0.004139065628745485
11	0
11	0.0038474715399182996
11	0.0033139470200882247
11	0.005003964225008982
11	0
11	0.0025403664618928136
11	0
11	0.001172765226651624
11	0
11	0.0028419422461182942
11	0.004134662729241938
11	0.003627539176049579
11	0.003251214162168469
11	0.00347303532482329
11	0.006222202087064731
11	0.0022385890986298825
11	0.004763870516788512
11	0.0013016388999787327
11	0.008142346338197975
11	0.0015980408924171719
11	0.0017994306499754188
11	0.004498362513955703
11	0
11	0.0020503428251502395
11	0.00267419488506296
11	0.0019320145827586733
11	0.0028662119619695535
11	0.002813474390412235
11	0.006066145656939404
11	0
11	0.002416639331189913
11	0.0053046427303171315
11	0.001885742031451747
11	0.0019640482113737552
11	0.005668169934820046
11	0.003451992585535889
11	0
11	0.004606510419806157
11	0.004126271731555272
11	0.005047162071142055
11	0.0026081952343882733
11	0.0032115655038209385
11	0.0016739013226726997
11	0.003820949179540548
11	0
11	0.002246163588338265
11	0
11	0.0029352339521179207
11	0
11	0.002423178920017152
11	0.0035443995472432075
11	0.0025960447186768017
11	0
11	0.004097452294370639
11	0.0038248157496760947
11	0
11	0.0017329253583138141
11	0.00196864944001537
11	0.0020686684484267424
11	0
11	0.0036481564103324573
11	0.00378248388785758
11	0.0033850663218065627
11	0.0027841561086209892
11	0.0036685121144107587
11	0.003621406159642202
11	0.004350735580726095
11	0.002103207913754486
11	0.002073360238839246
11	0.0027343789034448645
11	0.004680242668528737
11	0.003182651632150979
11	0.0017510791931023197
11	0.0030012799736845903
11	0.0034333402237760936
11	0.00226396491021979
11	0
11	0
11	0.002128995209041833
11	0.0038836513916765346
11	0
11	0.002113137103888206
11	0.007207585972110797
11	0.0034255219213225933
11	0.003881817843077663
11	0
11	0.0012606514190264854
11	0.004016133695117157
11	0.0024648260603541464
11	0.004830614472951473
11	0
11	0
11	0.004974500950784729
11	0.00553055340491999
11	0.0029161798408801455
11	0.00439769251332659
11	0.0023707631890182625
11	0.0025937160870842645
11	0
11	0.0023938629784363437
11	0.00262344532037509
11	0.0024562066392004862
11	0.002361512729938227
11	0.0026532741150168716
11	0
11	0.0027518195226670966
11	0
11	0.0042032185447729515
11	0.0019455174998514603
11	0.0038537178269374512
11	0.0026800278332313725
11	0.001977295558033712
11	0.003054283692932147
11	0.0017089544052940253
11	0.0020154393069004004
11	0.006410889127528492
11	0.0016516598228284356
11	0.0037894892183292636
11	0.002106798580958434
11	0.001294312969941938
11	0.003548619876535564
11	0.003631960495608419
11	0.0041436858242329564
11	0
11	0.005888777004273408
11	0.0016571600750161998
11	0.0034644493219994237
11	0.004139488057115506
11	0
11	0
11	0
11	0.001238110497307686
11	0.0016853905139516336
11	0.0015575281731916972
11	0.004095400075707545
11	0.0033133939357267617
11	0.005021957350197898
11	0
11	0.0033422200804946785
11	0.002688205742319647
11	0
11	0.004560579740877142
11	0.0033468544323576282
11	0.001573285640869496
11	0.0035894214855574746
11	0.00298803442844255
11	0.002243857583667906
11	0.0049680136614652
11	0.002973073449774522
11	0
11	0.004104616470097593
11	0.005039014842644642
11	8.58102692841224e-4
11	0.002074954059463564
11	0.002149391715597649
11	0.0042383999608955735
11	0.001711886440991071
11	0.0016884844963042348
11	0.00342980774091075
11	0.0024410654384682887
11	0.0016491352370857034
11	0.004618964106377165
11	0.0029389536646463707
11	0.0022581944191503124
11	0
11	0.002324558922564332
11	0.0020599541375148967
11	0.003704629379449678
11	0
11	0.0033499276443325517
11	0.00547426632511068
11	0.0030642606433699377
11	0.003016165863374584
11	0.003624961948062052
11	0
11	0.0023195867425980904
11	0.0021436965184862245
11	0.001991964682199885
11	0.001500447834539059
11	0.008162748549950704
11	0.0025224456676130043
11	0.00826495147308441
11	0.0034105293161597085
11	0.003109359146852874
11	0.0036410656165375525
11	0.0032138031357600997
11	0.002582894092536307
11	0.0012567883237110584
11	0.01133785224362294
11	0.0018292500240394973
11	0.002514268706346364
11	0.003197695644532848
11	0.0035028593083921635
11	0.0023070136176490444
11	0.004992750803922646
11	0.004148109027849918
11	0.0020496666592070547
11	0
11	0
11	0.005821696544056776
11	0.004119313079635193
11	0.0023583376234539025
11	0.0010415583552242905
11	0.0031730433636171108
11	0.002079252410154494
11	0.0012432305437820046
11	0.0011675172627178044
11	0.0021224890217099016
11	0.002693851422428561
11	0.0034931263531367187
11	0.0017659639206167035
11	0
11	0.0027332827588322545
11	8.697117239715458e-4
11	0.0014041068436325078
11	0.0021641806124454545
11	0
11	0.0014592598384131324
11	0.005256154061845651
11	0.007687780383733523
11	0.0029409367516815325
11	0.0015408672290125496
11	0.0037330569265645085
11	0.0011216803803525551
11	0.0015389210948299542
11	0
11	0.004442698063211077
11	0.0018691992097323099
11	0.0010272003535876859
11	0.002089350889780723
11	0.005685274443303504
11	0.007884171741569496
11	0.00281723684726053
11	0.0021372904045852976
11	0.003232709739317485
11	0.0018882094541977825
11	0.0054118489155844055
11	0.002497374622769747
11	0
11	0.002461553411545005
11	0.0032614625101427585
11	0.0033487746310375105
11	0
11	0.002356051794376193
11	0.001789933353997564
11	0.0026675919957861206
11	0.0023457680116364147
11	0.0035373357431296216
11	0.0021553163832704622
11	0.003470622291091726
11	0.003433590152706529
11	0.0013375327610232449
11	0.003191722586550985
11	0.0010621125780473678
11	0.0021077596229759766
11	0
11	0
11	0.003016165792508282
11	0.0038277960335385075
11	0.0037779251646558975
11	0.0022249564252143604
11	0.0014595816569090165
11	0.003406411208287951
11	0.003235891623759234
11	0
11	0.0025325907087015327
11	0
11	0.002321438523707791
11	0.0030661960230302836
11	0.00232887920159808
11	0.0035347454980418132
11	0.0022223667176275073
11	0
11	0.005576177444486509
11	0.0018980074107890993
11	0.004792622074712876
11	0.0020373458798740012
11	0.004197385384010009
11	0
11	0.0024324731250809696
11	0.002811798484854558
11	0
11	0.003127695001041434
11	0.002368389739248412
11	0.002813279819426022
11	0
11	0.005143468246951738
11	0.00259805649035504
11	0.006792521082513742
11	0.0037065188708506605
11	0.004404591559589133
11	0.0018885089790786464
11	7.336996384413803e-4
11	0.0027379453262041643
11	0.002017430357225669
11	0
11	0.006026285954340892
11	0.0023242655260584917
11	0.003893924028863607
11	0.0034360967149796593
11	0.003028877251335024
11	0.002444323968023408
11	0.00430265108720241
11	0.0033721778474231252
11	0.0017551005282778363
11	0
11	0.0016079548437401374
11	0.005029342770079395
11	0.008154814606843917
11	0
11	0.007592042568263654
11	0
11	0.0013239372340473545
11	0.007888899561348615
11	0.0020349190280274008
11	0.0023675288942200225
11	0.0019262056026959943
11	0.004074123169068519
11	0.0013884864422620898
11	0.0031468646714020126
11	0.0022788729293598065
11	0.0035875164767426066
11	0.006558743928767909
11	0
11	0.0029042127411565252
11	0.0030705537029649494
11	0.002044729388483572
11	0
11	0
11	0.0045927471284383245
11	0.0038896008536256675
11	0.0021656559856677803
11	0.002672780535831396
11	0.0012693782118199045
11	0.0028460469653885795
11	0.002918773102007906
11	0.002614033959486675
11	0
11	0.001770473559197714
11	0.0022733713837485227
11	0.0026361728909259727
11	0.002433307950533666
11	0.0018309292493729893
11	0.003612747618056837
11	0.0038396101587122172
11	0.002492129056715623
11	0
11	0.0030699892978004305
11	0.0019428566684177623
11	0.003677348329720664
11	0.0024084719877561973
11	0.0021390789032603307
11	0.0020051595661218177
11	0.005533139874048318
11	0.004851964809444663
11	0.007891112141646133
11	0.0028951086070393016
11	0
11	0.003284879736072561
11	0.008508024715832922
11	0.00301167909235622
11	0.00277443465963985
11	0.0033094758237225356
11	0
11	0.0013802498932594914
11	0.0020669026015935005
11	0.0013948508194517666
11	0.0015005356439795733
11	0.001519478526256738
11	0.005741284443692277
11	0.003534155555652353
11	0.0023519693867983514
11	0.003535001850330138
11	0.0020113658820806748
11	0.0043773418768320305
11	0.002217886678710774
11	0
11	0
11	0.0027360971728048362
11	0.0022764505444338055
11	0
11	0.002907082702843044
11	0.002934061425931998
11	0.003610750504932734
11	0.0034540124272298307
11	0.008096860267050629
11	0.005536871484459845
11	0.004299976446350733
11	0.002874597947944585
11	0
11	0.003446922288227424
11	0.001358872928763235
11	0.0014707347253891288
11	0.004146282319643283
11	0
11	0.002569176510720898
11	0.003371457621494252
11	0.005112632022533264
11	0.004249586872693115
11	0.004092443768709026
11	0.0011877669121731587
11	0.0024965864361738864
11	0.004122164872748614
11	0.001841090334211113
11	0.0024328499081949675
11	0.0017707282959048866
11	0
11	0.002344953459632094
11	0.008656431275826586
11	0.002142101841516942
11	0.0014606736498420066
11	0
11	0
11	0.005103671171288919
11	0.002356108592444318
11	0.004130370113047126
11	0.0025649837645695616
11	0
11	0.0019916587123971637
11	0.0027376530760466547
11	0.0013601163143842892
11	0.002146195005475071
11	0
11	0.00457918985902045
11	0.0021191144491308988
11	0.001039214410754646
11	0.0034389301441856103
11	0
11	0
11	0.0022240815042161655
11	0.0035986264314967708
11	0.0025106186976035744
11	0.003461215432860838
11	0
11	0.0032303186388999393
11	0.008182209419662887
11	0
11	0.001651056014319587
11	0.003165628480342623
11	0.0018088441747847197
11	0.002743021039105371
11	0.0026600708290254547
11	0.0010545692145961037
11	0.001684200435672279
11	0.004020224429984828
11	0.004642315769701835
11	0.002160746750390087
11	0.0023316515318524775
11	0.001413714302129947
11	0.0032821666562837955
11	0.0012768574526901574
11	0.002940622544259599
11	0.003526765659775986
11	0.005375989521288613
11	0.002229085918811549
11	0.0034619398438109697
11	0.004047139628486709
11	0.0018947782862734981
11	9.597493072690296e-4
11	0.0017457566429521247
11	0.0036456494164168463
11	0.002633272498529472
11	0.0014360846163741694
11	0.003031129529885485
11	0.0038346744992139334
11	0.003113361133628642
11	0.0015940918120581305
11	0.0020714343940501445
11	0.003871848859797043
11	0.0014916728851535124
11	0
11	0.003434183763771245
11	0.0037207260326271533
11	0.002647605388221663
11	0.003282633859050188
11	7.6487601488812e-4
11	0.003426685188186247
11	0.0014988625250654428
11	0.003437951775504173
11	0.0014958880569766822
11	0.0037926009908085113
11	0.004787378919170727
11	0.0015141647976993906
11	0.0093355028383164
11	0
11	0.001737997256328868
11	0
11	0
11	0.0037969375027257697
11	0.0053461534093001434
11	0.0023504578535610185
11	0.004048033326429646
11	0.002971005866515192
11	0.0016003577915264114
11	0.002701876380542838
11	0.0030272594585219743
11	0.003310956863347853
11	0.002627852306765474
11	0.00260955809027959
11	0.0019238984465362375
11	0.0018432540617943712
11	0.0019992398712681656
11	0.0018495902020267724
11	0.0035893866650072424
11	0.0018711305542546475
11	0
11	0.0021217007530661596
11	0.003071422701844069
11	0.0028580414203293386
11	0.002774517284359092
11	0.001673772326860037
11	0.0016059214073029556
11	0.002771403014719512
11	0.0032159344168620615
11	0.003809343199884925
11	0.001524912461227807
11	0.003193366218123132
11	0.0013388436289772888
11	0.0026218748251249212
11	0.002879493444205382
11	0.0038895959593585197
11	0.003516667289980445
11	0.004393581386822907
11	0.0010773093350790962
11	0.0012861712113423794
11	0.0017399542687696952
11	0.0090879342965058
11	0.0017480163372745276
11	0.0033542525902560357
11	0
11	0.0031431310304892695
11	0
11	0.002421643298383195
11	0.0018468057188923922
11	0.003032038711365909
11	0.002263163013772186
11	0.002419861063598397
11	0.0025907510052366905
11	0.0014488265091160946
11	0.003921434704205919
11	0
11	0.002875699867420388
11	0.002454907951265622
11	0
11	0
11	0
11	0.0024523957595781205
11	0.0038599351604666618
11	0.0011772552120598901
11	0.003559852227070102
11	0.003772227433341639
11	0
11	0.0019721980255438627
11	0.0027833552778604434
11	0.0033425714154663774
11	0
11	0
11	0.0027046473176935396
11	0.0020283684360906246
11	0.002532154888558775
11	0.0037086571730380476
11	0.0034067883945775846
11	0.0033470895886365893
11	0
11	0.008206469742335654
11	0.0020794540262322986
11	0.0043523681763122804
11	0.0030791661950013752
11	0.004735420307792093
11	0.0043651829127757695
11	0.005089820939561779
11	0.0026805323547763943
11	0.005526953524862513
11	0.002407507041028871
11	0.004067797418047399
11	0.0025153688784353046
11	0.002079918870464513
11	0.004391535331489679
11	0.0038375663516373383
11	0.002618554862221748
11	0.001890116180512846
11	0.004102035458211837
11	0.0025828057621175775
11	0.001824986295676678
11	0.0015368927192422404
11	0.002153361157080485
11	0
11	0.0033746742999583397
11	0.002410795531120093
11	0.003083855786259076
11	0.002895510097038956
11	0
11	0.0027758547797116185
11	0.002130270869873054
11	0.00638642538970788
11	0.0021644920554316814
11	0.005591437825811087
11	0.004447920172044244
11	0.002952414634354414
11	0.0017974997981859448
11	0.0032621324445888914
11	0.00330334781012938
11	0.009792404723509373
11	0.003111810338863704
11	0
11	0
11	0.0018909621563507667
11	0.0062927895021701406
11	0.0019165883183230648
11	0.004224445015990082
11	0.001818593095291088
11	0.003734839251170765
11	0.0026991336201845546
11	0.0032726571926546028
11	0.004174874349148381
11	0.004274297328210398
11	0.003998970437232243
11	0.0033118397307448175
11	0.002756069766056266
11	0.004378659965487005
11	0.00423632063336326
11	0.0021882023813704302
11	0.0012097081720812719
11	0.004717866303792617
11	0.0012930376211104347
11	0.0011952251328016517
11	0.005481916315679198
11	0.003130353413768647
11	0
11	0
11	0.001284376797369133
11	0.0029060356973815917
11	0.0032367983915353887
11	0.002456251084250625
11	0.003298568784635052
11	0.0012687477202547816
11	0.0015854227260324609
11	0.003298025308516084
11	0.0010511027834587403
11	0.005416410181688802
11	0.0012526944964136653
11	0.0027514194716495004
11	0.004818753439227189
11	0.006214829580622202
11	0.0025397634185386755
11	0.003316899755937809
11	0.002724050111622073
11	0.0038213136026161963
11	0.0011738693189945752
11	0.003040292431332178
11	0
11	0
11	0.004119186813011395
11	0.006221564594890464
11	0.005260211572388318
11	0.0016421796700850214
11	0.0021819916450386053
11	0.0049921367229180565
11	0.00246369803727634
11	0.002401691859308957
11	0.002003557245325002
11	0.004452445737528257
11	0
11	0.0025699244425705253
11	0.004616816940548118
11	0.0015362318625960953
11	0.0036556229742190733
11	0.0024544893158145622
11	0.002615236735319941
11	0.005580421428737414
11	0.0016459612515284194
11	0.00306020854502945
11	0.002754526460455171
11	0.002771321882875613
11	0.0037269979294367967
11	0.002386703268609503
11	0
11	0.0025868075795733594
11	0
11	0.0015278097684246208
11	0.004350483300552228
11	0.0073438980162920465
11	0
11	0.0032788409368897753
11	0.003196725678956225
11	0.002921174434783207
11	0.0018028912565623053
11	0.0026609383177327167
11	0.002199262375310608
11	0.0031140879496606598
11	0.0019659132756599087
11	0.00407250614276416
11	0.0024102826437615204
11	0.0014889042985808665
11	0.003524643132849903
11	0.0014725948541928736
11	0.002769649138003613
11	0
11	0
11	0.0053815764135476335
11	0.00308192721920635
11	0.0021851920198672527
11	0.004215075256133843
11	0.0028776542609380367
11	0.005033526703827357
11	0.002385438811604974
11	0.002723306549860257
11	0.0014410495569810128
11	0.0033033187355073074
11	0.002080075798789042
11	0.0015712266099549214
11	0.004801016521397421
11	0.0014867012074964033
11	0.0034040630040684207
11	0.0068002682113346815
11	0
11	0
11	0.003159487925858916
11	0.0016251876153269478
11	0.004373980613150643
11	0.0022561726423460373
11	0.0033936469096045294
11	0.002115456753750677
11	0.002379770071677525
11	0
11	0.0013049905855744969
11	0.0021100844928186187
11	0.0037259076868423496
11	0.0029186927624460833
11	0
11	0.006297080172322893
11	0.003732196834542895
11	0
11	0.003989235433637453
11	0.0027406087824055855
11	0.002427943689221526
11	0.0021767456447928314
11	0.001702140808281539
11	0.001210272407227875
11	0
11	0
11	0.002247397094487605
11	7.91579318067319e-4
11	0.0037646420423495244
11	0.0017367871038907563
11	0.0014792411278762843
11	0.004852880853293277
11	0.0032059689381557822
11	0.0018971359184399266
11	0.00403936554781777
11	0.0014584343031828896
11	0.0027642821053852655
11	0.005149457987376125
11	0.0025235585923478873
11	0.004323701370918893
11	0
11	0.004280210482334643
11	0.0022727712847797196
11	0.004065689804708209
11	0.0013586762914600038
11	0.002577799790490377
11	0.004087923756033933
11	0.0017999159591025836
11	0.0014801423615273118
11	0.0017207827880261727
11	0.0030682011450532372
11	0.004188062203595046
11	0.002651253099583252
11	0
11	0.0010991057203476391
11	0
11	0.0013775532146659746
11	0.0017682047070070122
11	0.0015141895168035596
11	0.0029558984717471884
11	0.002149231042873954
11	0.0027105996985725693
11	0.004118965400739878
11	0.003666599692569651
11	0.001347052578294235
11	0.0014748977749154274
11	0
11	0.0019208767743808138
11	0.004133553247924493
11	0.005752037810762654
11	0.0019261984495978182
11	0.0024001662174596007
11	0.0021088665358721696
11	0.0018064809359287933
11	0
11	0.006126528313554183
11	0
11	0.0025442733214603966
11	0.00637623943249715
11	0.004757545672531437
11	0
11	0.0018598841031523985
11	0.0036072690427964046
11	0.0012704196320558639
11	0
11	0.003998185143827971
11	0.002245301378955675
11	0
11	0
11	0.003166795011849398
11	0.0017471263736681254
11	0.003281020078818666
11	0.003873646229098315
11	0
11	0.00373088653143426
11	0.0027692116131194347
11	0.0014962038367583549
11	0.003029877501496483
11	0.003232906690174205
11	0
11	0
11	0
11	0.002679526351209278
11	0.003339675267873369
11	0.0031566675117127483
11	0.0039139193405161084
11	0.0033745500720467544
11	0.003854549360104192
11	0.0029540745518632982
11	0.003222528495206262
11	0.0032625665303140233
11	0
11	0.0025366363190437976
11	0.001857120711157663
11	0
11	0.0020371283384097248
11	0.0018721490391077156
11	0.0028583413215208203
11	0
11	0.002809530048970592
11	0.0026647416183979713
11	0.0023500809186565697
11	0.009043723232690436
11	0
11	0.006978971888927767
11	0
11	0.002825295263786341
11	0.003180606266044074
11	0.0017292081816504662
11	0.001982335450218797
11	0.009053071642549834
11	0.004212433446666696
11	0.0037185903899749602
11	0.002444173220786031
11	0.0021023183262409975
11	0.00240009971305451
11	0.0017656124569637433
11	0.002436889925902766
11	0.004121550849065947
11	0.005015401191842325
11	0
11	0.002718786113828575
11	0.0022139237586161183
11	0.0013838586101489203
11	0.002109150983028977
11	0.002569140088722157
11	0.0010901195835848745
11	0.002606109936888895
11	0.002462098785101127
11	0.003516499847681623
11	0.00215914637272503
11	0
11	0
11	0
11	0.0013265309873691075
11	0.008641014378775888
11	0.001988552757848088
11	0
11	0.0010464237952310176
11	0.005202998161410836
11	0.0019329509661171187
11	0.0020116590458060463
11	0.001973749499012114
11	0
11	0.0030805604744441233
11	0
11	0.0035458268290098245
11	0.0014314535343540032
11	0.0026934063339250644
11	0
11	0.0021902915326196975
11	0.0025197907597847816
11	0.0012307593217149764
11	0.0023736242620215667
11	0.0018967569925279378
11	0
11	0.0025120460390175305
11	0.003886712293724842
11	0.0033008108972930983
11	0
11	0.0016840427612487175
11	0.0027085389217224067
11	0.003517951707493009
11	0.003795849993092576
11	0.005849910075475052
11	0.0022869916894671157
11	0.0020389083457736817
11	0.0022771228576988264
11	0
11	0.0037061203967801585
11	9.353320973447787e-4
11	0
11	0.0012789994067239046
11	0.003150585093733796
11	0.003871448941126664
11	0.0023062165535878113
11	0
11	0.004223041040970874
11	0.003289377127410366
11	0.006353208339404351
11	0.0030028305690988806
11	0
11	0.0027260483284447835
11	0.0012687881694628863
11	0.001440448236581966
11	0.0027767393235636046
11	0.0024002966619312257
11	0
11	0
11	0.0011106791062324827
11	0.004845574955741045
11	0.0015196331969813965
11	0
11	0.0035745022110645038
11	0.0034728273863517687
11	0
11	0.0033958286395063034
11	0.0034754632763522456
11	0
11	0.0027636040178476906
11	0
11	0
11	0.003773355885528534
11	0.002849433820744918
11	0.005949849480504071
11	0.0032746032019326824
11	0
11	0
11	0.003682872315144492
11	0.004541306669934696
11	0
11	0.001457743654278306
11	0.00222502362750861
11	0
11	0.002018795542544416
11	0.002310672462109787
11	0.0029924689045653665
11	0.0051159153047572615
11	0.0043360264064884494
11	0
11	0.002373960227266768
11	0.0033649532742877457
11	0.0017268758228656694
11	0.0013834737360546234
11	0.0019441413566488065
11	0.0016788373429375892
11	0.0013173435264962668
11	0.003384115056904292
11	0
11	0.004870293793832993
11	0.0017370479911602036
11	0.0011332559491332222
11	0.0065129725035128596
11	0.002438002035538878
11	0.0018700896981153614
11	0.0016730023886102397
11	0.002637276596525212
11	0.0016502951960083384
11	0.0013721082027753535
11	0.0031247109391094887
11	0.0017183315224035668
11	0
11	0
11	0.005569135972490566
11	0.0030829317190163553
11	0.002074010614255769
11	0.004583230843291191
11	0.004230921239120501
11	0
11	0.003919945315349771
11	0.002901919239706458
11	0.005897814993760214
11	0.0012792594944692098
11	0.004704878644269227
11	0.00512008794639363
11	0.003248079217851091
11	0.0024949986575993617
11	7.449353635267255e-4
11	0.001034655749790901
11	0.0016816387729427023
11	0.0011494640536347503
11	0.0036971453732404518
11	0.0013982639855660524
11	0.0024426848418227223
11	0.005579135755440026
11	0.0011955857665539068
11	0
11	0.0011665291675905594
11	9.266184028986358e-4
11	0.0026466849643803736
11	0.003342021285825981
11	0
11	0.0014905678081912062
11	0.0026368732333611833
11	0.002861346995958937
11	0.005078766799613103
11	0.0011529398861931366
11	0.0027247580615028747
11	0.0019084975578233575
11	0.002453356348967413
11	0.004207108215211654
11	0.0019759504086110913
11	0
11	9.280425400538453e-4
11	0.0012306613584139963
11	0.003755900131601506
11	0.002205374619429452
11	0.0013474809227712581
11	0.0024672766919707372
11	0.0037470245280749183
11	0.0023291841516766593
11	0.006003654834916368
11	0.0020376668906746795
11	0.005406483631553709
11	0.007630695542549357
11	9.372867100451069e-4
11	0.0018580200047568687
11	0.0035260895313855354
11	0.002336733520471633
11	0.0012859612178647414
11	0.0033406389570382234
11	0
11	0.0030083895570399816
11	0.002393070912969137
11	0.004475500018702562
11	0.0020438880666778982
11	0
11	0.0025938438671826163
11	0
11	0
11	0.0028675843366218886
11	0.003039888283236113
11	0.0012986923970033427
11	0.0019306270378585235
11	0.002449055684595006
11	0
11	0.001108172119059155
11	0.0039145640960674055
11	0.001841353326068107
11	0
11	0.003078703767537263
11	0.0029862826841184874
11	0
11	0
11	0.0015394587415441259
11	0
11	0.0019920844813824004
11	0.003505287652673414
11	0.0031503653895858575
11	9.010483751064068e-4
11	0.004229923552850529
11	0.0024786470709338847
11	0.004338624547093104
11	0.004402968551699859
11	0
11	0.0011113826776283186
11	0.00253619539435777
11	0.004989855281061531
11	0.0038162299985777704
11	0.002902983084625672
11	0.002511120255650722
11	0.0024577583602150023
11	0.0029012079158775295
11	0.003497677449955149
11	0.0021600879449889462
11	0.0014235687722345858
11	0.0019647163708867523
11	0.001468680965404362
11	0.0031432772667203046
11	0
11	0.002367742532092961
11	0
11	0.0026578852331445545
11	0.003346746826429177
11	0.001738432303872808
11	0.0011814518295183538
11	0.003251511461175679
11	0.003783447897688769
11	0.0016913761896369419
11	0.0035298374497734902
11	0.0072026983644016265
11	0.002357044039489546
11	0.0024320400449028734
11	0.0049949575511618735
11	0.004095195666994111
11	0.0016814885466455945
11	0.0031612140381890633
11	0.0031679346070979542
11	0.003772701171042144
11	0.0020565978074458535
11	0.003396624194332671
11	0
11	0.003881799837628589
11	0.003077730082040166
11	0.0026837188965056916
11	0
11	0
11	0.0031637168387517365
11	0
11	0.007135665948040978
11	0.0021473311197971524
11	0.001518291750136453
11	0.0021761679262311574
11	0.0016183832758807303
11	0.0013334270185727656
11	0.0018312654091736877
11	0.0038404517850453273
11	0
11	0.008829921926587483
11	0.0033773097816549667
11	0.0027633891236556545
11	0
11	0.0024560216775759533
11	0.00129580466994922
11	0.0013816731593869664
11	0.003065040308976098
11	8.040863867570403e-4
11	0.0027746761447627758
11	0.0027679498719570556
11	0.0013717127459661003
11	0.0018789570773754894
11	0.0021400218451630097
11	0.005105021088221693
11	0.0029851279959914098
11	0.0014254935988182091
11	0.007423189228091877
11	0.003685268975587102
11	0.0014391033398392429
11	0.00476820578726886
11	0.002324801885810393
11	0.002616257714774354
11	0.0027915648890153686
11	0.0012984168698624537
11	0.0030825622837275324
11	0.003395576079429398
11	0
11	0
11	0.0020400636344112834
11	0.002545545285462426
11	0.003079219910182154
11	0
11	0.0032703377754650957
11	0
11	0.0017274485306742727
11	0.00481715487574547
11	0.0017536334134670936
11	0.002772906560660347
11	0
11	0.004198520230275541
11	0.005903170517493773
11	0.0030452643025706124
11	0.00463664869229246
11	0.003722485619869626
11	0.0051925572167586835
11	0.0023414340616009816
11	0.0011627987338030442
11	0
11	0
11	0.001783125447653637
11	0.003727033950132317
11	0.0016367814922876452
11	0.005436484030649403
11	0
11	0.006287651246916898
11	9.226884077576602e-4
11	0.003734628381864571
11	0.0024395367619118313
11	0.0039673208163152635
11	0.002311360143883699
11	0.003285418490081296
11	0.0017530198748531302
11	0.005109677518022872
11	0.0035781543399965175
11	0
11	0.00243467228397246
11	0
11	0.005327113451088123
11	0
11	0.004629162491260888
11	0.0010372220600162775
11	0.004530113425262769
11	0.002690366096090921
11	0.0027761987401479934
11	0.001940542428343537
11	0.0030564031182274474
11	0.0017875626005704472
11	0
11	0.0018185211009719901
11	0.004650763812687328
11	0.0011437231610607849
11	0.0025856127814432566
11	0.004744770744590704
11	0.006180681622650425
11	0
11	0.0014723842700623392
11	0.002010084145216735
11	0
11	0.0027464352127485625
11	0.0018301788929543264
11	0.0010922643070735583
11	0.002973197117281257
11	0.002604929987265033
11	0.0011444861936331272
11	0.002680517109809751
11	0.0023807168633927824
11	0.004732594742693874
11	0.0016259286594225229
11	0.0045381536482049355
11	0.003463946783931702
11	0.002953610511612443
11	0.0034650384572792407
11	0.0026509557353091152
11	0.004105072350897477
11	0.002781099760425422
11	0.0019371823281318728
11	0.002902527065471372
11	0.002847576759247436
11	0
11	0.0029701915782791616
11	0
11	0.0035173740219725954
11	0.004382314319894279
11	0.0022502054481041583
11	0.0037966603180271405
11	0.0017956083389228268
11	0.0012455247407428768
11	0.005318215703699523
11	0.0037598721573565952
11	0.003211319335416176
11	0.0027182721737368408
11	0.001806938408356075
11	0.0022722029416839614
11	0.00460600478459848
11	0.0034912807022761767
11	0.0037903326967513072
11	0.0015654000176350135
11	0
11	0.0046243567185547466
11	0.007849814204103108
11	0.003231316141050218
11	0.0011224742512498098
11	0.002106188166102521
11	0.002801678610905508
11	0.0038471144107331805
11	0
11	0.0023791747426319338
11	0.008270470262840002
11	0.0044020170961598356
11	0
11	0.0027102639351977128
11	0.0010952670891550818
11	0.002966928626339359
11	0.0028526518399522314
11	0.0018595255015739615
11	0.002995448945363893
11	0.0023527836170596614
11	0.0033871650723021037
11	0.0018668285069733041
11	0.0017397139341257836
11	0.0020772528191902633
11	0.002510690813012631
11	0.0028700215067784377
11	0.0022132425253208418
11	0.0015377628337187972
11	0.003241327397827734
11	0.0022635204079334433
11	0.0034109053284680844
11	0.001988694509836123
11	0.0027300517127572164
11	0.004038793184782317
11	0.0020065367531529733
11	0.0020481623921151226
11	0
11	0.0019774462347422186
11	0.0014077602672308439
11	0.0015278734077581162
11	0.007671351608842984
11	0.00566399535766116
11	0.0027386814561603163
11	0.0040416544973764
11	0.0035661646073948585
11	0.0021274971822530667
11	0.0013510811952497986
11	0.001866188040556455
11	0
11	0.0024606368243273473
11	0.0025215260257276393
11	0.003963057593196905
11	0.001966886844464104
11	0.0031566473767803763
11	0.004321345226876705
11	0
11	0.003910798040393651
11	0.0026405211092569965
11	0.0013448862947758272
11	0.003186079444692775
11	0.0030828874029293694
11	0
11	0
11	0.0020430216788654737
11	0.004793268935539145
11	0.0033793360745362007
11	0.0012205838718301887
11	0.003894480256978637
11	0.0026105049567076333
11	0.0030022076281082622
11	0.0017682210169724562
11	0.003098406387793914
11	0
11	0.0034738454457272218
11	0.001916783759029783
11	0
11	0.00427886814091739
11	0
11	0.005170150855677229
11	0.0026094241477413573
11	0.004740632997500786
11	0.0014620305119218161
11	0
11	0.00277093154456396
11	0
11	0
11	0.0034355157623996687
11	0.0030137322593356097
11	0.005333284665414054
11	0.004338683416096296
11	0.003566895600043332
11	0.002913891995976092
11	0.002723920643792575
11	0.002345690091354351
11	0.0030855279068627574
11	0.0018846243891214864
11	0.006474777701798811
11	0.004285649440670582
11	0.0017423667010838593
11	0.004195340977824091
11	0.0037001155798462248
11	0.005611768146268133
11	0.0091819434551056
11	0.0017368230608836059
11	0.007299114825353365
11	0.003960642549827261
11	0
11	0.002279586097183237
11	0.002540304054097379
11	0.005229071804334848
11	0.005220678648172116
11	0
11	0.0038092873465327575
11	0.007200687102349224
11	0.0020281763055886763
11	0
11	0.0020211757269523937
11	0.0018734157917509285
11	0.0033316869400331875
11	0
11	0.0012157391702974465
11	0.003788509001301126
11	0.0024110120599216602
11	0.0027463935739988642
11	0
11	0
11	0.0017661882922205905
11	0.002849549177566808
11	0.0020754897511858134
11	0.0035888030620919733
11	0.00423212550006794
11	0.001626260262087355
11	0.0045289841486219895
11	0.002599745131855632
11	0.0021277401705382015
11	0.0015769560133686912
11	0.002962032411831679
11	0.003861283826486786
11	0.002834054400672732
11	0.0015693768269204316
11	0.0019620806580890973
11	0.003233506715543584
11	0.002736805858518862
11	0.0020371552141418736
11	0
11	0
11	0.004811354474057664
11	0.002443034735940248
11	0
11	0.0017298154274896073
11	0.0018126735492250345
11	0.0011549618717442492
11	0.0025064675176749342
11	0
11	0
11	0
11	0.0034102873735008007
11	0.006637824695807903
11	0
11	0.0025166997343638907
11	0.0015849210152965429
11	0.0021394964426981354
11	0.00211079654481231
11	0.003192093252970554
11	0.0014855875140406128
11	0.0017604602129763307
11	0.002614925181816336
11	0.0012682289816672034
11	0.004287990025969061
11	0.002668522779253664
11	0
11	0.0029592787110726995
11	0.003026899894668402
11	0.0049542659061262056
11	0.004352402525223483
11	0.0028465935774414104
11	9.487374646011529e-4
11	0.002390122859915553
11	0.006049423693963172
11	0.003911608070304051
11	0.0018688659143204366
11	0.0017810223536115569
11	0.0013746351712379964
11	0.005024915298077236
11	0.0046050514114028334
11	0.0014268179345917143
11	0
11	0.0033060027969973233
11	0.004512723186894814
11	0.0029991373717849937
11	0.0028227426326769348
11	0.00446350449855841
11	0.002808342836180397
11	0.0021490220038971964
11	0.004629197526056181
11	0.001516352728007662
11	0
11	0
11	0
11	0
11	0.0011574129634553797
11	0.001655652882211556
11	0.002026921492281528
11	0.0019315846304386387
11	0
11	0.001480901473035843
11	0
11	0.00430608515980684
11	0
11	0.004022059966019046
11	0.00262809738181607
11	0
11	0.0012740567644834698
11	0.003604826689818746
11	0.0038369365610292135
11	0.003621862833686473
11	0.005195909316651743
11	0.0059535352348816665
11	0.0023792251316017074
11	0.0031076564201595563
11	0.0015363302145914564
11	0.0026482243452312765
11	0.003858486684320215
11	0.0013450735614512466
11	0.0027527986260042934
11	0
11	0
11	0.0035308054923168302
11	0
11	0.0027532662355207508
11	0.005000564256494332
11	0.004271282050015575
11	0.001793069284737511
11	0.001670234885041247
11	0.004926778110813052
11	0
11	0
11	0.0030263484841396293
11	0.004927530253604756
11	0.002320278712653802
11	8.613327228203376e-4
11	0.003733933437470572
11	0.00936284230393645
11	0.0016631479497327027
11	0.0035845056205928757
11	0.002581622474996274
11	0.0019116762450455147
11	0.002024445690860915
11	0.002494757588243837
11	0.0037265995239550015
11	0.0015943103383119573
11	0.005731787036455203
11	0.0014585356727269006
11	0
11	0.005455548233560642
11	0.007457403513591546
11	0.0029249892192320043
11	0.003099251214943834
11	0.0022826498616913098
11	0.0032805300940124795
11	0.0026603974208126496
11	0.0026418867347319185
11	0.0017088687773735723
11	0.003554858239359464
11	0.0012250778708666912
11	0.001731362431577062
11	0.0014065034920389575
11	0.002068643018577833
11	0.002147239524482223
11	0
11	0.0023762899125120114
11	0.0034654936275741064
11	0.0036503987677715577
11	0.0014454878503190047
11	0.0020733693056215474
11	0.006511183331553919
11	0.001739476124721275
11	0.0025857422463939827
11	0.0036895127460575077
11	0.0012381713715344921
11	0.0021405783742069807
11	0.0032851406809537346
11	0
11	0.00184818165283371
11	0.002498762792794944
11	0.003960998627453543
11	0.009199409255624836
11	0.006238255611623607
11	0.0040425410782295
11	0.01016815030165958
11	0.008342662229653118
11	0.002710008723473703
11	0.003535361140509128
11	0
11	0
11	0
11	0.0019366721222819343
11	0
11	0.0010645746990056082
11	0.0014959015157332961
11	0.0030345138421812934
11	0.0038795924392314384
11	0.002401136593128401
11	0.004505518658697996
11	0
11	0.0021255984405546555
11	0.0017764743360018694
11	0
11	0.0016668423301162082
11	0.006343210997533042
11	0.0023388562794265416
11	0.0035371632070183654
11	0.0013098749164618367
11	0
11	0.0035648856604711602
11	0.0011722492915488957
11	0.0029192408954830423
11	0.0011138583532269283
11	0
11	0.0015599148267482462
11	0.002583958005757627
11	0
11	0.001878438710546994
11	0.0014269270798311236
11	0.004261489445169119
11	0.0034820089584906323
11	9.35006157772393e-4
11	0.004355783418797941
11	0.006253957343793194
11	0.00305103297491113
11	0.003778690116900263
11	0.005055413669097498
11	0.0031439873669835646
11	0.0025693852332617146
11	0.003332884226874712
11	0.0020095962164324585
11	0.00432519220831579
11	0.0012784858518000036
11	0
11	0.008771353455964916
11	0.0022118253637505524
11	0.005303889726625599
11	0.00284229454606514
11	0.001817168871159342
11	0.00413478624574227
11	0.002764343987541251
11	0.0013261347251704234
11	0.003787483968721787
11	0.0017367667369454147
11	0
11	0.00538613372391391
11	0.002692366317719383
11	0.001718246433317928
11	0.0032651985487246278
11	0.0021072686754826037
11	0.0018953183673555587
11	0.0022141892027315526
11	0.0031837627023756864
11	0.0026712961888896115
11	0
11	0.005466131430520585
11	0.00432538951704334
11	0.003571735253376012
11	0.005717109415890157
11	0.004987652340655545
11	0.004471221901675395
11	0.001207912427348302
11	0.002094934810528706
11	0
11	0.0036396326622862734
11	0
11	0.0034365715522461774
11	0
11	0.0031541992507307486
11	0.0034401202899125
11	0
11	0.0019078094060638534
11	0.0032996224942082463
11	0.0029576859118891066
11	0
11	0.009671200342804139
11	0.002975210259089863
11	0.002946614508774568
11	0.004738621634209852
11	0.0036606168859517826
11	0.002098434128705519
11	0.0023197379930726945
11	0.003015509344819122
11	0.00908684567427029
11	0.00165361521642813
11	0.001371368078596649
11	0.0025840454677714055
11	9.882550367803053e-4
11	0.0021620705178642795
11	0.0015251490976982084
11	0.002774038107322673
11	0.0032375626343746724
11	0
11	0
11	0.003705592978533256
11	0.0026222423190073213
11	0.004617060657506122
11	0.0033041202448472547
11	0.0020468629290445843
11	0.0021337556147032802
11	0.002516357495070839
11	0
11	0.0029124256327854123
11	0.0023623612543741145
11	0.001777872468724874
11	0.0032353263656932103
11	0.004057774433906275
11	0.001190078015004147
11	0
11	0.0033201691634077526
11	0.0012247986611513438
11	0.006019690837088565
11	0.006769469454415407
11	0
11	0.002461290988564634
11	0.003076408112356063
11	0.002118338947141382
11	0.002453920978056112
11	0.0035017243158015025
11	0.0035994628683447796
11	0.0031189103141249412
11	0.004832938463396569
11	0.0044611838440501445
11	0
11	0.00291411292276049
11	0.0024667348658080086
11	0.0023444995202608746
11	0.0013695996287811677
11	0
11	0.003991692854828056
11	0.00566470475471587
11	0
11	0.0012053175780881332
11	0.003159161997841628
11	0.004676085567104795
11	0.0037632521818805743
11	0.0018811940203444443
11	0.003547778051670134
11	0.006002735895775216
11	0.004160226216645503
11	0.0025223844603094446
11	0.00463957397128751
11	0
11	0.001647609353411188
11	0.001863776134134827
11	0.0040553244183427865
11	0
11	0.009147833048580493
11	0.005858214948671922
11	0.0026095172968513014
11	0.005230344162819328
11	0.0012725587046367006
11	0.0034896127964238024
11	0.0048553293071713355
11	0
11	0.003396105476299502
11	0
11	0.002912842483742844
11	0.003606893309409464
11	0.0020356766449685457
11	0.001293270676203204
11	0.003367099787829925
11	0.002558602514022275
11	0.0033194452769534028
11	0.0024399929965020512
11	0.0013817555021452895
11	0.0018589047395320562
11	0
11	0.0039710097918180046
11	0.004842349881756869
11	0.002710413287686825
11	0.0015724695075916913
11	0.0038867152485866745
11	0
11	0.002601197802613532
11	0.0018339816050996676
11	0.0030592796618521814
11	0
11	0.0030627307072160093
11	0.0015549054108170443
11	0.003387893784802118
11	0.005182411049028619
11	0
11	0.0024589329509775524
11	0.0025878307508250815
11	0.004813916081611599
11	0.0023291210781773907
11	0.0015703670048015594
11	0.0018498793123861877
11	0.002756422210978812
11	5.836130004974651e-4
11	0
11	0.0022520985407834
11	0.003009919812538776
11	0
11	0
11	0.001220851311648965
11	0.002399108905259394
11	0.003034539560254485
11	0
11	0.0035836799161909493
11	0.002063836657409126
11	0.0027232332305969628
11	0.004060858362175616
11	0.004208967838624562
11	0.0019696492551769785
11	0.0036708544133031815
11	0.004330314155614981
11	0.0013254885266577388
11	0.0027555414700007968
11	0
11	0
11	0.004335482812314489
11	0.002876594820791336
11	0.002192337468738199
11	0.0030990211937147226
11	0.004211391590417394
11	0.0029654341909884085
11	0.00496279049310139
11	0
11	0
11	0.0011918038469422043
11	0
11	0.0016079170792489155
11	0.0037102172766557188
11	0.0019712197168088707
11	0.005053951869929484
11	0.0017668542023854617
11	0.003375903561465266
11	0.0019103120818878539
11	0.0016168836399327868
11	0.002171914291231239
11	0
11	0.0019537137349908383
11	0
11	0
11	0.003201751097912955
11	0.003930797464700509
11	0
11	0.002653768633648079
11	0.002320392705380219
11	0.0029152471814765627
11	0.0016258200199646925
11	0.0019170784685308736
11	0.001749631018089958
11	0.0017208471941369725
11	8.637040067163412e-4
11	0.00836907048597389
11	0.0026024224820872396
11	0.0026872112852053074
11	0.0016335441116042107
11	0.002281472772323863
11	0.009167335702982133
11	0
11	0.001743229953882506
11	0.0016541935213997578
11	0
11	0
11	0
11	0.005106654568389739
11	0.004585306043279223
11	0.004218376516959843
11	0.002145818055177925
11	0.001762536182112037
11	0.0030190110542323992
11	0
11	0.0038027095241673645
11	0.0018803229005522467
11	0.0020020535609135163
11	0.0037537050248863326
11	0.0020592943512095715
11	0.002701897991119307
11	0.0016743437157944732
11	0
11	0.002168600040408535
11	0.0030583690725309123
11	0
11	0.00521148354438429
11	0.0031591484360346815
11	0.0039624054102687595
11	0.0031908369335639994
11	0.004129653586761273
11	0.002271890440697093
11	0.0035000091832565663
11	0
11	0
11	0.001947962416265065
11	0.0022959146074556175
11	0.005996801971995551
11	0.0024397131705975665
11	0.0025569450159070835
11	0.002993130954845293
11	0.0025277946585265257
11	0.002218744195083263
11	0.0032478804384260406
11	0.006987703995890735
11	0.003546439961194826
11	0.0032507532196143813
11	0.00207847999872397
11	0.005534076900125132
11	0.0013709008548334724
11	0
11	0.0020102230044491084
11	0.004542141236173553
11	0.002016364667690337
11	0.0012360162898385964
11	0
11	0
11	0.0017521819872610505
11	0
11	0
11	7.0759334208119e-4
11	0.001576894491724566
11	0.0029322883014114773
11	0.00235629092683693
11	0.003202006197966281
11	0.0037548265566599097
11	0.0024814753352177957
11	0
11	0.0026309570807392293
11	0.002748624680426978
11	6.377210090592292e-4
11	0.0018837801314358295
11	0.002569879374998701
11	0.003195960224593833
11	0.003522552279191644
11	0
11	0.0029679627004671996
11	0.0018541768926027468
11	0.0055868683232798465
11	0
11	0
11	0.005139557345799896
11	0.001772090267034342
11	0.0027298736049496757
11	0.0018827810443656622
11	0.002489481857921176
11	0.0037391295186119905
11	0.00876557747785168
11	0.0010215601994232055
11	0.004743901138113018
11	0.0038848305360895206
11	0
11	0.0019232864599535745
11	0.0014346738953494621
11	0.0027507547257237565
11	0
11	0.0017078915305246062
11	0.0015255107333307359
11	0.0025147640548791755
11	0.003268962915337267
11	0
11	0.0018227007279220052
11	0.0018115857761936873
11	0.0035016182726906775
11	0.0011578433527310828
11	0.0026558761473189276
11	0.0030776437804856784
11	0
11	0.0029486263737647585
11	0.0014981329575695615
11	0.002632382991952438
11	0.002205088296501664
11	0.0021705336208486573
11	0.0017639204288254454
11	0.003793694860593141
11	0.005961531046658819
11	0
11	0.0033398919987409855
11	0.002893780514464212
11	0.0027191764836399695
11	0
11	0
11	0.004256350080802584
11	0.001315798596043236
11	0.0014566974237454312
11	0.004281616751708566
11	0.0038514099238156014
11	0.0034801743841975418
11	0.002953756982118131
11	0.002034975377709267
11	0.001114970007583528
11	0
11	0.003592336857626522
11	0
11	0.003518877934153385
11	0.005777234006989754
11	0.0019086772234072139
11	0.006128247579611995
11	0.0030074434997995306
11	0.004236945891155932
11	0.005867615390833975
11	0.002119716910033866
11	0.004084410128315783
11	0.00701648015898829
11	0.002361423269530948
11	0.002435113061316135
11	0.003497464411481377
11	0.004362118269491386
11	0.003197111879373967
11	0.004862166577785956
11	0.001387879010884867
11	0.006354806342021163
11	0.0019747031514649317
11	0
11	0.0040402767845810145
11	0.002063596594313441
11	0.0013527250073759058
11	0.0029244196309629114
11	0.0016818530001657718
11	0
11	0.002308154393602565
11	0.004415710806805132
11	0.0017519448408457674
11	0.0015448023427685703
11	0.004052467659708568
11	0
11	0.004746160149299186
11	0.0032589053864959918
11	0.0012507435300257996
11	0.004602371496015122
11	0.0017508211930704475
11	0.0024646827202280145
11	0.0010967062032500006
11	0.0020451802426011455
11	0.0029378989864646226
11	0.003278006436891884
11	0.0060825578358783255
11	0.004378179766333953
11	0.004053942479622577
11	0.0018883237747886778
11	0.0023344650395060503
11	0.002254115898965842
11	0.0032806731793554073
11	0.002484279378613925
11	0.0015258327087072858
11	0.003331694251262418
11	0.0038667058870542814
11	0.003789376612956897
11	0.0034289233354408925
11	0.003442915159347044
11	0.003101172301516797
11	0.0027481265506552016
11	0
11	0.0034136100085953554
11	0
11	0.004332830490293273
11	0.0025953019430567915
11	0.0033313968376337405
11	0.003351889286489299
11	0
11	0.001220704672411451
11	0
11	0.002285687954173173
11	0.007075119586772121
11	0
11	0.002534547810031212
11	0
11	0.003160607219286663
11	0.004938340288842794
11	0.0021879847795069477
11	0.0019283198444576361
11	0.003312223634915164
11	0.0032873965127003055
11	0
11	0.0022876940509999346
11	0.001630536595651548
11	0.004015577851844781
11	0.005772786712315224
11	0.0028409088791085725
11	0.0017662031270659748
11	0.002139975657623201
11	0.0014922649946742226
11	0.0030136989641315927
11	0
11	0.0035560117417762754
11	0.004126177786983329
11	0.001135600337602817
11	0.004833832999404875
11	0.002342300883856708
11	0.008382518104387981
11	0
11	0.0010425497807701738
11	0
11	0.003978967063434528
11	0
11	0.0012310525902363863
11	0
11	0
11	0
11	0.008850755123504299
11	0.0025984043644486244
11	0
11	0
11	0.002814218943444417
11	0.0021526623343665636
11	0.00129780678577589
11	0.0023810385823213116
11	0.0017225085410529663
11	0.00205396918998529
11	0.004713239593509422
11	0
11	0.004138236859146225
11	0.0032128347334224377
11	0.003355137889166439
11	0.0019316247800554732
11	0.0019200924182842655
11	0.0015955848092011296
11	0.004239478535592856
11	0.0014905683144842115
11	0.001374426665236593
11	0.0038467363628691405
11	0.004727552746915634
11	0.0015906917777110947
11	0.0030174268433033045
11	0.001725378313910396
11	0.0023587382127262667
11	0.001775336880093588
11	0
11	0.001453035688900683
11	0.0023578634792948095
11	0.00394886489268385
11	0.0021062753996245426
11	0.002207277405665093
11	0.0038792066726186466
11	0.002538640865835562
11	0.00123161064848088
11	0.0017990690222050311
11	0
11	0.003368159915217778
11	0.003594088489969061
11	0
11	0.004326467452572607
11	0.00806835482460627
11	0.004350877034526794
11	0.0020125500159908676
11	0.0015247526048965264
11	0.0021808501175647438
11	0.0020286956411751985
11	0.002660306887841382
11	0.0033990993963178
11	0.0026772943054859124
11	0.0016688906875874329
11	0.0020755842317841606
11	0.001014304435911689
11	0.0033262807775990967
11	0
11	0.004768557645229958
11	0.0038336202187987463
11	0
11	0
11	0.007415216869048485
11	0.0025371396730345394
11	0.004787996899655722
11	0.0014812823790330333
11	0.0010504242371921749
11	0
11	0
11	0.0017695107104392347
11	0.005710196252146583
11	0.005752939114964618
11	0
11	0
11	0.0032164339860409666
11	0
11	0.003557451670309555
11	0.0018467048667379024
11	0.004683077935612705
11	0.0017910443938358338
11	0.002012565861317965
11	0.0020010787890176553
11	0.0029572834111428106
11	0.0014749305498494689
11	0.004191291064100405
11	0.004454694321553048
11	0.004626055819825201
11	0.0058916050041029466
11	0.0025300561551512375
11	0.0024792744541936858
11	0.004232130477500858
11	0.0015333167574065377
11	0.0011311151360281584
11	0.004876003055041988
11	0.002872741381352393
11	0.003934172080687127
11	0.004110442971788443
11	0.0032138334134237043
11	0.0011406025906123035
11	0.0024924536676178086
11	0.0038158506625280524
11	0.006439495492341894
11	0
11	0.0018012515860751815
11	0.00342351405806072
11	0.0025672703964678134
11	0.0011836373140240598
11	0
11	0.0012738225340766572
11	0
11	0.0034789619410912406
11	0.005630069034274807
11	0.0011513423976482026
11	0
11	0.0028688645235345604
11	0.00232354782619705
11	0
11	0.0057929237254174
11	0.004101093866145793
11	0.009634828897781975
11	0.0023500842717825853
11	0
11	8.875567260517082e-4
11	0.005167604467332836
11	0
11	0.003693204987107513
11	0.002097283136064085
11	0.0033628363761326833
11	0.0029319589683917202
11	0.002969218597658627
11	0.0022741928368062176
11	0.0024389090060678627
11	0.0022796753559939957
11	0
11	0.004352358516297747
11	0.001335125283721784
11	0
11	0.003452064863596646
11	0.006051727308759147
11	0.004464064778027758
11	0.003465031576801003
11	0.001313248011738849
11	0.0030375739961238635
11	0.0020571547944378743
11	0.0035067595390185836
11	0.0045206789079328055
11	0.003714200803933279
11	0.00313032778448392
11	0.001561640716976666
11	0.0019017963534335147
11	0.0036782207043452803
11	0.003195286758783277
11	0
11	0.002920704683613207
11	0
11	0
11	0
11	0.003276404218977763
11	0.0017477208592439084
11	0.0037211019477954724
11	0.004087469577899253
11	0.003209825557368892
11	0
11	0.003338549264931192
11	0.0016348073797247745
11	0.0028171616931276532
11	0.0015317029762170929
11	0.0015855126776258698
11	0.004464250282512215
11	0.0043866232915710296
11	0.003218800222239541
11	0
11	0
11	0.003191113699101674
11	0.0014109735763976527
11	0.0021261310134231973
11	0.006614598266298666
11	0.005414304838519071
11	0.0017713972446195554
11	0.0028236516787097285
11	0.002086621779427523
11	0
11	0.0029049931107439798
11	0.0062843146219609515
11	0.0035887279770426338
11	0.0024655472385594706
11	0.003625051796210468
11	0.004186970218755809
11	0.0019639525874405026
11	0.002624502701547161
11	0.002428120198682894
11	0
11	0.006801169883437155
11	0.0011294444875687196
11	0.002536275485959019
11	0
11	0
11	0.002873691072117151
11	0.0015469717309096243
11	0.002866569533830507
11	0
11	0.0028032186169691647
11	0.0022602047483382586
11	0.0019587752107323676
11	0.002077817935508733
11	0.0014239534759304157
11	0.0016520012381442371
11	0.002214755131883832
11	0.0021913439052428578
11	0.0035307200168527273
11	0.0012578020919783689
11	0.0027164547502271886
11	0.0016782858157887318
11	0
11	0.0024104073971564603
11	0.002082085826901838
11	0.003879857988928045
11	0.0016764288079685057
11	0.004117513327918734
11	0.0075656956241544095
11	0.0017724891558075317
11	0.0030108321703639
11	0
11	0.0027679524189757926
11	0.0030820980434277264
11	0.0013472975077997477
11	0.004558976935060743
11	0.0018694568696147511
11	0.0026579566625363725
11	0.002444829354400505
11	0.0021335686175784556
11	0.0033740554246638795
11	0
11	0.00200488811906626
11	0.003850725509710522
11	0
11	0.005519187459155438
11	0.00575802017733096
11	0.002809848524636206
11	0.002802273196788819
11	0
11	0.0026239194592601123
11	0.001981010977889204
11	0.0018933375699132962
11	0.0017989108124146845
11	0.0036102314995614657
11	0.006738635053385608
11	0.0037009868096264773
11	0.002912449260861128
11	0
11	0.0013366278276798155
11	0.0023516143582458277
11	0.005049601345412982
11	0
11	0
11	0.00353005467458425
11	0
11	0.0021822292332062546
11	0.00461748029921875
11	0.005597429103439914
11	0.004673463018701268
11	0.012105790579123218
11	0.003339738268940668
11	0.00213317327760663
11	0.0020472849254812185
11	0.002294360848722034
11	0.0027520514321682757
11	0.0016016849693706561
11	0.0028734170922560865
11	0.0024362152736764693
11	0.002556073035335767
11	0.0027879434670604244
11	0.004303356737848414
11	0.003137833903109482
11	0.00441083837819542
11	0.0015204015790030144
11	0.006393093187400182
11	0.0010019743437720855
11	0.0011931812770871748
11	0
11	0.004373893472168747
11	0.0021923213875945408
11	0.004258968045698542
11	0
11	0.005073989128923301
11	0
11	0.001602094091648207
11	0.0027911705272658065
11	0.0019632438644658708
11	0.0017008377804696641
11	0.003474042790794948
11	0.0034474260624716667
11	0.004739954907988076
11	0.00571386859779869
11	0.001801196329507618
11	0.00635187532573152
11	0.006603158908438478
11	0.0016903031773153625
11	0.0015811812714444703
11	0.00436794574084449
11	0
11	0.005134073752523373
11	0.005236270244725657
11	0.0015542978787750484
11	0.0032977397527697155
11	0.0012694712697148645
11	0.006571456678022206
11	0.0020695662218751885
11	0.0022397537508919503
11	0.003392341209782069
11	0.0038662121827642386
11	0.0018358965660835384
11	0.0023469103427651936
11	0.001358096055979902
11	0.0038101682234782347
11	0.003346021317581232
11	0
11	0.0013294748898288191
11	0.0018774298770267714
11	0
11	0.0024152484440947966
11	0.004019400632158669
11	0.0012057944364704926
11	0.0019651325500754354
11	0.0027777984261273194
11	0.0041624834563461464
11	0
11	0.007755109982682115
11	0.0016930434693580413
11	0.003989143434271566
11	0.004613747804383731
11	0.0034149646009831746
11	0.001697718408395109
11	0
11	0.004513806454145613
11	0.005139149663099126
11	0.006817227836958617
11	0.0021698488559805224
11	0.004556991660770209
11	0.004403012093049973
11	0.004640794895222772
11	0
11	0.0025897679422559917
11	0.003189813376751988
11	0.001637786912761913
11	0.0021503556986881742
11	0.0016360614835514813
11	0.0034866810703866615
11	0
11	0
11	0.004884503553633247
11	0.003373781820400438
11	9.7667610292283e-4
11	0.0015892919081825945
11	0.0016542416063221512
11	0
11	0.003328783851396028
11	0
11	0.004343395989776531
11	0.006066140660356452
11	0
11	0
11	0.0026569378599131956
11	0.002250201784689669
11	0.001646211907365332
11	9.411773807839233e-4
11	0
11	0.004344482843673417
11	0.0019370464623608772
11	0
11	0.00601545942088579
11	0.003222618321419
11	0.0012168830901417764
11	0.005231052809628366
11	0.001686780688973709
11	0.006232580558973014
11	0.0021642775527353714
11	0.002432926832350747
11	0.0010802394928763118
11	0.004264663381869391
11	0.0026266126719568274
11	0
11	0
11	0.002410370627350519
11	0
11	0.0023776991864994748
11	0.002158334307695661
11	0
11	0.002846654186702366
11	0.0019336971150055735
11	0.002386816499124343
11	0.0024618450269654683
11	0.002130779363720274
11	0
11	0.002367706809435631
11	0.0038370205896439925
11	0.004474196452517904
11	9.307452400235729e-4
11	0
11	0.0012614082447319557
11	0.0021608849139593956
11	0.003175298367023228
11	0.002985379461233315
11	0.0026991990706900027
11	0.0027647984747092517
11	0
11	0.0014049685405895147
11	0
11	0.0019631716384949684
11	0.0036945329243552203
11	0.0015372655584807208
11	0.0032041542190561338
11	0.0019439020743718968
11	0.0011479101564790693
11	0.0026688661108806673
11	0.003118266211483269
11	0.0025364571583373938
11	0.0030949602922809415
11	0.0017204006980806746
11	0.002625934848599045
11	0.001834969305656185
11	0.005107417645199089
11	0.004542178573169902
11	0.0017357327592536274
11	0
11	0.002049384292244414
11	0.0014808316627692593
11	0.002101706359281128
11	0.001949056035566505
11	0.003839638703077028
11	0.0030573995083844775
11	0.0023866678815310525
11	0
11	0.0018182923888427924
11	0
11	0.0038936927609926598
11	0.0037714335116418095
11	0.0034347075748909985
11	0.002278818764701784
11	0.002664239510511982
11	0.001411811728099072
11	0.0028782850965557855
11	0.001356017916765232
11	0.003276842579184653
11	0.004918412904201583
11	0.0020903976583558667
11	0.00212257046087569
11	0
11	0.005681489177066897
11	0.0010872225764844874
11	0.0018469198898867663
11	0.005935643842770198
11	0.0021527517174458922
11	0.001662223011521504
11	0.0048163864618714965
11	0.0017041287743245384
11	0.0034185039095217997
11	0.0020629497696924193
11	0.002471589306868127
11	0.002817607822454514
11	0
11	0.0014322518339681027
11	0.001814526303921186
11	0.0034028212926974096
11	0.0024441678505599494
11	0.0015747037809052758
11	0.003845128354465819
11	0.002330357295914911
11	0.0043160797886147885
11	0.006564217296624745
11	0.0035762822511387284
11	0.002607798888050888
11	0.0027537736829947325
11	0.0027749577015901937
11	0
11	0.0015200582059862393
11	0.002256951585760528
11	0.0038335254162970953
11	0.0013083562277887764
11	0.00316546710217296
11	0
11	0.0017056581492821642
11	0.0056046388256404045
11	0.0032610446554262426
11	0.002835770762061804
11	0.004352201919675254
11	0.0019038185921915775
11	0.0030340348094670634
11	0
11	0.0035502467538933756
11	0.0036871778499587664
11	0.005016733783120964
11	0
11	0.0039083174761755
11	0.004024754312129702
11	0.0013121813338984947
11	0.0038793342917618373
11	0
11	0.0017342347187232201
11	0.0025519512022680363
11	0
11	0.0018852633160066595
11	0.0018609843206173122
11	0.002895221678566456
11	0.0018454296635570693
11	0.0033094758550838094
11	0.0021591800988810593
11	0.002079398838204641
11	0.0028670295527536064
11	0.0020936395761550325
11	0.002306548436035899
11	0.0027923996738095074
11	0.0010241399242265344
11	0.0015758140155524502
11	0.004959459573614808
11	0.002574454371335573
11	0.0031755202211304493
11	0.002846783572316701
11	0.002695250275019084
11	0.006015876723883334
11	0.0018091953533980948
11	0.0031726395317734756
11	0.0010930792966486252
11	0
11	0.005313219679329258
11	0.004380245472571507
11	0
11	0.0020646120603046154
11	0.0038792101690953338
11	0.0028614712040714208
11	0
11	0
11	0.0023467034780496137
11	0.004590425760241625
11	0.005935393884393164
11	0
11	0.0017480647738433797
11	0.001026183692860295
11	0.0034297974242675708
11	0.002939204209431042
11	0.0020635343157451584
11	9.245902470664169e-4
11	0.002705396623520223
11	0.0019240547901127115
11	0.004979137799782678
11	0.003076480002166379
11	0.0018250959996139666
11	0
11	0
11	0.0015378190550583983
11	0
11	0.0031794897751471706
11	0.001630241263446988
11	0.0026981828219603808
11	0.0016874031036074235
11	0.005456023782728791
11	0.0040839013368505275
11	0.002022849792322574
11	0
11	0.0027277877537949247
11	0
11	0.0015169156551855362
11	0.0028069950673082706
11	0.0014813163337900168
11	0.001648651930524473
11	0.004440538045896801
11	0.001720022525665115
11	0.0026177878400178256
11	0
11	0.004191084947429085
11	0.0017141793198748347
11	0.0010803791157883852
11	0.0023849159314340844
11	0.0032835132502845982
11	0.0017790910307748447
11	0.008014993172470189
11	0.003943539133247704
11	0.0015145869990186634
11	0.003136128723003525
11	0.001663505400436079
11	0.0018409738311117093
11	0.0019319828517931883
11	0
11	0.0026625637054536657
11	0.00312234912965336
11	0.001326311282499205
11	0.004067307878067234
11	0
11	0.0026610671666740734
11	0
11	0.003328662348820933
11	0.00440593356177443
11	0.0023284558997907264
11	0.0016289290217441433
11	0.001644714060257468
11	0
11	0.0026492481294382976
11	0.002449143796570713
11	0.0029879922601198433
11	0.0018888550716440423
11	0.0025780071373345498
11	0
11	0.002931178475064566
11	0.0012655464845082243
11	0
11	0.002473458751487554
11	0.003061716030340751
11	0.0038808633875383925
11	0.0020368243468142657
11	0.0014961957223143098
11	0.004439677398337376
11	0.0018146304395273154
11	0.00431292055853833
11	0.001319666142645258
11	0.005027669344641697
11	0
11	0.0038205397111642538
11	0.0024974227413081247
11	0.003525836200475174
11	0.008412863877663658
11	0.002455439690680094
11	0.0033382527297168736
11	0.0010041759522151517
11	0.0032119222557727128
11	0.0020332254339180925
11	0.002829257778038789
11	0.002925736871980588
11	0.006035517819639736
11	0.0027562590582985206
11	0.002047160288330609
11	0.0022364395185302376
11	0.0016330534852694904
11	0.0023814118746923224
11	0.0016919023182710396
11	0.0035955694937838275
11	0.0030866832111634476
11	0.0018808154100107997
11	0
11	0.0028980516789242363
11	0
11	0
11	0
11	0.006065685319235858
11	0.00221889589282919
11	0.002003144713744629
11	0.0020578103612939667
11	0.004934200941517792
11	0.0013311656061651587
11	0.004422961708181184
11	0.006378134067803999
11	0.0015478357444338162
11	0.0034863729068318043
11	0.003977311348190414
11	0.002248487071369856
11	0.003320481670402275
11	0.0017347761746882172
11	0.0034391150161936753
11	0.0030042380329287056
11	0.0013978461113984503
11	0.004753562728076313
11	0.001962551723307176
11	0.0025199784091335443
11	0.0022883535562533922
11	0.004737997424987597
11	0.0034914228746711845
11	0
11	0
11	0.008824103023943703
11	0.002189773863289281
11	0
11	0.0015871176383253493
11	0.0013310974261346446
11	0.002027888415662074
11	0.0014364200922317623
11	0.002516488708876388
11	0.0028712792661487207
11	0.003818570109409765
11	0.0016861448204589602
11	0.005306764405048131
11	0
11	0
11	0.0025828723555448557
11	0.003329072351887459
11	0.00632233250957759
11	0
11	0.003184138025949604
11	0.0038368822086018725
11	0.0017390258071285421
11	0.002500805780409319
11	0.004260242330222321
11	0.0035605322676600893
11	0.0029542293323106578
11	0.00161208265037266
11	0.0030445565803192774
11	0.0019209520995339341
11	0.0032074193480073135
11	0.0036569259448739335
11	0.002252348799101532
11	7.923962760954687e-4
11	0
11	0.0033376928720388176
11	0
11	0.004652014675885373
11	0.0024306593442190664
11	0.0046604450861188335
11	0
11	0.0025818192205457075
11	0
11	0.0035964945717686103
11	0.00438274920897577
11	0
11	0.0026583288392965816
11	9.50724087457812e-4
11	0.0036606881698343996
11	0.0028965955079392953
11	0.003661115831743821
11	0.0027866090769952667
11	0.0031711641418550526
11	7.696096046990132e-4
11	0.0012032555229647547
11	0.0018315551401642469
11	0.003042406695290977
11	0.0014701577382615794
11	0.005795165507310403
11	0.0018090559570700573
11	0.0029511759532839603
11	0
11	0.003156686320075247
11	9.230645995264346e-4
11	0.00345354132454284
11	0.002570710730932866
11	0.00351555041633776
11	0.001474733696742012
11	0.002763587262498565
11	0.002555930559193399
11	0.002206237862492155
11	0.002360241823006108
11	0.0023990752847802333
11	0.003648823603998251
11	0.0027550820120299025
11	0.0030658135234895058
11	0.0013369274767740004
11	0.0026102551037260175
11	0.010967793693871271
11	0.0021093843746564393
11	0.0013855785883806835
11	0.0038687326977160028
11	0.002991005383503622
11	0.007124197006881697
11	0.0034750847116050507
11	0.0035153980766027258
11	0
11	0.004136650257833265
11	0
11	0.0073808287286952845
11	0.004083857924669375
11	0.004611476924000605
11	0.0016690922488122504
11	0
11	0.0038050464636486757
11	0.003538433232241722
11	0.0022448937494209146
11	0.002980108362118801
11	0.00422485006964944
11	0.0014886028142289153
11	0.0020541608514441706
11	0.0016279984383231459
11	0
11	0
11	0.004092474683300044
11	0.0014383863748573815
11	0.0013124216335473518
11	0
11	0.0025664591406507624
11	0.002798976896390475
11	0.002250729108613239
11	0.005555023018183141
11	0.004069004668456098
11	0.0018100992480678132
11	0.0023771689408980234
11	0.003835189667222292
11	0.0029740931584607824
11	0
11	0.0018695561158699014
11	0
11	0.001640192013487418
11	0.005130095188831159
11	0.0031098156406268104
11	0.001792074450788652
11	0
11	0.0030004339918011324
11	0.002045054874425068
11	0.0012208572825231473
11	0.0029104177059888184
11	0
11	0
11	0.0019361262641176865
11	0.0022859761708598253
11	0
11	0.006491783887812047
11	0.0021760002293962936
11	0
11	0
11	0.002167122606020518
11	0.0025998487607194407
11	0.00350870429834925
11	0.0031971959730719085
11	0.0033289860094886724
11	0.0026937334872535754
11	0.0029741451977666703
11	0.004278925500944827
11	0.001914446326388924
11	0
11	0.003540323891019757
11	0
11	0
11	0.0010721584559197292
11	0.0020484401570635435
11	0.0033343915866666505
11	0.0013144314602186627
11	0.002925361232094281
11	0.0012888206148488476
11	0.001171869759027291
11	0.0032015340421816677
11	0.0029538597052576857
11	0
11	0.0018219262240176306
11	0.003320401820931847
11	0.005033763254637205
11	0
11	0.003459172295346846
11	0.0018370921432276682
11	0.005391267462973289
11	0
11	0.003548369657604445
11	0.004252834573433338
11	0.0038174590856366636
11	0.0014203903118285828
11	0.002145681460604747
11	0.0047723648628364606
11	0.004636256747597247
11	0
11	0.003175623032780832
11	0.003686849557599083
11	0.0015206502510422386
11	0.0019789779852033033
11	0.004951372762715622
11	0
11	0.0026147718066214277
11	0.002913496105128295
11	0.0015042877839206554
11	0.0014449048280469814
11	0.0022429190536584495
11	0.003752171922527106
11	0.0018502819980112718
11	0.004461315960612244
11	0.002469074216884578
11	0.002983935859036748
11	0.004378026845687372
11	0.0013638608941047997
11	0
11	0.004133603049165559
11	0.0022281249525602613
11	0.006723795822605951
11	0.0012385365131652318
11	0.0018288725206944774
11	0.00689373543036363
11	0.0019466034226755602
11	0
11	0.002433215961730274
11	0.0049234675699770655
11	0.0017168895936178364
11	0.004661413704305442
11	0.0019475652221838634
11	0
11	0.0043929743868040315
11	0.003091732178350567
11	0.0030202352927778202
11	0.0013259650495190544
11	0.0015542930856046995
11	0.008600320985685314
11	0
11	0.0012459140275375745
11	0.003892085739328438
11	0.004181657172687201
11	0.0013065939783530058
11	0.0026234738779350457
11	0
11	0.003715567774421944
11	0.0018344397559411601
11	0.0019739465977047827
11	0
11	0.002060350389356689
11	0.0018426241299834985
11	0.0016867063407674386
11	0.0015898171715657274
11	0.0043270240141230695
11	0
11	0.002234410908540272
11	0.0023539474731298763
11	0
11	0.0024972269858342024
11	0.0062607208397871565
11	0.003956357251815516
11	0.0023036013929218077
11	0.010315661562795234
11	0
11	0.0031294300022654043
11	0.0013897924232289462
11	0.001470655083896872
11	0.0017819400217453558
11	0
11	0.003392872765390068
11	0.004560612922850332
11	0.005374860589598938
11	0
11	0.004853480690200548
11	0.002818607548749217
11	0.001975184497890043
11	0
11	0.004611072457063364
11	0.002739884543875469
11	0.00880184648049566
11	0.001442626213807068
11	0.0038286192262928604
11	0.0019842498190831438
11	0
11	0
11	0.0020321737410955608
11	0.0036504265413663532
11	0.002947251230400506
11	0
11	0.0016853902864901783
11	0
11	0.0028626224672348294
11	0.00150548049391731
11	0
11	0.006723059041157958
11	0.0030272197397708048
11	0.002625400361908469
11	0.001911185722666104
11	0.00274110405964225
11	0
11	0.0038482844344555006
11	0.0037710535147306057
11	0
11	0.001621198386201422
11	0.0017470704919046113
11	0.002175779662576191
11	0.0027351805994237895
11	0.0022984222318872477
11	0.0018656297309388933
11	0.0018484504590475731
11	0.002445387121932398
11	0.005062637991058686
11	0.005216040169120789
11	0.0037871046636799043
11	0.0030619661018327594
11	0.003295913430460484
11	0.0025411532816938497
11	0.001523333640073635
11	0.0038030175610492666
11	0.0020621738790640646
11	0.001649280510250945
11	0.0037195138094857187
11	0.004819433316595306
11	0.0029351676537612103
11	0.006443459443715256
11	0.005384932630892027
11	0
11	0.0051178453993038645
11	0.002568873238767214
11	0.006202373129560619
11	0.0017633109604704674
11	0.002320131894476346
11	0.002234110658339917
11	0.0029705466732431454
11	0.0034580729609130427
11	0.0018814562134957518
11	0
11	0.0021132964061038938
11	0.003508813190939184
11	0.0030744976203234135
11	0
11	0
11	0.003674284764840101
11	0.0019949739361569897
11	0.002298310047551795
11	0.0028505738832470197
11	0.002265450566450619
11	0.001384917471490556
11	0.003385946292563649
11	0.0035104447095324854
11	0.00367719555271597
11	0.002055731358173421
11	0.0015763135241451945
11	0.00268522917478361
11	0.0015657807391567021
11	0.002931587817910077
11	0.005976692764310919
11	0.007836713106308473
11	0.0029793617166595267
11	0.0026871496945915776
11	0.0013448986246437074
11	0.00541642465393571
11	0
11	0.001455549364695406
11	0
11	0.0031437844546395814
11	0
11	0
11	0.002679160093545667
11	0.007480610449925048
11	0.00283723254140877
11	0.005351523033092113
11	0.006407526761694839
11	0.001483400114458099
11	0.0023962739369510332
11	0.001521432770749471
11	0.0023513835948865518
11	0
11	0.003047823882750147
11	0.0031165584591488545
11	0.00383302706789005
11	0.0025591403657662347
11	0.0035375799051868147
11	0.008050348639686159
11	0
11	0.00106534523006116
11	0.002943038515799487
11	0.0017791727178135682
11	0.002835474251110524
11	0.002115690249481362
11	0.004185880595563986
11	0.0014765172160562008
11	8.919199391900695e-4
11	0.0021840738200770604
11	0.0056695039539154815
11	0.0020535721531498565
11	0.004821874722007303
11	0.004588579658909893
11	0.0036543176538050334
11	0.0013316016131833268
11	0.0028853340736650222
11	0.0034531035033949437
11	0
11	0.006248170172649235
11	0
11	0.0033826336103642296
11	0.0022847412626312807
11	0.00405476387469676
11	0.002127034162442809
11	0.0024142059951231605
11	0.002071449933285046
11	0.0016361237789283484
11	0.00312740950390785
11	0.006518477602247414
11	9.933002846599765e-4
11	0.0014230766651411571
11	0.00812438927946169
11	0.0033077711731003333
11	0.004428240341691252
11	0.0029177913774700737
11	0.004162548917494083
11	0
11	0.0032047457057988987
11	0.0035575144585069485
11	0.0015255524427325062
11	0.001614169919672563
11	0.0025924872869201024
11	0
11	0.0012844254965274748
11	0.002400951455669308
11	0.0032640610493259244
11	0.001081704070230005
11	0.001339577764826951
11	0.001708726896301058
11	0.001409846378659651
11	0
11	0.0029167522359762987
11	0
11	0.004097346145478306
11	0.005383764673721728
11	0.003502872768924289
11	0.0017757454849385442
11	0.002969024559990361
11	0.0033341181860304975
11	0.001945185789936752
11	0
11	0.0032624684914362607
11	0.0022599243418284566
11	0.0015652207634003956
11	0.004285588721068292
11	0.0037804411437255083
11	0.0018273315639571878
11	0.002765871592323473
11	0.0020955610840294155
11	0.0032533174263372224
11	0.001680012198856966
11	0.005474414766899094
11	0.0022550601960801006
11	0.0030306471136567034
11	0.009669936125526205
11	0.0028906658121826798
11	0.0038769702086588385
11	0.0018397478069562135
11	0.0038660315826851382
11	0.0025627795470859263
11	0
11	0
11	0.0016421174410725056
11	0.0053739152534563964
11	0.004274062147000303
11	0.001438767464321285
11	0.001957708098492579
11	0.0021134923653098507
11	0.00237703796853081
11	0.0020712798085174393
11	0
11	0.004180564099837479
11	0.0034089852921980446
11	0.0011798611979004197
11	0.003287949640506213
11	0
11	0.0015927306445482304
11	0.0031803599256892885
11	0.0024539108682220157
11	0.0018337867433510409
11	0.0021444030334207883
11	8.903291685752321e-4
11	0.00702152556262706
11	0.004251535469920744
11	0.0016605905159205994
11	0.004694788116649108
11	0.003000649768771837
11	0.0032783663692568282
11	0
11	0
11	0.003385078305750231
11	0.003990496762314652
11	0.004407596017906164
11	0.002334079191079753
11	0.0015961526114964923
11	0.0036468569776107514
11	0.00667480263065946
11	0.003580792710612065
11	0
11	0
11	0
11	0.0011681393568831575
11	0.004964413359163271
11	0.0034809349175199678
11	0.0024990682170929926
11	0.0026346995801594616
11	0.006630335047757902
11	0.002052470056046379
11	0.0019272024071438048
11	0.0019759771485008343
11	0.003641102295073075
11	0
11	0.003898016722368647
11	0.004431923263631572
11	0.003515348254782077
11	0.0019792701357229923
11	0.00194795105836385
11	0.0013798224329101775
11	0
11	0
11	0.006193509259131149
11	0.0024686865965649115
11	0.0033488163467653227
11	0.005236411737938585
11	0.0025011605118649733
11	0.004151575129469339
11	0.0021503829639893447
11	0.004568191729470866
11	0
11	0
11	0.0038480550352934704
11	0.00313564693178603
11	0.002838577015149473
11	0.0025487915784796807
11	0.0044430633148748264
11	0.0047938824537968406
11	0.004482939093969284
11	0.00475478988217223
11	0.0027698112380520005
11	0
11	0
11	0.002797647228328528
11	0.004044705723185824
11	0.0011156331702499797
11	0
11	9.839256354775732e-4
11	0.004021877318964415
11	0.004236883820574351
11	0.0036013866242677996
11	0.003057826032172029
11	0
11	0.0019946762605355193
11	0
11	0
11	0.003493530731043389
11	0
11	0.0034692557057833585
11	0.0018818447417825559
11	0.0013142691511904938
11	0.0022520807680279854
11	0.0066241527147730805
11	0.001526567149668338
11	0
11	0
11	0.008234211239955316
11	0
11	0.003039266822000937
11	0.004305258591217747
11	0.003240632936554567
11	0.0031402186262009272
11	0.0037820577396775624
11	0.002684369161691641
11	0.00122740980357308
11	0
11	0.002499199187727659
11	0.0038516788278260623
11	0.0019172471782371327
11	0.006248646463480152
11	0.0037854683782001
11	0.0013786886415816967
11	0.002962480101595038
11	0.003385876575359817
11	0
11	0.002376571692802067
11	0.0035494544120352016
11	0
11	0.002239029745701703
11	0.0034137099953663454
11	0.0020740008992133517
11	0.006831782277774448
11	0.002026432860095543
11	0.003161313542455987
11	0
11	0.002457591165197639
11	0.003560519977453352
11	0.002222604277599384
11	0.0028182761670832884
11	0.004590552472096205
11	0.0011174540754194673
11	0.0028848568979427057
11	0.00120903092806794
11	0.003903246023852779
11	0
11	0
11	0.002129013950941647
11	0.0048151565522957995
11	0.003181442361603241
11	0.002333594942633964
11	0.002085869741568122
11	0.0025650823087843538
11	0.0020984729842063966
11	0.0026185858740220527
11	0.004466743734366558
11	0.002927651556729408
11	0.0030782904554587033
11	0.0025942577623492952
11	0.0011168257197225967
11	0.00587707524227466
11	0.002781801062509379
11	0.0015967233156400967
11	0.0026449746952744214
11	0
11	0
11	0.002258703108627508
11	0.002556274251578433
11	0.0033612658023060736
11	0.0035721404991935646
11	0.005270511409188825
11	0.0029936954721128933
11	0.004462741209293307
11	0.004743219907323793
11	0.003912512749184879
11	0.005766263367003514
11	0.0021451546395572295
11	0.0019950288035046663
11	0.0029449601603731557
11	0.0029477019005532943
11	0.0024925701461064763
11	0.004289705253587973
11	0.0025372332198646016
11	0.0033032041783259696
11	0.0030057598098558896
11	0.005500941122991015
11	0.005060926937871418
11	0.0036581418722409467
11	0.0020486201107309553
11	0.0023162944545797597
11	0.001154073280533949
11	0.002829117611026253
11	0.0019242790557869286
11	0.0020672284537062297
11	0
11	0.0016085109939223082
11	0.002833317606027759
11	0.0016282670989992473
11	0.002436603935785637
11	0.002206112521953886
11	0.005554215367758484
11	0.005534053139126218
11	0
11	0.001737466881369752
11	0.0023526591527797533
11	0.004013893948072017
11	0.001239392086520976
11	0.002930168205305913
11	0.0020915031749800684
11	0.0031681198827484837
11	0.004230550567249949
11	0
11	0.002630789315040567
11	0.009838972201789703
11	0.0011403015922301603
11	0.0023409552462885443
11	0.0018138063440146304
11	0.0030663465981230005
11	0.008134405974799768
11	8.260747007920447e-4
11	0.0016941145472684541
11	0.005509404204955285
11	0.0037160156415390823
11	0
11	0
11	0.0034795245462516597
11	0.001886193090710732
11	0.0028454018890404745
11	0.003649520864289585
11	0
11	0.002568583614325944
11	0
11	0.004375246461318258
11	0.002075693409974964
11	0.002920354592410128
11	0.0047865221342087
11	0.004295042720482147
11	0.002541548648017669
11	0.0037186282332859096
11	0.0025362251242928946
11	0.0031208978178492073
11	0.0012485580680981648
11	0.0014106338420799092
11	0
11	0.0025502737027395103
11	0.0033971067970059335
11	0.00269973647749772
11	0.003343149523699023
11	0.003830014890674111
11	0.0045963649616074026
11	0.001651208227359038
11	0
11	0.004339978319762569
11	0
11	0.003814353844553836
11	0.003996889415559102
11	0.0049875078499082995
11	0.003748559471472551
11	0.003569675337390864
11	0.003254685388556364
11	0.007992836890409645
11	0
11	0.008825264021825185
11	0.002350376487455279
11	0.0015648488985591188
11	0.002395491751606259
11	0.0012655937450621736
11	0.001264298845439319
11	0.0013807375328840016
11	0.002117955456709932
11	0.0013509643593852246
11	0
11	0.0014880947019440562
11	0
11	0.002375876942670412
11	0.003270020046933466
11	0.0031850452413286095
11	0.005449944660472626
11	0.001959631843795822
11	0
11	0
11	0.0026709678937622415
11	0.002513250891563764
11	0
11	0.003966526122503583
11	0.007216037692702796
11	0.0011555737498348817
11	0.0020416903424761027
11	0
11	0.008273222055494106
11	0
11	0.0021271478457148265
11	0.0029598931419401613
11	0.0017505939883077607
11	0.0016250240573896055
11	0.0035339182367319006
11	0.0025581111391178137
11	0.003702151797341396
11	0.005199786086690782
11	0.003785019370282553
11	0.0019470829458667004
11	0.0031393066831096736
11	0.002665333956239384
11	0.001355034399694956
11	0.005039569990574565
11	0.0037183280419770645
11	0.0015622518831813442
11	0.002525280043899152
11	0.005779847184996549
11	0.003809819128795245
11	0.001977570554443289
11	0
11	0.004145384440802101
11	0.003479396862904094
11	0.0036183480276119747
11	0.002710398138849536
11	0.0035216082289940905
11	0.003802685637497734
11	0.0016922719172826153
11	0.00428404812416639
11	0.003424369038535018
11	0.0025654494085370298
11	0
11	0
11	0.0035102250575957932
11	0.0032671699328722533
11	0.0049211788901730065
11	0.0032770514479234973
11	0
11	0.0020544855278442254
11	0.003857930523970579
11	0.004054631164669842
11	0.005979708197301892
11	0.002086902294692561
11	0
11	0.002883726764246045
11	0
11	0.0022703312123674626
11	0.001347088758189747
11	0.0021208164061991197
11	0
11	0.0028202763482915484
11	0.0030189122183086462
11	0.0013124252229609146
11	0
11	0
11	0
11	0
11	0
11	0
11	0.002591605157767404
11	0.004275666412763376
11	0.008141755617870625
11	0.0030542075576749927
11	0
11	0.003258899354335404
11	0.0020068607919592404
11	0.007852350455762797
11	0
11	0.001998177351583322
11	0.0023083265567278135
11	0
11	0.001999061121961759
11	0.0036238640042449036
11	0.00186265207666639
11	0.006102723495970129
11	0.0080789301312291055
11	0.004051572803563927
11	0.0019498653747602244
11	0
11	0.0041925870463639546
11	0
11	0.002717990329349133
11	0.0037026925183679077
11	0.0013374210850155797
11	0
11	0
11	0.0028490030609304618
11	0.0015877187277731674
11	0.002266872568887187
11	0.004459549998039617
11	0
11	0.004076335891084886
11	0.0013793724814356127
11	0.0019616720650879414
11	0.003951806428445832
11	0
11	0.004192950558909263
11	0.0029411040271952174
11	0.004827575953514796
11	0.0017707642039537295
11	0.0023165644237544227
11	0.002284577431299782
11	0.0034012926936693665
11	0.005077549494438178
11	0.0025293359261727745
11	0.005532842009342674
11	0.0019215366224356173
11	0.001854574913833924
11	0.0017557876312743732
11	0.00324718169448402
11	0.0022653857645603833
11	0.0018544835882775552
11	0.003647007680281047
11	0.008326369904328817
11	0
11	0.001079491413911909
11	0.0023389437754792364
11	0.006866430574273968
11	0.0021205361283035094
11	0
11	0.0030533531905290933
11	0.0019619575993204672
11	0.008976217986188079
11	7.800030929395339e-4
11	0.0029615360818235435
11	0.0057921101990323
11	0.0017111805072671869
11	9.55466415029245e-4
11	0.0010017777698559686
11	0.002972358181801673
11	0
11	0.0022957112350931314
11	0.003217403091515926
11	0.0033341080191131595
11	0.0013221602101813538
11	0.0017287307870768463
11	0.005878044716536101
11	9.187203267317665e-4
11	0.00425971364097582
11	0.0023307606307155
11	0
11	0.0034415330556684678
11	9.703592883476809e-4
11	0
11	0.004548135390582705
11	0.0021187815299677894
11	0
11	0
11	0.00415710858319665
11	0.003943191259281694
11	0.006777515727688782
11	0.0035136536544100863
11	0.0031384686374957005
11	0.0045847134861242735
11	0.005725653931455656
11	0.003544047930392966
11	0.002220622276220548
11	0.0023913868882612507
11	0.003360214620108061
11	0.002701642090520172
11	8.029880347304925e-4
11	0.004235951553189448
11	0.005848049896110463
11	0.002903492807664574
11	9.86143679675954e-4
11	0.0028016627060375205
11	0.0034729626779030657
11	0
11	0.001327335754615386
11	0
11	0.002419965265141399
11	0.0068013651362381624
11	0.0025488811525151978
11	0.0026797330646386205
11	0.0026398746955672197
11	0
11	0.0048710002074933935
11	0.003530474401757838
11	0.0025330394879808362
11	0.0020725994314000715
11	0.003444233745576641
11	0.002502994850290993
11	0.002027913018170922
11	0.001408332204649823
11	0.0016882483329978691
11	0.0034379556645961224
11	0.0021385118859853555
11	0
11	0.0046951844318950785
11	0.0017651786476335898
11	0
11	0.00277742587128908
11	0.0026435636449159013
11	0
11	0
11	0
11	0
11	0.0034876926785311108
11	0.0015075497481800717
11	0.003808644551433312
11	0.00220260855313405
11	0.0015116476837085308
11	0
11	0.0022172015338851664
11	0
11	0.0024001647105312833
11	0.00372860388866457
11	0.0020868009741558677
11	0.0025823321466760295
11	0.0026876085238341342
11	0.0026719950315581653
11	0.0015080883478084965
11	0
11	0.002116077199153899
11	0.001666569163063602
11	0
11	0.003074705434105516
11	0.004139268139337133
11	0.001948261842747186
11	0.0012012218612888364
11	0
11	0.004196644608565218
11	0.0014058004873569285
11	0
11	0.0015222362011521808
11	0.003497974468596721
11	0.002477198819306506
11	0.00506109422055704
11	0.0031219868083757468
11	0.0022751020780801988
11	0
11	0.003994850843534444
11	0.00586531989344069
11	0.0012361700294173837
11	0.0021012265145407007
11	0
11	0.001341135082201735
11	0.003641064914991039
11	0
11	0.002913194960456907
11	0.0017991745986394572
11	0.0022656125908856544
11	0.0021999133830571268
11	0.001770155476069965
11	0.004934913123441958
11	0.0037239442295919837
11	0.0033306682341904753
11	0.0018652925324125224
11	0.004604632240041412
11	0.0011990958817411524
11	0.004141824896644769
11	0.0015116405591356415
11	0.0014282938987476275
11	0.001091510778762573
11	0.0019716425120954815
11	0.0013183835467625931
11	0.0026075072671406176
11	0.003808686010732286
11	0.002205037096330652
11	0
11	0.003221557549287684
11	0.00538659180769663
11	0.004956054182279706
11	0.0011313078614776557
11	0.0045749006502115285
11	0.0019313550965454492
11	0.001059625580775425
11	0.0036084545480867527
11	0
11	0.005372504940567252
11	0.002506787062079378
11	0.002579730221174543
11	0.0018500274928738986
11	0.002593461084778361
11	0.0018581986932966414
11	0.0025093885644557868
11	0.0029649394609520055
11	0.0024689384993355564
11	0.0026695283958267932
11	0.0018159565205186304
11	7.313440149596318e-4
11	0
11	0.0026368506294526983
11	0.003547905862011374
11	0.001493670436391014
11	0
11	0.0014782925104073088
11	0.004260157867538448
11	0.003163003610567382
11	0.003543848926781397
11	0.0025858277093989443
11	0.0027820808938645142
11	0
11	0.008089701289210867
11	0
11	0.004382502746111128
11	0.0047529348948375854
11	0
11	0.005996862765291596
11	0.0024664944121708804
11	0.0024869302651658433
11	0.0030955367731133575
11	0.0011749029582889129
11	0.003951191628077473
11	0
11	0
11	0.0014459460049400538
11	0.0027766450435915795
11	0.0036110037240768295
11	0.0029886689054334026
11	0.002837160097457128
11	0.004572578030558624
11	0.003214398789553189
11	0.004338713211207407
11	0.001457623403259613
11	0.0020705442142718803
11	0.003468867383587685
11	0.001596674256774803
11	0.005554997936507406
11	0.0013393782163936322
11	0.0037254703129415657
11	0
11	0.002446807707333597
11	0.0038140185369669437
11	0.0026416744705481322
11	0.0039242661240603645
11	0.006256460526705705
11	0.007977052781822126
11	7.108908447972447e-4
11	0.0012798607666973903
11	7.769622535976139e-4
11	0.0012492306954668426
11	0.004637184435403676
11	0.009692027204953563
11	0
11	0.0018762424155411503
11	0.0016971325326550456
11	0.0029323508546618697
11	0.00356363087717421
11	0.004639934699042572
11	0.0023373513928700404
11	0.002376519991958187
11	0.004183390878456559
11	0.0024399629299185527
11	0.002769690791665406
11	0.0039133986794162405
11	0.0018823828017295557
11	0.002952281042415923
11	0.004194326110534677
11	0.0011146914830034947
11	0.0013964508722882326
11	0.0022309223236201127
11	0.0028238475897619745
11	0.005383687556226508
11	0.0040996665352359294
11	0.004680507500377361
11	0.0034559683341298065
11	0.0010980996047460717
11	0.002209704738336722
11	0.0032365971895523273
11	0.005708919544129558
11	0.0031643315917528284
11	0
11	0
11	0.0025593221041975557
11	0.0016995179143433996
11	0.003258413931784888
11	0.0031232371434690856
11	0.0038131698241922426
11	0.0032843284145914566
11	0.0021613896674765615
11	0.002235857255622879
11	0.0022432535628019784
11	0.002633755361224467
11	0.003742949467829797
11	0.002196436045830005
11	0.006414146376833094
11	0.003856141530744176
11	0.003230577700077449
11	0
11	0.0027381018400918166
11	0.002802531974047672
11	0
11	0.0022898415228314213
11	0.004198193241443163
11	0.00400606329961782
11	0.0027488897708427902
11	0.005966508752126063
11	0.00263918281863948
11	0.003347575137310027
11	0.0053646959280893355
11	0
11	0.0035812781545077415
11	0.003270065070620974
11	0.0031944260835248977
11	0.0015135493607851555
11	0.002045570643616709
11	0.0030312278977999785
11	0.003024184736822171
11	0.0023136819329699675
11	0.0033864314447201948
11	0
11	0.00173501121207665
11	0.001605361670825177
11	0.007801007918504276
11	0.005645243469735542
11	0.0027418900590350666
11	0.0036258795170985673
11	0.004410112736323487
11	0.0027435497103707298
11	0.0031229201538564445
11	0
11	0
11	0.0024718861531776975
11	0.003753320483666365
11	0.0043183547938018384
11	0.0016837564850889005
11	0.005629861653857033
11	0.0010279169702438562
11	0.0020997560515920934
11	0
11	0.0023378558526211883
11	8.625592651864132e-4
11	0.0016521379777845058
11	0.0034011423190012787
11	0.00150749093869669
11	0
11	0.002692556879924404
11	0
11	0.0027807657129556487
11	0
11	0
11	0.00472975263519444
11	0.0017967535387175895
11	0.0019502430849338026
11	0.006157335223054428
11	0.0038480483315343227
11	0.0035150305268709697
11	0.006502703435250388
11	0.004635464736141414
11	0.0028416731098262786
11	0.0018521741988489057
11	0.0024717380022045475
11	0.0022977275998609524
11	0.0014634244946536788
11	0.0010365005150281645
11	0.005072414614007123
11	0.0013314939621236043
11	0.0013029177907649967
11	0.00227858791658638
11	0.0022955485960768182
11	0.002887279153320913
11	0
11	0.004006421656716261
11	0.0015919255180215158
11	0.00633308507039001
11	0.004143141446620811
11	0.008559437565046733
11	0.007616261638880695
11	0.002871797383958544
11	0.0030605151976142364
11	0
11	0.0019128171204718261
11	0.005074889711682393
11	0.008610074475654483
11	0.0032415559564573006
11	0
11	0.003321864718212281
11	0.0028458442430761744
11	0
11	0
11	0.0014912008041114743
11	0.0017919369016242259
11	0.0042870195700300566
11	0.0023978352978615267
11	0.002837898616826042
11	0.001703035164934064
11	0.0024241946780755165
11	0.001278797894776962
11	0.0033165157742992605
11	0.002881600438944906
11	0.001916363419963322
11	0.002393456312465722
11	0.0024693763361975083
11	0.002418025726467923
11	0.006143061916667526
11	0.0022931580148791227
11	0.004245248746365043
11	0.0013562900077360724
11	0.0026084609154663754
11	0.0022450215776004118
11	0.004915296962284342
11	0.0024366992784000344
11	0
11	0
11	0.004046263159079347
11	0.001732076903279073
11	0
11	0.002402728621995276
11	0
11	0.003739883199583209
11	0
11	0.002725937569789795
11	0.0028052983664817958
11	0
11	0.0022480020770275
11	0.001592352710333403
11	0.004927007347919135
11	0.0018974352352168584
11	0
11	0
11	0.004896766026233799
11	0.0038036300171166585
11	0.003658440532370174
11	0.001911907789931542
11	0.004194453478158137
11	0.0035309310307903
11	0.00167811744495459
11	0.0016061418791695813
11	0.0028017131378701063
11	0.0036421215632423012
11	0
11	0
11	0.0013560121780928662
11	0.003959312291550934
11	0.0033862843856880924
11	0.003302397438698352
11	0.003306266213955457
11	0.0017127397664664593
11	0
11	0.00291750136232192
11	0.0021367505693868755
11	0.003025083290402467
11	0.005529513368980578
11	0.001889662290678401
11	0.003290292230961656
11	0
11	0.0043850733654609
11	0.00203205289473024
11	0.0012629193713603534
11	0.0016300073811044127
11	0.002019342235687862
11	0.0023709418030925518
11	0.0032130577263169693
11	0.001216408642302828
11	0.001915171206459979
11	0.0017177202431382299
11	0.0044380922777309375
11	0.0013133741796058358
11	0.0028298260480579696
11	0.0013145775992333786
11	0.0047763362935519795
11	0.0043121860215974
11	0.0030911253219824673
11	0
11	0.004307314360007071
11	0.002830066389022094
11	0
11	0.004654785915753393
11	0
11	0.004435435286476229
11	0.0018336191154907512
11	0.002860889239037756
11	0.0017629701920862603
11	0.001760964334446103
11	0.0020627691277030663
11	0.004711350054027856
11	0.0019763777368669365
11	0
11	0.0023265567085034916
11	0.0029944514104451076
11	0.003572213304309543
11	0.0046927453406100435
11	0.0025434853165471113
11	0.003372165439716079
11	0.0020219357070229305
11	0.0026892368897593324
11	0.0027132623930576564
11	0.003349335033728564
11	0.0013030764170319994
11	0.00245802403025988
11	0
11	0.0034424524574862775
11	0.004721003619317357
11	0.0021150665700101806
11	0.0027215465939307076
11	0.003898321004143586
11	0.002323299544295579
11	0.0024644220827929803
11	0.003530397085675391
11	0.003366930762545653
11	0.0041106775619816766
11	0.0029682497602647384
11	0.0031266286504812255
11	0.0020321544031322936
11	0.0014896754726539982
11	0.004795562993066243
11	0
11	0.002705194659201202
11	0.0034209856477243872
11	0.0024017338137629386
11	0
11	0
11	0
11	0.004286770337593906
11	0
11	0.0025721760312501247
11	0.0025365407384407217
11	0.006221205692275638
11	0
11	0
11	0.004563239040157142
11	0.0023810274454245097
11	0.001034794491395045
11	0.0015680387980509581
11	0.003198486093499282
11	0
11	0.005444081185148976
11	0.001628008769745094
11	0.0012618221664260439
11	9.686441301255286e-4
11	0.004152016560573982
11	0.0039237199361134125
11	0.008456616590201044
11	0.003713030039499528
11	0.002903908327186401
11	0.0016060532769372065
11	0.004296120690280065
11	0.0023257042478045747
11	0.0015739839777807955
11	0.0011146550489558194
11	0.005390274940095267
11	0.004888268287558572
11	0.0028620424725542197
11	0.0025240231217051106
11	0.005942826991542718
11	0.0010315309364361262
11	0.00436098406729041
11	0.0023734426106222415
11	0.0024585795491353173
11	0.002794930090687233
11	0.002503390993087439
11	0.007089823014094913
11	0.0017953811209364544
11	0.0014163594741890123
11	0.002483687892797612
11	0.003636247768441236
11	9.088182912734478e-4
11	0.0013955909911381548
11	0
11	0.003059688816636527
11	0.0036154385571820387
11	0
11	0.006159125538107479
11	0.0016328883947654795
11	0
11	0.003256034327096288
11	0.002233386930784831
11	0.0021592090469145357
11	0.0018761122236584393
11	0.0022499850275522607
11	0.0027621145301184266
11	0
11	0.002593634943903622
11	0.004123100681593618
11	0.0019540208597383446
11	0.0022123646864846526
11	0.0033689200686210434
11	0.0019298940151827213
11	9.424158403355314e-4
11	0.002416583776572959
11	0.003519526320431828
11	0.0028135776293791433
11	0.003001759180777175
11	0.0030526465874441268
11	0.0046237882396892695
11	0
11	0
11	0.0028412800246140433
11	0.0022461400318702527
11	0
11	0.0020366191099858463
11	0.0030250330093589627
11	0.002963233553370041
11	0
11	0.0028032795820369404
11	0
11	0.00175573940343476
11	0.003957844982389121
11	0.0032450372131085066
11	0.0030226557917607997
11	0.002400555193790526
11	0.0017831526286718879
11	0.0022107271677246887
11	0.002363435825626753
11	0.0020095170689921745
11	0.0035821952507701857
11	0.0017613228468228235
11	0.001679381031057945
11	0
11	0.00387459363416565
11	0.0037179007887489634
11	0.004281001845863879
11	0
11	0.0018938229418782777
11	0.0018639293625303012
11	0.0021812780475198392
11	0.0017776750318152844
11	0.008496528525872724
11	0.0036880394026923146
11	0.0032837650894589876
11	0.0030950683123858423
11	0.0016820319089589477
11	0.0027793135336875033
11	0.003841572507475264
11	0.002736784784545809
11	0
11	0.004431181585740747
11	0
11	0.0033353984150571764
11	0.00176645148594506
11	0
11	0.002210259502828239
11	0.0013727312674837507
11	0.002724035714179494
11	0.003433153633113345
11	0.002872448746911929
11	0.0010120664575523457
11	0.0024019087200418056
11	0.0036353305875787426
11	0
11	0.006658339890604396
11	0.0035372295653103483
11	0.003511522574317394
11	0.002817614333229772
11	0.002333095075789531
11	0.0020489082434075223
11	0.0017246756757489587
11	0.0049717409734762515
11	0.0031743744543835076
11	0.003186901974966576
11	0.0027925644765996295
11	0.00289433799712803
11	0.002491490910089348
11	0.0036901209698733096
11	0.0010871977438180983
11	0.0018246074048391154
11	0.0029804105427271377
11	0.002581360332007497
11	0.00217140742417435
11	0.0026595325058514584
11	0.0032379670053851767
11	0
11	0.002346764057711052
11	0.003042222174318571
11	0
11	0.004347742209811983
11	0.002289904175999273
11	0
11	0.0016029165840150518
11	0.0033727278105358965
11	0.004332404792013813
11	0.002584435093330987
11	0.0034455070437956173
11	0
11	0.0018878909899497911
11	0.002072133816760343
11	0.0011221326239014395
11	0.006477170660763208
11	0.0020949144609051186
11	0.0041838383931409205
11	0.006512488311652684
11	0
11	9.575269021500242e-4
11	0.00233224618410687
11	0.0021219008697163275
11	0.002383704083678533
11	0.004219888024205104
11	0
11	0.0022621906969191264
11	0
11	0.005598894750015162
11	0.001005935006429562
11	0
11	0.006281019091378366
11	0.0014220422354691243
11	0.005677297090724028
11	0.002356067925478503
11	0.0016983940015495179
11	0.0013814397131719247
11	0.00383921393098496
11	0.003966823111795101
11	0.002140757023596763
11	0
11	0
11	0.00510943535683825
11	0.0024974911485358096
11	0.0033952768189487044
11	0.0029021954199527603
11	0.003580318213865247
11	0.0045192462535474315
11	0.002577860259664587
11	0
11	0
11	0.002002200969944703
11	0.001778767143582326
11	0.002641483197240411
11	0.002818649396833533
11	0.004307351297808284
11	0.003770773077367263
11	0
11	0.003311604015029966
11	0.005601541013628801
11	0.0023989883241768268
11	0
11	0.0012914504672779117
11	0.002747715196929368
11	0
11	0.0062190993233294575
11	0.001896908993486314
11	0.003882177692891586
11	0.004439112395432819
11	0.002380736685097074
11	0.003015139631217414
11	0.0018082727104704217
11	0.002964559102630109
11	0.0014514098191698813
11	0.005110162434600217
11	0.002274750851396668
11	0.001134719881900703
11	0
11	0.0028716017699858625
11	0
11	0
11	0.0024922253505024854
11	0.002813265709499576
11	0.0030464583441846696
11	0.0026024375498178475
11	0
11	0
11	0.0040134656961649745
11	0.0011545412576838554
11	0.001646042258211172
11	0.0034937616150380896
11	0.002141146022985368
11	0.0030672039455251167
11	0.008739230766189567
11	0.0025376848006389723
11	0.0036990014784467236
11	0.0023947737722689864
11	0.0013057049624084795
11	0.0035713797294318764
11	0.0044636613780021876
11	0.00362439619795974
11	0.0029611589248710393
11	0.0012080089163216427
11	0.0028667210479977256
11	0.005971633404159892
11	0.0036160980593494445
11	0.004883168812590424
11	0.003118122381836354
11	0.004058996001247781
11	0.005682402912484114
11	0.002392652193527808
11	0.0028638689361434404
11	0.0017252161913962943
11	0.0043978877257017344
11	0.0025679996636202964
11	0.005936159291070551
11	0.004331725491784032
11	0.002796495667008867
11	0.0018411278154221325
11	0.0023770989991848865
11	0.0026246339720096623
11	0
11	0.003055911064570529
11	0.001486523163873634
11	0.0024393883259070668
11	0
11	0.003141097999192453
11	0.0031519554467179813
11	0.0037864895245626738
11	0.005960176724550599
11	0.004569845641650979
11	0.003286863248561321
11	0
11	0.003087809477929421
11	0
11	0.0022904253666137897
11	0.0029857200549223448
11	0.003251219226530349
11	0.0011590189767087405
11	0
11	0
11	0.0034593354147458063
11	0.002928087701295136
11	0.0012676228582455037
11	0.0012641327181976002
11	0
11	0.0038447371548071796
11	0
11	0.0025877189951009254
11	0.0028876501857277954
11	0
11	0.002632435336507433
11	0.0038492530917796867
11	0.0027298218553233403
11	0.004756069611571653
11	0.0016887809918446361
11	0.003254965673273809
11	0.003086897773866766
11	0.002905934117429477
11	0.00625662642956454
11	0.0045477055803089155
11	0
11	0.0024105892403591513
11	0.0010182342745278198
11	0.002513102803718213
11	0.004781272009723033
11	0.002561382458700735
11	0.001960189285692872
11	0.0038598535569833686
11	0.003376325718970557
11	0.001226134954935611
11	0.0036770059325835526
11	0.008960940500019879
11	0
11	0.0054693348118046055
11	0.004494377643229046
11	0
11	0.0012559963845379448
11	0.0017020907943658314
11	0.0027207044687453438
11	0.001905489049383752
11	0.003285651110284227
11	0.0012119512818918998
11	0.0012110667761232765
11	0.0036424407427961187
11	0.003732917748391148
11	0.00294570973825628
11	0.0024327398680428275
11	0.002900128377377003
11	0.0020138297165925396
11	0.002692804251878706
11	0.00237039064794475
11	0.002824681498736285
11	0.0017836436554309553
11	0.0017356792866504431
11	0.0019408771064537485
11	0.00360781758248857
11	0
11	0.0012148358872962845
11	0.0018470776149081358
11	0
11	0.0026700402801223284
11	0.0011402640960379358
11	0.0012390705029295675
11	0.0039535321605848935
11	0
11	0.002649172306505825
11	0.005668012824164552
11	0.0016449484725823314
11	0.004213793877104556
11	0.003847917865938457
11	0.0016725000443595886
11	0.0012944049372993426
11	0.002730181067218936
11	0.001666277292202164
11	0.0032196647654405006
11	0.0038228738706930724
11	0.0036715843716678942
11	0.002639480003448489
11	0.001845266406651483
11	0.009235929390239666
11	0.0015133742739614224
11	0.0020750461931146567
11	0.0021398057720667103
11	0.004420670791059527
11	0
11	0.0035536366013201085
11	0.004603564632869875
11	0
11	0.0040110838324720986
11	0.0027173802132274814
11	0
11	0.0021129219482207903
11	0.0017823243984415051
11	0.002468294851955654
11	0.0029240187243027597
11	0
11	0.0032386337726861207
11	0.00506417508887212
11	0.0019364397018285053
11	0.0013892917167959127
11	0.0031248332148544806
11	0.0025861032458528925
11	0.0030387710352956796
11	0.0026707848005415296
11	0.0018417326101595835
11	0.003326066498447947
11	0.002879555863832955
11	0.00411226086646169
11	0.0033671668674867153
11	0.0034114726066181702
11	0.0017998319449148074
11	0
11	0
11	0.0022948056784980616
11	0
11	0.0019478912621130398
11	0
11	0.002428295804259521
11	0.0022802542100703906
11	0.0021238682974386983
11	0.003959222297061913
11	0.002400619209352392
11	0.004520106646043581
11	0
11	0
11	0.004411167545879237
11	0.002798370185898453
11	0.004336481279831398
11	0.001352491248416223
11	0.005117843065246741
11	0
11	0.0018715271328337442
11	0.0021707662286799523
11	0.0048277548180542555
11	0.001763293227555912
11	0.00171084489312152
11	0.0033021186866054215
11	0.0010947111401245892
11	0.0019161771518953106
11	0.0026591802192547694
11	0.003251045933661883
11	0.004487537110542898
11	0.0038346567292864837
11	0.0014820042785550322
11	0.0010931744223921845
11	0.002488409806756425
11	0.002981289437516571
11	0.001723661033767987
11	0.0018496443765243164
11	0.002554423614329362
11	0
11	0.002699915741550652
11	0
11	0.003871753305109021
11	0.00669009493642347
11	0.0014940818971276588
11	0.0025729555071526025
11	0
11	0.0034060845222448903
11	0
11	0.002476110201685581
11	0
11	0.003459803323741365
11	0.0029598091696159097
11	0.002422968254933156
11	0.0014861816478107445
11	0.00233309701741066
11	0.001291050332492083
11	0
11	0.005138736048573993
11	0.0018720423402744677
11	0.0024713075084283917
11	0.005891450413788425
11	0.0038265696809603577
11	0.0044404340328748505
11	0.0017353734810112418
11	0.005413551844738239
11	0.0019403123798686845
11	0.002527973200512679
11	0.0037247644113606805
11	0.0022335707814979703
11	0
11	0.003126739909517512
11	0.004230289654365551
11	0.006892206897065101
11	0.0034976853582857634
11	0
11	0.0013675169869912295
11	0.0025405765281300936
11	0.006381253757343357
11	0.005374405948129088
11	0.004397786639082383
11	0.002918869779971683
11	0.002127055628639374
11	0.005583147552554272
11	0.004181247611313932
11	0.003089536385975591
11	0
11	0.0031616277108598256
11	0.002128606472806571
11	0.0031987083623726373
11	0.004532219719973071
11	0
11	0.0012941693482521645
11	0.004689600785217048
11	0.004085469127114107
11	0.005266515021769814
11	0.0027407443680615606
11	0.001433315640140324
11	0.0032002064987811884
11	0.003621604734679514
11	0.002315259700708008
11	0.0015506044466542974
11	0.0041050067671874494
11	0
11	0.003138882017503738
11	0
11	0.0014950959976332081
11	0.003359139945591564
11	0.0038340088943562985
11	0.0016933747699004
11	0.007145749338561439
11	0.0019260855913520159
11	0.009249679301431446
11	0
11	0.0040060165512658475
11	0.0030204406221193067
11	0.003311272616789708
11	0.0023462770041844452
11	0
11	0.0029300911799440056
11	0.0035532489640568332
11	0.002551038547533369
11	0.0036457508944187497
11	0.0033520417145680723
11	0.0016919608031708516
11	0
11	0.005640385946695258
11	0
11	0.0035061476207692726
11	0.003102544386702556
11	0.003987260891931105
11	0.0038755311486956415
11	0.0025618188523802983
11	0.0016189824950371414
11	0.003029998168665427
11	0.001680741853186957
11	0.008573693222345488
11	0.006726295820714008
11	0.0024419556703345253
11	0.003264800235730504
11	0.008737518116210569
11	0
11	0.00176624260747256
11	0.002895528367468803
11	0.005794503819596873
11	0
11	0.0027347721321162237
11	0.0048769904804896735
11	0.010096983913106107
11	0.001389675359184267
11	0.0031796815955860234
11	0
11	0.0021600372617479866
11	0.0031674455238755476
11	0.002389298455962056
11	0.0016974127043206913
11	0.002903480035401277
11	0.0015504648773148149
11	0.0018310212840366288
11	0
11	0.0014072692661623765
11	0.004966000376118959
11	0.0032977424565501616
11	0.0018887057201800678
11	0.0010892702612006876
11	0.0029053317599680014
11	0.0018138677207099232
11	0.001389470703874498
11	0.0024023717663332676
11	0.003906619378327817
11	0.0059098778323361965
11	0.0069006643026945265
11	0.003936146747849922
11	0.00493917740857602
11	0.0029434053748215016
11	0.0023132076431299125
11	0.005488735731684051
11	0.0019962689774194807
11	0.0028310313991224264
11	0
11	0.005014359920463194
11	0.004139512094158002
11	0
11	0.002265439693627457
11	0.0016893164594336488
11	0.003351634326866035
11	0.00344225067236788
11	0.002978873203785718
11	0.001948937574362189
11	0.0017268326676528575
11	0
11	0.00474357599536545
11	0.0013076445842621453
11	0
11	0.0014646250147974816
11	0
11	0.0018901475434113814
11	0.002394478151048427
11	0.002066847130788905
11	0.0016638458566679201
11	0.002057073085782377
11	0.002722452446760669
11	0.003729579414172833
11	0.003087389796945278
11	0.0024284144297036453
11	0
11	0.003570863376971225
11	0.0018704281201844428
11	0.001088328479068752
11	0.0032651557774745973
11	0.001217900646205375
11	0
11	0.004743758494555941
11	0.00219874816772016
11	0.0033036118919544132
11	0.002445004877539008
11	0.0029162724527869817
11	0.00210482146677676
11	0.004328842628260752
11	0
11	0.001613592932582389
11	0.003556260411509725
11	0.0015968546293350992
11	0
11	0.004337480897017327
11	0.0012434293996305542
11	0.002867992671780551
11	0.003346867939465174
11	0
11	0
11	0
11	0
11	0.002182664980247098
11	0.003998038828601279
11	0.0017185393109168448
11	0.002077251279308643
11	0.0014290965048687977
11	0.008875176090290237
11	0.010533773084073545
11	0.001761619120585708
11	0
11	0.0030725250112593363
11	0
11	0.0017999637750922492
11	0.0021111282416903057
11	0.002110522406648946
11	0.004985358243086842
11	0.0026043099125645274
11	0.0031663342515958677
11	0.0027756918239235594
11	0.008193998567379335
11	0.0015394955216802744
11	0.002660536548778136
11	0.0018928711544262948
11	0.0019942692405141866
11	0
11	0.0020044159494617426
11	0.003829690980667765
11	0.00265809645238636
11	0.004050290977292239
11	0.004448087504557936
11	0
11	0.0035101352756120295
11	0.0023465505071466517
11	0.0012008311613336336
11	0.0052487039671173475
11	0.00330694780941808
11	0.00405422185216973
11	0.0014081584923354093
11	0
11	0.004358286345569855
11	0.0032927728861056487
11	0.0038756468108136852
11	0.0024594740648094847
11	0.004157678871518003
11	0.0028408238161850142
11	0.002761597563246231
11	0.0039418059483456724
11	0.002292143461778538
11	0.0021606062855415785
11	0.0032326481630417588
11	0.003084760886341593
11	0.0018312305090589613
11	0.0016601369134352627
11	0
11	0.0018844548340089774
11	0.0016711726763838466
11	0.0016686569036653356
11	0.004028447299983621
11	0.00444059477899396
11	0.006881802225349657
11	0.0022071552157956666
11	0.0030050022612904473
11	0.001969353612312287
11	0.0022403209832647392
11	0.0012041469282904015
11	0
11	0.002984539947411757
11	0
11	0.0039938915666105565
11	0.0015919768800220623
11	0.0037284481118134275
11	0.0018253234509311288
11	0.004295923074355178
11	0
11	0.002134143049718874
11	0
11	0.0013464291949694836
11	0
11	0.0013659927365975238
11	0.004029335653163718
11	0
11	0
11	0.0028853944270398352
11	0.005013725976575077
11	0.004016820545368073
11	0.0032187190600270394
11	0.001469276234683208
11	0
11	0.0015394561449280594
11	0.0032846540106806653
11	0.004221106963355625
11	0.004044293210047843
11	0.0069770246432933674
11	0
11	0.002111562819827996
11	0.0059309872940151494
11	0.0015842719540853124
11	0.003454707212568516
11	0.002186982472157605
11	0.0030139254007573555
11	0.002760014580877617
11	0
11	0.002091217615768903
11	9.52309302685038e-4
11	0.0015371703291251907
11	0.0012038189231275637
11	0.001984367094860519
11	0.0016500485829138638
11	0.002957466231802263
11	0.0038286772507972076
11	0.0032045579888827233
11	0
11	0.003398433428716759
11	0.004449548075454125
11	9.8843372176192e-4
11	0.0042344116221419365
11	0
11	0.003564514718606983
11	0.003675101962034757
11	0.003743404197412789
11	0.002268989570204372
11	0.0019711265823736416
11	0.0051014623589613695
11	0
11	0.003571251893839773
11	0.004004347256142999
11	0.002595116308264471
11	0.00432718679259108
11	0.0015651908613965222
11	0.002639913553072449
11	0.0015163700242297304
11	0.005406464233562704
11	0.005134839435588225
11	0.00131665948820717
11	0.0036047167335487218
11	0.0029974388682849785
11	0.0050587955478373576
11	0.0024672911992089843
11	0.001819681814895623
11	0.0012517087695320514
11	0.004035712838470921
11	0.0016832206876531627
11	0.003371401187620351
11	0.0027258543489603925
11	0.002070118849667914
11	0
11	0.0024751734450318115
11	0.006163265943870003
11	0.0056134333869545285
11	0.0018683539023214902
11	0.0030774420333098415
11	0.0038904595809947395
11	0
11	9.69177394678092e-4
11	0.004199901050900969
11	0
11	0.003876141158223466
11	0.0031719814914386774
11	0
11	0.002226347253846184
11	0
11	0.002983472067361782
11	0.0012008226789719445
11	0
11	0.004157616943470471
11	0.0034472175371403533
11	0.002084130677041342
11	0.003966683626523139
11	0
11	0.002056516998584755
11	0.0018010693009768736
11	0.0015762942477091832
11	0.004245315766671836
11	0
11	0.002150774642150666
11	0.003048757531607191
11	0.0021243378969642767
11	0
11	0.0024264401736409343
11	0.0024043209340483037
11	7.174682531973871e-4
11	0.0030116616419235483
11	0.003046949027097329
11	0.005437500060882707
11	0
11	0.003648589268923881
11	0.002663666433920538
11	0.0035784434382321985
11	0
11	0.0065519327568473356
11	0
11	0.005288862610220857
11	0.002172736420199688
11	0.00239798973881061
11	0.0011383611256031113
11	0.004749661810336293
11	0.005096649986146465
11	0.004846324137928173
11	0.002533623056525719
11	0
11	0.002335548584809168
11	0.002873498079517513
11	0.006389525630803029
11	0.003431530256713415
11	0.0011495576172641962
11	0
11	0.0023859938863935973
11	0.0029032974172556233
11	0.001647714130523233
11	0
11	0.002484321457181591
11	0
11	0
11	0.0026640396630314934
11	0
11	0.0027787791680951926
11	0.0031971275569044662
11	0.005720496746957929
11	0.0053486532041717
11	0.002130020970441239
11	0.00379270499495125
11	0.0025565985953403137
11	0.004755421237511266
11	0.0026053623717611765
11	0.0016902990338554533
11	0.003384714227876621
11	0.004864408930941756
11	0.0028545465520892787
11	0.0018669418346953905
11	9.172269331159363e-4
11	0.002029833687599594
11	0.0022797324183410498
11	0.0011055235623669121
11	0.002652913420775999
11	0.0014728411713428552
11	0.001640109739120819
11	0.003053195344139456
11	0.0017702452374626578
11	0.0031327547696183193
11	0.003330321963795148
11	0.003935792378927379
11	0.0014197658505683782
11	0.00275753435701033
11	0
11	0.0016038266468347139
11	0.0022579112377809326
11	0.003940706557639266
11	0.0026792436986135142
11	0.0024015039671421326
11	0
11	0.006051655192187287
11	0
11	0
11	0.001481809507908604
11	0.0029947363138646717
11	0.002275037650446482
11	0.0022035165927852566
11	0.003450412275478291
11	0.001650656146784074
11	0.003868724189375163
11	0
11	0.0014133622986191863
11	0.0021458488042540628
11	0.0040077364319677546
11	0.0013590812952585065
11	0.00268157482377425
11	0.0015989948829502477
11	0.003943426004953559
11	0.011587494416921496
11	0.001599419138121431
11	0.0040801842478825545
11	9.632269877963405e-4
11	0.0022166716550631117
11	0
11	0.004166739520535411
11	0.002921622321281309
11	0.004067382142307367
11	0.0029601203878480693
11	0.0017023857296201103
11	0.0036501152500788285
11	0.002098527470997114
11	0.0022017084580874826
11	0
11	0.001863263757978345
11	0.0022234937312682053
11	0.002393523310731302
11	0.0025704112375480133
11	0.002287441286008113
11	0.0017393930107094072
11	0.001766403740758021
11	0.0028451528460403824
11	0.006531392674140382
11	0
11	0.0029505374011048863
11	0
11	0.00477083376387239
11	0.0028265480288563165
11	0.0021280187975957978
11	0.002173780799024454
11	0.002733273530429411
11	0.004947533971927051
11	0.0029583158887919406
11	0.005291537009305727
11	0.0035562055757556105
11	0.003418763887103805
11	0
11	0.001472115212942616
11	0.0018348368852430324
11	0.003366457922305245
11	0.0036873620058199127
11	0.0027631638171444653
11	0.002823498125263422
11	0.005327332495696094
11	0.004479629334063987
11	0.0066733782960955714
11	0
11	0.0023719712642893895
11	0
11	0.0025365294885558525
11	0.007177895519019747
11	0.0058261049839812284
11	0.0066050637312415564
11	0.0023712236564752405
11	0.00307663118607152
11	0.0033796872588892158
11	0.0036800454776907848
11	0.003249552237982755
11	0.00266717250028302
11	0.001437221186326908
11	0.0029500331099375225
11	0.002941378476508497
11	0.00189021432395565
11	0
11	8.027780542319855e-4
11	0.004256024036565982
11	0.00457396397429569
11	0.004890712880094442
11	0.002393388183563283
11	0.0018517733703970489
11	0.0028226478467212996
11	0.004072864465727774
11	0
11	0.00267829277243444
11	0.0029061231279363673
11	0.0027478517707569196
11	0.0032607561440963547
11	0.0016961748346559803
11	0.0017833747460601875
11	0.002271767943739917
11	0.003370989818365346
11	0
11	0.0022810236936055927
11	0.0015495659105865009
11	0
11	0
11	0.0022374270082614377
11	0.0031551576096961534
11	0.0028588250020511953
11	0.0035528808307843185
11	0.0030260853689171034
11	0.0033282486576353344
11	0.0033182500786162923
11	0.001820119204833629
11	0.0059740745680900475
11	0.0025296648408600305
11	0
11	0.005342630083684465
11	0.007199429379243422
11	0.003325322947127052
11	0.0023494599396914426
11	0.0028891122608556844
11	0.0017921013072301744
11	0.0038386974551376327
11	0
11	0.006620134449054508
11	0.003380361707186205
11	0.004072952516093694
11	0
11	0.0036155934593430877
11	0.0021543802019288513
11	0
11	0.0020227903748914837
11	0.0028810201752807268
11	0.001792428348344447
11	0.0033011619449763094
11	0.002768469023308884
11	0
11	0.0037106612822884175
11	0.003277757026671828
11	0.0021652877111870234
11	0.003321933283804198
11	0.009820739316371294
11	0
11	0.002888617005762087
11	0
11	0
11	0.0010631197666434902
11	0.003299356028084277
11	0.0028134135499024615
11	0.004664905416640997
11	0.004279696097532748
11	0.0020080999610250683
11	0.0032627120192969265
11	0.00260356429571333
11	0.003891578053730726
11	0.0017561191371827654
11	0.002295633875231779
11	0.0022050307458000716
11	0.00491095858113061
11	0.0032367590343456774
11	0
11	0.004233049528814991
11	0.0036927554285084464
11	0.0019868696126508992
11	0.001182447696091682
11	0.0051441353647133535
11	0.0029013259018012333
11	0.0023574019651311875
11	8.731403833025717e-4
11	0.004404988228572342
11	0.0024735032445221475
11	0.0014322169776886378
11	0.0014232490407976258
11	0.002321908712585659
11	0.002701320807511384
11	0.004478104622368428
11	0
11	0.0024875437909054094
11	0.002304105357888194
11	0.0035739484150506973
11	0.002764362144415885
11	0.0029339274789847627
11	0.003853349566837843
11	0.0015760822762863147
11	0.001499937487492065
11	0.0013657403771754765
11	0.0044719122180869215
11	0.0033775473212411928
11	0.003317795961487079
11	0.002589610801419806
11	0
11	0.0023484727419779716
11	0.004350580673484001
11	0.002878678743442678
11	0.0024751566033242526
11	0.00234765842491056
11	0.00758040718649641
11	0.003889909055778671
11	0
11	0.002457591497833856
11	0.0034441045932788994
11	0.0038777737848095057
11	0.004196989831495963
11	0.004933623600422585
11	0.0032644216840686862
11	0.0016838819277989335
11	0.0025092519269519697
11	0.004771420405933584
11	0.002079539222695318
11	0.0034829237396146236
11	0
11	0.001776866119107789
11	0
11	0.0041011248248053805
11	0.004006019442386391
11	0.004722859961533866
11	0.0023340677014998326
11	0
11	0.0019291413974823763
11	9.876436480553857e-4
11	0.0036927177661158226
11	0.003144781970769456
11	0.0018022298084468366
11	0.007722043160745588
11	0.002705199622307725
11	0.002023315094015381
11	0
11	0.0028176092021014866
11	0.0016396052406567503
11	0.009211006383856598
11	0.003515044863054896
11	0.0025902541598236033
11	0.0020154177589776744
11	0.003169593333859993
11	0.005101893160456087
11	0.0018494215618101802
11	0.004823175937920008
11	0.005993509002764827
11	0.002114098654865552
11	0.003497590056177199
11	0.0022095522277118793
11	0.008515672966713959
11	0
11	0.005709472178894893
11	9.781924238581239e-4
11	0.0021177127570877878
11	0.003386866810215709
11	0.0026112564214073155
11	0.0022985263585068856
11	0.003845216107597411
11	0.002814889251276122
11	0.0033228066405070413
11	0.0021522623133858375
11	0.003317989287499157
11	0.00280642301042273
11	0.0030640937932117176
11	0.0012868424671560693
11	0.0034636378268057826
11	0.0021462355189735107
11	0.00430427442748591
11	0.0036905596140724348
11	0.003894912162042094
11	0.001275178067580136
11	0.00122454298035132
11	0.003621675406570358
11	0.003932419168087472
11	0.0019464823571702747
11	0
11	0
11	0
11	0.0020162460133775046
11	0.0013071265330894227
11	0.0021469228748234054
11	0.002755961092685655
11	0
11	0.005792579657353689
11	0.003515836059906454
11	0.0035707416299929247
11	0.0028519998681107513
11	0
11	0.003608386638309415
11	0
11	0
11	0
11	0.0012014481213892725
11	0.001148463618142744
11	8.179773889660912e-4
11	0
11	0.0010175410778093114
11	0.001967326450922215
11	0.0019582274153988662
11	0.008411544855239603
11	0.002453002515968125
11	0
11	0.005521905948615766
11	0.001664779360624469
11	0.004742310444266629
11	0.002814140305812128
11	0
11	0.003359041237919765
11	0.0026531723457559856
11	0.0020653763022267443
11	0.0020070050972681025
11	0.0025062808155548685
11	0.004881070532214852
11	0.003915511190141607
11	0.002780216326983104
11	0.002969800445076764
11	0.002964986382939575
11	0.0023410956654102196
11	0.0042921685679817405
11	0.002251213036124843
11	0.002376253095406167
11	0.0018189534626639413
11	0.0015083740606012558
11	0.001505322219910118
11	0.007019582685196381
11	0.0030840796435823146
11	0.003978518576008753
11	0.0018862176879856148
11	0.0022156867148954867
11	0.0033246719564917677
11	0.0031468987625579833
11	0
11	0.002349734560086599
11	0.0016205212213866072
11	0
11	0.003205864010021135
11	0.00311049221813708
11	0.006690599476014297
11	0.002613814296458233
11	0.002229468841474372
11	0.0034699928343998425
11	0.002997862984612507
11	0
